[0.000000] (-) TimerEvent: {}
[0.001525] (gazebo_dev) JobQueued: {'identifier': 'gazebo_dev', 'dependencies': OrderedDict()}
[0.001855] (gazebo_msgs) JobQueued: {'identifier': 'gazebo_msgs', 'dependencies': OrderedDict()}
[0.002325] (gazebo_ros) JobQueued: {'identifier': 'gazebo_ros', 'dependencies': OrderedDict([('gazebo_dev', '/opt/ros/gazebo_ros_build/install'), ('gazebo_msgs', '/opt/ros/gazebo_ros_build/install')])}
[0.002514] (gazebo_plugins) JobQueued: {'identifier': 'gazebo_plugins', 'dependencies': OrderedDict([('gazebo_dev', '/opt/ros/gazebo_ros_build/install'), ('gazebo_msgs', '/opt/ros/gazebo_ros_build/install'), ('gazebo_ros', '/opt/ros/gazebo_ros_build/install')])}
[0.002685] (gazebo_ros_pkgs) JobQueued: {'identifier': 'gazebo_ros_pkgs', 'dependencies': OrderedDict([('gazebo_dev', '/opt/ros/gazebo_ros_build/install'), ('gazebo_msgs', '/opt/ros/gazebo_ros_build/install'), ('gazebo_ros', '/opt/ros/gazebo_ros_build/install'), ('gazebo_plugins', '/opt/ros/gazebo_ros_build/install')])}
[0.002831] (gazebo_dev) JobStarted: {'identifier': 'gazebo_dev'}
[0.040709] (gazebo_msgs) JobStarted: {'identifier': 'gazebo_msgs'}
[0.065584] (gazebo_dev) JobProgress: {'identifier': 'gazebo_dev', 'progress': 'cmake'}
[0.069251] (gazebo_dev) Command: {'cmd': ['/usr/bin/cmake', '/opt/ros/gazebo_ros_build/src/gazebo_dev', '-DCMAKE_INSTALL_PREFIX=/opt/ros/gazebo_ros_build/install'], 'cwd': '/opt/ros/gazebo_ros_build/build/gazebo_dev', 'env': OrderedDict([('SUDO_GID', '1000'), ('MAIL', '/var/mail/root'), ('USER', 'root'), ('HOSTNAME', 'ubuntu'), ('SHLVL', '1'), ('LD_LIBRARY_PATH', '/opt/ros/humble/opt/rviz_ogre_vendor/lib:/opt/ros/humble/lib/aarch64-linux-gnu:/opt/ros/humble/lib'), ('HOME', '/root'), ('OLDPWD', '/opt/ros/gazebo_ros_build/src'), ('ROS_PYTHON_VERSION', '3'), ('SUDO_UID', '1000'), ('ROS_DISTRO', 'humble'), ('LOGNAME', 'root'), ('_', '/usr/bin/colcon'), ('ROS_VERSION', '2'), ('TERM', 'xterm'), ('ROS_LOCALHOST_ONLY', '0'), ('PATH', '/opt/ros/humble/bin:/usr/local/sbin:/usr/local/bin:/usr/sbin:/usr/bin:/sbin:/bin:/usr/games:/usr/local/games:/snap/bin'), ('DISPLAY', ':0'), ('LANG', 'C.UTF-8'), ('LS_COLORS', 'rs=0:di=01;34:ln=01;36:mh=00:pi=40;33:so=01;35:do=01;35:bd=40;33;01:cd=40;33;01:or=40;31;01:mi=00:su=37;41:sg=30;43:ca=30;41:tw=30;42:ow=34;42:st=37;44:ex=01;32:*.tar=01;31:*.tgz=01;31:*.arc=01;31:*.arj=01;31:*.taz=01;31:*.lha=01;31:*.lz4=01;31:*.lzh=01;31:*.lzma=01;31:*.tlz=01;31:*.txz=01;31:*.tzo=01;31:*.t7z=01;31:*.zip=01;31:*.z=01;31:*.dz=01;31:*.gz=01;31:*.lrz=01;31:*.lz=01;31:*.lzo=01;31:*.xz=01;31:*.zst=01;31:*.tzst=01;31:*.bz2=01;31:*.bz=01;31:*.tbz=01;31:*.tbz2=01;31:*.tz=01;31:*.deb=01;31:*.rpm=01;31:*.jar=01;31:*.war=01;31:*.ear=01;31:*.sar=01;31:*.rar=01;31:*.alz=01;31:*.ace=01;31:*.zoo=01;31:*.cpio=01;31:*.7z=01;31:*.rz=01;31:*.cab=01;31:*.wim=01;31:*.swm=01;31:*.dwm=01;31:*.esd=01;31:*.jpg=01;35:*.jpeg=01;35:*.mjpg=01;35:*.mjpeg=01;35:*.gif=01;35:*.bmp=01;35:*.pbm=01;35:*.pgm=01;35:*.ppm=01;35:*.tga=01;35:*.xbm=01;35:*.xpm=01;35:*.tif=01;35:*.tiff=01;35:*.png=01;35:*.svg=01;35:*.svgz=01;35:*.mng=01;35:*.pcx=01;35:*.mov=01;35:*.mpg=01;35:*.mpeg=01;35:*.m2v=01;35:*.mkv=01;35:*.webm=01;35:*.webp=01;35:*.ogm=01;35:*.mp4=01;35:*.m4v=01;35:*.mp4v=01;35:*.vob=01;35:*.qt=01;35:*.nuv=01;35:*.wmv=01;35:*.asf=01;35:*.rm=01;35:*.rmvb=01;35:*.flc=01;35:*.avi=01;35:*.fli=01;35:*.flv=01;35:*.gl=01;35:*.dl=01;35:*.xcf=01;35:*.xwd=01;35:*.yuv=01;35:*.cgm=01;35:*.emf=01;35:*.ogv=01;35:*.ogx=01;35:*.aac=00;36:*.au=00;36:*.flac=00;36:*.m4a=00;36:*.mid=00;36:*.midi=00;36:*.mka=00;36:*.mp3=00;36:*.mpc=00;36:*.ogg=00;36:*.ra=00;36:*.wav=00;36:*.oga=00;36:*.opus=00;36:*.spx=00;36:*.xspf=00;36:'), ('SUDO_COMMAND', '/usr/bin/su'), ('AMENT_PREFIX_PATH', '/opt/ros/humble'), ('SHELL', '/bin/bash'), ('SUDO_USER', 'ultra'), ('PWD', '/opt/ros/gazebo_ros_build/build/gazebo_dev'), ('LC_ALL', 'C.UTF-8'), ('PYTHONPATH', '/opt/ros/humble/lib/python3.10/site-packages:/opt/ros/humble/local/lib/python3.10/dist-packages'), ('COLCON', '1'), ('CMAKE_PREFIX_PATH', '/opt/ros/humble')]), 'shell': False}
[0.088623] (gazebo_msgs) JobProgress: {'identifier': 'gazebo_msgs', 'progress': 'cmake'}
[0.092589] (gazebo_msgs) Command: {'cmd': ['/usr/bin/cmake', '/opt/ros/gazebo_ros_build/src/gazebo_msgs', '-DCMAKE_INSTALL_PREFIX=/opt/ros/gazebo_ros_build/install'], 'cwd': '/opt/ros/gazebo_ros_build/build/gazebo_msgs', 'env': OrderedDict([('SUDO_GID', '1000'), ('MAIL', '/var/mail/root'), ('USER', 'root'), ('HOSTNAME', 'ubuntu'), ('SHLVL', '1'), ('LD_LIBRARY_PATH', '/opt/ros/humble/opt/rviz_ogre_vendor/lib:/opt/ros/humble/lib/aarch64-linux-gnu:/opt/ros/humble/lib'), ('HOME', '/root'), ('OLDPWD', '/opt/ros/gazebo_ros_build/src'), ('ROS_PYTHON_VERSION', '3'), ('SUDO_UID', '1000'), ('ROS_DISTRO', 'humble'), ('LOGNAME', 'root'), ('_', '/usr/bin/colcon'), ('ROS_VERSION', '2'), ('TERM', 'xterm'), ('ROS_LOCALHOST_ONLY', '0'), ('PATH', '/opt/ros/humble/bin:/usr/local/sbin:/usr/local/bin:/usr/sbin:/usr/bin:/sbin:/bin:/usr/games:/usr/local/games:/snap/bin'), ('DISPLAY', ':0'), ('LANG', 'C.UTF-8'), ('LS_COLORS', 'rs=0:di=01;34:ln=01;36:mh=00:pi=40;33:so=01;35:do=01;35:bd=40;33;01:cd=40;33;01:or=40;31;01:mi=00:su=37;41:sg=30;43:ca=30;41:tw=30;42:ow=34;42:st=37;44:ex=01;32:*.tar=01;31:*.tgz=01;31:*.arc=01;31:*.arj=01;31:*.taz=01;31:*.lha=01;31:*.lz4=01;31:*.lzh=01;31:*.lzma=01;31:*.tlz=01;31:*.txz=01;31:*.tzo=01;31:*.t7z=01;31:*.zip=01;31:*.z=01;31:*.dz=01;31:*.gz=01;31:*.lrz=01;31:*.lz=01;31:*.lzo=01;31:*.xz=01;31:*.zst=01;31:*.tzst=01;31:*.bz2=01;31:*.bz=01;31:*.tbz=01;31:*.tbz2=01;31:*.tz=01;31:*.deb=01;31:*.rpm=01;31:*.jar=01;31:*.war=01;31:*.ear=01;31:*.sar=01;31:*.rar=01;31:*.alz=01;31:*.ace=01;31:*.zoo=01;31:*.cpio=01;31:*.7z=01;31:*.rz=01;31:*.cab=01;31:*.wim=01;31:*.swm=01;31:*.dwm=01;31:*.esd=01;31:*.jpg=01;35:*.jpeg=01;35:*.mjpg=01;35:*.mjpeg=01;35:*.gif=01;35:*.bmp=01;35:*.pbm=01;35:*.pgm=01;35:*.ppm=01;35:*.tga=01;35:*.xbm=01;35:*.xpm=01;35:*.tif=01;35:*.tiff=01;35:*.png=01;35:*.svg=01;35:*.svgz=01;35:*.mng=01;35:*.pcx=01;35:*.mov=01;35:*.mpg=01;35:*.mpeg=01;35:*.m2v=01;35:*.mkv=01;35:*.webm=01;35:*.webp=01;35:*.ogm=01;35:*.mp4=01;35:*.m4v=01;35:*.mp4v=01;35:*.vob=01;35:*.qt=01;35:*.nuv=01;35:*.wmv=01;35:*.asf=01;35:*.rm=01;35:*.rmvb=01;35:*.flc=01;35:*.avi=01;35:*.fli=01;35:*.flv=01;35:*.gl=01;35:*.dl=01;35:*.xcf=01;35:*.xwd=01;35:*.yuv=01;35:*.cgm=01;35:*.emf=01;35:*.ogv=01;35:*.ogx=01;35:*.aac=00;36:*.au=00;36:*.flac=00;36:*.m4a=00;36:*.mid=00;36:*.midi=00;36:*.mka=00;36:*.mp3=00;36:*.mpc=00;36:*.ogg=00;36:*.ra=00;36:*.wav=00;36:*.oga=00;36:*.opus=00;36:*.spx=00;36:*.xspf=00;36:'), ('SUDO_COMMAND', '/usr/bin/su'), ('AMENT_PREFIX_PATH', '/opt/ros/humble'), ('SHELL', '/bin/bash'), ('SUDO_USER', 'ultra'), ('PWD', '/opt/ros/gazebo_ros_build/build/gazebo_msgs'), ('LC_ALL', 'C.UTF-8'), ('PYTHONPATH', '/opt/ros/humble/lib/python3.10/site-packages:/opt/ros/humble/local/lib/python3.10/dist-packages'), ('COLCON', '1'), ('CMAKE_PREFIX_PATH', '/opt/ros/humble')]), 'shell': False}
[0.099019] (-) TimerEvent: {}
[0.199856] (-) TimerEvent: {}
[0.300990] (-) TimerEvent: {}
[0.402104] (-) TimerEvent: {}
[0.407744] (gazebo_dev) StdoutLine: {'line': b'-- The C compiler identification is GNU 11.4.0\n'}
[0.422624] (gazebo_msgs) StdoutLine: {'line': b'-- The C compiler identification is GNU 11.4.0\n'}
[0.502362] (-) TimerEvent: {}
[0.603549] (-) TimerEvent: {}
[0.704849] (-) TimerEvent: {}
[0.727521] (gazebo_dev) StdoutLine: {'line': b'-- The CXX compiler identification is GNU 11.4.0\n'}
[0.746621] (gazebo_msgs) StdoutLine: {'line': b'-- The CXX compiler identification is GNU 11.4.0\n'}
[0.768154] (gazebo_dev) StdoutLine: {'line': b'-- Detecting C compiler ABI info\n'}
[0.788087] (gazebo_msgs) StdoutLine: {'line': b'-- Detecting C compiler ABI info\n'}
[0.805113] (-) TimerEvent: {}
[0.906861] (-) TimerEvent: {}
[1.008706] (-) TimerEvent: {}
[1.110457] (-) TimerEvent: {}
[1.145152] (gazebo_dev) StdoutLine: {'line': b'-- Detecting C compiler ABI info - done\n'}
[1.175196] (gazebo_msgs) StdoutLine: {'line': b'-- Detecting C compiler ABI info - done\n'}
[1.189952] (gazebo_dev) StdoutLine: {'line': b'-- Check for working C compiler: /usr/bin/cc - skipped\n'}
[1.191175] (gazebo_dev) StdoutLine: {'line': b'-- Detecting C compile features\n'}
[1.193472] (gazebo_dev) StdoutLine: {'line': b'-- Detecting C compile features - done\n'}
[1.209698] (gazebo_dev) StdoutLine: {'line': b'-- Detecting CXX compiler ABI info\n'}
[1.210549] (-) TimerEvent: {}
[1.217087] (gazebo_msgs) StdoutLine: {'line': b'-- Check for working C compiler: /usr/bin/cc - skipped\n'}
[1.218457] (gazebo_msgs) StdoutLine: {'line': b'-- Detecting C compile features\n'}
[1.220699] (gazebo_msgs) StdoutLine: {'line': b'-- Detecting C compile features - done\n'}
[1.237440] (gazebo_msgs) StdoutLine: {'line': b'-- Detecting CXX compiler ABI info\n'}
[1.310851] (-) TimerEvent: {}
[1.411964] (-) TimerEvent: {}
[1.513146] (-) TimerEvent: {}
[1.614320] (-) TimerEvent: {}
[1.643722] (gazebo_dev) StdoutLine: {'line': b'-- Detecting CXX compiler ABI info - done\n'}
[1.670205] (gazebo_msgs) StdoutLine: {'line': b'-- Detecting CXX compiler ABI info - done\n'}
[1.690519] (gazebo_dev) StdoutLine: {'line': b'-- Check for working CXX compiler: /usr/bin/c++ - skipped\n'}
[1.691834] (gazebo_dev) StdoutLine: {'line': b'-- Detecting CXX compile features\n'}
[1.694417] (gazebo_dev) StdoutLine: {'line': b'-- Detecting CXX compile features - done\n'}
[1.709651] (gazebo_dev) StdoutLine: {'line': b'-- Found ament_cmake: 1.3.12 (/opt/ros/humble/share/ament_cmake/cmake)\n'}
[1.713636] (gazebo_msgs) StdoutLine: {'line': b'-- Check for working CXX compiler: /usr/bin/c++ - skipped\n'}
[1.714310] (-) TimerEvent: {}
[1.715204] (gazebo_msgs) StdoutLine: {'line': b'-- Detecting CXX compile features\n'}
[1.717975] (gazebo_msgs) StdoutLine: {'line': b'-- Detecting CXX compile features - done\n'}
[1.733265] (gazebo_msgs) StdoutLine: {'line': b'-- Found ament_cmake: 1.3.12 (/opt/ros/humble/share/ament_cmake/cmake)\n'}
[1.814643] (-) TimerEvent: {}
[1.916116] (-) TimerEvent: {}
[2.017230] (-) TimerEvent: {}
[2.118320] (-) TimerEvent: {}
[2.219363] (-) TimerEvent: {}
[2.320494] (-) TimerEvent: {}
[2.421535] (-) TimerEvent: {}
[2.504972] (gazebo_dev) StdoutLine: {'line': b'-- Found Python3: /usr/bin/python3 (found version "3.10.12") found components: Interpreter \n'}
[2.521840] (-) TimerEvent: {}
[2.526540] (gazebo_msgs) StdoutLine: {'line': b'-- Found Python3: /usr/bin/python3 (found version "3.10.12") found components: Interpreter \n'}
[2.622021] (-) TimerEvent: {}
[2.722945] (-) TimerEvent: {}
[2.824159] (-) TimerEvent: {}
[2.925204] (-) TimerEvent: {}
[3.026242] (-) TimerEvent: {}
[3.063051] (gazebo_msgs) StdoutLine: {'line': b'-- Found builtin_interfaces: 1.2.2 (/opt/ros/humble/share/builtin_interfaces/cmake)\n'}
[3.126449] (-) TimerEvent: {}
[3.227495] (-) TimerEvent: {}
[3.245276] (gazebo_msgs) StdoutLine: {'line': b'-- Found rosidl_generator_c: 3.1.7 (/opt/ros/humble/share/rosidl_generator_c/cmake)\n'}
[3.276952] (gazebo_msgs) StdoutLine: {'line': b'-- Found rosidl_adapter: 3.1.7 (/opt/ros/humble/share/rosidl_adapter/cmake)\n'}
[3.325975] (gazebo_msgs) StdoutLine: {'line': b'-- Found rosidl_generator_cpp: 3.1.7 (/opt/ros/humble/share/rosidl_generator_cpp/cmake)\n'}
[3.327615] (-) TimerEvent: {}
[3.401507] (gazebo_msgs) StdoutLine: {'line': b'-- Using all available rosidl_typesupport_c: rosidl_typesupport_fastrtps_c;rosidl_typesupport_introspection_c\n'}
[3.402710] (gazebo_dev) StdoutLine: {'line': b'-- Configuring done\n'}
[3.425023] (gazebo_dev) StdoutLine: {'line': b'-- Generating done\n'}
[3.427818] (-) TimerEvent: {}
[3.436839] (gazebo_dev) StdoutLine: {'line': b'-- Build files have been written to: /opt/ros/gazebo_ros_build/build/gazebo_dev\n'}
[3.459544] (gazebo_dev) CommandEnded: {'returncode': 0}
[3.471067] (gazebo_dev) JobProgress: {'identifier': 'gazebo_dev', 'progress': 'build'}
[3.471312] (gazebo_dev) Command: {'cmd': ['/usr/bin/cmake', '--build', '/opt/ros/gazebo_ros_build/build/gazebo_dev', '--', '-j6', '-l6'], 'cwd': '/opt/ros/gazebo_ros_build/build/gazebo_dev', 'env': OrderedDict([('SUDO_GID', '1000'), ('MAIL', '/var/mail/root'), ('USER', 'root'), ('HOSTNAME', 'ubuntu'), ('SHLVL', '1'), ('LD_LIBRARY_PATH', '/opt/ros/humble/opt/rviz_ogre_vendor/lib:/opt/ros/humble/lib/aarch64-linux-gnu:/opt/ros/humble/lib'), ('HOME', '/root'), ('OLDPWD', '/opt/ros/gazebo_ros_build/src'), ('ROS_PYTHON_VERSION', '3'), ('SUDO_UID', '1000'), ('ROS_DISTRO', 'humble'), ('LOGNAME', 'root'), ('_', '/usr/bin/colcon'), ('ROS_VERSION', '2'), ('TERM', 'xterm'), ('ROS_LOCALHOST_ONLY', '0'), ('PATH', '/opt/ros/humble/bin:/usr/local/sbin:/usr/local/bin:/usr/sbin:/usr/bin:/sbin:/bin:/usr/games:/usr/local/games:/snap/bin'), ('DISPLAY', ':0'), ('LANG', 'C.UTF-8'), ('LS_COLORS', 'rs=0:di=01;34:ln=01;36:mh=00:pi=40;33:so=01;35:do=01;35:bd=40;33;01:cd=40;33;01:or=40;31;01:mi=00:su=37;41:sg=30;43:ca=30;41:tw=30;42:ow=34;42:st=37;44:ex=01;32:*.tar=01;31:*.tgz=01;31:*.arc=01;31:*.arj=01;31:*.taz=01;31:*.lha=01;31:*.lz4=01;31:*.lzh=01;31:*.lzma=01;31:*.tlz=01;31:*.txz=01;31:*.tzo=01;31:*.t7z=01;31:*.zip=01;31:*.z=01;31:*.dz=01;31:*.gz=01;31:*.lrz=01;31:*.lz=01;31:*.lzo=01;31:*.xz=01;31:*.zst=01;31:*.tzst=01;31:*.bz2=01;31:*.bz=01;31:*.tbz=01;31:*.tbz2=01;31:*.tz=01;31:*.deb=01;31:*.rpm=01;31:*.jar=01;31:*.war=01;31:*.ear=01;31:*.sar=01;31:*.rar=01;31:*.alz=01;31:*.ace=01;31:*.zoo=01;31:*.cpio=01;31:*.7z=01;31:*.rz=01;31:*.cab=01;31:*.wim=01;31:*.swm=01;31:*.dwm=01;31:*.esd=01;31:*.jpg=01;35:*.jpeg=01;35:*.mjpg=01;35:*.mjpeg=01;35:*.gif=01;35:*.bmp=01;35:*.pbm=01;35:*.pgm=01;35:*.ppm=01;35:*.tga=01;35:*.xbm=01;35:*.xpm=01;35:*.tif=01;35:*.tiff=01;35:*.png=01;35:*.svg=01;35:*.svgz=01;35:*.mng=01;35:*.pcx=01;35:*.mov=01;35:*.mpg=01;35:*.mpeg=01;35:*.m2v=01;35:*.mkv=01;35:*.webm=01;35:*.webp=01;35:*.ogm=01;35:*.mp4=01;35:*.m4v=01;35:*.mp4v=01;35:*.vob=01;35:*.qt=01;35:*.nuv=01;35:*.wmv=01;35:*.asf=01;35:*.rm=01;35:*.rmvb=01;35:*.flc=01;35:*.avi=01;35:*.fli=01;35:*.flv=01;35:*.gl=01;35:*.dl=01;35:*.xcf=01;35:*.xwd=01;35:*.yuv=01;35:*.cgm=01;35:*.emf=01;35:*.ogv=01;35:*.ogx=01;35:*.aac=00;36:*.au=00;36:*.flac=00;36:*.m4a=00;36:*.mid=00;36:*.midi=00;36:*.mka=00;36:*.mp3=00;36:*.mpc=00;36:*.ogg=00;36:*.ra=00;36:*.wav=00;36:*.oga=00;36:*.opus=00;36:*.spx=00;36:*.xspf=00;36:'), ('SUDO_COMMAND', '/usr/bin/su'), ('AMENT_PREFIX_PATH', '/opt/ros/humble'), ('SHELL', '/bin/bash'), ('SUDO_USER', 'ultra'), ('PWD', '/opt/ros/gazebo_ros_build/build/gazebo_dev'), ('LC_ALL', 'C.UTF-8'), ('PYTHONPATH', '/opt/ros/humble/lib/python3.10/site-packages:/opt/ros/humble/local/lib/python3.10/dist-packages'), ('COLCON', '1'), ('CMAKE_PREFIX_PATH', '/opt/ros/humble')]), 'shell': False}
[3.500528] (gazebo_msgs) StdoutLine: {'line': b'-- Using all available rosidl_typesupport_cpp: rosidl_typesupport_fastrtps_cpp;rosidl_typesupport_introspection_cpp\n'}
[3.528050] (-) TimerEvent: {}
[3.590092] (gazebo_msgs) StdoutLine: {'line': b'-- Found std_msgs: 4.9.0 (/opt/ros/humble/share/std_msgs/cmake)\n'}
[3.628400] (-) TimerEvent: {}
[3.652175] (gazebo_dev) CommandEnded: {'returncode': 0}
[3.655261] (gazebo_dev) JobProgress: {'identifier': 'gazebo_dev', 'progress': 'install'}
[3.658222] (gazebo_msgs) StdoutLine: {'line': b'-- Found trajectory_msgs: 4.9.0 (/opt/ros/humble/share/trajectory_msgs/cmake)\n'}
[3.699851] (gazebo_dev) Command: {'cmd': ['/usr/bin/cmake', '--install', '/opt/ros/gazebo_ros_build/build/gazebo_dev'], 'cwd': '/opt/ros/gazebo_ros_build/build/gazebo_dev', 'env': OrderedDict([('SUDO_GID', '1000'), ('MAIL', '/var/mail/root'), ('USER', 'root'), ('HOSTNAME', 'ubuntu'), ('SHLVL', '1'), ('LD_LIBRARY_PATH', '/opt/ros/humble/opt/rviz_ogre_vendor/lib:/opt/ros/humble/lib/aarch64-linux-gnu:/opt/ros/humble/lib'), ('HOME', '/root'), ('OLDPWD', '/opt/ros/gazebo_ros_build/src'), ('ROS_PYTHON_VERSION', '3'), ('SUDO_UID', '1000'), ('ROS_DISTRO', 'humble'), ('LOGNAME', 'root'), ('_', '/usr/bin/colcon'), ('ROS_VERSION', '2'), ('TERM', 'xterm'), ('ROS_LOCALHOST_ONLY', '0'), ('PATH', '/opt/ros/humble/bin:/usr/local/sbin:/usr/local/bin:/usr/sbin:/usr/bin:/sbin:/bin:/usr/games:/usr/local/games:/snap/bin'), ('DISPLAY', ':0'), ('LANG', 'C.UTF-8'), ('LS_COLORS', 'rs=0:di=01;34:ln=01;36:mh=00:pi=40;33:so=01;35:do=01;35:bd=40;33;01:cd=40;33;01:or=40;31;01:mi=00:su=37;41:sg=30;43:ca=30;41:tw=30;42:ow=34;42:st=37;44:ex=01;32:*.tar=01;31:*.tgz=01;31:*.arc=01;31:*.arj=01;31:*.taz=01;31:*.lha=01;31:*.lz4=01;31:*.lzh=01;31:*.lzma=01;31:*.tlz=01;31:*.txz=01;31:*.tzo=01;31:*.t7z=01;31:*.zip=01;31:*.z=01;31:*.dz=01;31:*.gz=01;31:*.lrz=01;31:*.lz=01;31:*.lzo=01;31:*.xz=01;31:*.zst=01;31:*.tzst=01;31:*.bz2=01;31:*.bz=01;31:*.tbz=01;31:*.tbz2=01;31:*.tz=01;31:*.deb=01;31:*.rpm=01;31:*.jar=01;31:*.war=01;31:*.ear=01;31:*.sar=01;31:*.rar=01;31:*.alz=01;31:*.ace=01;31:*.zoo=01;31:*.cpio=01;31:*.7z=01;31:*.rz=01;31:*.cab=01;31:*.wim=01;31:*.swm=01;31:*.dwm=01;31:*.esd=01;31:*.jpg=01;35:*.jpeg=01;35:*.mjpg=01;35:*.mjpeg=01;35:*.gif=01;35:*.bmp=01;35:*.pbm=01;35:*.pgm=01;35:*.ppm=01;35:*.tga=01;35:*.xbm=01;35:*.xpm=01;35:*.tif=01;35:*.tiff=01;35:*.png=01;35:*.svg=01;35:*.svgz=01;35:*.mng=01;35:*.pcx=01;35:*.mov=01;35:*.mpg=01;35:*.mpeg=01;35:*.m2v=01;35:*.mkv=01;35:*.webm=01;35:*.webp=01;35:*.ogm=01;35:*.mp4=01;35:*.m4v=01;35:*.mp4v=01;35:*.vob=01;35:*.qt=01;35:*.nuv=01;35:*.wmv=01;35:*.asf=01;35:*.rm=01;35:*.rmvb=01;35:*.flc=01;35:*.avi=01;35:*.fli=01;35:*.flv=01;35:*.gl=01;35:*.dl=01;35:*.xcf=01;35:*.xwd=01;35:*.yuv=01;35:*.cgm=01;35:*.emf=01;35:*.ogv=01;35:*.ogx=01;35:*.aac=00;36:*.au=00;36:*.flac=00;36:*.m4a=00;36:*.mid=00;36:*.midi=00;36:*.mka=00;36:*.mp3=00;36:*.mpc=00;36:*.ogg=00;36:*.ra=00;36:*.wav=00;36:*.oga=00;36:*.opus=00;36:*.spx=00;36:*.xspf=00;36:'), ('SUDO_COMMAND', '/usr/bin/su'), ('AMENT_PREFIX_PATH', '/opt/ros/humble'), ('SHELL', '/bin/bash'), ('SUDO_USER', 'ultra'), ('PWD', '/opt/ros/gazebo_ros_build/build/gazebo_dev'), ('LC_ALL', 'C.UTF-8'), ('PYTHONPATH', '/opt/ros/humble/lib/python3.10/site-packages:/opt/ros/humble/local/lib/python3.10/dist-packages'), ('COLCON', '1'), ('CMAKE_PREFIX_PATH', '/opt/ros/humble')]), 'shell': False}
[3.728578] (-) TimerEvent: {}
[3.738540] (gazebo_dev) StdoutLine: {'line': b'-- Install configuration: ""\n'}
[3.739783] (gazebo_dev) StdoutLine: {'line': b'-- Installing: /opt/ros/gazebo_ros_build/install/share/ament_index/resource_index/package_run_dependencies/gazebo_dev\n'}
[3.741718] (gazebo_dev) StdoutLine: {'line': b'-- Installing: /opt/ros/gazebo_ros_build/install/share/ament_index/resource_index/parent_prefix_path/gazebo_dev\n'}
[3.743671] (gazebo_dev) StdoutLine: {'line': b'-- Installing: /opt/ros/gazebo_ros_build/install/share/gazebo_dev/environment/ament_prefix_path.sh\n'}
[3.744876] (gazebo_dev) StdoutLine: {'line': b'-- Installing: /opt/ros/gazebo_ros_build/install/share/gazebo_dev/environment/ament_prefix_path.dsv\n'}
[3.746204] (gazebo_dev) StdoutLine: {'line': b'-- Installing: /opt/ros/gazebo_ros_build/install/share/gazebo_dev/environment/path.sh\n'}
[3.747351] (gazebo_dev) StdoutLine: {'line': b'-- Installing: /opt/ros/gazebo_ros_build/install/share/gazebo_dev/environment/path.dsv\n'}
[3.748639] (gazebo_dev) StdoutLine: {'line': b'-- Installing: /opt/ros/gazebo_ros_build/install/share/gazebo_dev/local_setup.bash\n'}
[3.749844] (gazebo_dev) StdoutLine: {'line': b'-- Installing: /opt/ros/gazebo_ros_build/install/share/gazebo_dev/local_setup.sh\n'}
[3.751190] (gazebo_dev) StdoutLine: {'line': b'-- Installing: /opt/ros/gazebo_ros_build/install/share/gazebo_dev/local_setup.zsh\n'}
[3.752628] (gazebo_dev) StdoutLine: {'line': b'-- Installing: /opt/ros/gazebo_ros_build/install/share/gazebo_dev/local_setup.dsv\n'}
[3.753664] (gazebo_dev) StdoutLine: {'line': b'-- Installing: /opt/ros/gazebo_ros_build/install/share/gazebo_dev/package.dsv\n'}
[3.755078] (gazebo_dev) StdoutLine: {'line': b'-- Installing: /opt/ros/gazebo_ros_build/install/share/ament_index/resource_index/packages/gazebo_dev\n'}
[3.756722] (gazebo_dev) StdoutLine: {'line': b'-- Installing: /opt/ros/gazebo_ros_build/install/share/gazebo_dev/cmake/gazebo_dev-extras.cmake\n'}
[3.758341] (gazebo_dev) StdoutLine: {'line': b'-- Installing: /opt/ros/gazebo_ros_build/install/share/gazebo_dev/cmake/gazebo_devConfig.cmake\n'}
[3.759025] (gazebo_dev) StdoutLine: {'line': b'-- Installing: /opt/ros/gazebo_ros_build/install/share/gazebo_dev/cmake/gazebo_devConfig-version.cmake\n'}
[3.760464] (gazebo_dev) StdoutLine: {'line': b'-- Installing: /opt/ros/gazebo_ros_build/install/share/gazebo_dev/package.xml\n'}
[3.768727] (gazebo_dev) CommandEnded: {'returncode': 0}
[3.823703] (gazebo_msgs) StdoutLine: {'line': b'-- Found rosidl_default_generators: 1.2.0 (/opt/ros/humble/share/rosidl_default_generators/cmake)\n'}
[3.829100] (-) TimerEvent: {}
[3.866308] (gazebo_dev) JobEnded: {'identifier': 'gazebo_dev', 'rc': 0}
[3.929364] (-) TimerEvent: {}
[4.030272] (-) TimerEvent: {}
[4.131189] (-) TimerEvent: {}
[4.232310] (-) TimerEvent: {}
[4.333313] (-) TimerEvent: {}
[4.434312] (-) TimerEvent: {}
[4.535322] (-) TimerEvent: {}
[4.636141] (-) TimerEvent: {}
[4.737066] (-) TimerEvent: {}
[4.837956] (-) TimerEvent: {}
[4.938919] (-) TimerEvent: {}
[5.039863] (-) TimerEvent: {}
[5.140884] (-) TimerEvent: {}
[5.241777] (-) TimerEvent: {}
[5.342640] (-) TimerEvent: {}
[5.443585] (-) TimerEvent: {}
[5.544651] (-) TimerEvent: {}
[5.645680] (-) TimerEvent: {}
[5.746586] (-) TimerEvent: {}
[5.847755] (-) TimerEvent: {}
[5.948792] (-) TimerEvent: {}
[6.049795] (-) TimerEvent: {}
[6.150955] (-) TimerEvent: {}
[6.252114] (-) TimerEvent: {}
[6.353069] (-) TimerEvent: {}
[6.454000] (-) TimerEvent: {}
[6.555002] (-) TimerEvent: {}
[6.656121] (-) TimerEvent: {}
[6.757256] (-) TimerEvent: {}
[6.858191] (-) TimerEvent: {}
[6.959160] (-) TimerEvent: {}
[7.060122] (-) TimerEvent: {}
[7.114807] (gazebo_msgs) StdoutLine: {'line': b'-- Found ament_cmake_cppcheck: 0.12.14 (/opt/ros/humble/share/ament_cmake_cppcheck/cmake)\n'}
[7.127435] (gazebo_msgs) StdoutLine: {'line': b'-- Found ament_cmake_cpplint: 0.12.14 (/opt/ros/humble/share/ament_cmake_cpplint/cmake)\n'}
[7.139203] (gazebo_msgs) StdoutLine: {'line': b'-- Found ament_cmake_uncrustify: 0.12.14 (/opt/ros/humble/share/ament_cmake_uncrustify/cmake)\n'}
[7.152361] (gazebo_msgs) StdoutLine: {'line': b'-- Found ament_cmake_ros: 0.10.0 (/opt/ros/humble/share/ament_cmake_ros/cmake)\n'}
[7.160409] (-) TimerEvent: {}
[7.261328] (-) TimerEvent: {}
[7.362308] (-) TimerEvent: {}
[7.463242] (-) TimerEvent: {}
[7.564201] (-) TimerEvent: {}
[7.666147] (-) TimerEvent: {}
[7.767108] (-) TimerEvent: {}
[7.868129] (-) TimerEvent: {}
[7.969052] (-) TimerEvent: {}
[8.069992] (-) TimerEvent: {}
[8.170940] (-) TimerEvent: {}
[8.271960] (-) TimerEvent: {}
[8.373060] (-) TimerEvent: {}
[8.474129] (-) TimerEvent: {}
[8.575058] (-) TimerEvent: {}
[8.676391] (-) TimerEvent: {}
[8.777570] (-) TimerEvent: {}
[8.878520] (-) TimerEvent: {}
[8.979536] (-) TimerEvent: {}
[9.080566] (-) TimerEvent: {}
[9.181516] (-) TimerEvent: {}
[9.282444] (-) TimerEvent: {}
[9.383403] (-) TimerEvent: {}
[9.484440] (-) TimerEvent: {}
[9.585415] (-) TimerEvent: {}
[9.686379] (-) TimerEvent: {}
[9.745662] (gazebo_msgs) StdoutLine: {'line': b'-- Using all available rosidl_typesupport_c: rosidl_typesupport_fastrtps_c;rosidl_typesupport_introspection_c\n'}
[9.786649] (-) TimerEvent: {}
[9.887655] (-) TimerEvent: {}
[9.988706] (-) TimerEvent: {}
[10.089716] (-) TimerEvent: {}
[10.190949] (-) TimerEvent: {}
[10.291890] (-) TimerEvent: {}
[10.393041] (-) TimerEvent: {}
[10.494060] (-) TimerEvent: {}
[10.595752] (-) TimerEvent: {}
[10.696775] (-) TimerEvent: {}
[10.763291] (gazebo_msgs) StdoutLine: {'line': b'-- Using all available rosidl_typesupport_cpp: rosidl_typesupport_fastrtps_cpp;rosidl_typesupport_introspection_cpp\n'}
[10.797026] (-) TimerEvent: {}
[10.897164] (gazebo_msgs) StdoutLine: {'line': b'-- Found PythonInterp: /usr/bin/python3 (found suitable version "3.10.12", minimum required is "3.6") \n'}
[10.898019] (-) TimerEvent: {}
[10.907134] (gazebo_msgs) StdoutLine: {'line': b'-- Found python_cmake_module: 0.10.0 (/opt/ros/humble/share/python_cmake_module/cmake)\n'}
[10.998290] (-) TimerEvent: {}
[11.040559] (gazebo_msgs) StdoutLine: {'line': b'-- Found PythonLibs: /usr/lib/aarch64-linux-gnu/libpython3.10.so (found suitable version "3.10.12", minimum required is "3.5") \n'}
[11.041572] (gazebo_msgs) StdoutLine: {'line': b'-- Using PYTHON_EXECUTABLE: /usr/bin/python3\n'}
[11.042026] (gazebo_msgs) StdoutLine: {'line': b'-- Using PYTHON_INCLUDE_DIRS: /usr/include/python3.10\n'}
[11.042481] (gazebo_msgs) StdoutLine: {'line': b'-- Using PYTHON_LIBRARIES: /usr/lib/aarch64-linux-gnu/libpython3.10.so\n'}
[11.098447] (-) TimerEvent: {}
[11.154726] (gazebo_msgs) StdoutLine: {'line': b'-- Found PythonExtra: .so  \n'}
[11.198685] (-) TimerEvent: {}
[11.299628] (-) TimerEvent: {}
[11.400734] (-) TimerEvent: {}
[11.501647] (-) TimerEvent: {}
[11.569555] (gazebo_msgs) StdoutLine: {'line': b'-- Found ament_cmake_flake8: 0.12.14 (/opt/ros/humble/share/ament_cmake_flake8/cmake)\n'}
[11.581073] (gazebo_msgs) StdoutLine: {'line': b'-- Found ament_cmake_pep257: 0.12.14 (/opt/ros/humble/share/ament_cmake_pep257/cmake)\n'}
[11.601740] (-) TimerEvent: {}
[11.652537] (gazebo_msgs) StdoutLine: {'line': b'-- Configuring done\n'}
[11.701987] (-) TimerEvent: {}
[11.802987] (-) TimerEvent: {}
[11.903897] (-) TimerEvent: {}
[12.004892] (-) TimerEvent: {}
[12.105968] (-) TimerEvent: {}
[12.206939] (-) TimerEvent: {}
[12.308006] (-) TimerEvent: {}
[12.330298] (gazebo_msgs) StdoutLine: {'line': b'-- Generating done\n'}
[12.408429] (-) TimerEvent: {}
[12.449029] (gazebo_msgs) StdoutLine: {'line': b'-- Build files have been written to: /opt/ros/gazebo_ros_build/build/gazebo_msgs\n'}
[12.501378] (gazebo_msgs) CommandEnded: {'returncode': 0}
[12.505339] (gazebo_msgs) JobProgress: {'identifier': 'gazebo_msgs', 'progress': 'build'}
[12.506866] (gazebo_msgs) Command: {'cmd': ['/usr/bin/cmake', '--build', '/opt/ros/gazebo_ros_build/build/gazebo_msgs', '--', '-j6', '-l6'], 'cwd': '/opt/ros/gazebo_ros_build/build/gazebo_msgs', 'env': OrderedDict([('SUDO_GID', '1000'), ('MAIL', '/var/mail/root'), ('USER', 'root'), ('HOSTNAME', 'ubuntu'), ('SHLVL', '1'), ('LD_LIBRARY_PATH', '/opt/ros/humble/opt/rviz_ogre_vendor/lib:/opt/ros/humble/lib/aarch64-linux-gnu:/opt/ros/humble/lib'), ('HOME', '/root'), ('OLDPWD', '/opt/ros/gazebo_ros_build/src'), ('ROS_PYTHON_VERSION', '3'), ('SUDO_UID', '1000'), ('ROS_DISTRO', 'humble'), ('LOGNAME', 'root'), ('_', '/usr/bin/colcon'), ('ROS_VERSION', '2'), ('TERM', 'xterm'), ('ROS_LOCALHOST_ONLY', '0'), ('PATH', '/opt/ros/humble/bin:/usr/local/sbin:/usr/local/bin:/usr/sbin:/usr/bin:/sbin:/bin:/usr/games:/usr/local/games:/snap/bin'), ('DISPLAY', ':0'), ('LANG', 'C.UTF-8'), ('LS_COLORS', 'rs=0:di=01;34:ln=01;36:mh=00:pi=40;33:so=01;35:do=01;35:bd=40;33;01:cd=40;33;01:or=40;31;01:mi=00:su=37;41:sg=30;43:ca=30;41:tw=30;42:ow=34;42:st=37;44:ex=01;32:*.tar=01;31:*.tgz=01;31:*.arc=01;31:*.arj=01;31:*.taz=01;31:*.lha=01;31:*.lz4=01;31:*.lzh=01;31:*.lzma=01;31:*.tlz=01;31:*.txz=01;31:*.tzo=01;31:*.t7z=01;31:*.zip=01;31:*.z=01;31:*.dz=01;31:*.gz=01;31:*.lrz=01;31:*.lz=01;31:*.lzo=01;31:*.xz=01;31:*.zst=01;31:*.tzst=01;31:*.bz2=01;31:*.bz=01;31:*.tbz=01;31:*.tbz2=01;31:*.tz=01;31:*.deb=01;31:*.rpm=01;31:*.jar=01;31:*.war=01;31:*.ear=01;31:*.sar=01;31:*.rar=01;31:*.alz=01;31:*.ace=01;31:*.zoo=01;31:*.cpio=01;31:*.7z=01;31:*.rz=01;31:*.cab=01;31:*.wim=01;31:*.swm=01;31:*.dwm=01;31:*.esd=01;31:*.jpg=01;35:*.jpeg=01;35:*.mjpg=01;35:*.mjpeg=01;35:*.gif=01;35:*.bmp=01;35:*.pbm=01;35:*.pgm=01;35:*.ppm=01;35:*.tga=01;35:*.xbm=01;35:*.xpm=01;35:*.tif=01;35:*.tiff=01;35:*.png=01;35:*.svg=01;35:*.svgz=01;35:*.mng=01;35:*.pcx=01;35:*.mov=01;35:*.mpg=01;35:*.mpeg=01;35:*.m2v=01;35:*.mkv=01;35:*.webm=01;35:*.webp=01;35:*.ogm=01;35:*.mp4=01;35:*.m4v=01;35:*.mp4v=01;35:*.vob=01;35:*.qt=01;35:*.nuv=01;35:*.wmv=01;35:*.asf=01;35:*.rm=01;35:*.rmvb=01;35:*.flc=01;35:*.avi=01;35:*.fli=01;35:*.flv=01;35:*.gl=01;35:*.dl=01;35:*.xcf=01;35:*.xwd=01;35:*.yuv=01;35:*.cgm=01;35:*.emf=01;35:*.ogv=01;35:*.ogx=01;35:*.aac=00;36:*.au=00;36:*.flac=00;36:*.m4a=00;36:*.mid=00;36:*.midi=00;36:*.mka=00;36:*.mp3=00;36:*.mpc=00;36:*.ogg=00;36:*.ra=00;36:*.wav=00;36:*.oga=00;36:*.opus=00;36:*.spx=00;36:*.xspf=00;36:'), ('SUDO_COMMAND', '/usr/bin/su'), ('AMENT_PREFIX_PATH', '/opt/ros/humble'), ('SHELL', '/bin/bash'), ('SUDO_USER', 'ultra'), ('PWD', '/opt/ros/gazebo_ros_build/build/gazebo_msgs'), ('LC_ALL', 'C.UTF-8'), ('PYTHONPATH', '/opt/ros/humble/lib/python3.10/site-packages:/opt/ros/humble/local/lib/python3.10/dist-packages'), ('COLCON', '1'), ('CMAKE_PREFIX_PATH', '/opt/ros/humble')]), 'shell': False}
[12.511960] (-) TimerEvent: {}
[12.615347] (-) TimerEvent: {}
[12.716627] (-) TimerEvent: {}
[12.817819] (-) TimerEvent: {}
[12.863687] (gazebo_msgs) StdoutLine: {'line': b'[  0%] \x1b[34m\x1b[1mGenerating C code for ROS interfaces\x1b[0m\n'}
[12.918045] (-) TimerEvent: {}
[12.932182] (gazebo_msgs) StdoutLine: {'line': b'[  0%] \x1b[34m\x1b[1mGenerating C++ code for ROS interfaces\x1b[0m\n'}
[12.941158] (gazebo_msgs) StdoutLine: {'line': b'[  0%] Built target ament_cmake_python_copy_gazebo_msgs\n'}
[13.018289] (-) TimerEvent: {}
[13.119174] (-) TimerEvent: {}
[13.220211] (-) TimerEvent: {}
[13.321232] (-) TimerEvent: {}
[13.422226] (-) TimerEvent: {}
[13.523157] (-) TimerEvent: {}
[13.624143] (-) TimerEvent: {}
[13.725224] (-) TimerEvent: {}
[13.826397] (-) TimerEvent: {}
[13.927388] (-) TimerEvent: {}
[14.028504] (-) TimerEvent: {}
[14.129483] (-) TimerEvent: {}
[14.199982] (gazebo_msgs) StdoutLine: {'line': b'running egg_info\n'}
[14.203194] (gazebo_msgs) StdoutLine: {'line': b'creating gazebo_msgs.egg-info\n'}
[14.204101] (gazebo_msgs) StdoutLine: {'line': b'writing gazebo_msgs.egg-info/PKG-INFO\n'}
[14.205154] (gazebo_msgs) StdoutLine: {'line': b'writing dependency_links to gazebo_msgs.egg-info/dependency_links.txt\n'}
[14.206297] (gazebo_msgs) StdoutLine: {'line': b'writing top-level names to gazebo_msgs.egg-info/top_level.txt\n'}
[14.207269] (gazebo_msgs) StdoutLine: {'line': b"writing manifest file 'gazebo_msgs.egg-info/SOURCES.txt'\n"}
[14.217821] (gazebo_msgs) StdoutLine: {'line': b"reading manifest file 'gazebo_msgs.egg-info/SOURCES.txt'\n"}
[14.220670] (gazebo_msgs) StdoutLine: {'line': b"writing manifest file 'gazebo_msgs.egg-info/SOURCES.txt'\n"}
[14.229729] (-) TimerEvent: {}
[14.331000] (-) TimerEvent: {}
[14.339144] (gazebo_msgs) StdoutLine: {'line': b'[  0%] Built target ament_cmake_python_build_gazebo_msgs_egg\n'}
[14.431241] (-) TimerEvent: {}
[14.532333] (-) TimerEvent: {}
[14.633346] (-) TimerEvent: {}
[14.734298] (-) TimerEvent: {}
[14.835214] (-) TimerEvent: {}
[14.936220] (-) TimerEvent: {}
[15.037332] (-) TimerEvent: {}
[15.138738] (-) TimerEvent: {}
[15.239718] (-) TimerEvent: {}
[15.340750] (-) TimerEvent: {}
[15.441771] (-) TimerEvent: {}
[15.542862] (-) TimerEvent: {}
[15.643850] (-) TimerEvent: {}
[15.744847] (-) TimerEvent: {}
[15.845823] (-) TimerEvent: {}
[15.946772] (-) TimerEvent: {}
[16.047776] (-) TimerEvent: {}
[16.148948] (-) TimerEvent: {}
[16.250036] (-) TimerEvent: {}
[16.353569] (-) TimerEvent: {}
[16.454474] (-) TimerEvent: {}
[16.555443] (-) TimerEvent: {}
[16.656457] (-) TimerEvent: {}
[16.757460] (-) TimerEvent: {}
[16.858419] (-) TimerEvent: {}
[16.959848] (-) TimerEvent: {}
[17.061759] (-) TimerEvent: {}
[17.162650] (-) TimerEvent: {}
[17.263597] (-) TimerEvent: {}
[17.364626] (-) TimerEvent: {}
[17.465565] (-) TimerEvent: {}
[17.566532] (-) TimerEvent: {}
[17.667642] (-) TimerEvent: {}
[17.768780] (-) TimerEvent: {}
[17.869746] (-) TimerEvent: {}
[17.970772] (-) TimerEvent: {}
[18.071729] (-) TimerEvent: {}
[18.172900] (-) TimerEvent: {}
[18.274010] (-) TimerEvent: {}
[18.375024] (-) TimerEvent: {}
[18.476177] (-) TimerEvent: {}
[18.577142] (-) TimerEvent: {}
[18.678144] (-) TimerEvent: {}
[18.779020] (-) TimerEvent: {}
[18.879929] (-) TimerEvent: {}
[18.981039] (-) TimerEvent: {}
[19.082035] (-) TimerEvent: {}
[19.183042] (-) TimerEvent: {}
[19.284053] (-) TimerEvent: {}
[19.385120] (-) TimerEvent: {}
[19.486029] (-) TimerEvent: {}
[19.587135] (-) TimerEvent: {}
[19.688144] (-) TimerEvent: {}
[19.789239] (-) TimerEvent: {}
[19.890214] (-) TimerEvent: {}
[19.991282] (-) TimerEvent: {}
[20.092192] (-) TimerEvent: {}
[20.193322] (-) TimerEvent: {}
[20.294299] (-) TimerEvent: {}
[20.395162] (-) TimerEvent: {}
[20.496133] (-) TimerEvent: {}
[20.597230] (-) TimerEvent: {}
[20.698130] (-) TimerEvent: {}
[20.799084] (-) TimerEvent: {}
[20.899984] (-) TimerEvent: {}
[21.000985] (-) TimerEvent: {}
[21.101976] (-) TimerEvent: {}
[21.203101] (-) TimerEvent: {}
[21.304034] (-) TimerEvent: {}
[21.405246] (-) TimerEvent: {}
[21.506165] (-) TimerEvent: {}
[21.607151] (-) TimerEvent: {}
[21.708123] (-) TimerEvent: {}
[21.809522] (-) TimerEvent: {}
[21.910499] (-) TimerEvent: {}
[22.011459] (-) TimerEvent: {}
[22.112483] (-) TimerEvent: {}
[22.213525] (-) TimerEvent: {}
[22.314533] (-) TimerEvent: {}
[22.415517] (-) TimerEvent: {}
[22.516481] (-) TimerEvent: {}
[22.617452] (-) TimerEvent: {}
[22.718514] (-) TimerEvent: {}
[22.819446] (-) TimerEvent: {}
[22.920514] (-) TimerEvent: {}
[23.021440] (-) TimerEvent: {}
[23.122337] (-) TimerEvent: {}
[23.223424] (-) TimerEvent: {}
[23.324750] (-) TimerEvent: {}
[23.426008] (-) TimerEvent: {}
[23.527059] (-) TimerEvent: {}
[23.627930] (-) TimerEvent: {}
[23.729004] (-) TimerEvent: {}
[23.829985] (-) TimerEvent: {}
[23.930952] (-) TimerEvent: {}
[24.031942] (-) TimerEvent: {}
[24.132922] (-) TimerEvent: {}
[24.236596] (-) TimerEvent: {}
[24.337632] (-) TimerEvent: {}
[24.438642] (-) TimerEvent: {}
[24.539603] (-) TimerEvent: {}
[24.640684] (-) TimerEvent: {}
[24.741715] (-) TimerEvent: {}
[24.842766] (-) TimerEvent: {}
[24.943778] (-) TimerEvent: {}
[25.044717] (-) TimerEvent: {}
[25.145764] (-) TimerEvent: {}
[25.246898] (-) TimerEvent: {}
[25.348149] (-) TimerEvent: {}
[25.449232] (-) TimerEvent: {}
[25.550278] (-) TimerEvent: {}
[25.651345] (-) TimerEvent: {}
[25.752439] (-) TimerEvent: {}
[25.853430] (-) TimerEvent: {}
[25.955193] (-) TimerEvent: {}
[26.056187] (-) TimerEvent: {}
[26.157476] (-) TimerEvent: {}
[26.258428] (-) TimerEvent: {}
[26.359333] (-) TimerEvent: {}
[26.460734] (-) TimerEvent: {}
[26.561961] (-) TimerEvent: {}
[26.663170] (-) TimerEvent: {}
[26.764388] (-) TimerEvent: {}
[26.865513] (-) TimerEvent: {}
[26.966748] (-) TimerEvent: {}
[27.067985] (-) TimerEvent: {}
[27.169321] (-) TimerEvent: {}
[27.270520] (-) TimerEvent: {}
[27.371769] (-) TimerEvent: {}
[27.473791] (-) TimerEvent: {}
[27.574912] (-) TimerEvent: {}
[27.676296] (-) TimerEvent: {}
[27.777721] (-) TimerEvent: {}
[27.878929] (-) TimerEvent: {}
[27.979968] (-) TimerEvent: {}
[28.081030] (-) TimerEvent: {}
[28.184443] (-) TimerEvent: {}
[28.285517] (-) TimerEvent: {}
[28.386571] (-) TimerEvent: {}
[28.487671] (-) TimerEvent: {}
[28.588912] (-) TimerEvent: {}
[28.689925] (-) TimerEvent: {}
[28.791002] (-) TimerEvent: {}
[28.893235] (-) TimerEvent: {}
[28.994110] (-) TimerEvent: {}
[29.095015] (-) TimerEvent: {}
[29.195967] (-) TimerEvent: {}
[29.297082] (-) TimerEvent: {}
[29.398011] (-) TimerEvent: {}
[29.498891] (-) TimerEvent: {}
[29.599867] (-) TimerEvent: {}
[29.700972] (-) TimerEvent: {}
[29.801935] (-) TimerEvent: {}
[29.902848] (-) TimerEvent: {}
[30.003678] (-) TimerEvent: {}
[30.104704] (-) TimerEvent: {}
[30.205504] (-) TimerEvent: {}
[30.306503] (-) TimerEvent: {}
[30.407461] (-) TimerEvent: {}
[30.508435] (-) TimerEvent: {}
[30.609367] (-) TimerEvent: {}
[30.710357] (-) TimerEvent: {}
[30.811273] (-) TimerEvent: {}
[30.912301] (-) TimerEvent: {}
[31.013240] (-) TimerEvent: {}
[31.114186] (-) TimerEvent: {}
[31.215138] (-) TimerEvent: {}
[31.316043] (-) TimerEvent: {}
[31.416939] (-) TimerEvent: {}
[31.517852] (-) TimerEvent: {}
[31.618752] (-) TimerEvent: {}
[31.719666] (-) TimerEvent: {}
[31.820571] (-) TimerEvent: {}
[31.921483] (-) TimerEvent: {}
[32.022435] (-) TimerEvent: {}
[32.123271] (-) TimerEvent: {}
[32.224287] (-) TimerEvent: {}
[32.325235] (-) TimerEvent: {}
[32.426124] (-) TimerEvent: {}
[32.526953] (-) TimerEvent: {}
[32.627793] (-) TimerEvent: {}
[32.728766] (-) TimerEvent: {}
[32.829662] (-) TimerEvent: {}
[32.930630] (-) TimerEvent: {}
[33.031549] (-) TimerEvent: {}
[33.132433] (-) TimerEvent: {}
[33.233393] (-) TimerEvent: {}
[33.334369] (-) TimerEvent: {}
[33.435312] (-) TimerEvent: {}
[33.536286] (-) TimerEvent: {}
[33.637219] (-) TimerEvent: {}
[33.738212] (-) TimerEvent: {}
[33.839129] (-) TimerEvent: {}
[33.940043] (-) TimerEvent: {}
[34.040936] (-) TimerEvent: {}
[34.141873] (-) TimerEvent: {}
[34.242893] (-) TimerEvent: {}
[34.343978] (-) TimerEvent: {}
[34.444972] (-) TimerEvent: {}
[34.545824] (-) TimerEvent: {}
[34.646812] (-) TimerEvent: {}
[34.747996] (-) TimerEvent: {}
[34.849003] (-) TimerEvent: {}
[34.949899] (-) TimerEvent: {}
[35.050872] (-) TimerEvent: {}
[35.151793] (-) TimerEvent: {}
[35.252796] (-) TimerEvent: {}
[35.353683] (-) TimerEvent: {}
[35.454577] (-) TimerEvent: {}
[35.555554] (-) TimerEvent: {}
[35.656575] (-) TimerEvent: {}
[35.757500] (-) TimerEvent: {}
[35.858600] (-) TimerEvent: {}
[35.959805] (-) TimerEvent: {}
[36.060931] (-) TimerEvent: {}
[36.165983] (-) TimerEvent: {}
[36.267050] (-) TimerEvent: {}
[36.368091] (-) TimerEvent: {}
[36.469217] (-) TimerEvent: {}
[36.570305] (-) TimerEvent: {}
[36.671301] (-) TimerEvent: {}
[36.772802] (-) TimerEvent: {}
[36.873877] (-) TimerEvent: {}
[36.974890] (-) TimerEvent: {}
[37.075898] (-) TimerEvent: {}
[37.177084] (-) TimerEvent: {}
[37.278108] (-) TimerEvent: {}
[37.379233] (-) TimerEvent: {}
[37.480445] (-) TimerEvent: {}
[37.582622] (-) TimerEvent: {}
[37.683621] (-) TimerEvent: {}
[37.784704] (-) TimerEvent: {}
[37.885730] (-) TimerEvent: {}
[37.986875] (-) TimerEvent: {}
[38.087943] (-) TimerEvent: {}
[38.189088] (-) TimerEvent: {}
[38.290140] (-) TimerEvent: {}
[38.391144] (-) TimerEvent: {}
[38.492569] (-) TimerEvent: {}
[38.593721] (-) TimerEvent: {}
[38.694805] (-) TimerEvent: {}
[38.795824] (-) TimerEvent: {}
[38.898117] (-) TimerEvent: {}
[38.999282] (-) TimerEvent: {}
[39.100360] (-) TimerEvent: {}
[39.201434] (-) TimerEvent: {}
[39.302515] (-) TimerEvent: {}
[39.357905] (gazebo_msgs) StdoutLine: {'line': b'[  0%] Built target gazebo_msgs__cpp\n'}
[39.402879] (-) TimerEvent: {}
[39.427242] (gazebo_msgs) StdoutLine: {'line': b'[  0%] \x1b[34m\x1b[1mGenerating C++ type support dispatch for ROS interfaces\x1b[0m\n'}
[39.429273] (gazebo_msgs) StdoutLine: {'line': b'[  0%] \x1b[34m\x1b[1mGenerating C++ type support for eProsima Fast-RTPS\x1b[0m\n'}
[39.431259] (gazebo_msgs) StdoutLine: {'line': b'[  1%] \x1b[34m\x1b[1mGenerating C++ introspection for ROS interfaces\x1b[0m\n'}
[39.476167] (gazebo_msgs) StdoutLine: {'line': b'[  1%] \x1b[32mBuilding C object CMakeFiles/gazebo_msgs__rosidl_generator_c.dir/rosidl_generator_c/gazebo_msgs/msg/detail/contacts_state__functions.c.o\x1b[0m\n'}
[39.477111] (gazebo_msgs) StdoutLine: {'line': b'[  2%] \x1b[32mBuilding C object CMakeFiles/gazebo_msgs__rosidl_generator_c.dir/rosidl_generator_c/gazebo_msgs/msg/detail/contact_state__functions.c.o\x1b[0m\n'}
[39.481876] (gazebo_msgs) StdoutLine: {'line': b'[  2%] \x1b[32mBuilding C object CMakeFiles/gazebo_msgs__rosidl_generator_c.dir/rosidl_generator_c/gazebo_msgs/msg/detail/entity_state__functions.c.o\x1b[0m\n'}
[39.503085] (-) TimerEvent: {}
[39.603973] (-) TimerEvent: {}
[39.705184] (-) TimerEvent: {}
[39.806586] (-) TimerEvent: {}
[39.855506] (gazebo_msgs) StdoutLine: {'line': b'[  2%] \x1b[32mBuilding C object CMakeFiles/gazebo_msgs__rosidl_generator_c.dir/rosidl_generator_c/gazebo_msgs/msg/detail/link_state__functions.c.o\x1b[0m\n'}
[39.884307] (gazebo_msgs) StdoutLine: {'line': b'[  3%] \x1b[32mBuilding C object CMakeFiles/gazebo_msgs__rosidl_generator_c.dir/rosidl_generator_c/gazebo_msgs/msg/detail/link_states__functions.c.o\x1b[0m\n'}
[39.906818] (-) TimerEvent: {}
[39.911926] (gazebo_msgs) StdoutLine: {'line': b'[  3%] \x1b[32mBuilding C object CMakeFiles/gazebo_msgs__rosidl_generator_c.dir/rosidl_generator_c/gazebo_msgs/msg/detail/model_state__functions.c.o\x1b[0m\n'}
[40.007062] (-) TimerEvent: {}
[40.108052] (-) TimerEvent: {}
[40.209265] (-) TimerEvent: {}
[40.253191] (gazebo_msgs) StdoutLine: {'line': b'[  3%] \x1b[32mBuilding C object CMakeFiles/gazebo_msgs__rosidl_generator_c.dir/rosidl_generator_c/gazebo_msgs/msg/detail/model_states__functions.c.o\x1b[0m\n'}
[40.271489] (gazebo_msgs) StdoutLine: {'line': b'[  3%] \x1b[32mBuilding C object CMakeFiles/gazebo_msgs__rosidl_generator_c.dir/rosidl_generator_c/gazebo_msgs/msg/detail/ode_joint_properties__functions.c.o\x1b[0m\n'}
[40.309587] (-) TimerEvent: {}
[40.351228] (gazebo_msgs) StdoutLine: {'line': b'[  4%] \x1b[32mBuilding C object CMakeFiles/gazebo_msgs__rosidl_generator_c.dir/rosidl_generator_c/gazebo_msgs/msg/detail/ode_physics__functions.c.o\x1b[0m\n'}
[40.409837] (-) TimerEvent: {}
[40.511106] (-) TimerEvent: {}
[40.612094] (-) TimerEvent: {}
[40.637554] (gazebo_msgs) StdoutLine: {'line': b'[  4%] \x1b[32mBuilding C object CMakeFiles/gazebo_msgs__rosidl_generator_c.dir/rosidl_generator_c/gazebo_msgs/msg/detail/performance_metrics__functions.c.o\x1b[0m\n'}
[40.674493] (gazebo_msgs) StdoutLine: {'line': b'[  4%] \x1b[32mBuilding C object CMakeFiles/gazebo_msgs__rosidl_generator_c.dir/rosidl_generator_c/gazebo_msgs/msg/detail/sensor_performance_metric__functions.c.o\x1b[0m\n'}
[40.712422] (-) TimerEvent: {}
[40.747246] (gazebo_msgs) StdoutLine: {'line': b'[  5%] \x1b[32mBuilding C object CMakeFiles/gazebo_msgs__rosidl_generator_c.dir/rosidl_generator_c/gazebo_msgs/msg/detail/wheel_slip__functions.c.o\x1b[0m\n'}
[40.812645] (-) TimerEvent: {}
[40.914191] (-) TimerEvent: {}
[41.015151] (-) TimerEvent: {}
[41.020570] (gazebo_msgs) StdoutLine: {'line': b'[  5%] \x1b[32mBuilding C object CMakeFiles/gazebo_msgs__rosidl_generator_c.dir/rosidl_generator_c/gazebo_msgs/msg/detail/world_state__functions.c.o\x1b[0m\n'}
[41.031899] (gazebo_msgs) StdoutLine: {'line': b'[  5%] \x1b[32mBuilding C object CMakeFiles/gazebo_msgs__rosidl_generator_c.dir/rosidl_generator_c/gazebo_msgs/srv/detail/apply_body_wrench__functions.c.o\x1b[0m\n'}
[41.115365] (-) TimerEvent: {}
[41.171486] (gazebo_msgs) StdoutLine: {'line': b'[  5%] \x1b[32mBuilding C object CMakeFiles/gazebo_msgs__rosidl_generator_c.dir/rosidl_generator_c/gazebo_msgs/srv/detail/apply_link_wrench__functions.c.o\x1b[0m\n'}
[41.215611] (-) TimerEvent: {}
[41.316598] (-) TimerEvent: {}
[41.417458] (-) TimerEvent: {}
[41.420463] (gazebo_msgs) StdoutLine: {'line': b'[  6%] \x1b[32mBuilding C object CMakeFiles/gazebo_msgs__rosidl_generator_c.dir/rosidl_generator_c/gazebo_msgs/srv/detail/apply_joint_effort__functions.c.o\x1b[0m\n'}
[41.514933] (gazebo_msgs) StdoutLine: {'line': b'[  6%] \x1b[32mBuilding C object CMakeFiles/gazebo_msgs__rosidl_generator_c.dir/rosidl_generator_c/gazebo_msgs/srv/detail/body_request__functions.c.o\x1b[0m\n'}
[41.517700] (-) TimerEvent: {}
[41.618535] (-) TimerEvent: {}
[41.687827] (gazebo_msgs) StdoutLine: {'line': b'[  6%] \x1b[32mBuilding C object CMakeFiles/gazebo_msgs__rosidl_generator_c.dir/rosidl_generator_c/gazebo_msgs/srv/detail/delete_entity__functions.c.o\x1b[0m\n'}
[41.718771] (-) TimerEvent: {}
[41.820147] (-) TimerEvent: {}
[41.880034] (gazebo_msgs) StdoutLine: {'line': b'[  6%] \x1b[32mBuilding C object CMakeFiles/gazebo_msgs__rosidl_generator_c.dir/rosidl_generator_c/gazebo_msgs/srv/detail/delete_light__functions.c.o\x1b[0m\n'}
[41.920428] (-) TimerEvent: {}
[41.949574] (gazebo_msgs) StdoutLine: {'line': b'[  7%] \x1b[32mBuilding C object CMakeFiles/gazebo_msgs__rosidl_generator_c.dir/rosidl_generator_c/gazebo_msgs/srv/detail/delete_model__functions.c.o\x1b[0m\n'}
[42.020644] (-) TimerEvent: {}
[42.121553] (-) TimerEvent: {}
[42.154597] (gazebo_msgs) StdoutLine: {'line': b'[  7%] \x1b[32mBuilding C object CMakeFiles/gazebo_msgs__rosidl_generator_c.dir/rosidl_generator_c/gazebo_msgs/srv/detail/get_joint_properties__functions.c.o\x1b[0m\n'}
[42.221826] (-) TimerEvent: {}
[42.322826] (-) TimerEvent: {}
[42.325054] (gazebo_msgs) StdoutLine: {'line': b'[  7%] \x1b[32mBuilding C object CMakeFiles/gazebo_msgs__rosidl_generator_c.dir/rosidl_generator_c/gazebo_msgs/srv/detail/get_entity_state__functions.c.o\x1b[0m\n'}
[42.422720] (gazebo_msgs) StdoutLine: {'line': b'[  8%] \x1b[32mBuilding C object CMakeFiles/gazebo_msgs__rosidl_generator_c.dir/rosidl_generator_c/gazebo_msgs/srv/detail/get_light_properties__functions.c.o\x1b[0m\n'}
[42.423374] (-) TimerEvent: {}
[42.524051] (-) TimerEvent: {}
[42.625252] (-) TimerEvent: {}
[42.643889] (gazebo_msgs) StdoutLine: {'line': b'[  8%] \x1b[32mBuilding C object CMakeFiles/gazebo_msgs__rosidl_generator_c.dir/rosidl_generator_c/gazebo_msgs/srv/detail/get_link_properties__functions.c.o\x1b[0m\n'}
[42.725493] (-) TimerEvent: {}
[42.815824] (gazebo_msgs) StdoutLine: {'line': b'[  8%] \x1b[32mBuilding C object CMakeFiles/gazebo_msgs__rosidl_generator_c.dir/rosidl_generator_c/gazebo_msgs/srv/detail/get_link_state__functions.c.o\x1b[0m\n'}
[42.825847] (-) TimerEvent: {}
[42.927662] (-) TimerEvent: {}
[42.931154] (gazebo_msgs) StdoutLine: {'line': b'[  8%] \x1b[32mBuilding C object CMakeFiles/gazebo_msgs__rosidl_generator_c.dir/rosidl_generator_c/gazebo_msgs/srv/detail/get_model_list__functions.c.o\x1b[0m\n'}
[43.027872] (-) TimerEvent: {}
[43.089666] (gazebo_msgs) StdoutLine: {'line': b'[  9%] \x1b[32mBuilding C object CMakeFiles/gazebo_msgs__rosidl_generator_c.dir/rosidl_generator_c/gazebo_msgs/srv/detail/get_model_properties__functions.c.o\x1b[0m\n'}
[43.128124] (-) TimerEvent: {}
[43.229390] (-) TimerEvent: {}
[43.306191] (gazebo_msgs) StdoutLine: {'line': b'[  9%] \x1b[32mBuilding C object CMakeFiles/gazebo_msgs__rosidl_generator_c.dir/rosidl_generator_c/gazebo_msgs/srv/detail/get_model_state__functions.c.o\x1b[0m\n'}
[43.329910] (-) TimerEvent: {}
[43.409271] (gazebo_msgs) StdoutLine: {'line': b'[  9%] \x1b[32mBuilding C object CMakeFiles/gazebo_msgs__rosidl_generator_c.dir/rosidl_generator_c/gazebo_msgs/srv/detail/get_physics_properties__functions.c.o\x1b[0m\n'}
[43.430160] (-) TimerEvent: {}
[43.531030] (-) TimerEvent: {}
[43.537810] (gazebo_msgs) StdoutLine: {'line': b'[  9%] \x1b[32mBuilding C object CMakeFiles/gazebo_msgs__rosidl_generator_c.dir/rosidl_generator_c/gazebo_msgs/srv/detail/get_world_properties__functions.c.o\x1b[0m\n'}
[43.631293] (-) TimerEvent: {}
[43.732192] (-) TimerEvent: {}
[43.813239] (gazebo_msgs) StdoutLine: {'line': b'[ 10%] \x1b[32mBuilding C object CMakeFiles/gazebo_msgs__rosidl_generator_c.dir/rosidl_generator_c/gazebo_msgs/srv/detail/joint_request__functions.c.o\x1b[0m\n'}
[43.832483] (-) TimerEvent: {}
[43.909599] (gazebo_msgs) StdoutLine: {'line': b'[ 10%] \x1b[32mBuilding C object CMakeFiles/gazebo_msgs__rosidl_generator_c.dir/rosidl_generator_c/gazebo_msgs/srv/detail/link_request__functions.c.o\x1b[0m\n'}
[43.932702] (-) TimerEvent: {}
[43.949250] (gazebo_msgs) StdoutLine: {'line': b'[ 10%] \x1b[32mBuilding C object CMakeFiles/gazebo_msgs__rosidl_generator_c.dir/rosidl_generator_c/gazebo_msgs/srv/detail/set_entity_state__functions.c.o\x1b[0m\n'}
[44.032935] (-) TimerEvent: {}
[44.133816] (-) TimerEvent: {}
[44.234679] (-) TimerEvent: {}
[44.272469] (gazebo_msgs) StdoutLine: {'line': b'[ 11%] \x1b[32mBuilding C object CMakeFiles/gazebo_msgs__rosidl_generator_c.dir/rosidl_generator_c/gazebo_msgs/srv/detail/set_joint_properties__functions.c.o\x1b[0m\n'}
[44.334928] (-) TimerEvent: {}
[44.367807] (gazebo_msgs) StdoutLine: {'line': b'[ 11%] \x1b[32mBuilding C object CMakeFiles/gazebo_msgs__rosidl_generator_c.dir/rosidl_generator_c/gazebo_msgs/srv/detail/set_joint_trajectory__functions.c.o\x1b[0m\n'}
[44.384444] (gazebo_msgs) StdoutLine: {'line': b'[ 11%] \x1b[32mBuilding C object CMakeFiles/gazebo_msgs__rosidl_generator_c.dir/rosidl_generator_c/gazebo_msgs/srv/detail/set_light_properties__functions.c.o\x1b[0m\n'}
[44.435187] (-) TimerEvent: {}
[44.536045] (-) TimerEvent: {}
[44.637011] (-) TimerEvent: {}
[44.737866] (-) TimerEvent: {}
[44.745868] (gazebo_msgs) StdoutLine: {'line': b'[ 11%] \x1b[32mBuilding C object CMakeFiles/gazebo_msgs__rosidl_generator_c.dir/rosidl_generator_c/gazebo_msgs/srv/detail/set_link_properties__functions.c.o\x1b[0m\n'}
[44.798318] (gazebo_msgs) StdoutLine: {'line': b'[ 12%] \x1b[32mBuilding C object CMakeFiles/gazebo_msgs__rosidl_generator_c.dir/rosidl_generator_c/gazebo_msgs/srv/detail/set_link_state__functions.c.o\x1b[0m\n'}
[44.838111] (-) TimerEvent: {}
[44.862966] (gazebo_msgs) StdoutLine: {'line': b'[ 12%] \x1b[32mBuilding C object CMakeFiles/gazebo_msgs__rosidl_generator_c.dir/rosidl_generator_c/gazebo_msgs/srv/detail/set_model_configuration__functions.c.o\x1b[0m\n'}
[44.938353] (-) TimerEvent: {}
[45.039207] (-) TimerEvent: {}
[45.140020] (-) TimerEvent: {}
[45.222210] (gazebo_msgs) StdoutLine: {'line': b'[ 12%] \x1b[32mBuilding C object CMakeFiles/gazebo_msgs__rosidl_generator_c.dir/rosidl_generator_c/gazebo_msgs/srv/detail/set_model_state__functions.c.o\x1b[0m\n'}
[45.233395] (gazebo_msgs) StdoutLine: {'line': b'[ 12%] \x1b[32mBuilding C object CMakeFiles/gazebo_msgs__rosidl_generator_c.dir/rosidl_generator_c/gazebo_msgs/srv/detail/set_physics_properties__functions.c.o\x1b[0m\n'}
[45.240289] (-) TimerEvent: {}
[45.342169] (-) TimerEvent: {}
[45.355209] (gazebo_msgs) StdoutLine: {'line': b'[ 13%] \x1b[32mBuilding C object CMakeFiles/gazebo_msgs__rosidl_generator_c.dir/rosidl_generator_c/gazebo_msgs/srv/detail/spawn_entity__functions.c.o\x1b[0m\n'}
[45.442428] (-) TimerEvent: {}
[45.544037] (-) TimerEvent: {}
[45.645690] (-) TimerEvent: {}
[45.652568] (gazebo_msgs) StdoutLine: {'line': b'[ 13%] \x1b[32mBuilding C object CMakeFiles/gazebo_msgs__rosidl_generator_c.dir/rosidl_generator_c/gazebo_msgs/srv/detail/spawn_model__functions.c.o\x1b[0m\n'}
[45.745932] (-) TimerEvent: {}
[45.847176] (-) TimerEvent: {}
[45.948187] (-) TimerEvent: {}
[46.049377] (-) TimerEvent: {}
[46.133765] (gazebo_msgs) StdoutLine: {'line': b'[ 13%] \x1b[32m\x1b[1mLinking C shared library libgazebo_msgs__rosidl_generator_c.so\x1b[0m\n'}
[46.149608] (-) TimerEvent: {}
[46.250906] (-) TimerEvent: {}
[46.351741] (-) TimerEvent: {}
[46.452835] (-) TimerEvent: {}
[46.491687] (gazebo_msgs) StdoutLine: {'line': b'[ 13%] Built target gazebo_msgs__rosidl_generator_c\n'}
[46.553136] (-) TimerEvent: {}
[46.571375] (gazebo_msgs) StdoutLine: {'line': b'[ 14%] \x1b[34m\x1b[1mGenerating C type support for eProsima Fast-RTPS\x1b[0m\n'}
[46.572651] (gazebo_msgs) StdoutLine: {'line': b'[ 15%] \x1b[34m\x1b[1mGenerating C introspection for ROS interfaces\x1b[0m\n'}
[46.575199] (gazebo_msgs) StdoutLine: {'line': b'[ 16%] \x1b[34m\x1b[1mGenerating C type support dispatch for ROS interfaces\x1b[0m\n'}
[46.653367] (-) TimerEvent: {}
[46.754242] (-) TimerEvent: {}
[46.855228] (-) TimerEvent: {}
[46.956383] (-) TimerEvent: {}
[47.057611] (-) TimerEvent: {}
[47.159014] (-) TimerEvent: {}
[47.260108] (-) TimerEvent: {}
[47.361147] (-) TimerEvent: {}
[47.463067] (-) TimerEvent: {}
[47.563951] (-) TimerEvent: {}
[47.664890] (-) TimerEvent: {}
[47.765712] (-) TimerEvent: {}
[47.866582] (-) TimerEvent: {}
[47.967515] (-) TimerEvent: {}
[48.068437] (-) TimerEvent: {}
[48.169304] (-) TimerEvent: {}
[48.270149] (-) TimerEvent: {}
[48.371029] (-) TimerEvent: {}
[48.471919] (-) TimerEvent: {}
[48.572958] (-) TimerEvent: {}
[48.673841] (-) TimerEvent: {}
[48.774775] (-) TimerEvent: {}
[48.875682] (-) TimerEvent: {}
[48.976667] (-) TimerEvent: {}
[49.077633] (-) TimerEvent: {}
[49.178610] (-) TimerEvent: {}
[49.279494] (-) TimerEvent: {}
[49.380440] (-) TimerEvent: {}
[49.481255] (-) TimerEvent: {}
[49.582154] (-) TimerEvent: {}
[49.683220] (-) TimerEvent: {}
[49.784153] (-) TimerEvent: {}
[49.885125] (-) TimerEvent: {}
[49.986100] (-) TimerEvent: {}
[50.087040] (-) TimerEvent: {}
[50.188063] (-) TimerEvent: {}
[50.289037] (-) TimerEvent: {}
[50.389966] (-) TimerEvent: {}
[50.490899] (-) TimerEvent: {}
[50.591884] (-) TimerEvent: {}
[50.692868] (-) TimerEvent: {}
[50.793762] (-) TimerEvent: {}
[50.894728] (-) TimerEvent: {}
[50.995649] (-) TimerEvent: {}
[51.096502] (-) TimerEvent: {}
[51.198508] (-) TimerEvent: {}
[51.299413] (-) TimerEvent: {}
[51.400369] (-) TimerEvent: {}
[51.501233] (-) TimerEvent: {}
[51.602177] (-) TimerEvent: {}
[51.703071] (-) TimerEvent: {}
[51.803984] (-) TimerEvent: {}
[51.905021] (-) TimerEvent: {}
[52.005927] (-) TimerEvent: {}
[52.106792] (-) TimerEvent: {}
[52.207731] (-) TimerEvent: {}
[52.308777] (-) TimerEvent: {}
[52.409698] (-) TimerEvent: {}
[52.510593] (-) TimerEvent: {}
[52.611522] (-) TimerEvent: {}
[52.712450] (-) TimerEvent: {}
[52.813345] (-) TimerEvent: {}
[52.914284] (-) TimerEvent: {}
[53.015263] (-) TimerEvent: {}
[53.116220] (-) TimerEvent: {}
[53.217219] (-) TimerEvent: {}
[53.318221] (-) TimerEvent: {}
[53.419113] (-) TimerEvent: {}
[53.519988] (-) TimerEvent: {}
[53.620974] (-) TimerEvent: {}
[53.721893] (-) TimerEvent: {}
[53.822764] (-) TimerEvent: {}
[53.923745] (-) TimerEvent: {}
[54.024762] (-) TimerEvent: {}
[54.126887] (-) TimerEvent: {}
[54.227764] (-) TimerEvent: {}
[54.328810] (-) TimerEvent: {}
[54.429745] (-) TimerEvent: {}
[54.530691] (-) TimerEvent: {}
[54.631740] (-) TimerEvent: {}
[54.733067] (-) TimerEvent: {}
[54.833987] (-) TimerEvent: {}
[54.934965] (-) TimerEvent: {}
[55.035820] (-) TimerEvent: {}
[55.136882] (-) TimerEvent: {}
[55.237781] (-) TimerEvent: {}
[55.338716] (-) TimerEvent: {}
[55.439636] (-) TimerEvent: {}
[55.540556] (-) TimerEvent: {}
[55.641521] (-) TimerEvent: {}
[55.742470] (-) TimerEvent: {}
[55.844600] (-) TimerEvent: {}
[55.945731] (-) TimerEvent: {}
[56.046620] (-) TimerEvent: {}
[56.147587] (-) TimerEvent: {}
[56.248634] (-) TimerEvent: {}
[56.349508] (-) TimerEvent: {}
[56.450402] (-) TimerEvent: {}
[56.551279] (-) TimerEvent: {}
[56.652138] (-) TimerEvent: {}
[56.762122] (-) TimerEvent: {}
[56.863024] (-) TimerEvent: {}
[56.963926] (-) TimerEvent: {}
[57.064996] (-) TimerEvent: {}
[57.165902] (-) TimerEvent: {}
[57.266882] (-) TimerEvent: {}
[57.367813] (-) TimerEvent: {}
[57.468782] (-) TimerEvent: {}
[57.570801] (-) TimerEvent: {}
[57.671762] (-) TimerEvent: {}
[57.772819] (-) TimerEvent: {}
[57.873780] (-) TimerEvent: {}
[57.974725] (-) TimerEvent: {}
[58.075643] (-) TimerEvent: {}
[58.176618] (-) TimerEvent: {}
[58.277618] (-) TimerEvent: {}
[58.378655] (-) TimerEvent: {}
[58.482971] (-) TimerEvent: {}
[58.584025] (-) TimerEvent: {}
[58.685036] (-) TimerEvent: {}
[58.786035] (-) TimerEvent: {}
[58.888202] (-) TimerEvent: {}
[58.989251] (-) TimerEvent: {}
[59.090295] (-) TimerEvent: {}
[59.191284] (-) TimerEvent: {}
[59.292332] (-) TimerEvent: {}
[59.393311] (-) TimerEvent: {}
[59.494360] (-) TimerEvent: {}
[59.595358] (-) TimerEvent: {}
[59.696477] (-) TimerEvent: {}
[59.798678] (-) TimerEvent: {}
[59.899658] (-) TimerEvent: {}
[60.000713] (-) TimerEvent: {}
[60.101715] (-) TimerEvent: {}
[60.203813] (-) TimerEvent: {}
[60.308455] (-) TimerEvent: {}
[60.409518] (-) TimerEvent: {}
[60.510809] (-) TimerEvent: {}
[60.520815] (gazebo_msgs) StdoutLine: {'line': b'[ 17%] \x1b[32mBuilding CXX object CMakeFiles/gazebo_msgs__rosidl_typesupport_cpp.dir/rosidl_typesupport_cpp/gazebo_msgs/msg/contact_state__type_support.cpp.o\x1b[0m\n'}
[60.611784] (-) TimerEvent: {}
[60.712804] (-) TimerEvent: {}
[60.814856] (-) TimerEvent: {}
[60.915859] (-) TimerEvent: {}
[61.016911] (-) TimerEvent: {}
[61.117910] (-) TimerEvent: {}
[61.218898] (-) TimerEvent: {}
[61.319934] (-) TimerEvent: {}
[61.421021] (-) TimerEvent: {}
[61.522034] (-) TimerEvent: {}
[61.623045] (-) TimerEvent: {}
[61.724365] (-) TimerEvent: {}
[61.825380] (-) TimerEvent: {}
[61.926597] (-) TimerEvent: {}
[62.027665] (-) TimerEvent: {}
[62.128704] (-) TimerEvent: {}
[62.229650] (-) TimerEvent: {}
[62.330636] (-) TimerEvent: {}
[62.432899] (-) TimerEvent: {}
[62.533887] (-) TimerEvent: {}
[62.558778] (gazebo_msgs) StdoutLine: {'line': b'[ 17%] \x1b[32mBuilding CXX object CMakeFiles/gazebo_msgs__rosidl_typesupport_cpp.dir/rosidl_typesupport_cpp/gazebo_msgs/msg/contacts_state__type_support.cpp.o\x1b[0m\n'}
[62.634158] (-) TimerEvent: {}
[62.735221] (-) TimerEvent: {}
[62.836389] (-) TimerEvent: {}
[62.937328] (-) TimerEvent: {}
[63.038279] (-) TimerEvent: {}
[63.140780] (-) TimerEvent: {}
[63.241835] (-) TimerEvent: {}
[63.342781] (-) TimerEvent: {}
[63.443735] (-) TimerEvent: {}
[63.544742] (-) TimerEvent: {}
[63.645694] (-) TimerEvent: {}
[63.746678] (-) TimerEvent: {}
[63.847661] (-) TimerEvent: {}
[63.897087] (gazebo_msgs) StdoutLine: {'line': b'[ 17%] \x1b[32mBuilding CXX object CMakeFiles/gazebo_msgs__rosidl_typesupport_introspection_cpp.dir/rosidl_typesupport_introspection_cpp/gazebo_msgs/msg/detail/contact_state__type_support.cpp.o\x1b[0m\n'}
[63.947928] (-) TimerEvent: {}
[64.048935] (-) TimerEvent: {}
[64.149948] (-) TimerEvent: {}
[64.251122] (-) TimerEvent: {}
[64.352202] (-) TimerEvent: {}
[64.453405] (-) TimerEvent: {}
[64.553730] (gazebo_msgs) StdoutLine: {'line': b'[ 17%] \x1b[32mBuilding CXX object CMakeFiles/gazebo_msgs__rosidl_typesupport_cpp.dir/rosidl_typesupport_cpp/gazebo_msgs/msg/entity_state__type_support.cpp.o\x1b[0m\n'}
[64.554586] (-) TimerEvent: {}
[64.655531] (-) TimerEvent: {}
[64.756682] (-) TimerEvent: {}
[64.857652] (-) TimerEvent: {}
[64.958622] (-) TimerEvent: {}
[65.059678] (-) TimerEvent: {}
[65.160708] (-) TimerEvent: {}
[65.262926] (-) TimerEvent: {}
[65.364080] (-) TimerEvent: {}
[65.465227] (-) TimerEvent: {}
[65.566268] (-) TimerEvent: {}
[65.667360] (-) TimerEvent: {}
[65.769540] (-) TimerEvent: {}
[65.871382] (-) TimerEvent: {}
[65.972434] (-) TimerEvent: {}
[66.073431] (-) TimerEvent: {}
[66.174461] (-) TimerEvent: {}
[66.275582] (-) TimerEvent: {}
[66.376771] (-) TimerEvent: {}
[66.477909] (-) TimerEvent: {}
[66.578999] (-) TimerEvent: {}
[66.645176] (gazebo_msgs) StdoutLine: {'line': b'[ 17%] \x1b[32mBuilding CXX object CMakeFiles/gazebo_msgs__rosidl_typesupport_cpp.dir/rosidl_typesupport_cpp/gazebo_msgs/msg/link_state__type_support.cpp.o\x1b[0m\n'}
[66.679254] (-) TimerEvent: {}
[66.780456] (-) TimerEvent: {}
[66.881402] (-) TimerEvent: {}
[66.909702] (gazebo_msgs) StdoutLine: {'line': b'[ 17%] \x1b[32mBuilding CXX object CMakeFiles/gazebo_msgs__rosidl_typesupport_c.dir/rosidl_typesupport_c/gazebo_msgs/msg/contact_state__type_support.cpp.o\x1b[0m\n'}
[66.981655] (-) TimerEvent: {}
[67.082665] (-) TimerEvent: {}
[67.148302] (gazebo_msgs) StdoutLine: {'line': b'[ 17%] \x1b[32mBuilding CXX object CMakeFiles/gazebo_msgs__rosidl_typesupport_c.dir/rosidl_typesupport_c/gazebo_msgs/msg/contacts_state__type_support.cpp.o\x1b[0m\n'}
[67.182915] (-) TimerEvent: {}
[67.188190] (gazebo_msgs) StdoutLine: {'line': b'[ 17%] \x1b[32mBuilding CXX object CMakeFiles/gazebo_msgs__rosidl_typesupport_introspection_cpp.dir/rosidl_typesupport_introspection_cpp/gazebo_msgs/msg/detail/contacts_state__type_support.cpp.o\x1b[0m\n'}
[67.283139] (-) TimerEvent: {}
[67.384187] (-) TimerEvent: {}
[67.389746] (gazebo_msgs) StdoutLine: {'line': b'[ 17%] \x1b[32mBuilding CXX object CMakeFiles/gazebo_msgs__rosidl_typesupport_c.dir/rosidl_typesupport_c/gazebo_msgs/msg/entity_state__type_support.cpp.o\x1b[0m\n'}
[67.484479] (-) TimerEvent: {}
[67.585543] (-) TimerEvent: {}
[67.658571] (gazebo_msgs) StdoutLine: {'line': b'[ 18%] \x1b[32mBuilding CXX object CMakeFiles/gazebo_msgs__rosidl_typesupport_c.dir/rosidl_typesupport_c/gazebo_msgs/msg/link_state__type_support.cpp.o\x1b[0m\n'}
[67.685806] (-) TimerEvent: {}
[67.702471] (gazebo_msgs) StdoutLine: {'line': b'[ 19%] \x1b[32mBuilding CXX object CMakeFiles/gazebo_msgs__rosidl_typesupport_fastrtps_cpp.dir/rosidl_typesupport_fastrtps_cpp/gazebo_msgs/msg/detail/dds_fastrtps/contact_state__type_support.cpp.o\x1b[0m\n'}
[67.786062] (-) TimerEvent: {}
[67.887097] (-) TimerEvent: {}
[67.893605] (gazebo_msgs) StdoutLine: {'line': b'[ 19%] \x1b[32mBuilding CXX object CMakeFiles/gazebo_msgs__rosidl_typesupport_c.dir/rosidl_typesupport_c/gazebo_msgs/msg/link_states__type_support.cpp.o\x1b[0m\n'}
[67.987953] (-) TimerEvent: {}
[68.088985] (-) TimerEvent: {}
[68.116110] (gazebo_msgs) StdoutLine: {'line': b'[ 19%] \x1b[32mBuilding CXX object CMakeFiles/gazebo_msgs__rosidl_typesupport_c.dir/rosidl_typesupport_c/gazebo_msgs/msg/model_state__type_support.cpp.o\x1b[0m\n'}
[68.189227] (-) TimerEvent: {}
[68.290269] (-) TimerEvent: {}
[68.344031] (gazebo_msgs) StdoutLine: {'line': b'[ 19%] \x1b[32mBuilding CXX object CMakeFiles/gazebo_msgs__rosidl_typesupport_c.dir/rosidl_typesupport_c/gazebo_msgs/msg/model_states__type_support.cpp.o\x1b[0m\n'}
[68.390530] (-) TimerEvent: {}
[68.491446] (-) TimerEvent: {}
[68.526502] (gazebo_msgs) StdoutLine: {'line': b'[ 20%] \x1b[32mBuilding CXX object CMakeFiles/gazebo_msgs__rosidl_typesupport_cpp.dir/rosidl_typesupport_cpp/gazebo_msgs/msg/link_states__type_support.cpp.o\x1b[0m\n'}
[68.568798] (gazebo_msgs) StdoutLine: {'line': b'[ 21%] \x1b[32mBuilding CXX object CMakeFiles/gazebo_msgs__rosidl_typesupport_c.dir/rosidl_typesupport_c/gazebo_msgs/msg/ode_joint_properties__type_support.cpp.o\x1b[0m\n'}
[68.591674] (-) TimerEvent: {}
[68.692698] (-) TimerEvent: {}
[68.779506] (gazebo_msgs) StdoutLine: {'line': b'[ 21%] \x1b[32mBuilding CXX object CMakeFiles/gazebo_msgs__rosidl_typesupport_c.dir/rosidl_typesupport_c/gazebo_msgs/msg/ode_physics__type_support.cpp.o\x1b[0m\n'}
[68.792927] (-) TimerEvent: {}
[68.893793] (-) TimerEvent: {}
[68.985760] (gazebo_msgs) StdoutLine: {'line': b'[ 21%] \x1b[32mBuilding CXX object CMakeFiles/gazebo_msgs__rosidl_typesupport_c.dir/rosidl_typesupport_c/gazebo_msgs/msg/performance_metrics__type_support.cpp.o\x1b[0m\n'}
[68.994035] (-) TimerEvent: {}
[69.095013] (-) TimerEvent: {}
[69.195980] (-) TimerEvent: {}
[69.211589] (gazebo_msgs) StdoutLine: {'line': b'[ 22%] \x1b[32mBuilding CXX object CMakeFiles/gazebo_msgs__rosidl_typesupport_c.dir/rosidl_typesupport_c/gazebo_msgs/msg/sensor_performance_metric__type_support.cpp.o\x1b[0m\n'}
[69.296206] (-) TimerEvent: {}
[69.397263] (-) TimerEvent: {}
[69.434273] (gazebo_msgs) StdoutLine: {'line': b'[ 22%] \x1b[32mBuilding CXX object CMakeFiles/gazebo_msgs__rosidl_typesupport_c.dir/rosidl_typesupport_c/gazebo_msgs/msg/wheel_slip__type_support.cpp.o\x1b[0m\n'}
[69.497524] (-) TimerEvent: {}
[69.598499] (-) TimerEvent: {}
[69.660214] (gazebo_msgs) StdoutLine: {'line': b'[ 22%] \x1b[32mBuilding CXX object CMakeFiles/gazebo_msgs__rosidl_typesupport_c.dir/rosidl_typesupport_c/gazebo_msgs/msg/world_state__type_support.cpp.o\x1b[0m\n'}
[69.698752] (-) TimerEvent: {}
[69.799781] (-) TimerEvent: {}
[69.884326] (gazebo_msgs) StdoutLine: {'line': b'[ 22%] \x1b[32mBuilding CXX object CMakeFiles/gazebo_msgs__rosidl_typesupport_c.dir/rosidl_typesupport_c/gazebo_msgs/srv/apply_body_wrench__type_support.cpp.o\x1b[0m\n'}
[69.900034] (-) TimerEvent: {}
[70.001778] (-) TimerEvent: {}
[70.102731] (-) TimerEvent: {}
[70.117293] (gazebo_msgs) StdoutLine: {'line': b'[ 23%] \x1b[32mBuilding CXX object CMakeFiles/gazebo_msgs__rosidl_typesupport_c.dir/rosidl_typesupport_c/gazebo_msgs/srv/apply_link_wrench__type_support.cpp.o\x1b[0m\n'}
[70.203017] (-) TimerEvent: {}
[70.304016] (-) TimerEvent: {}
[70.366601] (gazebo_msgs) StdoutLine: {'line': b'[ 23%] \x1b[32mBuilding CXX object CMakeFiles/gazebo_msgs__rosidl_typesupport_c.dir/rosidl_typesupport_c/gazebo_msgs/srv/apply_joint_effort__type_support.cpp.o\x1b[0m\n'}
[70.404347] (-) TimerEvent: {}
[70.500506] (gazebo_msgs) StdoutLine: {'line': b'[ 23%] \x1b[32mBuilding CXX object CMakeFiles/gazebo_msgs__rosidl_typesupport_cpp.dir/rosidl_typesupport_cpp/gazebo_msgs/msg/model_state__type_support.cpp.o\x1b[0m\n'}
[70.504507] (-) TimerEvent: {}
[70.605424] (-) TimerEvent: {}
[70.620189] (gazebo_msgs) StdoutLine: {'line': b'[ 23%] \x1b[32mBuilding CXX object CMakeFiles/gazebo_msgs__rosidl_typesupport_c.dir/rosidl_typesupport_c/gazebo_msgs/srv/body_request__type_support.cpp.o\x1b[0m\n'}
[70.705722] (-) TimerEvent: {}
[70.807131] (-) TimerEvent: {}
[70.862950] (gazebo_msgs) StdoutLine: {'line': b'[ 23%] \x1b[32mBuilding CXX object CMakeFiles/gazebo_msgs__rosidl_typesupport_c.dir/rosidl_typesupport_c/gazebo_msgs/srv/delete_entity__type_support.cpp.o\x1b[0m\n'}
[70.867318] (gazebo_msgs) StdoutLine: {'line': b'[ 23%] \x1b[32mBuilding CXX object CMakeFiles/gazebo_msgs__rosidl_typesupport_introspection_cpp.dir/rosidl_typesupport_introspection_cpp/gazebo_msgs/msg/detail/entity_state__type_support.cpp.o\x1b[0m\n'}
[70.907398] (-) TimerEvent: {}
[71.008391] (-) TimerEvent: {}
[71.101074] (gazebo_msgs) StdoutLine: {'line': b'[ 24%] \x1b[32mBuilding CXX object CMakeFiles/gazebo_msgs__rosidl_typesupport_c.dir/rosidl_typesupport_c/gazebo_msgs/srv/delete_light__type_support.cpp.o\x1b[0m\n'}
[71.108584] (-) TimerEvent: {}
[71.209513] (-) TimerEvent: {}
[71.310504] (-) TimerEvent: {}
[71.345444] (gazebo_msgs) StdoutLine: {'line': b'[ 24%] \x1b[32mBuilding CXX object CMakeFiles/gazebo_msgs__rosidl_typesupport_c.dir/rosidl_typesupport_c/gazebo_msgs/srv/delete_model__type_support.cpp.o\x1b[0m\n'}
[71.410168] (gazebo_msgs) StdoutLine: {'line': b'[ 24%] \x1b[32mBuilding CXX object CMakeFiles/gazebo_msgs__rosidl_typesupport_fastrtps_cpp.dir/rosidl_typesupport_fastrtps_cpp/gazebo_msgs/msg/detail/dds_fastrtps/contacts_state__type_support.cpp.o\x1b[0m\n'}
[71.410932] (-) TimerEvent: {}
[71.511648] (-) TimerEvent: {}
[71.581066] (gazebo_msgs) StdoutLine: {'line': b'[ 24%] \x1b[32mBuilding CXX object CMakeFiles/gazebo_msgs__rosidl_typesupport_c.dir/rosidl_typesupport_c/gazebo_msgs/srv/get_joint_properties__type_support.cpp.o\x1b[0m\n'}
[71.611915] (-) TimerEvent: {}
[71.712941] (-) TimerEvent: {}
[71.807034] (gazebo_msgs) StdoutLine: {'line': b'[ 25%] \x1b[32mBuilding CXX object CMakeFiles/gazebo_msgs__rosidl_typesupport_c.dir/rosidl_typesupport_c/gazebo_msgs/srv/get_entity_state__type_support.cpp.o\x1b[0m\n'}
[71.813213] (-) TimerEvent: {}
[71.914138] (-) TimerEvent: {}
[72.015110] (-) TimerEvent: {}
[72.048885] (gazebo_msgs) StdoutLine: {'line': b'[ 25%] \x1b[32mBuilding CXX object CMakeFiles/gazebo_msgs__rosidl_typesupport_c.dir/rosidl_typesupport_c/gazebo_msgs/srv/get_light_properties__type_support.cpp.o\x1b[0m\n'}
[72.115350] (-) TimerEvent: {}
[72.216516] (-) TimerEvent: {}
[72.272381] (gazebo_msgs) StdoutLine: {'line': b'[ 25%] \x1b[32mBuilding CXX object CMakeFiles/gazebo_msgs__rosidl_typesupport_c.dir/rosidl_typesupport_c/gazebo_msgs/srv/get_link_properties__type_support.cpp.o\x1b[0m\n'}
[72.317830] (-) TimerEvent: {}
[72.418951] (-) TimerEvent: {}
[72.494365] (gazebo_msgs) StdoutLine: {'line': b'[ 25%] \x1b[32mBuilding CXX object CMakeFiles/gazebo_msgs__rosidl_typesupport_cpp.dir/rosidl_typesupport_cpp/gazebo_msgs/msg/model_states__type_support.cpp.o\x1b[0m\n'}
[72.503243] (gazebo_msgs) StdoutLine: {'line': b'[ 25%] \x1b[32mBuilding CXX object CMakeFiles/gazebo_msgs__rosidl_typesupport_c.dir/rosidl_typesupport_c/gazebo_msgs/srv/get_link_state__type_support.cpp.o\x1b[0m\n'}
[72.519240] (-) TimerEvent: {}
[72.620391] (-) TimerEvent: {}
[72.728565] (-) TimerEvent: {}
[72.836634] (-) TimerEvent: {}
[72.871337] (gazebo_msgs) StdoutLine: {'line': b'[ 26%] \x1b[32mBuilding CXX object CMakeFiles/gazebo_msgs__rosidl_typesupport_c.dir/rosidl_typesupport_c/gazebo_msgs/srv/get_model_list__type_support.cpp.o\x1b[0m\n'}
[72.936859] (-) TimerEvent: {}
[73.037871] (-) TimerEvent: {}
[73.138893] (-) TimerEvent: {}
[73.147360] (gazebo_msgs) StdoutLine: {'line': b'[ 26%] \x1b[32mBuilding CXX object CMakeFiles/gazebo_msgs__rosidl_typesupport_c.dir/rosidl_typesupport_c/gazebo_msgs/srv/get_model_properties__type_support.cpp.o\x1b[0m\n'}
[73.239159] (-) TimerEvent: {}
[73.340833] (-) TimerEvent: {}
[73.402851] (gazebo_msgs) StdoutLine: {'line': b'[ 26%] \x1b[32mBuilding CXX object CMakeFiles/gazebo_msgs__rosidl_typesupport_c.dir/rosidl_typesupport_c/gazebo_msgs/srv/get_model_state__type_support.cpp.o\x1b[0m\n'}
[73.404435] (gazebo_msgs) StdoutLine: {'line': b'[ 27%] \x1b[32mBuilding CXX object CMakeFiles/gazebo_msgs__rosidl_typesupport_introspection_cpp.dir/rosidl_typesupport_introspection_cpp/gazebo_msgs/msg/detail/link_state__type_support.cpp.o\x1b[0m\n'}
[73.442164] (-) TimerEvent: {}
[73.506363] (gazebo_msgs) StdoutLine: {'line': b'[ 27%] \x1b[32mBuilding C object CMakeFiles/gazebo_msgs__rosidl_typesupport_introspection_c.dir/rosidl_typesupport_introspection_c/gazebo_msgs/msg/detail/contact_state__type_support.c.o\x1b[0m\n'}
[73.542389] (-) TimerEvent: {}
[73.643456] (-) TimerEvent: {}
[73.656454] (gazebo_msgs) StdoutLine: {'line': b'[ 27%] \x1b[32mBuilding CXX object CMakeFiles/gazebo_msgs__rosidl_typesupport_c.dir/rosidl_typesupport_c/gazebo_msgs/srv/get_physics_properties__type_support.cpp.o\x1b[0m\n'}
[73.743721] (-) TimerEvent: {}
[73.845155] (-) TimerEvent: {}
[73.890820] (gazebo_msgs) StdoutLine: {'line': b'[ 28%] \x1b[32mBuilding CXX object CMakeFiles/gazebo_msgs__rosidl_typesupport_c.dir/rosidl_typesupport_c/gazebo_msgs/srv/get_world_properties__type_support.cpp.o\x1b[0m\n'}
[73.905367] (gazebo_msgs) StdoutLine: {'line': b'[ 28%] \x1b[32mBuilding C object CMakeFiles/gazebo_msgs__rosidl_typesupport_introspection_c.dir/rosidl_typesupport_introspection_c/gazebo_msgs/msg/detail/contacts_state__type_support.c.o\x1b[0m\n'}
[73.945404] (-) TimerEvent: {}
[74.046448] (-) TimerEvent: {}
[74.125384] (gazebo_msgs) StdoutLine: {'line': b'[ 28%] \x1b[32mBuilding CXX object CMakeFiles/gazebo_msgs__rosidl_typesupport_c.dir/rosidl_typesupport_c/gazebo_msgs/srv/joint_request__type_support.cpp.o\x1b[0m\n'}
[74.146705] (-) TimerEvent: {}
[74.222414] (gazebo_msgs) StdoutLine: {'line': b'[ 29%] \x1b[32mBuilding C object CMakeFiles/gazebo_msgs__rosidl_typesupport_introspection_c.dir/rosidl_typesupport_introspection_c/gazebo_msgs/msg/detail/entity_state__type_support.c.o\x1b[0m\n'}
[74.246968] (-) TimerEvent: {}
[74.305286] (gazebo_msgs) StdoutLine: {'line': b'[ 30%] \x1b[32mBuilding CXX object CMakeFiles/gazebo_msgs__rosidl_typesupport_cpp.dir/rosidl_typesupport_cpp/gazebo_msgs/msg/ode_joint_properties__type_support.cpp.o\x1b[0m\n'}
[74.347246] (-) TimerEvent: {}
[74.386748] (gazebo_msgs) StdoutLine: {'line': b'[ 30%] \x1b[32mBuilding CXX object CMakeFiles/gazebo_msgs__rosidl_typesupport_c.dir/rosidl_typesupport_c/gazebo_msgs/srv/link_request__type_support.cpp.o\x1b[0m\n'}
[74.447517] (-) TimerEvent: {}
[74.515924] (gazebo_msgs) StdoutLine: {'line': b'[ 30%] \x1b[32mBuilding C object CMakeFiles/gazebo_msgs__rosidl_typesupport_introspection_c.dir/rosidl_typesupport_introspection_c/gazebo_msgs/msg/detail/link_state__type_support.c.o\x1b[0m\n'}
[74.547825] (-) TimerEvent: {}
[74.571014] (gazebo_msgs) StdoutLine: {'line': b'[ 30%] \x1b[32mBuilding CXX object CMakeFiles/gazebo_msgs__rosidl_typesupport_fastrtps_c.dir/rosidl_typesupport_fastrtps_c/gazebo_msgs/msg/detail/contact_state__type_support_c.cpp.o\x1b[0m\n'}
[74.618818] (gazebo_msgs) StdoutLine: {'line': b'[ 31%] \x1b[32mBuilding CXX object CMakeFiles/gazebo_msgs__rosidl_typesupport_c.dir/rosidl_typesupport_c/gazebo_msgs/srv/set_entity_state__type_support.cpp.o\x1b[0m\n'}
[74.648093] (-) TimerEvent: {}
[74.749183] (-) TimerEvent: {}
[74.809891] (gazebo_msgs) StdoutLine: {'line': b'[ 31%] \x1b[32mBuilding C object CMakeFiles/gazebo_msgs__rosidl_typesupport_introspection_c.dir/rosidl_typesupport_introspection_c/gazebo_msgs/msg/detail/link_states__type_support.c.o\x1b[0m\n'}
[74.815316] (gazebo_msgs) StdoutLine: {'line': b'[ 31%] \x1b[32mBuilding CXX object CMakeFiles/gazebo_msgs__rosidl_typesupport_fastrtps_cpp.dir/rosidl_typesupport_fastrtps_cpp/gazebo_msgs/msg/detail/dds_fastrtps/entity_state__type_support.cpp.o\x1b[0m\n'}
[74.849431] (-) TimerEvent: {}
[74.864116] (gazebo_msgs) StdoutLine: {'line': b'[ 31%] \x1b[32mBuilding CXX object CMakeFiles/gazebo_msgs__rosidl_typesupport_c.dir/rosidl_typesupport_c/gazebo_msgs/srv/set_joint_properties__type_support.cpp.o\x1b[0m\n'}
[74.949704] (-) TimerEvent: {}
[75.050682] (-) TimerEvent: {}
[75.086523] (gazebo_msgs) StdoutLine: {'line': b'[ 31%] \x1b[32mBuilding CXX object CMakeFiles/gazebo_msgs__rosidl_typesupport_c.dir/rosidl_typesupport_c/gazebo_msgs/srv/set_joint_trajectory__type_support.cpp.o\x1b[0m\n'}
[75.151007] (-) TimerEvent: {}
[75.174484] (gazebo_msgs) StdoutLine: {'line': b'[ 31%] \x1b[32mBuilding C object CMakeFiles/gazebo_msgs__rosidl_typesupport_introspection_c.dir/rosidl_typesupport_introspection_c/gazebo_msgs/msg/detail/model_state__type_support.c.o\x1b[0m\n'}
[75.251248] (-) TimerEvent: {}
[75.325840] (gazebo_msgs) StdoutLine: {'line': b'[ 31%] \x1b[32mBuilding CXX object CMakeFiles/gazebo_msgs__rosidl_typesupport_c.dir/rosidl_typesupport_c/gazebo_msgs/srv/set_light_properties__type_support.cpp.o\x1b[0m\n'}
[75.351526] (-) TimerEvent: {}
[75.452515] (-) TimerEvent: {}
[75.481187] (gazebo_msgs) StdoutLine: {'line': b'[ 32%] \x1b[32mBuilding C object CMakeFiles/gazebo_msgs__rosidl_typesupport_introspection_c.dir/rosidl_typesupport_introspection_c/gazebo_msgs/msg/detail/model_states__type_support.c.o\x1b[0m\n'}
[75.552767] (-) TimerEvent: {}
[75.558987] (gazebo_msgs) StdoutLine: {'line': b'[ 33%] \x1b[32mBuilding CXX object CMakeFiles/gazebo_msgs__rosidl_typesupport_c.dir/rosidl_typesupport_c/gazebo_msgs/srv/set_link_properties__type_support.cpp.o\x1b[0m\n'}
[75.653007] (-) TimerEvent: {}
[75.754011] (-) TimerEvent: {}
[75.803627] (gazebo_msgs) StdoutLine: {'line': b'[ 33%] \x1b[32mBuilding CXX object CMakeFiles/gazebo_msgs__rosidl_typesupport_c.dir/rosidl_typesupport_c/gazebo_msgs/srv/set_link_state__type_support.cpp.o\x1b[0m\n'}
[75.854290] (-) TimerEvent: {}
[75.898195] (gazebo_msgs) StdoutLine: {'line': b'[ 33%] \x1b[32mBuilding C object CMakeFiles/gazebo_msgs__rosidl_typesupport_introspection_c.dir/rosidl_typesupport_introspection_c/gazebo_msgs/msg/detail/ode_joint_properties__type_support.c.o\x1b[0m\n'}
[75.951882] (gazebo_msgs) StdoutLine: {'line': b'[ 33%] \x1b[32mBuilding CXX object CMakeFiles/gazebo_msgs__rosidl_typesupport_introspection_cpp.dir/rosidl_typesupport_introspection_cpp/gazebo_msgs/msg/detail/link_states__type_support.cpp.o\x1b[0m\n'}
[75.955719] (-) TimerEvent: {}
[76.034850] (gazebo_msgs) StdoutLine: {'line': b'[ 33%] \x1b[32mBuilding CXX object CMakeFiles/gazebo_msgs__rosidl_typesupport_cpp.dir/rosidl_typesupport_cpp/gazebo_msgs/msg/ode_physics__type_support.cpp.o\x1b[0m\n'}
[76.056001] (-) TimerEvent: {}
[76.098511] (gazebo_msgs) StdoutLine: {'line': b'[ 33%] \x1b[32mBuilding CXX object CMakeFiles/gazebo_msgs__rosidl_typesupport_c.dir/rosidl_typesupport_c/gazebo_msgs/srv/set_model_configuration__type_support.cpp.o\x1b[0m\n'}
[76.156505] (-) TimerEvent: {}
[76.260043] (-) TimerEvent: {}
[76.357771] (gazebo_msgs) StdoutLine: {'line': b'[ 33%] \x1b[32mBuilding C object CMakeFiles/gazebo_msgs__rosidl_typesupport_introspection_c.dir/rosidl_typesupport_introspection_c/gazebo_msgs/msg/detail/ode_physics__type_support.c.o\x1b[0m\n'}
[76.360480] (-) TimerEvent: {}
[76.370320] (gazebo_msgs) StdoutLine: {'line': b'[ 33%] \x1b[32mBuilding CXX object CMakeFiles/gazebo_msgs__rosidl_typesupport_c.dir/rosidl_typesupport_c/gazebo_msgs/srv/set_model_state__type_support.cpp.o\x1b[0m\n'}
[76.460723] (-) TimerEvent: {}
[76.561644] (-) TimerEvent: {}
[76.624306] (gazebo_msgs) StdoutLine: {'line': b'[ 33%] \x1b[32mBuilding C object CMakeFiles/gazebo_msgs__rosidl_typesupport_introspection_c.dir/rosidl_typesupport_introspection_c/gazebo_msgs/msg/detail/performance_metrics__type_support.c.o\x1b[0m\n'}
[76.634618] (gazebo_msgs) StdoutLine: {'line': b'[ 34%] \x1b[32mBuilding CXX object CMakeFiles/gazebo_msgs__rosidl_typesupport_c.dir/rosidl_typesupport_c/gazebo_msgs/srv/set_physics_properties__type_support.cpp.o\x1b[0m\n'}
[76.661879] (-) TimerEvent: {}
[76.762933] (-) TimerEvent: {}
[76.864005] (-) TimerEvent: {}
[76.879923] (gazebo_msgs) StdoutLine: {'line': b'[ 34%] \x1b[32mBuilding CXX object CMakeFiles/gazebo_msgs__rosidl_typesupport_c.dir/rosidl_typesupport_c/gazebo_msgs/srv/spawn_entity__type_support.cpp.o\x1b[0m\n'}
[76.936673] (gazebo_msgs) StdoutLine: {'line': b'[ 35%] \x1b[32mBuilding C object CMakeFiles/gazebo_msgs__rosidl_typesupport_introspection_c.dir/rosidl_typesupport_introspection_c/gazebo_msgs/msg/detail/sensor_performance_metric__type_support.c.o\x1b[0m\n'}
[76.964370] (-) TimerEvent: {}
[76.965790] (gazebo_msgs) StdoutLine: {'line': b'[ 35%] \x1b[32mBuilding CXX object CMakeFiles/gazebo_msgs__rosidl_typesupport_fastrtps_c.dir/rosidl_typesupport_fastrtps_c/gazebo_msgs/msg/detail/contacts_state__type_support_c.cpp.o\x1b[0m\n'}
[77.064592] (-) TimerEvent: {}
[77.150683] (gazebo_msgs) StdoutLine: {'line': b'[ 35%] \x1b[32mBuilding CXX object CMakeFiles/gazebo_msgs__rosidl_typesupport_c.dir/rosidl_typesupport_c/gazebo_msgs/srv/spawn_model__type_support.cpp.o\x1b[0m\n'}
[77.164835] (-) TimerEvent: {}
[77.208724] (gazebo_msgs) StdoutLine: {'line': b'[ 35%] \x1b[32mBuilding C object CMakeFiles/gazebo_msgs__rosidl_typesupport_introspection_c.dir/rosidl_typesupport_introspection_c/gazebo_msgs/msg/detail/wheel_slip__type_support.c.o\x1b[0m\n'}
[77.265098] (-) TimerEvent: {}
[77.365970] (-) TimerEvent: {}
[77.400457] (gazebo_msgs) StdoutLine: {'line': b'[ 36%] \x1b[32mBuilding CXX object CMakeFiles/gazebo_msgs__rosidl_typesupport_fastrtps_cpp.dir/rosidl_typesupport_fastrtps_cpp/gazebo_msgs/msg/detail/dds_fastrtps/link_state__type_support.cpp.o\x1b[0m\n'}
[77.410289] (gazebo_msgs) StdoutLine: {'line': b'[ 37%] \x1b[32m\x1b[1mLinking CXX shared library libgazebo_msgs__rosidl_typesupport_c.so\x1b[0m\n'}
[77.466257] (-) TimerEvent: {}
[77.527387] (gazebo_msgs) StdoutLine: {'line': b'[ 37%] \x1b[32mBuilding C object CMakeFiles/gazebo_msgs__rosidl_typesupport_introspection_c.dir/rosidl_typesupport_introspection_c/gazebo_msgs/msg/detail/world_state__type_support.c.o\x1b[0m\n'}
[77.566533] (-) TimerEvent: {}
[77.668857] (-) TimerEvent: {}
[77.765224] (gazebo_msgs) StdoutLine: {'line': b'[ 37%] Built target gazebo_msgs__rosidl_typesupport_c\n'}
[77.769155] (-) TimerEvent: {}
[77.823284] (gazebo_msgs) StdoutLine: {'line': b'[ 38%] \x1b[32mBuilding C object CMakeFiles/gazebo_msgs__rosidl_typesupport_introspection_c.dir/rosidl_typesupport_introspection_c/gazebo_msgs/srv/detail/apply_body_wrench__type_support.c.o\x1b[0m\n'}
[77.869439] (-) TimerEvent: {}
[77.874009] (gazebo_msgs) StdoutLine: {'line': b'[ 38%] \x1b[32mBuilding CXX object CMakeFiles/gazebo_msgs__rosidl_typesupport_cpp.dir/rosidl_typesupport_cpp/gazebo_msgs/msg/performance_metrics__type_support.cpp.o\x1b[0m\n'}
[77.892340] (gazebo_msgs) StdoutLine: {'line': b'[ 38%] \x1b[32mBuilding CXX object CMakeFiles/gazebo_msgs__rosidl_typesupport_fastrtps_c.dir/rosidl_typesupport_fastrtps_c/gazebo_msgs/msg/detail/entity_state__type_support_c.cpp.o\x1b[0m\n'}
[77.969702] (-) TimerEvent: {}
[78.070704] (-) TimerEvent: {}
[78.137648] (gazebo_msgs) StdoutLine: {'line': b'[ 38%] \x1b[32mBuilding C object CMakeFiles/gazebo_msgs__rosidl_typesupport_introspection_c.dir/rosidl_typesupport_introspection_c/gazebo_msgs/srv/detail/apply_link_wrench__type_support.c.o\x1b[0m\n'}
[78.170955] (-) TimerEvent: {}
[78.271947] (-) TimerEvent: {}
[78.373076] (-) TimerEvent: {}
[78.467221] (gazebo_msgs) StdoutLine: {'line': b'[ 38%] \x1b[32mBuilding C object CMakeFiles/gazebo_msgs__rosidl_typesupport_introspection_c.dir/rosidl_typesupport_introspection_c/gazebo_msgs/srv/detail/apply_joint_effort__type_support.c.o\x1b[0m\n'}
[78.473339] (-) TimerEvent: {}
[78.574271] (-) TimerEvent: {}
[78.675342] (-) TimerEvent: {}
[78.753317] (gazebo_msgs) StdoutLine: {'line': b'[ 38%] \x1b[32mBuilding C object CMakeFiles/gazebo_msgs__rosidl_typesupport_introspection_c.dir/rosidl_typesupport_introspection_c/gazebo_msgs/srv/detail/body_request__type_support.c.o\x1b[0m\n'}
[78.775590] (-) TimerEvent: {}
[78.876672] (-) TimerEvent: {}
[78.977716] (-) TimerEvent: {}
[79.032735] (gazebo_msgs) StdoutLine: {'line': b'[ 39%] \x1b[32mBuilding C object CMakeFiles/gazebo_msgs__rosidl_typesupport_introspection_c.dir/rosidl_typesupport_introspection_c/gazebo_msgs/srv/detail/delete_entity__type_support.c.o\x1b[0m\n'}
[79.077998] (-) TimerEvent: {}
[79.113356] (gazebo_msgs) StdoutLine: {'line': b'[ 39%] \x1b[32mBuilding CXX object CMakeFiles/gazebo_msgs__rosidl_typesupport_introspection_cpp.dir/rosidl_typesupport_introspection_cpp/gazebo_msgs/msg/detail/model_state__type_support.cpp.o\x1b[0m\n'}
[79.178281] (-) TimerEvent: {}
[79.228061] (gazebo_msgs) StdoutLine: {'line': b'[ 40%] \x1b[32mBuilding CXX object CMakeFiles/gazebo_msgs__rosidl_typesupport_fastrtps_c.dir/rosidl_typesupport_fastrtps_c/gazebo_msgs/msg/detail/link_state__type_support_c.cpp.o\x1b[0m\n'}
[79.278563] (-) TimerEvent: {}
[79.315766] (gazebo_msgs) StdoutLine: {'line': b'[ 40%] \x1b[32mBuilding C object CMakeFiles/gazebo_msgs__rosidl_typesupport_introspection_c.dir/rosidl_typesupport_introspection_c/gazebo_msgs/srv/detail/delete_light__type_support.c.o\x1b[0m\n'}
[79.378819] (-) TimerEvent: {}
[79.479773] (-) TimerEvent: {}
[79.580791] (-) TimerEvent: {}
[79.583759] (gazebo_msgs) StdoutLine: {'line': b'[ 40%] \x1b[32mBuilding C object CMakeFiles/gazebo_msgs__rosidl_typesupport_introspection_c.dir/rosidl_typesupport_introspection_c/gazebo_msgs/srv/detail/delete_model__type_support.c.o\x1b[0m\n'}
[79.681024] (-) TimerEvent: {}
[79.722067] (gazebo_msgs) StdoutLine: {'line': b'[ 40%] \x1b[32mBuilding CXX object CMakeFiles/gazebo_msgs__rosidl_typesupport_cpp.dir/rosidl_typesupport_cpp/gazebo_msgs/msg/sensor_performance_metric__type_support.cpp.o\x1b[0m\n'}
[79.781285] (-) TimerEvent: {}
[79.876599] (gazebo_msgs) StdoutLine: {'line': b'[ 40%] \x1b[32mBuilding C object CMakeFiles/gazebo_msgs__rosidl_typesupport_introspection_c.dir/rosidl_typesupport_introspection_c/gazebo_msgs/srv/detail/get_joint_properties__type_support.c.o\x1b[0m\n'}
[79.881522] (-) TimerEvent: {}
[79.982508] (-) TimerEvent: {}
[80.018574] (gazebo_msgs) StdoutLine: {'line': b'[ 40%] \x1b[32mBuilding CXX object CMakeFiles/gazebo_msgs__rosidl_typesupport_fastrtps_cpp.dir/rosidl_typesupport_fastrtps_cpp/gazebo_msgs/msg/detail/dds_fastrtps/link_states__type_support.cpp.o\x1b[0m\n'}
[80.082771] (-) TimerEvent: {}
[80.183866] (-) TimerEvent: {}
[80.211516] (gazebo_msgs) StdoutLine: {'line': b'[ 41%] \x1b[32mBuilding C object CMakeFiles/gazebo_msgs__rosidl_typesupport_introspection_c.dir/rosidl_typesupport_introspection_c/gazebo_msgs/srv/detail/get_entity_state__type_support.c.o\x1b[0m\n'}
[80.284186] (-) TimerEvent: {}
[80.357290] (gazebo_msgs) StdoutLine: {'line': b'[ 41%] \x1b[32mBuilding CXX object CMakeFiles/gazebo_msgs__rosidl_typesupport_fastrtps_c.dir/rosidl_typesupport_fastrtps_c/gazebo_msgs/msg/detail/link_states__type_support_c.cpp.o\x1b[0m\n'}
[80.384530] (-) TimerEvent: {}
[80.485758] (-) TimerEvent: {}
[80.535009] (gazebo_msgs) StdoutLine: {'line': b'[ 41%] \x1b[32mBuilding C object CMakeFiles/gazebo_msgs__rosidl_typesupport_introspection_c.dir/rosidl_typesupport_introspection_c/gazebo_msgs/srv/detail/get_light_properties__type_support.c.o\x1b[0m\n'}
[80.586042] (-) TimerEvent: {}
[80.687056] (-) TimerEvent: {}
[80.788075] (-) TimerEvent: {}
[80.872412] (gazebo_msgs) StdoutLine: {'line': b'[ 41%] \x1b[32mBuilding C object CMakeFiles/gazebo_msgs__rosidl_typesupport_introspection_c.dir/rosidl_typesupport_introspection_c/gazebo_msgs/srv/detail/get_link_properties__type_support.c.o\x1b[0m\n'}
[80.888447] (-) TimerEvent: {}
[80.989474] (-) TimerEvent: {}
[81.090540] (-) TimerEvent: {}
[81.191610] (-) TimerEvent: {}
[81.214293] (gazebo_msgs) StdoutLine: {'line': b'[ 42%] \x1b[32mBuilding C object CMakeFiles/gazebo_msgs__rosidl_typesupport_introspection_c.dir/rosidl_typesupport_introspection_c/gazebo_msgs/srv/detail/get_link_state__type_support.c.o\x1b[0m\n'}
[81.291940] (-) TimerEvent: {}
[81.393084] (-) TimerEvent: {}
[81.494014] (-) TimerEvent: {}
[81.547367] (gazebo_msgs) StdoutLine: {'line': b'[ 42%] \x1b[32mBuilding C object CMakeFiles/gazebo_msgs__rosidl_typesupport_introspection_c.dir/rosidl_typesupport_introspection_c/gazebo_msgs/srv/detail/get_model_list__type_support.c.o\x1b[0m\n'}
[81.567968] (gazebo_msgs) StdoutLine: {'line': b'[ 43%] \x1b[32mBuilding CXX object CMakeFiles/gazebo_msgs__rosidl_typesupport_cpp.dir/rosidl_typesupport_cpp/gazebo_msgs/msg/wheel_slip__type_support.cpp.o\x1b[0m\n'}
[81.594303] (-) TimerEvent: {}
[81.625522] (gazebo_msgs) StdoutLine: {'line': b'[ 43%] \x1b[32mBuilding CXX object CMakeFiles/gazebo_msgs__rosidl_typesupport_fastrtps_c.dir/rosidl_typesupport_fastrtps_c/gazebo_msgs/msg/detail/model_state__type_support_c.cpp.o\x1b[0m\n'}
[81.627862] (gazebo_msgs) StdoutLine: {'line': b'[ 43%] \x1b[32mBuilding CXX object CMakeFiles/gazebo_msgs__rosidl_typesupport_introspection_cpp.dir/rosidl_typesupport_introspection_cpp/gazebo_msgs/msg/detail/model_states__type_support.cpp.o\x1b[0m\n'}
[81.694584] (-) TimerEvent: {}
[81.796774] (-) TimerEvent: {}
[81.851358] (gazebo_msgs) StdoutLine: {'line': b'[ 43%] \x1b[32mBuilding C object CMakeFiles/gazebo_msgs__rosidl_typesupport_introspection_c.dir/rosidl_typesupport_introspection_c/gazebo_msgs/srv/detail/get_model_properties__type_support.c.o\x1b[0m\n'}
[81.897055] (-) TimerEvent: {}
[81.999316] (-) TimerEvent: {}
[82.100336] (-) TimerEvent: {}
[82.191518] (gazebo_msgs) StdoutLine: {'line': b'[ 43%] \x1b[32mBuilding C object CMakeFiles/gazebo_msgs__rosidl_typesupport_introspection_c.dir/rosidl_typesupport_introspection_c/gazebo_msgs/srv/detail/get_model_state__type_support.c.o\x1b[0m\n'}
[82.200579] (-) TimerEvent: {}
[82.301561] (-) TimerEvent: {}
[82.402603] (-) TimerEvent: {}
[82.503645] (-) TimerEvent: {}
[82.542113] (gazebo_msgs) StdoutLine: {'line': b'[ 44%] \x1b[32mBuilding C object CMakeFiles/gazebo_msgs__rosidl_typesupport_introspection_c.dir/rosidl_typesupport_introspection_c/gazebo_msgs/srv/detail/get_physics_properties__type_support.c.o\x1b[0m\n'}
[82.603934] (-) TimerEvent: {}
[82.679047] (gazebo_msgs) StdoutLine: {'line': b'[ 45%] \x1b[32mBuilding CXX object CMakeFiles/gazebo_msgs__rosidl_typesupport_fastrtps_c.dir/rosidl_typesupport_fastrtps_c/gazebo_msgs/msg/detail/model_states__type_support_c.cpp.o\x1b[0m\n'}
[82.704284] (-) TimerEvent: {}
[82.805834] (-) TimerEvent: {}
[82.864123] (gazebo_msgs) StdoutLine: {'line': b'[ 45%] \x1b[32mBuilding C object CMakeFiles/gazebo_msgs__rosidl_typesupport_introspection_c.dir/rosidl_typesupport_introspection_c/gazebo_msgs/srv/detail/get_world_properties__type_support.c.o\x1b[0m\n'}
[82.906132] (-) TimerEvent: {}
[83.007061] (-) TimerEvent: {}
[83.107988] (-) TimerEvent: {}
[83.173190] (gazebo_msgs) StdoutLine: {'line': b'[ 45%] \x1b[32mBuilding C object CMakeFiles/gazebo_msgs__rosidl_typesupport_introspection_c.dir/rosidl_typesupport_introspection_c/gazebo_msgs/srv/detail/joint_request__type_support.c.o\x1b[0m\n'}
[83.208306] (-) TimerEvent: {}
[83.309225] (-) TimerEvent: {}
[83.410186] (-) TimerEvent: {}
[83.445849] (gazebo_msgs) StdoutLine: {'line': b'[ 45%] \x1b[32mBuilding CXX object CMakeFiles/gazebo_msgs__rosidl_typesupport_cpp.dir/rosidl_typesupport_cpp/gazebo_msgs/msg/world_state__type_support.cpp.o\x1b[0m\n'}
[83.451042] (gazebo_msgs) StdoutLine: {'line': b'[ 45%] \x1b[32mBuilding C object CMakeFiles/gazebo_msgs__rosidl_typesupport_introspection_c.dir/rosidl_typesupport_introspection_c/gazebo_msgs/srv/detail/link_request__type_support.c.o\x1b[0m\n'}
[83.489163] (gazebo_msgs) StdoutLine: {'line': b'[ 45%] \x1b[32mBuilding CXX object CMakeFiles/gazebo_msgs__rosidl_typesupport_fastrtps_cpp.dir/rosidl_typesupport_fastrtps_cpp/gazebo_msgs/msg/detail/dds_fastrtps/model_state__type_support.cpp.o\x1b[0m\n'}
[83.510464] (-) TimerEvent: {}
[83.611402] (-) TimerEvent: {}
[83.712367] (-) TimerEvent: {}
[83.753523] (gazebo_msgs) StdoutLine: {'line': b'[ 46%] \x1b[32mBuilding C object CMakeFiles/gazebo_msgs__rosidl_typesupport_introspection_c.dir/rosidl_typesupport_introspection_c/gazebo_msgs/srv/detail/set_entity_state__type_support.c.o\x1b[0m\n'}
[83.812640] (-) TimerEvent: {}
[83.913514] (-) TimerEvent: {}
[83.979510] (gazebo_msgs) StdoutLine: {'line': b'[ 46%] \x1b[32mBuilding C object CMakeFiles/gazebo_msgs__rosidl_typesupport_introspection_c.dir/rosidl_typesupport_introspection_c/gazebo_msgs/srv/detail/set_joint_properties__type_support.c.o\x1b[0m\n'}
[84.014586] (-) TimerEvent: {}
[84.057577] (gazebo_msgs) StdoutLine: {'line': b'[ 46%] \x1b[32mBuilding C object CMakeFiles/gazebo_msgs__rosidl_typesupport_introspection_c.dir/rosidl_typesupport_introspection_c/gazebo_msgs/srv/detail/set_joint_trajectory__type_support.c.o\x1b[0m\n'}
[84.114858] (-) TimerEvent: {}
[84.215810] (-) TimerEvent: {}
[84.294756] (gazebo_msgs) StdoutLine: {'line': b'[ 47%] \x1b[32mBuilding C object CMakeFiles/gazebo_msgs__rosidl_typesupport_introspection_c.dir/rosidl_typesupport_introspection_c/gazebo_msgs/srv/detail/set_light_properties__type_support.c.o\x1b[0m\n'}
[84.316076] (-) TimerEvent: {}
[84.367790] (gazebo_msgs) StdoutLine: {'line': b'[ 47%] \x1b[32mBuilding C object CMakeFiles/gazebo_msgs__rosidl_typesupport_introspection_c.dir/rosidl_typesupport_introspection_c/gazebo_msgs/srv/detail/set_link_properties__type_support.c.o\x1b[0m\n'}
[84.419541] (-) TimerEvent: {}
[84.520548] (-) TimerEvent: {}
[84.606293] (gazebo_msgs) StdoutLine: {'line': b'[ 47%] \x1b[32mBuilding C object CMakeFiles/gazebo_msgs__rosidl_typesupport_introspection_c.dir/rosidl_typesupport_introspection_c/gazebo_msgs/srv/detail/set_link_state__type_support.c.o\x1b[0m\n'}
[84.620812] (-) TimerEvent: {}
[84.674036] (gazebo_msgs) StdoutLine: {'line': b'[ 47%] \x1b[32mBuilding C object CMakeFiles/gazebo_msgs__rosidl_typesupport_introspection_c.dir/rosidl_typesupport_introspection_c/gazebo_msgs/srv/detail/set_model_configuration__type_support.c.o\x1b[0m\n'}
[84.721110] (-) TimerEvent: {}
[84.822086] (-) TimerEvent: {}
[84.881299] (gazebo_msgs) StdoutLine: {'line': b'[ 48%] \x1b[32mBuilding CXX object CMakeFiles/gazebo_msgs__rosidl_typesupport_introspection_cpp.dir/rosidl_typesupport_introspection_cpp/gazebo_msgs/msg/detail/ode_joint_properties__type_support.cpp.o\x1b[0m\n'}
[84.904526] (gazebo_msgs) StdoutLine: {'line': b'[ 49%] \x1b[32mBuilding C object CMakeFiles/gazebo_msgs__rosidl_typesupport_introspection_c.dir/rosidl_typesupport_introspection_c/gazebo_msgs/srv/detail/set_model_state__type_support.c.o\x1b[0m\n'}
[84.922372] (-) TimerEvent: {}
[85.011419] (gazebo_msgs) StdoutLine: {'line': b'[ 49%] \x1b[32mBuilding C object CMakeFiles/gazebo_msgs__rosidl_typesupport_introspection_c.dir/rosidl_typesupport_introspection_c/gazebo_msgs/srv/detail/set_physics_properties__type_support.c.o\x1b[0m\n'}
[85.022657] (-) TimerEvent: {}
[85.054674] (gazebo_msgs) StdoutLine: {'line': b'[ 49%] \x1b[32mBuilding CXX object CMakeFiles/gazebo_msgs__rosidl_typesupport_fastrtps_c.dir/rosidl_typesupport_fastrtps_c/gazebo_msgs/msg/detail/ode_joint_properties__type_support_c.cpp.o\x1b[0m\n'}
[85.123004] (-) TimerEvent: {}
[85.204360] (gazebo_msgs) StdoutLine: {'line': b'[ 49%] \x1b[32mBuilding C object CMakeFiles/gazebo_msgs__rosidl_typesupport_introspection_c.dir/rosidl_typesupport_introspection_c/gazebo_msgs/srv/detail/spawn_entity__type_support.c.o\x1b[0m\n'}
[85.223276] (-) TimerEvent: {}
[85.315130] (gazebo_msgs) StdoutLine: {'line': b'[ 49%] \x1b[32mBuilding CXX object CMakeFiles/gazebo_msgs__rosidl_typesupport_fastrtps_c.dir/rosidl_typesupport_fastrtps_c/gazebo_msgs/msg/detail/ode_physics__type_support_c.cpp.o\x1b[0m\n'}
[85.323503] (-) TimerEvent: {}
[85.408375] (gazebo_msgs) StdoutLine: {'line': b'[ 49%] \x1b[32mBuilding CXX object CMakeFiles/gazebo_msgs__rosidl_typesupport_cpp.dir/rosidl_typesupport_cpp/gazebo_msgs/srv/apply_body_wrench__type_support.cpp.o\x1b[0m\n'}
[85.423783] (-) TimerEvent: {}
[85.511304] (gazebo_msgs) StdoutLine: {'line': b'[ 49%] \x1b[32mBuilding C object CMakeFiles/gazebo_msgs__rosidl_typesupport_introspection_c.dir/rosidl_typesupport_introspection_c/gazebo_msgs/srv/detail/spawn_model__type_support.c.o\x1b[0m\n'}
[85.524079] (-) TimerEvent: {}
[85.625066] (-) TimerEvent: {}
[85.726081] (-) TimerEvent: {}
[85.818643] (gazebo_msgs) StdoutLine: {'line': b'[ 50%] \x1b[32m\x1b[1mLinking C shared library libgazebo_msgs__rosidl_typesupport_introspection_c.so\x1b[0m\n'}
[85.826361] (-) TimerEvent: {}
[85.927413] (-) TimerEvent: {}
[86.028362] (-) TimerEvent: {}
[86.129267] (-) TimerEvent: {}
[86.130711] (gazebo_msgs) StdoutLine: {'line': b'[ 50%] \x1b[32mBuilding CXX object CMakeFiles/gazebo_msgs__rosidl_typesupport_fastrtps_cpp.dir/rosidl_typesupport_fastrtps_cpp/gazebo_msgs/msg/detail/dds_fastrtps/model_states__type_support.cpp.o\x1b[0m\n'}
[86.189813] (gazebo_msgs) StdoutLine: {'line': b'[ 50%] Built target gazebo_msgs__rosidl_typesupport_introspection_c\n'}
[86.229525] (-) TimerEvent: {}
[86.242005] (gazebo_msgs) StdoutLine: {'line': b'[ 50%] \x1b[32mBuilding CXX object CMakeFiles/gazebo_msgs__rosidl_typesupport_cpp.dir/rosidl_typesupport_cpp/gazebo_msgs/srv/apply_link_wrench__type_support.cpp.o\x1b[0m\n'}
[86.329811] (-) TimerEvent: {}
[86.430896] (-) TimerEvent: {}
[86.531945] (-) TimerEvent: {}
[86.633091] (-) TimerEvent: {}
[86.734142] (-) TimerEvent: {}
[86.835222] (-) TimerEvent: {}
[86.936472] (-) TimerEvent: {}
[87.037541] (-) TimerEvent: {}
[87.138648] (-) TimerEvent: {}
[87.239685] (-) TimerEvent: {}
[87.340782] (-) TimerEvent: {}
[87.379774] (gazebo_msgs) StdoutLine: {'line': b'[ 50%] \x1b[32mBuilding CXX object CMakeFiles/gazebo_msgs__rosidl_typesupport_fastrtps_c.dir/rosidl_typesupport_fastrtps_c/gazebo_msgs/msg/detail/performance_metrics__type_support_c.cpp.o\x1b[0m\n'}
[87.441056] (-) TimerEvent: {}
[87.542067] (-) TimerEvent: {}
[87.554231] (gazebo_msgs) StdoutLine: {'line': b'[ 51%] \x1b[32mBuilding CXX object CMakeFiles/gazebo_msgs__rosidl_typesupport_cpp.dir/rosidl_typesupport_cpp/gazebo_msgs/srv/apply_joint_effort__type_support.cpp.o\x1b[0m\n'}
[87.556547] (gazebo_msgs) StdoutLine: {'line': b'[ 52%] \x1b[32mBuilding CXX object CMakeFiles/gazebo_msgs__rosidl_typesupport_fastrtps_c.dir/rosidl_typesupport_fastrtps_c/gazebo_msgs/msg/detail/sensor_performance_metric__type_support_c.cpp.o\x1b[0m\n'}
[87.643427] (-) TimerEvent: {}
[87.744481] (-) TimerEvent: {}
[87.769064] (gazebo_msgs) StdoutLine: {'line': b'[ 52%] \x1b[32mBuilding CXX object CMakeFiles/gazebo_msgs__rosidl_typesupport_introspection_cpp.dir/rosidl_typesupport_introspection_cpp/gazebo_msgs/msg/detail/ode_physics__type_support.cpp.o\x1b[0m\n'}
[87.844746] (-) TimerEvent: {}
[87.945681] (-) TimerEvent: {}
[88.046650] (-) TimerEvent: {}
[88.059603] (gazebo_msgs) StdoutLine: {'line': b'[ 52%] \x1b[32mBuilding CXX object CMakeFiles/gazebo_msgs__rosidl_typesupport_introspection_cpp.dir/rosidl_typesupport_introspection_cpp/gazebo_msgs/msg/detail/performance_metrics__type_support.cpp.o\x1b[0m\n'}
[88.146926] (-) TimerEvent: {}
[88.247905] (-) TimerEvent: {}
[88.349051] (-) TimerEvent: {}
[88.450016] (-) TimerEvent: {}
[88.550987] (-) TimerEvent: {}
[88.651997] (-) TimerEvent: {}
[88.753106] (-) TimerEvent: {}
[88.854158] (-) TimerEvent: {}
[88.955111] (-) TimerEvent: {}
[89.056059] (-) TimerEvent: {}
[89.157116] (-) TimerEvent: {}
[89.258086] (-) TimerEvent: {}
[89.359027] (-) TimerEvent: {}
[89.408896] (gazebo_msgs) StdoutLine: {'line': b'[ 52%] \x1b[32mBuilding CXX object CMakeFiles/gazebo_msgs__rosidl_typesupport_cpp.dir/rosidl_typesupport_cpp/gazebo_msgs/srv/body_request__type_support.cpp.o\x1b[0m\n'}
[89.459326] (-) TimerEvent: {}
[89.560925] (-) TimerEvent: {}
[89.627079] (gazebo_msgs) StdoutLine: {'line': b'[ 52%] \x1b[32mBuilding CXX object CMakeFiles/gazebo_msgs__rosidl_typesupport_fastrtps_c.dir/rosidl_typesupport_fastrtps_c/gazebo_msgs/msg/detail/wheel_slip__type_support_c.cpp.o\x1b[0m\n'}
[89.633647] (gazebo_msgs) StdoutLine: {'line': b'[ 53%] \x1b[32mBuilding CXX object CMakeFiles/gazebo_msgs__rosidl_typesupport_fastrtps_cpp.dir/rosidl_typesupport_fastrtps_cpp/gazebo_msgs/msg/detail/dds_fastrtps/ode_joint_properties__type_support.cpp.o\x1b[0m\n'}
[89.661223] (-) TimerEvent: {}
[89.762703] (-) TimerEvent: {}
[89.864333] (-) TimerEvent: {}
[89.965501] (gazebo_msgs) StdoutLine: {'line': b'[ 53%] \x1b[32mBuilding CXX object CMakeFiles/gazebo_msgs__rosidl_typesupport_fastrtps_c.dir/rosidl_typesupport_fastrtps_c/gazebo_msgs/msg/detail/world_state__type_support_c.cpp.o\x1b[0m\n'}
[89.966283] (-) TimerEvent: {}
[90.067602] (-) TimerEvent: {}
[90.169234] (-) TimerEvent: {}
[90.271831] (-) TimerEvent: {}
[90.373532] (-) TimerEvent: {}
[90.398946] (gazebo_msgs) StdoutLine: {'line': b'[ 53%] \x1b[32mBuilding CXX object CMakeFiles/gazebo_msgs__rosidl_typesupport_fastrtps_c.dir/rosidl_typesupport_fastrtps_c/gazebo_msgs/srv/detail/apply_body_wrench__type_support_c.cpp.o\x1b[0m\n'}
[90.473807] (-) TimerEvent: {}
[90.575402] (-) TimerEvent: {}
[90.677134] (-) TimerEvent: {}
[90.778759] (-) TimerEvent: {}
[90.880446] (-) TimerEvent: {}
[90.911573] (gazebo_msgs) StdoutLine: {'line': b'[ 54%] \x1b[32mBuilding CXX object CMakeFiles/gazebo_msgs__rosidl_typesupport_introspection_cpp.dir/rosidl_typesupport_introspection_cpp/gazebo_msgs/msg/detail/sensor_performance_metric__type_support.cpp.o\x1b[0m\n'}
[90.980717] (-) TimerEvent: {}
[91.082320] (-) TimerEvent: {}
[91.145526] (gazebo_msgs) StdoutLine: {'line': b'[ 54%] \x1b[32mBuilding CXX object CMakeFiles/gazebo_msgs__rosidl_typesupport_cpp.dir/rosidl_typesupport_cpp/gazebo_msgs/srv/delete_entity__type_support.cpp.o\x1b[0m\n'}
[91.182590] (-) TimerEvent: {}
[91.284094] (-) TimerEvent: {}
[91.385769] (-) TimerEvent: {}
[91.487369] (-) TimerEvent: {}
[91.589094] (-) TimerEvent: {}
[91.693705] (-) TimerEvent: {}
[91.795308] (-) TimerEvent: {}
[91.900387] (-) TimerEvent: {}
[91.976466] (gazebo_msgs) StdoutLine: {'line': b'[ 55%] \x1b[32mBuilding CXX object CMakeFiles/gazebo_msgs__rosidl_typesupport_cpp.dir/rosidl_typesupport_cpp/gazebo_msgs/srv/delete_light__type_support.cpp.o\x1b[0m\n'}
[92.000648] (-) TimerEvent: {}
[92.102138] (-) TimerEvent: {}
[92.203678] (-) TimerEvent: {}
[92.305360] (-) TimerEvent: {}
[92.328635] (gazebo_msgs) StdoutLine: {'line': b'[ 56%] \x1b[32mBuilding CXX object CMakeFiles/gazebo_msgs__rosidl_typesupport_fastrtps_c.dir/rosidl_typesupport_fastrtps_c/gazebo_msgs/srv/detail/apply_link_wrench__type_support_c.cpp.o\x1b[0m\n'}
[92.405621] (-) TimerEvent: {}
[92.427786] (gazebo_msgs) StdoutLine: {'line': b'[ 56%] \x1b[32mBuilding CXX object CMakeFiles/gazebo_msgs__rosidl_typesupport_fastrtps_cpp.dir/rosidl_typesupport_fastrtps_cpp/gazebo_msgs/msg/detail/dds_fastrtps/ode_physics__type_support.cpp.o\x1b[0m\n'}
[92.505873] (-) TimerEvent: {}
[92.607349] (-) TimerEvent: {}
[92.708906] (-) TimerEvent: {}
[92.810456] (-) TimerEvent: {}
[92.909360] (gazebo_msgs) StdoutLine: {'line': b'[ 56%] \x1b[32mBuilding CXX object CMakeFiles/gazebo_msgs__rosidl_typesupport_cpp.dir/rosidl_typesupport_cpp/gazebo_msgs/srv/delete_model__type_support.cpp.o\x1b[0m\n'}
[92.911279] (-) TimerEvent: {}
[93.012735] (-) TimerEvent: {}
[93.041083] (gazebo_msgs) StdoutLine: {'line': b'[ 56%] \x1b[32mBuilding CXX object CMakeFiles/gazebo_msgs__rosidl_typesupport_cpp.dir/rosidl_typesupport_cpp/gazebo_msgs/srv/get_joint_properties__type_support.cpp.o\x1b[0m\n'}
[93.112998] (-) TimerEvent: {}
[93.214520] (-) TimerEvent: {}
[93.316988] (-) TimerEvent: {}
[93.413746] (gazebo_msgs) StdoutLine: {'line': b'[ 56%] \x1b[32mBuilding CXX object CMakeFiles/gazebo_msgs__rosidl_typesupport_introspection_cpp.dir/rosidl_typesupport_introspection_cpp/gazebo_msgs/msg/detail/wheel_slip__type_support.cpp.o\x1b[0m\n'}
[93.417237] (-) TimerEvent: {}
[93.518256] (-) TimerEvent: {}
[93.619208] (-) TimerEvent: {}
[93.720640] (-) TimerEvent: {}
[93.805987] (gazebo_msgs) StdoutLine: {'line': b'[ 56%] \x1b[32mBuilding CXX object CMakeFiles/gazebo_msgs__rosidl_typesupport_cpp.dir/rosidl_typesupport_cpp/gazebo_msgs/srv/get_entity_state__type_support.cpp.o\x1b[0m\n'}
[93.820886] (-) TimerEvent: {}
[93.921803] (-) TimerEvent: {}
[94.022778] (-) TimerEvent: {}
[94.123670] (-) TimerEvent: {}
[94.224713] (-) TimerEvent: {}
[94.325662] (-) TimerEvent: {}
[94.426628] (-) TimerEvent: {}
[94.527802] (-) TimerEvent: {}
[94.628825] (-) TimerEvent: {}
[94.723037] (gazebo_msgs) StdoutLine: {'line': b'[ 56%] \x1b[32mBuilding CXX object CMakeFiles/gazebo_msgs__rosidl_typesupport_fastrtps_c.dir/rosidl_typesupport_fastrtps_c/gazebo_msgs/srv/detail/apply_joint_effort__type_support_c.cpp.o\x1b[0m\n'}
[94.729085] (-) TimerEvent: {}
[94.820340] (gazebo_msgs) StdoutLine: {'line': b'[ 57%] \x1b[32mBuilding CXX object CMakeFiles/gazebo_msgs__rosidl_typesupport_cpp.dir/rosidl_typesupport_cpp/gazebo_msgs/srv/get_light_properties__type_support.cpp.o\x1b[0m\n'}
[94.829418] (-) TimerEvent: {}
[94.930922] (-) TimerEvent: {}
[94.946903] (gazebo_msgs) StdoutLine: {'line': b'[ 57%] \x1b[32mBuilding CXX object CMakeFiles/gazebo_msgs__rosidl_typesupport_cpp.dir/rosidl_typesupport_cpp/gazebo_msgs/srv/get_link_properties__type_support.cpp.o\x1b[0m\n'}
[94.952948] (gazebo_msgs) StdoutLine: {'line': b'[ 57%] \x1b[32mBuilding CXX object CMakeFiles/gazebo_msgs__rosidl_typesupport_fastrtps_cpp.dir/rosidl_typesupport_fastrtps_cpp/gazebo_msgs/msg/detail/dds_fastrtps/performance_metrics__type_support.cpp.o\x1b[0m\n'}
[95.032416] (-) TimerEvent: {}
[95.133971] (-) TimerEvent: {}
[95.235511] (-) TimerEvent: {}
[95.337096] (-) TimerEvent: {}
[95.438609] (-) TimerEvent: {}
[95.540380] (-) TimerEvent: {}
[95.642016] (-) TimerEvent: {}
[95.738623] (gazebo_msgs) StdoutLine: {'line': b'[ 57%] \x1b[32mBuilding CXX object CMakeFiles/gazebo_msgs__rosidl_typesupport_cpp.dir/rosidl_typesupport_cpp/gazebo_msgs/srv/get_link_state__type_support.cpp.o\x1b[0m\n'}
[95.742289] (-) TimerEvent: {}
[95.843833] (-) TimerEvent: {}
[95.945683] (-) TimerEvent: {}
[96.047313] (-) TimerEvent: {}
[96.148369] (-) TimerEvent: {}
[96.249949] (-) TimerEvent: {}
[96.300965] (gazebo_msgs) StdoutLine: {'line': b'[ 57%] \x1b[32mBuilding CXX object CMakeFiles/gazebo_msgs__rosidl_typesupport_introspection_cpp.dir/rosidl_typesupport_introspection_cpp/gazebo_msgs/msg/detail/world_state__type_support.cpp.o\x1b[0m\n'}
[96.350236] (-) TimerEvent: {}
[96.451245] (-) TimerEvent: {}
[96.552464] (-) TimerEvent: {}
[96.639059] (gazebo_msgs) StdoutLine: {'line': b'[ 57%] \x1b[32mBuilding CXX object CMakeFiles/gazebo_msgs__rosidl_typesupport_cpp.dir/rosidl_typesupport_cpp/gazebo_msgs/srv/get_model_list__type_support.cpp.o\x1b[0m\n'}
[96.652751] (-) TimerEvent: {}
[96.718345] (gazebo_msgs) StdoutLine: {'line': b'[ 57%] \x1b[32mBuilding CXX object CMakeFiles/gazebo_msgs__rosidl_typesupport_introspection_cpp.dir/rosidl_typesupport_introspection_cpp/gazebo_msgs/srv/detail/apply_body_wrench__type_support.cpp.o\x1b[0m\n'}
[96.753035] (-) TimerEvent: {}
[96.854133] (-) TimerEvent: {}
[96.955231] (-) TimerEvent: {}
[97.056396] (-) TimerEvent: {}
[97.080350] (gazebo_msgs) StdoutLine: {'line': b'[ 57%] \x1b[32mBuilding CXX object CMakeFiles/gazebo_msgs__rosidl_typesupport_fastrtps_c.dir/rosidl_typesupport_fastrtps_c/gazebo_msgs/srv/detail/body_request__type_support_c.cpp.o\x1b[0m\n'}
[97.156644] (-) TimerEvent: {}
[97.257727] (-) TimerEvent: {}
[97.358810] (-) TimerEvent: {}
[97.459896] (-) TimerEvent: {}
[97.561107] (-) TimerEvent: {}
[97.654348] (gazebo_msgs) StdoutLine: {'line': b'[ 58%] \x1b[32mBuilding CXX object CMakeFiles/gazebo_msgs__rosidl_typesupport_cpp.dir/rosidl_typesupport_cpp/gazebo_msgs/srv/get_model_properties__type_support.cpp.o\x1b[0m\n'}
[97.661382] (-) TimerEvent: {}
[97.762417] (-) TimerEvent: {}
[97.863479] (-) TimerEvent: {}
[97.964574] (-) TimerEvent: {}
[97.989831] (gazebo_msgs) StdoutLine: {'line': b'[ 58%] \x1b[32mBuilding CXX object CMakeFiles/gazebo_msgs__rosidl_typesupport_fastrtps_cpp.dir/rosidl_typesupport_fastrtps_cpp/gazebo_msgs/msg/detail/dds_fastrtps/sensor_performance_metric__type_support.cpp.o\x1b[0m\n'}
[98.064843] (-) TimerEvent: {}
[98.165944] (-) TimerEvent: {}
[98.268825] (-) TimerEvent: {}
[98.369905] (-) TimerEvent: {}
[98.470930] (gazebo_msgs) StdoutLine: {'line': b'[ 58%] \x1b[32mBuilding CXX object CMakeFiles/gazebo_msgs__rosidl_typesupport_cpp.dir/rosidl_typesupport_cpp/gazebo_msgs/srv/get_model_state__type_support.cpp.o\x1b[0m\n'}
[98.472596] (-) TimerEvent: {}
[98.573422] (-) TimerEvent: {}
[98.674385] (-) TimerEvent: {}
[98.775342] (-) TimerEvent: {}
[98.876388] (-) TimerEvent: {}
[98.977337] (-) TimerEvent: {}
[99.078333] (-) TimerEvent: {}
[99.179306] (-) TimerEvent: {}
[99.222640] (gazebo_msgs) StdoutLine: {'line': b'[ 59%] \x1b[32mBuilding CXX object CMakeFiles/gazebo_msgs__rosidl_typesupport_introspection_cpp.dir/rosidl_typesupport_introspection_cpp/gazebo_msgs/srv/detail/apply_link_wrench__type_support.cpp.o\x1b[0m\n'}
[99.279602] (-) TimerEvent: {}
[99.380623] (-) TimerEvent: {}
[99.481673] (-) TimerEvent: {}
[99.582593] (-) TimerEvent: {}
[99.584914] (gazebo_msgs) StdoutLine: {'line': b'[ 60%] \x1b[32mBuilding CXX object CMakeFiles/gazebo_msgs__rosidl_typesupport_fastrtps_c.dir/rosidl_typesupport_fastrtps_c/gazebo_msgs/srv/detail/delete_entity__type_support_c.cpp.o\x1b[0m\n'}
[99.610653] (gazebo_msgs) StdoutLine: {'line': b'[ 60%] \x1b[32mBuilding CXX object CMakeFiles/gazebo_msgs__rosidl_typesupport_introspection_cpp.dir/rosidl_typesupport_introspection_cpp/gazebo_msgs/srv/detail/apply_joint_effort__type_support.cpp.o\x1b[0m\n'}
[99.646760] (gazebo_msgs) StdoutLine: {'line': b'[ 60%] \x1b[32mBuilding CXX object CMakeFiles/gazebo_msgs__rosidl_typesupport_introspection_cpp.dir/rosidl_typesupport_introspection_cpp/gazebo_msgs/srv/detail/body_request__type_support.cpp.o\x1b[0m\n'}
[99.682863] (-) TimerEvent: {}
[99.783852] (-) TimerEvent: {}
[99.884949] (-) TimerEvent: {}
[99.985959] (-) TimerEvent: {}
[100.086913] (-) TimerEvent: {}
[100.187968] (-) TimerEvent: {}
[100.289129] (-) TimerEvent: {}
[100.303317] (gazebo_msgs) StdoutLine: {'line': b'[ 60%] \x1b[32mBuilding CXX object CMakeFiles/gazebo_msgs__rosidl_typesupport_cpp.dir/rosidl_typesupport_cpp/gazebo_msgs/srv/get_physics_properties__type_support.cpp.o\x1b[0m\n'}
[100.389392] (-) TimerEvent: {}
[100.490406] (-) TimerEvent: {}
[100.592410] (-) TimerEvent: {}
[100.647369] (gazebo_msgs) StdoutLine: {'line': b'[ 61%] \x1b[32mBuilding CXX object CMakeFiles/gazebo_msgs__rosidl_typesupport_fastrtps_cpp.dir/rosidl_typesupport_fastrtps_cpp/gazebo_msgs/msg/detail/dds_fastrtps/wheel_slip__type_support.cpp.o\x1b[0m\n'}
[100.692702] (-) TimerEvent: {}
[100.793692] (-) TimerEvent: {}
[100.895828] (-) TimerEvent: {}
[100.996834] (-) TimerEvent: {}
[101.097808] (-) TimerEvent: {}
[101.198872] (-) TimerEvent: {}
[101.299907] (-) TimerEvent: {}
[101.401014] (-) TimerEvent: {}
[101.502076] (-) TimerEvent: {}
[101.603147] (-) TimerEvent: {}
[101.704218] (-) TimerEvent: {}
[101.738865] (gazebo_msgs) StdoutLine: {'line': b'[ 62%] \x1b[32mBuilding CXX object CMakeFiles/gazebo_msgs__rosidl_typesupport_cpp.dir/rosidl_typesupport_cpp/gazebo_msgs/srv/get_world_properties__type_support.cpp.o\x1b[0m\n'}
[101.804544] (-) TimerEvent: {}
[101.905895] (-) TimerEvent: {}
[102.006892] (-) TimerEvent: {}
[102.089288] (gazebo_msgs) StdoutLine: {'line': b'[ 62%] \x1b[32mBuilding CXX object CMakeFiles/gazebo_msgs__rosidl_typesupport_introspection_cpp.dir/rosidl_typesupport_introspection_cpp/gazebo_msgs/srv/detail/delete_entity__type_support.cpp.o\x1b[0m\n'}
[102.107132] (-) TimerEvent: {}
[102.130472] (gazebo_msgs) StdoutLine: {'line': b'[ 62%] \x1b[32mBuilding CXX object CMakeFiles/gazebo_msgs__rosidl_typesupport_fastrtps_c.dir/rosidl_typesupport_fastrtps_c/gazebo_msgs/srv/detail/delete_light__type_support_c.cpp.o\x1b[0m\n'}
[102.142185] (gazebo_msgs) StdoutLine: {'line': b'[ 63%] \x1b[32mBuilding CXX object CMakeFiles/gazebo_msgs__rosidl_typesupport_introspection_cpp.dir/rosidl_typesupport_introspection_cpp/gazebo_msgs/srv/detail/delete_light__type_support.cpp.o\x1b[0m\n'}
[102.207429] (-) TimerEvent: {}
[102.308532] (-) TimerEvent: {}
[102.358602] (gazebo_msgs) StdoutLine: {'line': b'[ 63%] \x1b[32mBuilding CXX object CMakeFiles/gazebo_msgs__rosidl_typesupport_introspection_cpp.dir/rosidl_typesupport_introspection_cpp/gazebo_msgs/srv/detail/delete_model__type_support.cpp.o\x1b[0m\n'}
[102.408783] (-) TimerEvent: {}
[102.510096] (-) TimerEvent: {}
[102.611011] (-) TimerEvent: {}
[102.712052] (-) TimerEvent: {}
[102.813011] (-) TimerEvent: {}
[102.913926] (-) TimerEvent: {}
[103.014850] (-) TimerEvent: {}
[103.115793] (-) TimerEvent: {}
[103.216828] (-) TimerEvent: {}
[103.317773] (-) TimerEvent: {}
[103.418695] (-) TimerEvent: {}
[103.466487] (gazebo_msgs) StdoutLine: {'line': b'[ 63%] \x1b[32mBuilding CXX object CMakeFiles/gazebo_msgs__rosidl_typesupport_cpp.dir/rosidl_typesupport_cpp/gazebo_msgs/srv/joint_request__type_support.cpp.o\x1b[0m\n'}
[103.518963] (-) TimerEvent: {}
[103.621256] (-) TimerEvent: {}
[103.722367] (-) TimerEvent: {}
[103.823480] (-) TimerEvent: {}
[103.924574] (-) TimerEvent: {}
[103.988170] (gazebo_msgs) StdoutLine: {'line': b'[ 63%] \x1b[32mBuilding CXX object CMakeFiles/gazebo_msgs__rosidl_typesupport_fastrtps_cpp.dir/rosidl_typesupport_fastrtps_cpp/gazebo_msgs/msg/detail/dds_fastrtps/world_state__type_support.cpp.o\x1b[0m\n'}
[104.024843] (-) TimerEvent: {}
[104.125893] (-) TimerEvent: {}
[104.226960] (-) TimerEvent: {}
[104.328114] (-) TimerEvent: {}
[104.429264] (-) TimerEvent: {}
[104.530386] (-) TimerEvent: {}
[104.549948] (gazebo_msgs) StdoutLine: {'line': b'[ 63%] \x1b[32mBuilding CXX object CMakeFiles/gazebo_msgs__rosidl_typesupport_fastrtps_c.dir/rosidl_typesupport_fastrtps_c/gazebo_msgs/srv/detail/delete_model__type_support_c.cpp.o\x1b[0m\n'}
[104.630650] (-) TimerEvent: {}
[104.672150] (gazebo_msgs) StdoutLine: {'line': b'[ 63%] \x1b[32mBuilding CXX object CMakeFiles/gazebo_msgs__rosidl_typesupport_introspection_cpp.dir/rosidl_typesupport_introspection_cpp/gazebo_msgs/srv/detail/get_joint_properties__type_support.cpp.o\x1b[0m\n'}
[104.730935] (-) TimerEvent: {}
[104.815585] (gazebo_msgs) StdoutLine: {'line': b'[ 64%] \x1b[32mBuilding CXX object CMakeFiles/gazebo_msgs__rosidl_typesupport_introspection_cpp.dir/rosidl_typesupport_introspection_cpp/gazebo_msgs/srv/detail/get_entity_state__type_support.cpp.o\x1b[0m\n'}
[104.831164] (-) TimerEvent: {}
[104.932093] (-) TimerEvent: {}
[105.033134] (-) TimerEvent: {}
[105.060484] (gazebo_msgs) StdoutLine: {'line': b'[ 64%] \x1b[32mBuilding CXX object CMakeFiles/gazebo_msgs__rosidl_typesupport_introspection_cpp.dir/rosidl_typesupport_introspection_cpp/gazebo_msgs/srv/detail/get_light_properties__type_support.cpp.o\x1b[0m\n'}
[105.133400] (-) TimerEvent: {}
[105.167024] (gazebo_msgs) StdoutLine: {'line': b'[ 64%] \x1b[32mBuilding CXX object CMakeFiles/gazebo_msgs__rosidl_typesupport_cpp.dir/rosidl_typesupport_cpp/gazebo_msgs/srv/link_request__type_support.cpp.o\x1b[0m\n'}
[105.233711] (-) TimerEvent: {}
[105.334662] (-) TimerEvent: {}
[105.435606] (-) TimerEvent: {}
[105.536704] (-) TimerEvent: {}
[105.637676] (-) TimerEvent: {}
[105.738636] (-) TimerEvent: {}
[105.839612] (-) TimerEvent: {}
[105.940705] (-) TimerEvent: {}
[106.041673] (-) TimerEvent: {}
[106.142705] (-) TimerEvent: {}
[106.243730] (-) TimerEvent: {}
[106.344744] (-) TimerEvent: {}
[106.445696] (-) TimerEvent: {}
[106.546648] (-) TimerEvent: {}
[106.647668] (-) TimerEvent: {}
[106.748731] (-) TimerEvent: {}
[106.849708] (-) TimerEvent: {}
[106.950691] (-) TimerEvent: {}
[106.962961] (gazebo_msgs) StdoutLine: {'line': b'[ 64%] \x1b[32mBuilding CXX object CMakeFiles/gazebo_msgs__rosidl_typesupport_fastrtps_c.dir/rosidl_typesupport_fastrtps_c/gazebo_msgs/srv/detail/get_joint_properties__type_support_c.cpp.o\x1b[0m\n'}
[107.051011] (-) TimerEvent: {}
[107.115693] (gazebo_msgs) StdoutLine: {'line': b'[ 64%] \x1b[32mBuilding CXX object CMakeFiles/gazebo_msgs__rosidl_typesupport_cpp.dir/rosidl_typesupport_cpp/gazebo_msgs/srv/set_entity_state__type_support.cpp.o\x1b[0m\n'}
[107.151248] (-) TimerEvent: {}
[107.252829] (-) TimerEvent: {}
[107.354484] (-) TimerEvent: {}
[107.456554] (-) TimerEvent: {}
[107.477206] (gazebo_msgs) StdoutLine: {'line': b'[ 64%] \x1b[32mBuilding CXX object CMakeFiles/gazebo_msgs__rosidl_typesupport_introspection_cpp.dir/rosidl_typesupport_introspection_cpp/gazebo_msgs/srv/detail/get_link_properties__type_support.cpp.o\x1b[0m\n'}
[107.478542] (gazebo_msgs) StdoutLine: {'line': b'[ 65%] \x1b[32mBuilding CXX object CMakeFiles/gazebo_msgs__rosidl_typesupport_cpp.dir/rosidl_typesupport_cpp/gazebo_msgs/srv/set_joint_properties__type_support.cpp.o\x1b[0m\n'}
[107.556813] (-) TimerEvent: {}
[107.575282] (gazebo_msgs) StdoutLine: {'line': b'[ 65%] \x1b[32mBuilding CXX object CMakeFiles/gazebo_msgs__rosidl_typesupport_fastrtps_cpp.dir/rosidl_typesupport_fastrtps_cpp/gazebo_msgs/srv/detail/dds_fastrtps/apply_body_wrench__type_support.cpp.o\x1b[0m\n'}
[107.585540] (gazebo_msgs) StdoutLine: {'line': b'[ 65%] \x1b[32mBuilding CXX object CMakeFiles/gazebo_msgs__rosidl_typesupport_introspection_cpp.dir/rosidl_typesupport_introspection_cpp/gazebo_msgs/srv/detail/get_link_state__type_support.cpp.o\x1b[0m\n'}
[107.657030] (-) TimerEvent: {}
[107.758474] (-) TimerEvent: {}
[107.860051] (-) TimerEvent: {}
[107.961847] (-) TimerEvent: {}
[108.063455] (-) TimerEvent: {}
[108.165146] (-) TimerEvent: {}
[108.266785] (-) TimerEvent: {}
[108.368405] (-) TimerEvent: {}
[108.469954] (-) TimerEvent: {}
[108.571594] (-) TimerEvent: {}
[108.672611] (-) TimerEvent: {}
[108.773578] (-) TimerEvent: {}
[108.875752] (-) TimerEvent: {}
[108.977433] (-) TimerEvent: {}
[108.979205] (gazebo_msgs) StdoutLine: {'line': b'[ 65%] \x1b[32mBuilding CXX object CMakeFiles/gazebo_msgs__rosidl_typesupport_cpp.dir/rosidl_typesupport_cpp/gazebo_msgs/srv/set_joint_trajectory__type_support.cpp.o\x1b[0m\n'}
[109.077715] (-) TimerEvent: {}
[109.179322] (-) TimerEvent: {}
[109.280947] (-) TimerEvent: {}
[109.296003] (gazebo_msgs) StdoutLine: {'line': b'[ 65%] \x1b[32mBuilding CXX object CMakeFiles/gazebo_msgs__rosidl_typesupport_cpp.dir/rosidl_typesupport_cpp/gazebo_msgs/srv/set_light_properties__type_support.cpp.o\x1b[0m\n'}
[109.381201] (-) TimerEvent: {}
[109.465863] (gazebo_msgs) StdoutLine: {'line': b'[ 66%] \x1b[32mBuilding CXX object CMakeFiles/gazebo_msgs__rosidl_typesupport_fastrtps_c.dir/rosidl_typesupport_fastrtps_c/gazebo_msgs/srv/detail/get_entity_state__type_support_c.cpp.o\x1b[0m\n'}
[109.481466] (-) TimerEvent: {}
[109.582413] (-) TimerEvent: {}
[109.683312] (-) TimerEvent: {}
[109.784213] (-) TimerEvent: {}
[109.885193] (-) TimerEvent: {}
[109.986726] (gazebo_msgs) StdoutLine: {'line': b'[ 67%] \x1b[32mBuilding CXX object CMakeFiles/gazebo_msgs__rosidl_typesupport_introspection_cpp.dir/rosidl_typesupport_introspection_cpp/gazebo_msgs/srv/detail/get_model_list__type_support.cpp.o\x1b[0m\n'}
[109.987463] (-) TimerEvent: {}
[110.088940] (-) TimerEvent: {}
[110.189874] (-) TimerEvent: {}
[110.282212] (gazebo_msgs) StdoutLine: {'line': b'[ 67%] \x1b[32mBuilding CXX object CMakeFiles/gazebo_msgs__rosidl_typesupport_introspection_cpp.dir/rosidl_typesupport_introspection_cpp/gazebo_msgs/srv/detail/get_model_properties__type_support.cpp.o\x1b[0m\n'}
[110.290146] (-) TimerEvent: {}
[110.358117] (gazebo_msgs) StdoutLine: {'line': b'[ 68%] \x1b[32mBuilding CXX object CMakeFiles/gazebo_msgs__rosidl_typesupport_fastrtps_cpp.dir/rosidl_typesupport_fastrtps_cpp/gazebo_msgs/srv/detail/dds_fastrtps/apply_link_wrench__type_support.cpp.o\x1b[0m\n'}
[110.390424] (-) TimerEvent: {}
[110.491398] (-) TimerEvent: {}
[110.592353] (-) TimerEvent: {}
[110.693297] (-) TimerEvent: {}
[110.794237] (-) TimerEvent: {}
[110.895208] (-) TimerEvent: {}
[110.904999] (gazebo_msgs) StdoutLine: {'line': b'[ 68%] \x1b[32mBuilding CXX object CMakeFiles/gazebo_msgs__rosidl_typesupport_cpp.dir/rosidl_typesupport_cpp/gazebo_msgs/srv/set_link_properties__type_support.cpp.o\x1b[0m\n'}
[110.995489] (-) TimerEvent: {}
[111.096492] (-) TimerEvent: {}
[111.191130] (gazebo_msgs) StdoutLine: {'line': b'[ 69%] \x1b[32mBuilding CXX object CMakeFiles/gazebo_msgs__rosidl_typesupport_cpp.dir/rosidl_typesupport_cpp/gazebo_msgs/srv/set_link_state__type_support.cpp.o\x1b[0m\n'}
[111.196746] (-) TimerEvent: {}
[111.297696] (-) TimerEvent: {}
[111.398640] (-) TimerEvent: {}
[111.499599] (-) TimerEvent: {}
[111.600528] (-) TimerEvent: {}
[111.701488] (-) TimerEvent: {}
[111.802512] (-) TimerEvent: {}
[111.903512] (-) TimerEvent: {}
[111.931041] (gazebo_msgs) StdoutLine: {'line': b'[ 69%] \x1b[32mBuilding CXX object CMakeFiles/gazebo_msgs__rosidl_typesupport_fastrtps_c.dir/rosidl_typesupport_fastrtps_c/gazebo_msgs/srv/detail/get_light_properties__type_support_c.cpp.o\x1b[0m\n'}
[112.003798] (-) TimerEvent: {}
[112.104878] (-) TimerEvent: {}
[112.205965] (-) TimerEvent: {}
[112.306996] (-) TimerEvent: {}
[112.408003] (-) TimerEvent: {}
[112.509042] (-) TimerEvent: {}
[112.610040] (-) TimerEvent: {}
[112.711037] (-) TimerEvent: {}
[112.738944] (gazebo_msgs) StdoutLine: {'line': b'[ 69%] \x1b[32mBuilding CXX object CMakeFiles/gazebo_msgs__rosidl_typesupport_introspection_cpp.dir/rosidl_typesupport_introspection_cpp/gazebo_msgs/srv/detail/get_model_state__type_support.cpp.o\x1b[0m\n'}
[112.775226] (gazebo_msgs) StdoutLine: {'line': b'[ 69%] \x1b[32mBuilding CXX object CMakeFiles/gazebo_msgs__rosidl_typesupport_cpp.dir/rosidl_typesupport_cpp/gazebo_msgs/srv/set_model_configuration__type_support.cpp.o\x1b[0m\n'}
[112.811334] (-) TimerEvent: {}
[112.912495] (-) TimerEvent: {}
[113.013528] (-) TimerEvent: {}
[113.067661] (gazebo_msgs) StdoutLine: {'line': b'[ 69%] \x1b[32mBuilding CXX object CMakeFiles/gazebo_msgs__rosidl_typesupport_cpp.dir/rosidl_typesupport_cpp/gazebo_msgs/srv/set_model_state__type_support.cpp.o\x1b[0m\n'}
[113.113807] (-) TimerEvent: {}
[113.190730] (gazebo_msgs) StdoutLine: {'line': b'[ 69%] \x1b[32mBuilding CXX object CMakeFiles/gazebo_msgs__rosidl_typesupport_fastrtps_cpp.dir/rosidl_typesupport_fastrtps_cpp/gazebo_msgs/srv/detail/dds_fastrtps/apply_joint_effort__type_support.cpp.o\x1b[0m\n'}
[113.194047] (gazebo_msgs) StdoutLine: {'line': b'[ 69%] \x1b[32mBuilding CXX object CMakeFiles/gazebo_msgs__rosidl_typesupport_introspection_cpp.dir/rosidl_typesupport_introspection_cpp/gazebo_msgs/srv/detail/get_physics_properties__type_support.cpp.o\x1b[0m\n'}
[113.214095] (-) TimerEvent: {}
[113.315124] (-) TimerEvent: {}
[113.416056] (-) TimerEvent: {}
[113.517034] (-) TimerEvent: {}
[113.617971] (-) TimerEvent: {}
[113.718862] (-) TimerEvent: {}
[113.819809] (-) TimerEvent: {}
[113.920851] (-) TimerEvent: {}
[114.021854] (-) TimerEvent: {}
[114.122790] (-) TimerEvent: {}
[114.223733] (-) TimerEvent: {}
[114.324836] (-) TimerEvent: {}
[114.371044] (gazebo_msgs) StdoutLine: {'line': b'[ 69%] \x1b[32mBuilding CXX object CMakeFiles/gazebo_msgs__rosidl_typesupport_fastrtps_c.dir/rosidl_typesupport_fastrtps_c/gazebo_msgs/srv/detail/get_link_properties__type_support_c.cpp.o\x1b[0m\n'}
[114.426188] (-) TimerEvent: {}
[114.527184] (-) TimerEvent: {}
[114.558446] (gazebo_msgs) StdoutLine: {'line': b'[ 70%] \x1b[32mBuilding CXX object CMakeFiles/gazebo_msgs__rosidl_typesupport_cpp.dir/rosidl_typesupport_cpp/gazebo_msgs/srv/set_physics_properties__type_support.cpp.o\x1b[0m\n'}
[114.627468] (-) TimerEvent: {}
[114.728482] (-) TimerEvent: {}
[114.829388] (-) TimerEvent: {}
[114.878377] (gazebo_msgs) StdoutLine: {'line': b'[ 70%] \x1b[32mBuilding CXX object CMakeFiles/gazebo_msgs__rosidl_typesupport_cpp.dir/rosidl_typesupport_cpp/gazebo_msgs/srv/spawn_entity__type_support.cpp.o\x1b[0m\n'}
[114.929636] (-) TimerEvent: {}
[115.030574] (-) TimerEvent: {}
[115.131579] (-) TimerEvent: {}
[115.232541] (-) TimerEvent: {}
[115.325613] (gazebo_msgs) StdoutLine: {'line': b'[ 71%] \x1b[32mBuilding CXX object CMakeFiles/gazebo_msgs__rosidl_typesupport_introspection_cpp.dir/rosidl_typesupport_introspection_cpp/gazebo_msgs/srv/detail/get_world_properties__type_support.cpp.o\x1b[0m\n'}
[115.333888] (-) TimerEvent: {}
[115.434866] (-) TimerEvent: {}
[115.535969] (-) TimerEvent: {}
[115.637153] (-) TimerEvent: {}
[115.738239] (-) TimerEvent: {}
[115.769927] (gazebo_msgs) StdoutLine: {'line': b'[ 71%] \x1b[32mBuilding CXX object CMakeFiles/gazebo_msgs__rosidl_typesupport_introspection_cpp.dir/rosidl_typesupport_introspection_cpp/gazebo_msgs/srv/detail/joint_request__type_support.cpp.o\x1b[0m\n'}
[115.838535] (-) TimerEvent: {}
[115.939540] (-) TimerEvent: {}
[116.040525] (-) TimerEvent: {}
[116.136521] (gazebo_msgs) StdoutLine: {'line': b'[ 71%] \x1b[32mBuilding CXX object CMakeFiles/gazebo_msgs__rosidl_typesupport_fastrtps_cpp.dir/rosidl_typesupport_fastrtps_cpp/gazebo_msgs/srv/detail/dds_fastrtps/body_request__type_support.cpp.o\x1b[0m\n'}
[116.140764] (-) TimerEvent: {}
[116.241742] (-) TimerEvent: {}
[116.342750] (-) TimerEvent: {}
[116.364347] (gazebo_msgs) StdoutLine: {'line': b'[ 71%] \x1b[32mBuilding CXX object CMakeFiles/gazebo_msgs__rosidl_typesupport_cpp.dir/rosidl_typesupport_cpp/gazebo_msgs/srv/spawn_model__type_support.cpp.o\x1b[0m\n'}
[116.443026] (-) TimerEvent: {}
[116.544148] (-) TimerEvent: {}
[116.645265] (-) TimerEvent: {}
[116.682100] (gazebo_msgs) StdoutLine: {'line': b'[ 71%] \x1b[32mBuilding CXX object CMakeFiles/gazebo_msgs__rosidl_typesupport_fastrtps_cpp.dir/rosidl_typesupport_fastrtps_cpp/gazebo_msgs/srv/detail/dds_fastrtps/delete_entity__type_support.cpp.o\x1b[0m\n'}
[116.745538] (-) TimerEvent: {}
[116.831833] (gazebo_msgs) StdoutLine: {'line': b'[ 71%] \x1b[32mBuilding CXX object CMakeFiles/gazebo_msgs__rosidl_typesupport_fastrtps_c.dir/rosidl_typesupport_fastrtps_c/gazebo_msgs/srv/detail/get_link_state__type_support_c.cpp.o\x1b[0m\n'}
[116.845801] (-) TimerEvent: {}
[116.947916] (-) TimerEvent: {}
[117.048946] (-) TimerEvent: {}
[117.149930] (-) TimerEvent: {}
[117.250945] (-) TimerEvent: {}
[117.352001] (-) TimerEvent: {}
[117.453018] (-) TimerEvent: {}
[117.554028] (-) TimerEvent: {}
[117.655029] (-) TimerEvent: {}
[117.755984] (-) TimerEvent: {}
[117.857028] (-) TimerEvent: {}
[117.958041] (-) TimerEvent: {}
[118.060180] (-) TimerEvent: {}
[118.087289] (gazebo_msgs) StdoutLine: {'line': b'[ 71%] \x1b[32mBuilding CXX object CMakeFiles/gazebo_msgs__rosidl_typesupport_introspection_cpp.dir/rosidl_typesupport_introspection_cpp/gazebo_msgs/srv/detail/link_request__type_support.cpp.o\x1b[0m\n'}
[118.160401] (-) TimerEvent: {}
[118.202560] (gazebo_msgs) StdoutLine: {'line': b'[ 71%] \x1b[32m\x1b[1mLinking CXX shared library libgazebo_msgs__rosidl_typesupport_cpp.so\x1b[0m\n'}
[118.260657] (-) TimerEvent: {}
[118.314924] (gazebo_msgs) StdoutLine: {'line': b'[ 72%] \x1b[32mBuilding CXX object CMakeFiles/gazebo_msgs__rosidl_typesupport_introspection_cpp.dir/rosidl_typesupport_introspection_cpp/gazebo_msgs/srv/detail/set_entity_state__type_support.cpp.o\x1b[0m\n'}
[118.360940] (-) TimerEvent: {}
[118.461920] (-) TimerEvent: {}
[118.544158] (gazebo_msgs) StdoutLine: {'line': b'[ 72%] Built target gazebo_msgs__rosidl_typesupport_cpp\n'}
[118.562217] (-) TimerEvent: {}
[118.612609] (gazebo_msgs) StdoutLine: {'line': b'[ 72%] \x1b[32mBuilding CXX object CMakeFiles/gazebo_msgs__rosidl_typesupport_introspection_cpp.dir/rosidl_typesupport_introspection_cpp/gazebo_msgs/srv/detail/set_joint_properties__type_support.cpp.o\x1b[0m\n'}
[118.662511] (-) TimerEvent: {}
[118.763410] (-) TimerEvent: {}
[118.864506] (-) TimerEvent: {}
[118.965569] (-) TimerEvent: {}
[118.970724] (gazebo_msgs) StdoutLine: {'line': b'[ 73%] \x1b[32mBuilding CXX object CMakeFiles/gazebo_msgs__rosidl_typesupport_fastrtps_cpp.dir/rosidl_typesupport_fastrtps_cpp/gazebo_msgs/srv/detail/dds_fastrtps/delete_light__type_support.cpp.o\x1b[0m\n'}
[119.065843] (-) TimerEvent: {}
[119.166758] (-) TimerEvent: {}
[119.267700] (-) TimerEvent: {}
[119.310672] (gazebo_msgs) StdoutLine: {'line': b'[ 73%] \x1b[32mBuilding CXX object CMakeFiles/gazebo_msgs__rosidl_typesupport_fastrtps_cpp.dir/rosidl_typesupport_fastrtps_cpp/gazebo_msgs/srv/detail/dds_fastrtps/delete_model__type_support.cpp.o\x1b[0m\n'}
[119.368045] (-) TimerEvent: {}
[119.412637] (gazebo_msgs) StdoutLine: {'line': b'[ 74%] \x1b[32mBuilding CXX object CMakeFiles/gazebo_msgs__rosidl_typesupport_fastrtps_c.dir/rosidl_typesupport_fastrtps_c/gazebo_msgs/srv/detail/get_model_list__type_support_c.cpp.o\x1b[0m\n'}
[119.468347] (-) TimerEvent: {}
[119.569293] (-) TimerEvent: {}
[119.670320] (-) TimerEvent: {}
[119.771300] (-) TimerEvent: {}
[119.872430] (-) TimerEvent: {}
[119.973443] (-) TimerEvent: {}
[120.074479] (-) TimerEvent: {}
[120.175468] (-) TimerEvent: {}
[120.276541] (-) TimerEvent: {}
[120.377600] (-) TimerEvent: {}
[120.478617] (-) TimerEvent: {}
[120.579570] (-) TimerEvent: {}
[120.639359] (gazebo_msgs) StdoutLine: {'line': b'[ 74%] \x1b[32mBuilding CXX object CMakeFiles/gazebo_msgs__rosidl_typesupport_introspection_cpp.dir/rosidl_typesupport_introspection_cpp/gazebo_msgs/srv/detail/set_joint_trajectory__type_support.cpp.o\x1b[0m\n'}
[120.679864] (-) TimerEvent: {}
[120.780962] (-) TimerEvent: {}
[120.881937] (-) TimerEvent: {}
[120.980689] (gazebo_msgs) StdoutLine: {'line': b'[ 74%] \x1b[32mBuilding CXX object CMakeFiles/gazebo_msgs__rosidl_typesupport_introspection_cpp.dir/rosidl_typesupport_introspection_cpp/gazebo_msgs/srv/detail/set_light_properties__type_support.cpp.o\x1b[0m\n'}
[120.982144] (-) TimerEvent: {}
[121.082969] (-) TimerEvent: {}
[121.183905] (-) TimerEvent: {}
[121.284971] (-) TimerEvent: {}
[121.330741] (gazebo_msgs) StdoutLine: {'line': b'[ 75%] \x1b[32mBuilding CXX object CMakeFiles/gazebo_msgs__rosidl_typesupport_introspection_cpp.dir/rosidl_typesupport_introspection_cpp/gazebo_msgs/srv/detail/set_link_properties__type_support.cpp.o\x1b[0m\n'}
[121.385243] (-) TimerEvent: {}
[121.493394] (-) TimerEvent: {}
[121.594476] (-) TimerEvent: {}
[121.695426] (-) TimerEvent: {}
[121.795190] (gazebo_msgs) StdoutLine: {'line': b'[ 75%] \x1b[32mBuilding CXX object CMakeFiles/gazebo_msgs__rosidl_typesupport_introspection_cpp.dir/rosidl_typesupport_introspection_cpp/gazebo_msgs/srv/detail/set_link_state__type_support.cpp.o\x1b[0m\n'}
[121.796024] (-) TimerEvent: {}
[121.896911] (-) TimerEvent: {}
[121.974142] (gazebo_msgs) StdoutLine: {'line': b'[ 75%] \x1b[32mBuilding CXX object CMakeFiles/gazebo_msgs__rosidl_typesupport_fastrtps_c.dir/rosidl_typesupport_fastrtps_c/gazebo_msgs/srv/detail/get_model_properties__type_support_c.cpp.o\x1b[0m\n'}
[121.997185] (-) TimerEvent: {}
[122.040440] (gazebo_msgs) StdoutLine: {'line': b'[ 75%] \x1b[32mBuilding CXX object CMakeFiles/gazebo_msgs__rosidl_typesupport_fastrtps_cpp.dir/rosidl_typesupport_fastrtps_cpp/gazebo_msgs/srv/detail/dds_fastrtps/get_joint_properties__type_support.cpp.o\x1b[0m\n'}
[122.097482] (-) TimerEvent: {}
[122.198457] (-) TimerEvent: {}
[122.299467] (-) TimerEvent: {}
[122.400519] (-) TimerEvent: {}
[122.501491] (-) TimerEvent: {}
[122.602478] (-) TimerEvent: {}
[122.703511] (-) TimerEvent: {}
[122.804558] (-) TimerEvent: {}
[122.906716] (-) TimerEvent: {}
[123.007815] (-) TimerEvent: {}
[123.108915] (-) TimerEvent: {}
[123.209948] (-) TimerEvent: {}
[123.310968] (-) TimerEvent: {}
[123.411988] (-) TimerEvent: {}
[123.414067] (gazebo_msgs) StdoutLine: {'line': b'[ 75%] \x1b[32mBuilding CXX object CMakeFiles/gazebo_msgs__rosidl_typesupport_introspection_cpp.dir/rosidl_typesupport_introspection_cpp/gazebo_msgs/srv/detail/set_model_configuration__type_support.cpp.o\x1b[0m\n'}
[123.512298] (-) TimerEvent: {}
[123.600182] (gazebo_msgs) StdoutLine: {'line': b'[ 75%] \x1b[32mBuilding CXX object CMakeFiles/gazebo_msgs__rosidl_typesupport_introspection_cpp.dir/rosidl_typesupport_introspection_cpp/gazebo_msgs/srv/detail/set_model_state__type_support.cpp.o\x1b[0m\n'}
[123.612548] (-) TimerEvent: {}
[123.713589] (-) TimerEvent: {}
[123.814562] (-) TimerEvent: {}
[123.893082] (gazebo_msgs) StdoutLine: {'line': b'[ 76%] \x1b[32mBuilding CXX object CMakeFiles/gazebo_msgs__rosidl_typesupport_introspection_cpp.dir/rosidl_typesupport_introspection_cpp/gazebo_msgs/srv/detail/set_physics_properties__type_support.cpp.o\x1b[0m\n'}
[123.914905] (-) TimerEvent: {}
[124.015904] (-) TimerEvent: {}
[124.116904] (-) TimerEvent: {}
[124.217861] (-) TimerEvent: {}
[124.318844] (-) TimerEvent: {}
[124.419798] (-) TimerEvent: {}
[124.456096] (gazebo_msgs) StdoutLine: {'line': b'[ 76%] \x1b[32mBuilding CXX object CMakeFiles/gazebo_msgs__rosidl_typesupport_introspection_cpp.dir/rosidl_typesupport_introspection_cpp/gazebo_msgs/srv/detail/spawn_entity__type_support.cpp.o\x1b[0m\n'}
[124.520068] (-) TimerEvent: {}
[124.621270] (-) TimerEvent: {}
[124.722408] (-) TimerEvent: {}
[124.774905] (gazebo_msgs) StdoutLine: {'line': b'[ 76%] \x1b[32mBuilding CXX object CMakeFiles/gazebo_msgs__rosidl_typesupport_fastrtps_c.dir/rosidl_typesupport_fastrtps_c/gazebo_msgs/srv/detail/get_model_state__type_support_c.cpp.o\x1b[0m\n'}
[124.822670] (-) TimerEvent: {}
[124.923673] (-) TimerEvent: {}
[125.024828] (-) TimerEvent: {}
[125.125855] (-) TimerEvent: {}
[125.226773] (-) TimerEvent: {}
[125.237537] (gazebo_msgs) StdoutLine: {'line': b'[ 76%] \x1b[32mBuilding CXX object CMakeFiles/gazebo_msgs__rosidl_typesupport_fastrtps_cpp.dir/rosidl_typesupport_fastrtps_cpp/gazebo_msgs/srv/detail/dds_fastrtps/get_entity_state__type_support.cpp.o\x1b[0m\n'}
[125.327050] (-) TimerEvent: {}
[125.428188] (-) TimerEvent: {}
[125.529315] (-) TimerEvent: {}
[125.630391] (-) TimerEvent: {}
[125.731454] (-) TimerEvent: {}
[125.832513] (-) TimerEvent: {}
[125.933549] (-) TimerEvent: {}
[126.034655] (-) TimerEvent: {}
[126.135717] (-) TimerEvent: {}
[126.238163] (-) TimerEvent: {}
[126.339100] (-) TimerEvent: {}
[126.437880] (gazebo_msgs) StdoutLine: {'line': b'[ 76%] \x1b[32mBuilding CXX object CMakeFiles/gazebo_msgs__rosidl_typesupport_introspection_cpp.dir/rosidl_typesupport_introspection_cpp/gazebo_msgs/srv/detail/spawn_model__type_support.cpp.o\x1b[0m\n'}
[126.439270] (-) TimerEvent: {}
[126.499877] (gazebo_msgs) StdoutLine: {'line': b'[ 77%] \x1b[32mBuilding CXX object CMakeFiles/gazebo_msgs__rosidl_typesupport_fastrtps_cpp.dir/rosidl_typesupport_fastrtps_cpp/gazebo_msgs/srv/detail/dds_fastrtps/get_light_properties__type_support.cpp.o\x1b[0m\n'}
[126.539567] (-) TimerEvent: {}
[126.640683] (-) TimerEvent: {}
[126.682951] (gazebo_msgs) StdoutLine: {'line': b'[ 78%] \x1b[32mBuilding CXX object CMakeFiles/gazebo_msgs__rosidl_typesupport_fastrtps_c.dir/rosidl_typesupport_fastrtps_c/gazebo_msgs/srv/detail/get_physics_properties__type_support_c.cpp.o\x1b[0m\n'}
[126.740954] (-) TimerEvent: {}
[126.841974] (-) TimerEvent: {}
[126.942978] (-) TimerEvent: {}
[127.044023] (-) TimerEvent: {}
[127.145149] (-) TimerEvent: {}
[127.246182] (-) TimerEvent: {}
[127.345574] (gazebo_msgs) StdoutLine: {'line': b'[ 78%] \x1b[32mBuilding CXX object CMakeFiles/gazebo_msgs__rosidl_typesupport_fastrtps_cpp.dir/rosidl_typesupport_fastrtps_cpp/gazebo_msgs/srv/detail/dds_fastrtps/get_link_properties__type_support.cpp.o\x1b[0m\n'}
[127.346403] (-) TimerEvent: {}
[127.354109] (gazebo_msgs) StdoutLine: {'line': b'[ 78%] \x1b[32mBuilding CXX object CMakeFiles/gazebo_msgs__rosidl_typesupport_fastrtps_c.dir/rosidl_typesupport_fastrtps_c/gazebo_msgs/srv/detail/get_world_properties__type_support_c.cpp.o\x1b[0m\n'}
[127.446715] (-) TimerEvent: {}
[127.547750] (-) TimerEvent: {}
[127.648847] (-) TimerEvent: {}
[127.751020] (-) TimerEvent: {}
[127.852009] (-) TimerEvent: {}
[127.953126] (-) TimerEvent: {}
[128.054177] (-) TimerEvent: {}
[128.155262] (-) TimerEvent: {}
[128.256579] (-) TimerEvent: {}
[128.292365] (gazebo_msgs) StdoutLine: {'line': b'[ 78%] \x1b[32mBuilding CXX object CMakeFiles/gazebo_msgs__rosidl_typesupport_fastrtps_c.dir/rosidl_typesupport_fastrtps_c/gazebo_msgs/srv/detail/joint_request__type_support_c.cpp.o\x1b[0m\n'}
[128.356873] (-) TimerEvent: {}
[128.457925] (-) TimerEvent: {}
[128.558981] (-) TimerEvent: {}
[128.659980] (-) TimerEvent: {}
[128.760969] (-) TimerEvent: {}
[128.861922] (-) TimerEvent: {}
[128.962892] (-) TimerEvent: {}
[129.063897] (-) TimerEvent: {}
[129.095804] (gazebo_msgs) StdoutLine: {'line': b'[ 79%] \x1b[32m\x1b[1mLinking CXX shared library libgazebo_msgs__rosidl_typesupport_introspection_cpp.so\x1b[0m\n'}
[129.164167] (-) TimerEvent: {}
[129.182888] (gazebo_msgs) StdoutLine: {'line': b'[ 79%] \x1b[32mBuilding CXX object CMakeFiles/gazebo_msgs__rosidl_typesupport_fastrtps_c.dir/rosidl_typesupport_fastrtps_c/gazebo_msgs/srv/detail/link_request__type_support_c.cpp.o\x1b[0m\n'}
[129.264503] (-) TimerEvent: {}
[129.365554] (-) TimerEvent: {}
[129.421669] (gazebo_msgs) StdoutLine: {'line': b'[ 79%] \x1b[32mBuilding CXX object CMakeFiles/gazebo_msgs__rosidl_typesupport_fastrtps_cpp.dir/rosidl_typesupport_fastrtps_cpp/gazebo_msgs/srv/detail/dds_fastrtps/get_link_state__type_support.cpp.o\x1b[0m\n'}
[129.465846] (-) TimerEvent: {}
[129.566778] (-) TimerEvent: {}
[129.667848] (-) TimerEvent: {}
[129.769002] (-) TimerEvent: {}
[129.826056] (gazebo_msgs) StdoutLine: {'line': b'[ 80%] \x1b[32mBuilding CXX object CMakeFiles/gazebo_msgs__rosidl_typesupport_fastrtps_c.dir/rosidl_typesupport_fastrtps_c/gazebo_msgs/srv/detail/set_entity_state__type_support_c.cpp.o\x1b[0m\n'}
[129.869309] (-) TimerEvent: {}
[129.891360] (gazebo_msgs) StdoutLine: {'line': b'[ 80%] Built target gazebo_msgs__rosidl_typesupport_introspection_cpp\n'}
[129.969565] (-) TimerEvent: {}
[130.070510] (-) TimerEvent: {}
[130.171592] (-) TimerEvent: {}
[130.238988] (gazebo_msgs) StdoutLine: {'line': b'[ 81%] \x1b[32mBuilding CXX object CMakeFiles/gazebo_msgs__rosidl_typesupport_fastrtps_cpp.dir/rosidl_typesupport_fastrtps_cpp/gazebo_msgs/srv/detail/dds_fastrtps/get_model_list__type_support.cpp.o\x1b[0m\n'}
[130.271848] (-) TimerEvent: {}
[130.372902] (-) TimerEvent: {}
[130.474213] (-) TimerEvent: {}
[130.575792] (-) TimerEvent: {}
[130.677489] (-) TimerEvent: {}
[130.735959] (gazebo_msgs) StdoutLine: {'line': b'[ 81%] \x1b[32mBuilding CXX object CMakeFiles/gazebo_msgs__rosidl_typesupport_fastrtps_c.dir/rosidl_typesupport_fastrtps_c/gazebo_msgs/srv/detail/set_joint_properties__type_support_c.cpp.o\x1b[0m\n'}
[130.736905] (gazebo_msgs) StdoutLine: {'line': b'[ 81%] \x1b[32mBuilding CXX object CMakeFiles/gazebo_msgs__rosidl_typesupport_fastrtps_cpp.dir/rosidl_typesupport_fastrtps_cpp/gazebo_msgs/srv/detail/dds_fastrtps/get_model_properties__type_support.cpp.o\x1b[0m\n'}
[130.777776] (-) TimerEvent: {}
[130.878720] (-) TimerEvent: {}
[130.980795] (-) TimerEvent: {}
[131.081699] (-) TimerEvent: {}
[131.182734] (-) TimerEvent: {}
[131.283748] (-) TimerEvent: {}
[131.386017] (-) TimerEvent: {}
[131.487057] (-) TimerEvent: {}
[131.588128] (-) TimerEvent: {}
[131.642136] (gazebo_msgs) StdoutLine: {'line': b'[ 81%] \x1b[32mBuilding CXX object CMakeFiles/gazebo_msgs__rosidl_typesupport_fastrtps_c.dir/rosidl_typesupport_fastrtps_c/gazebo_msgs/srv/detail/set_joint_trajectory__type_support_c.cpp.o\x1b[0m\n'}
[131.688492] (-) TimerEvent: {}
[131.789458] (-) TimerEvent: {}
[131.890469] (-) TimerEvent: {}
[131.991438] (-) TimerEvent: {}
[132.092511] (-) TimerEvent: {}
[132.193527] (-) TimerEvent: {}
[132.294684] (-) TimerEvent: {}
[132.395757] (-) TimerEvent: {}
[132.496789] (-) TimerEvent: {}
[132.597774] (-) TimerEvent: {}
[132.698793] (-) TimerEvent: {}
[132.799899] (-) TimerEvent: {}
[132.901196] (-) TimerEvent: {}
[133.004474] (-) TimerEvent: {}
[133.106091] (-) TimerEvent: {}
[133.207971] (-) TimerEvent: {}
[133.310232] (-) TimerEvent: {}
[133.411383] (-) TimerEvent: {}
[133.512522] (-) TimerEvent: {}
[133.613560] (-) TimerEvent: {}
[133.714542] (-) TimerEvent: {}
[133.774597] (gazebo_msgs) StdoutLine: {'line': b'[ 81%] \x1b[32mBuilding CXX object CMakeFiles/gazebo_msgs__rosidl_typesupport_fastrtps_cpp.dir/rosidl_typesupport_fastrtps_cpp/gazebo_msgs/srv/detail/dds_fastrtps/get_physics_properties__type_support.cpp.o\x1b[0m\n'}
[133.814770] (-) TimerEvent: {}
[133.883785] (gazebo_msgs) StdoutLine: {'line': b'[ 81%] \x1b[32mBuilding CXX object CMakeFiles/gazebo_msgs__rosidl_typesupport_fastrtps_c.dir/rosidl_typesupport_fastrtps_c/gazebo_msgs/srv/detail/set_link_state__type_support_c.cpp.o\x1b[0m\n'}
[133.914985] (-) TimerEvent: {}
[134.015932] (-) TimerEvent: {}
[134.116904] (-) TimerEvent: {}
[134.217856] (-) TimerEvent: {}
[134.318851] (-) TimerEvent: {}
[134.419809] (-) TimerEvent: {}
[134.520916] (-) TimerEvent: {}
[134.622042] (-) TimerEvent: {}
[134.723021] (-) TimerEvent: {}
[134.824159] (-) TimerEvent: {}
[134.925218] (-) TimerEvent: {}
[135.026319] (-) TimerEvent: {}
[135.127367] (-) TimerEvent: {}
[135.228428] (-) TimerEvent: {}
[135.329587] (-) TimerEvent: {}
[135.430636] (-) TimerEvent: {}
[135.532154] (-) TimerEvent: {}
[135.633278] (-) TimerEvent: {}
[135.734347] (-) TimerEvent: {}
[135.835443] (-) TimerEvent: {}
[135.899710] (gazebo_msgs) StdoutLine: {'line': b'[ 82%] \x1b[32mBuilding CXX object CMakeFiles/gazebo_msgs__rosidl_typesupport_fastrtps_c.dir/rosidl_typesupport_fastrtps_c/gazebo_msgs/srv/detail/set_link_properties__type_support_c.cpp.o\x1b[0m\n'}
[135.935709] (-) TimerEvent: {}
[136.036889] (-) TimerEvent: {}
[136.129030] (gazebo_msgs) StdoutLine: {'line': b'[ 82%] \x1b[32mBuilding CXX object CMakeFiles/gazebo_msgs__rosidl_typesupport_fastrtps_cpp.dir/rosidl_typesupport_fastrtps_cpp/gazebo_msgs/srv/detail/dds_fastrtps/joint_request__type_support.cpp.o\x1b[0m\n'}
[136.137146] (-) TimerEvent: {}
[136.238836] (-) TimerEvent: {}
[136.339839] (-) TimerEvent: {}
[136.440929] (-) TimerEvent: {}
[136.542097] (-) TimerEvent: {}
[136.643222] (-) TimerEvent: {}
[136.744583] (-) TimerEvent: {}
[136.845746] (-) TimerEvent: {}
[136.946955] (-) TimerEvent: {}
[137.048159] (-) TimerEvent: {}
[137.149443] (-) TimerEvent: {}
[137.250653] (-) TimerEvent: {}
[137.351818] (-) TimerEvent: {}
[137.453257] (-) TimerEvent: {}
[137.554625] (-) TimerEvent: {}
[137.655874] (-) TimerEvent: {}
[137.757167] (-) TimerEvent: {}
[137.858339] (-) TimerEvent: {}
[137.958798] (gazebo_msgs) StdoutLine: {'line': b'[ 82%] \x1b[32mBuilding CXX object CMakeFiles/gazebo_msgs__rosidl_typesupport_fastrtps_c.dir/rosidl_typesupport_fastrtps_c/gazebo_msgs/srv/detail/set_model_configuration__type_support_c.cpp.o\x1b[0m\n'}
[137.959660] (-) TimerEvent: {}
[137.960503] (gazebo_msgs) StdoutLine: {'line': b'[ 82%] \x1b[32mBuilding CXX object CMakeFiles/gazebo_msgs__rosidl_typesupport_fastrtps_cpp.dir/rosidl_typesupport_fastrtps_cpp/gazebo_msgs/srv/detail/dds_fastrtps/link_request__type_support.cpp.o\x1b[0m\n'}
[138.059983] (-) TimerEvent: {}
[138.161064] (-) TimerEvent: {}
[138.262115] (-) TimerEvent: {}
[138.363799] (-) TimerEvent: {}
[138.375952] (gazebo_msgs) StdoutLine: {'line': b'[ 83%] \x1b[32mBuilding CXX object CMakeFiles/gazebo_msgs__rosidl_typesupport_fastrtps_cpp.dir/rosidl_typesupport_fastrtps_cpp/gazebo_msgs/srv/detail/dds_fastrtps/get_world_properties__type_support.cpp.o\x1b[0m\n'}
[138.464033] (-) TimerEvent: {}
[138.568205] (-) TimerEvent: {}
[138.669311] (-) TimerEvent: {}
[138.771264] (-) TimerEvent: {}
[138.872401] (-) TimerEvent: {}
[138.974891] (-) TimerEvent: {}
[139.075935] (-) TimerEvent: {}
[139.176999] (-) TimerEvent: {}
[139.278061] (-) TimerEvent: {}
[139.379075] (-) TimerEvent: {}
[139.388864] (gazebo_msgs) StdoutLine: {'line': b'[ 84%] \x1b[32mBuilding CXX object CMakeFiles/gazebo_msgs__rosidl_typesupport_fastrtps_c.dir/rosidl_typesupport_fastrtps_c/gazebo_msgs/srv/detail/set_model_state__type_support_c.cpp.o\x1b[0m\n'}
[139.479959] (-) TimerEvent: {}
[139.581056] (-) TimerEvent: {}
[139.682189] (-) TimerEvent: {}
[139.783316] (-) TimerEvent: {}
[139.884468] (-) TimerEvent: {}
[139.985595] (-) TimerEvent: {}
[140.086643] (-) TimerEvent: {}
[140.126099] (gazebo_msgs) StdoutLine: {'line': b'[ 84%] \x1b[32mBuilding CXX object CMakeFiles/gazebo_msgs__rosidl_typesupport_fastrtps_c.dir/rosidl_typesupport_fastrtps_c/gazebo_msgs/srv/detail/set_light_properties__type_support_c.cpp.o\x1b[0m\n'}
[140.186972] (-) TimerEvent: {}
[140.287948] (-) TimerEvent: {}
[140.388985] (-) TimerEvent: {}
[140.454346] (gazebo_msgs) StdoutLine: {'line': b'[ 84%] \x1b[32mBuilding CXX object CMakeFiles/gazebo_msgs__rosidl_typesupport_fastrtps_cpp.dir/rosidl_typesupport_fastrtps_cpp/gazebo_msgs/srv/detail/dds_fastrtps/set_entity_state__type_support.cpp.o\x1b[0m\n'}
[140.489271] (-) TimerEvent: {}
[140.590306] (-) TimerEvent: {}
[140.691359] (-) TimerEvent: {}
[140.792389] (-) TimerEvent: {}
[140.893377] (-) TimerEvent: {}
[140.994351] (-) TimerEvent: {}
[141.095347] (-) TimerEvent: {}
[141.103385] (gazebo_msgs) StdoutLine: {'line': b'[ 84%] \x1b[32mBuilding CXX object CMakeFiles/gazebo_msgs__rosidl_typesupport_fastrtps_cpp.dir/rosidl_typesupport_fastrtps_cpp/gazebo_msgs/srv/detail/dds_fastrtps/get_model_state__type_support.cpp.o\x1b[0m\n'}
[141.195705] (-) TimerEvent: {}
[141.296991] (-) TimerEvent: {}
[141.399257] (-) TimerEvent: {}
[141.502688] (-) TimerEvent: {}
[141.581786] (gazebo_msgs) StdoutLine: {'line': b'[ 84%] \x1b[32mBuilding CXX object CMakeFiles/gazebo_msgs__rosidl_typesupport_fastrtps_c.dir/rosidl_typesupport_fastrtps_c/gazebo_msgs/srv/detail/spawn_entity__type_support_c.cpp.o\x1b[0m\n'}
[141.602963] (-) TimerEvent: {}
[141.705237] (-) TimerEvent: {}
[141.806349] (-) TimerEvent: {}
[141.907457] (-) TimerEvent: {}
[142.008668] (-) TimerEvent: {}
[142.109750] (-) TimerEvent: {}
[142.211017] (-) TimerEvent: {}
[142.312136] (-) TimerEvent: {}
[142.374244] (gazebo_msgs) StdoutLine: {'line': b'[ 84%] \x1b[32mBuilding CXX object CMakeFiles/gazebo_msgs__rosidl_typesupport_fastrtps_cpp.dir/rosidl_typesupport_fastrtps_cpp/gazebo_msgs/srv/detail/dds_fastrtps/set_joint_trajectory__type_support.cpp.o\x1b[0m\n'}
[142.375196] (gazebo_msgs) StdoutLine: {'line': b'[ 84%] \x1b[32mBuilding CXX object CMakeFiles/gazebo_msgs__rosidl_typesupport_fastrtps_c.dir/rosidl_typesupport_fastrtps_c/gazebo_msgs/srv/detail/set_physics_properties__type_support_c.cpp.o\x1b[0m\n'}
[142.412546] (-) TimerEvent: {}
[142.513993] (-) TimerEvent: {}
[142.615407] (-) TimerEvent: {}
[142.716482] (-) TimerEvent: {}
[142.817496] (-) TimerEvent: {}
[142.918651] (-) TimerEvent: {}
[143.019683] (-) TimerEvent: {}
[143.047604] (gazebo_msgs) StdoutLine: {'line': b'[ 85%] \x1b[32mBuilding CXX object CMakeFiles/gazebo_msgs__rosidl_typesupport_fastrtps_cpp.dir/rosidl_typesupport_fastrtps_cpp/gazebo_msgs/srv/detail/dds_fastrtps/set_joint_properties__type_support.cpp.o\x1b[0m\n'}
[143.119996] (-) TimerEvent: {}
[143.227303] (-) TimerEvent: {}
[143.334871] (-) TimerEvent: {}
[143.440835] (-) TimerEvent: {}
[143.547255] (-) TimerEvent: {}
[143.654584] (-) TimerEvent: {}
[143.683629] (gazebo_msgs) StdoutLine: {'line': b'[ 85%] \x1b[32mBuilding CXX object CMakeFiles/gazebo_msgs__rosidl_typesupport_fastrtps_cpp.dir/rosidl_typesupport_fastrtps_cpp/gazebo_msgs/srv/detail/dds_fastrtps/set_light_properties__type_support.cpp.o\x1b[0m\n'}
[143.754861] (-) TimerEvent: {}
[143.844737] (gazebo_msgs) StdoutLine: {'line': b'[ 85%] \x1b[32mBuilding CXX object CMakeFiles/gazebo_msgs__rosidl_typesupport_fastrtps_c.dir/rosidl_typesupport_fastrtps_c/gazebo_msgs/srv/detail/spawn_model__type_support_c.cpp.o\x1b[0m\n'}
[143.855137] (-) TimerEvent: {}
[143.956177] (-) TimerEvent: {}
[144.057295] (-) TimerEvent: {}
[144.158331] (-) TimerEvent: {}
[144.259774] (-) TimerEvent: {}
[144.361251] (-) TimerEvent: {}
[144.462327] (-) TimerEvent: {}
[144.563308] (-) TimerEvent: {}
[144.664420] (-) TimerEvent: {}
[144.765579] (-) TimerEvent: {}
[144.866686] (-) TimerEvent: {}
[144.967922] (-) TimerEvent: {}
[145.069780] (-) TimerEvent: {}
[145.170795] (-) TimerEvent: {}
[145.271831] (-) TimerEvent: {}
[145.373085] (-) TimerEvent: {}
[145.474218] (-) TimerEvent: {}
[145.575429] (-) TimerEvent: {}
[145.587266] (gazebo_msgs) StdoutLine: {'line': b'[ 85%] \x1b[32mBuilding CXX object CMakeFiles/gazebo_msgs__rosidl_typesupport_fastrtps_cpp.dir/rosidl_typesupport_fastrtps_cpp/gazebo_msgs/srv/detail/dds_fastrtps/set_model_configuration__type_support.cpp.o\x1b[0m\n'}
[145.675700] (-) TimerEvent: {}
[145.776935] (-) TimerEvent: {}
[145.878048] (-) TimerEvent: {}
[145.979222] (-) TimerEvent: {}
[146.080412] (-) TimerEvent: {}
[146.107822] (gazebo_msgs) StdoutLine: {'line': b'[ 86%] \x1b[32m\x1b[1mLinking CXX shared library libgazebo_msgs__rosidl_typesupport_fastrtps_c.so\x1b[0m\n'}
[146.180554] (-) TimerEvent: {}
[146.281612] (-) TimerEvent: {}
[146.310841] (gazebo_msgs) StdoutLine: {'line': b'[ 86%] \x1b[32mBuilding CXX object CMakeFiles/gazebo_msgs__rosidl_typesupport_fastrtps_cpp.dir/rosidl_typesupport_fastrtps_cpp/gazebo_msgs/srv/detail/dds_fastrtps/set_model_state__type_support.cpp.o\x1b[0m\n'}
[146.381952] (-) TimerEvent: {}
[146.483012] (-) TimerEvent: {}
[146.584152] (-) TimerEvent: {}
[146.602421] (gazebo_msgs) StdoutLine: {'line': b'[ 86%] Built target gazebo_msgs__rosidl_typesupport_fastrtps_c\n'}
[146.684547] (-) TimerEvent: {}
[146.786429] (-) TimerEvent: {}
[146.888394] (-) TimerEvent: {}
[146.989636] (-) TimerEvent: {}
[147.090687] (-) TimerEvent: {}
[147.191852] (-) TimerEvent: {}
[147.293011] (-) TimerEvent: {}
[147.394209] (-) TimerEvent: {}
[147.495547] (-) TimerEvent: {}
[147.596619] (-) TimerEvent: {}
[147.649296] (gazebo_msgs) StdoutLine: {'line': b'[ 86%] \x1b[32mBuilding CXX object CMakeFiles/gazebo_msgs__rosidl_typesupport_fastrtps_cpp.dir/rosidl_typesupport_fastrtps_cpp/gazebo_msgs/srv/detail/dds_fastrtps/spawn_entity__type_support.cpp.o\x1b[0m\n'}
[147.655216] (gazebo_msgs) StdoutLine: {'line': b'[ 87%] \x1b[32mBuilding CXX object CMakeFiles/gazebo_msgs__rosidl_typesupport_fastrtps_cpp.dir/rosidl_typesupport_fastrtps_cpp/gazebo_msgs/srv/detail/dds_fastrtps/set_physics_properties__type_support.cpp.o\x1b[0m\n'}
[147.696919] (-) TimerEvent: {}
[147.797966] (-) TimerEvent: {}
[147.899134] (-) TimerEvent: {}
[148.000370] (-) TimerEvent: {}
[148.101576] (-) TimerEvent: {}
[148.202666] (-) TimerEvent: {}
[148.303793] (-) TimerEvent: {}
[148.404994] (-) TimerEvent: {}
[148.506036] (-) TimerEvent: {}
[148.517904] (gazebo_msgs) StdoutLine: {'line': b'[ 88%] \x1b[32mBuilding CXX object CMakeFiles/gazebo_msgs__rosidl_typesupport_fastrtps_cpp.dir/rosidl_typesupport_fastrtps_cpp/gazebo_msgs/srv/detail/dds_fastrtps/set_link_properties__type_support.cpp.o\x1b[0m\n'}
[148.519621] (gazebo_msgs) StdoutLine: {'line': b'[ 88%] \x1b[32mBuilding CXX object CMakeFiles/gazebo_msgs__rosidl_typesupport_fastrtps_cpp.dir/rosidl_typesupport_fastrtps_cpp/gazebo_msgs/srv/detail/dds_fastrtps/set_link_state__type_support.cpp.o\x1b[0m\n'}
[148.608742] (-) TimerEvent: {}
[148.710238] (-) TimerEvent: {}
[148.723415] (gazebo_msgs) StdoutLine: {'line': b'[ 88%] \x1b[32mBuilding CXX object CMakeFiles/gazebo_msgs__rosidl_typesupport_fastrtps_cpp.dir/rosidl_typesupport_fastrtps_cpp/gazebo_msgs/srv/detail/dds_fastrtps/spawn_model__type_support.cpp.o\x1b[0m\n'}
[148.810501] (-) TimerEvent: {}
[148.912086] (-) TimerEvent: {}
[149.013086] (-) TimerEvent: {}
[149.114177] (-) TimerEvent: {}
[149.215268] (-) TimerEvent: {}
[149.316549] (-) TimerEvent: {}
[149.417592] (-) TimerEvent: {}
[149.518644] (-) TimerEvent: {}
[149.619678] (-) TimerEvent: {}
[149.720879] (-) TimerEvent: {}
[149.821939] (-) TimerEvent: {}
[149.922963] (-) TimerEvent: {}
[150.024013] (-) TimerEvent: {}
[150.125079] (-) TimerEvent: {}
[150.226063] (-) TimerEvent: {}
[150.327108] (-) TimerEvent: {}
[150.428362] (-) TimerEvent: {}
[150.529477] (-) TimerEvent: {}
[150.630626] (-) TimerEvent: {}
[150.732638] (-) TimerEvent: {}
[150.836087] (-) TimerEvent: {}
[150.937411] (-) TimerEvent: {}
[151.038544] (-) TimerEvent: {}
[151.139591] (-) TimerEvent: {}
[151.240812] (-) TimerEvent: {}
[151.324395] (gazebo_msgs) StdoutLine: {'line': b'[ 88%] \x1b[32m\x1b[1mLinking CXX shared library libgazebo_msgs__rosidl_typesupport_fastrtps_cpp.so\x1b[0m\n'}
[151.340958] (-) TimerEvent: {}
[151.441967] (-) TimerEvent: {}
[151.542958] (-) TimerEvent: {}
[151.644061] (-) TimerEvent: {}
[151.745352] (-) TimerEvent: {}
[151.846407] (-) TimerEvent: {}
[151.947536] (-) TimerEvent: {}
[151.953964] (gazebo_msgs) StdoutLine: {'line': b'[ 88%] Built target gazebo_msgs__rosidl_typesupport_fastrtps_cpp\n'}
[152.047823] (-) TimerEvent: {}
[152.063586] (gazebo_msgs) StdoutLine: {'line': b'[ 88%] Built target gazebo_msgs\n'}
[152.148026] (-) TimerEvent: {}
[152.186150] (gazebo_msgs) StdoutLine: {'line': b'[ 88%] \x1b[34m\x1b[1mGenerating Python code for ROS interfaces\x1b[0m\n'}
[152.248296] (-) TimerEvent: {}
[152.349224] (-) TimerEvent: {}
[152.450124] (-) TimerEvent: {}
[152.550966] (-) TimerEvent: {}
[152.651830] (-) TimerEvent: {}
[152.752817] (-) TimerEvent: {}
[152.853756] (-) TimerEvent: {}
[152.954628] (-) TimerEvent: {}
[153.055553] (-) TimerEvent: {}
[153.156577] (-) TimerEvent: {}
[153.257641] (-) TimerEvent: {}
[153.358559] (-) TimerEvent: {}
[153.459489] (-) TimerEvent: {}
[153.560430] (-) TimerEvent: {}
[153.661312] (-) TimerEvent: {}
[153.762267] (-) TimerEvent: {}
[153.863219] (-) TimerEvent: {}
[153.964155] (-) TimerEvent: {}
[154.065141] (-) TimerEvent: {}
[154.166080] (-) TimerEvent: {}
[154.267038] (-) TimerEvent: {}
[154.368081] (-) TimerEvent: {}
[154.469270] (-) TimerEvent: {}
[154.570282] (-) TimerEvent: {}
[154.671277] (-) TimerEvent: {}
[154.772433] (-) TimerEvent: {}
[154.873436] (-) TimerEvent: {}
[154.974334] (-) TimerEvent: {}
[155.075268] (-) TimerEvent: {}
[155.176385] (-) TimerEvent: {}
[155.277326] (-) TimerEvent: {}
[155.378326] (-) TimerEvent: {}
[155.479232] (-) TimerEvent: {}
[155.580211] (-) TimerEvent: {}
[155.681958] (-) TimerEvent: {}
[155.782909] (-) TimerEvent: {}
[155.883853] (-) TimerEvent: {}
[155.984928] (-) TimerEvent: {}
[156.085883] (-) TimerEvent: {}
[156.186776] (-) TimerEvent: {}
[156.287860] (-) TimerEvent: {}
[156.388822] (-) TimerEvent: {}
[156.489805] (-) TimerEvent: {}
[156.590809] (-) TimerEvent: {}
[156.691794] (-) TimerEvent: {}
[156.792791] (-) TimerEvent: {}
[156.893616] (-) TimerEvent: {}
[156.994634] (-) TimerEvent: {}
[157.095619] (-) TimerEvent: {}
[157.196713] (-) TimerEvent: {}
[157.297695] (-) TimerEvent: {}
[157.398620] (-) TimerEvent: {}
[157.499582] (-) TimerEvent: {}
[157.600601] (-) TimerEvent: {}
[157.701540] (-) TimerEvent: {}
[157.802532] (-) TimerEvent: {}
[157.903401] (-) TimerEvent: {}
[158.004402] (-) TimerEvent: {}
[158.105406] (-) TimerEvent: {}
[158.206327] (-) TimerEvent: {}
[158.307307] (-) TimerEvent: {}
[158.408323] (-) TimerEvent: {}
[158.509267] (-) TimerEvent: {}
[158.610279] (-) TimerEvent: {}
[158.711419] (-) TimerEvent: {}
[158.812390] (-) TimerEvent: {}
[158.913376] (-) TimerEvent: {}
[159.014430] (-) TimerEvent: {}
[159.115394] (-) TimerEvent: {}
[159.216394] (-) TimerEvent: {}
[159.317485] (-) TimerEvent: {}
[159.418441] (-) TimerEvent: {}
[159.519391] (-) TimerEvent: {}
[159.620425] (-) TimerEvent: {}
[159.721401] (-) TimerEvent: {}
[159.822381] (-) TimerEvent: {}
[159.923340] (-) TimerEvent: {}
[160.024454] (-) TimerEvent: {}
[160.125414] (-) TimerEvent: {}
[160.226436] (-) TimerEvent: {}
[160.327407] (-) TimerEvent: {}
[160.428593] (-) TimerEvent: {}
[160.529587] (-) TimerEvent: {}
[160.630603] (-) TimerEvent: {}
[160.731585] (-) TimerEvent: {}
[160.832638] (-) TimerEvent: {}
[160.933787] (-) TimerEvent: {}
[161.034783] (-) TimerEvent: {}
[161.135755] (-) TimerEvent: {}
[161.237087] (-) TimerEvent: {}
[161.338219] (-) TimerEvent: {}
[161.439330] (-) TimerEvent: {}
[161.540418] (-) TimerEvent: {}
[161.641327] (-) TimerEvent: {}
[161.742239] (-) TimerEvent: {}
[161.843199] (-) TimerEvent: {}
[161.944106] (-) TimerEvent: {}
[162.045073] (-) TimerEvent: {}
[162.146034] (-) TimerEvent: {}
[162.246969] (-) TimerEvent: {}
[162.347915] (-) TimerEvent: {}
[162.448835] (-) TimerEvent: {}
[162.550853] (-) TimerEvent: {}
[162.651736] (-) TimerEvent: {}
[162.752680] (-) TimerEvent: {}
[162.853488] (-) TimerEvent: {}
[162.954467] (-) TimerEvent: {}
[163.055370] (-) TimerEvent: {}
[163.156414] (-) TimerEvent: {}
[163.257250] (-) TimerEvent: {}
[163.358160] (-) TimerEvent: {}
[163.459116] (-) TimerEvent: {}
[163.559963] (-) TimerEvent: {}
[163.660950] (-) TimerEvent: {}
[163.761886] (-) TimerEvent: {}
[163.862798] (-) TimerEvent: {}
[163.963694] (-) TimerEvent: {}
[164.064747] (-) TimerEvent: {}
[164.165698] (-) TimerEvent: {}
[164.266651] (-) TimerEvent: {}
[164.367572] (-) TimerEvent: {}
[164.468577] (-) TimerEvent: {}
[164.569547] (-) TimerEvent: {}
[164.670510] (-) TimerEvent: {}
[164.771453] (-) TimerEvent: {}
[164.872450] (-) TimerEvent: {}
[164.973416] (-) TimerEvent: {}
[165.074368] (-) TimerEvent: {}
[165.175240] (-) TimerEvent: {}
[165.276138] (-) TimerEvent: {}
[165.377155] (-) TimerEvent: {}
[165.478102] (-) TimerEvent: {}
[165.578947] (-) TimerEvent: {}
[165.679892] (-) TimerEvent: {}
[165.780825] (-) TimerEvent: {}
[165.881758] (-) TimerEvent: {}
[165.982694] (-) TimerEvent: {}
[166.083650] (-) TimerEvent: {}
[166.184759] (-) TimerEvent: {}
[166.285694] (-) TimerEvent: {}
[166.386669] (-) TimerEvent: {}
[166.487568] (-) TimerEvent: {}
[166.588560] (-) TimerEvent: {}
[166.689490] (-) TimerEvent: {}
[166.790419] (-) TimerEvent: {}
[166.891397] (-) TimerEvent: {}
[166.992342] (-) TimerEvent: {}
[167.093240] (-) TimerEvent: {}
[167.194190] (-) TimerEvent: {}
[167.295141] (-) TimerEvent: {}
[167.396061] (-) TimerEvent: {}
[167.497053] (-) TimerEvent: {}
[167.598057] (-) TimerEvent: {}
[167.698978] (-) TimerEvent: {}
[167.799929] (-) TimerEvent: {}
[167.900925] (-) TimerEvent: {}
[168.001837] (-) TimerEvent: {}
[168.102746] (-) TimerEvent: {}
[168.203668] (-) TimerEvent: {}
[168.304627] (-) TimerEvent: {}
[168.405580] (-) TimerEvent: {}
[168.506528] (-) TimerEvent: {}
[168.607530] (-) TimerEvent: {}
[168.708573] (-) TimerEvent: {}
[168.809484] (-) TimerEvent: {}
[168.910396] (-) TimerEvent: {}
[169.011340] (-) TimerEvent: {}
[169.112384] (-) TimerEvent: {}
[169.213310] (-) TimerEvent: {}
[169.314226] (-) TimerEvent: {}
[169.415161] (-) TimerEvent: {}
[169.516046] (-) TimerEvent: {}
[169.617001] (-) TimerEvent: {}
[169.717879] (-) TimerEvent: {}
[169.818729] (-) TimerEvent: {}
[169.919632] (-) TimerEvent: {}
[170.020586] (-) TimerEvent: {}
[170.121518] (-) TimerEvent: {}
[170.222483] (-) TimerEvent: {}
[170.323353] (-) TimerEvent: {}
[170.424332] (-) TimerEvent: {}
[170.525250] (-) TimerEvent: {}
[170.626200] (-) TimerEvent: {}
[170.727195] (-) TimerEvent: {}
[170.828080] (-) TimerEvent: {}
[170.929181] (-) TimerEvent: {}
[171.030103] (-) TimerEvent: {}
[171.131029] (-) TimerEvent: {}
[171.231954] (-) TimerEvent: {}
[171.332919] (-) TimerEvent: {}
[171.434106] (-) TimerEvent: {}
[171.535215] (-) TimerEvent: {}
[171.636635] (-) TimerEvent: {}
[171.737472] (-) TimerEvent: {}
[171.838385] (-) TimerEvent: {}
[171.939290] (-) TimerEvent: {}
[172.040132] (-) TimerEvent: {}
[172.141063] (-) TimerEvent: {}
[172.242074] (-) TimerEvent: {}
[172.343027] (-) TimerEvent: {}
[172.443964] (-) TimerEvent: {}
[172.544943] (-) TimerEvent: {}
[172.645776] (-) TimerEvent: {}
[172.746733] (-) TimerEvent: {}
[172.847646] (-) TimerEvent: {}
[172.948640] (-) TimerEvent: {}
[173.049574] (-) TimerEvent: {}
[173.150518] (-) TimerEvent: {}
[173.251505] (-) TimerEvent: {}
[173.352410] (-) TimerEvent: {}
[173.453306] (-) TimerEvent: {}
[173.554171] (-) TimerEvent: {}
[173.655069] (-) TimerEvent: {}
[173.755988] (-) TimerEvent: {}
[173.856901] (-) TimerEvent: {}
[173.957835] (-) TimerEvent: {}
[174.058682] (-) TimerEvent: {}
[174.159627] (-) TimerEvent: {}
[174.260703] (-) TimerEvent: {}
[174.361595] (-) TimerEvent: {}
[174.462495] (-) TimerEvent: {}
[174.563463] (-) TimerEvent: {}
[174.664400] (-) TimerEvent: {}
[174.765335] (-) TimerEvent: {}
[174.866212] (-) TimerEvent: {}
[174.967039] (-) TimerEvent: {}
[175.067960] (-) TimerEvent: {}
[175.168958] (-) TimerEvent: {}
[175.269894] (-) TimerEvent: {}
[175.370745] (-) TimerEvent: {}
[175.471649] (-) TimerEvent: {}
[175.572719] (-) TimerEvent: {}
[175.673633] (-) TimerEvent: {}
[175.774526] (-) TimerEvent: {}
[175.875428] (-) TimerEvent: {}
[175.976403] (-) TimerEvent: {}
[176.077364] (-) TimerEvent: {}
[176.178343] (-) TimerEvent: {}
[176.279364] (-) TimerEvent: {}
[176.380439] (-) TimerEvent: {}
[176.481322] (-) TimerEvent: {}
[176.582237] (-) TimerEvent: {}
[176.683108] (-) TimerEvent: {}
[176.784042] (-) TimerEvent: {}
[176.885025] (-) TimerEvent: {}
[176.985930] (-) TimerEvent: {}
[177.086785] (-) TimerEvent: {}
[177.187711] (-) TimerEvent: {}
[177.288758] (-) TimerEvent: {}
[177.389692] (-) TimerEvent: {}
[177.490672] (-) TimerEvent: {}
[177.591707] (-) TimerEvent: {}
[177.692725] (-) TimerEvent: {}
[177.793642] (-) TimerEvent: {}
[177.894706] (-) TimerEvent: {}
[177.995697] (-) TimerEvent: {}
[178.096749] (-) TimerEvent: {}
[178.197625] (-) TimerEvent: {}
[178.298558] (-) TimerEvent: {}
[178.399491] (-) TimerEvent: {}
[178.500470] (-) TimerEvent: {}
[178.601448] (-) TimerEvent: {}
[178.702358] (-) TimerEvent: {}
[178.803320] (-) TimerEvent: {}
[178.904185] (-) TimerEvent: {}
[179.005129] (-) TimerEvent: {}
[179.106041] (-) TimerEvent: {}
[179.206935] (-) TimerEvent: {}
[179.307857] (-) TimerEvent: {}
[179.408823] (-) TimerEvent: {}
[179.509778] (-) TimerEvent: {}
[179.610804] (-) TimerEvent: {}
[179.711751] (-) TimerEvent: {}
[179.812789] (-) TimerEvent: {}
[179.913746] (-) TimerEvent: {}
[180.014788] (-) TimerEvent: {}
[180.115695] (-) TimerEvent: {}
[180.216682] (-) TimerEvent: {}
[180.317610] (-) TimerEvent: {}
[180.418557] (-) TimerEvent: {}
[180.519524] (-) TimerEvent: {}
[180.620548] (-) TimerEvent: {}
[180.721542] (-) TimerEvent: {}
[180.822569] (-) TimerEvent: {}
[180.923672] (-) TimerEvent: {}
[181.024727] (-) TimerEvent: {}
[181.125693] (-) TimerEvent: {}
[181.226664] (-) TimerEvent: {}
[181.327617] (-) TimerEvent: {}
[181.428636] (-) TimerEvent: {}
[181.529583] (-) TimerEvent: {}
[181.630822] (-) TimerEvent: {}
[181.731735] (-) TimerEvent: {}
[181.832796] (-) TimerEvent: {}
[181.933910] (-) TimerEvent: {}
[182.035087] (-) TimerEvent: {}
[182.136451] (-) TimerEvent: {}
[182.237706] (-) TimerEvent: {}
[182.338686] (-) TimerEvent: {}
[182.439658] (-) TimerEvent: {}
[182.540676] (-) TimerEvent: {}
[182.641671] (-) TimerEvent: {}
[182.742614] (-) TimerEvent: {}
[182.843557] (-) TimerEvent: {}
[182.944574] (-) TimerEvent: {}
[183.045576] (-) TimerEvent: {}
[183.146509] (-) TimerEvent: {}
[183.247427] (-) TimerEvent: {}
[183.348426] (-) TimerEvent: {}
[183.449350] (-) TimerEvent: {}
[183.550324] (-) TimerEvent: {}
[183.651311] (-) TimerEvent: {}
[183.752376] (-) TimerEvent: {}
[183.853342] (-) TimerEvent: {}
[183.954342] (-) TimerEvent: {}
[184.055326] (-) TimerEvent: {}
[184.156443] (-) TimerEvent: {}
[184.257478] (-) TimerEvent: {}
[184.358447] (-) TimerEvent: {}
[184.459402] (-) TimerEvent: {}
[184.560434] (-) TimerEvent: {}
[184.661404] (-) TimerEvent: {}
[184.762468] (-) TimerEvent: {}
[184.863493] (-) TimerEvent: {}
[184.964444] (-) TimerEvent: {}
[185.065496] (-) TimerEvent: {}
[185.166461] (-) TimerEvent: {}
[185.267453] (-) TimerEvent: {}
[185.368401] (-) TimerEvent: {}
[185.469360] (-) TimerEvent: {}
[185.570349] (-) TimerEvent: {}
[185.671329] (-) TimerEvent: {}
[185.772368] (-) TimerEvent: {}
[185.873321] (-) TimerEvent: {}
[185.974289] (-) TimerEvent: {}
[186.075236] (-) TimerEvent: {}
[186.176344] (-) TimerEvent: {}
[186.277384] (-) TimerEvent: {}
[186.378394] (-) TimerEvent: {}
[186.479577] (-) TimerEvent: {}
[186.580763] (-) TimerEvent: {}
[186.681757] (-) TimerEvent: {}
[186.782880] (-) TimerEvent: {}
[186.883966] (-) TimerEvent: {}
[186.985092] (-) TimerEvent: {}
[187.086059] (-) TimerEvent: {}
[187.187040] (-) TimerEvent: {}
[187.288028] (-) TimerEvent: {}
[187.389068] (-) TimerEvent: {}
[187.490018] (-) TimerEvent: {}
[187.590994] (-) TimerEvent: {}
[187.691922] (-) TimerEvent: {}
[187.792970] (-) TimerEvent: {}
[187.893850] (-) TimerEvent: {}
[187.994817] (-) TimerEvent: {}
[188.095799] (-) TimerEvent: {}
[188.196806] (-) TimerEvent: {}
[188.297833] (-) TimerEvent: {}
[188.398834] (-) TimerEvent: {}
[188.499816] (-) TimerEvent: {}
[188.600848] (-) TimerEvent: {}
[188.701841] (-) TimerEvent: {}
[188.802819] (-) TimerEvent: {}
[188.903879] (-) TimerEvent: {}
[189.004892] (-) TimerEvent: {}
[189.105863] (-) TimerEvent: {}
[189.206741] (-) TimerEvent: {}
[189.307625] (-) TimerEvent: {}
[189.408695] (-) TimerEvent: {}
[189.509576] (-) TimerEvent: {}
[189.610573] (-) TimerEvent: {}
[189.711656] (-) TimerEvent: {}
[189.813000] (-) TimerEvent: {}
[189.914091] (-) TimerEvent: {}
[190.015080] (-) TimerEvent: {}
[190.116176] (-) TimerEvent: {}
[190.217219] (-) TimerEvent: {}
[190.318230] (-) TimerEvent: {}
[190.419234] (-) TimerEvent: {}
[190.520127] (-) TimerEvent: {}
[190.621152] (-) TimerEvent: {}
[190.722158] (-) TimerEvent: {}
[190.823101] (-) TimerEvent: {}
[190.923993] (-) TimerEvent: {}
[191.025015] (-) TimerEvent: {}
[191.125993] (-) TimerEvent: {}
[191.226999] (-) TimerEvent: {}
[191.327912] (-) TimerEvent: {}
[191.428931] (-) TimerEvent: {}
[191.529930] (-) TimerEvent: {}
[191.630861] (-) TimerEvent: {}
[191.731805] (-) TimerEvent: {}
[191.832778] (-) TimerEvent: {}
[191.933725] (-) TimerEvent: {}
[192.034664] (-) TimerEvent: {}
[192.135611] (-) TimerEvent: {}
[192.236778] (-) TimerEvent: {}
[192.337690] (-) TimerEvent: {}
[192.438561] (-) TimerEvent: {}
[192.539492] (-) TimerEvent: {}
[192.640428] (-) TimerEvent: {}
[192.741475] (-) TimerEvent: {}
[192.842425] (-) TimerEvent: {}
[192.943349] (-) TimerEvent: {}
[193.044377] (-) TimerEvent: {}
[193.145270] (-) TimerEvent: {}
[193.246158] (-) TimerEvent: {}
[193.347069] (-) TimerEvent: {}
[193.447956] (-) TimerEvent: {}
[193.548907] (-) TimerEvent: {}
[193.649850] (-) TimerEvent: {}
[193.750753] (-) TimerEvent: {}
[193.851705] (-) TimerEvent: {}
[193.952686] (-) TimerEvent: {}
[194.053523] (-) TimerEvent: {}
[194.154423] (-) TimerEvent: {}
[194.255323] (-) TimerEvent: {}
[194.356407] (-) TimerEvent: {}
[194.457349] (-) TimerEvent: {}
[194.558286] (-) TimerEvent: {}
[194.659173] (-) TimerEvent: {}
[194.760077] (-) TimerEvent: {}
[194.861040] (-) TimerEvent: {}
[194.961976] (-) TimerEvent: {}
[195.062896] (-) TimerEvent: {}
[195.163813] (-) TimerEvent: {}
[195.264829] (-) TimerEvent: {}
[195.366033] (-) TimerEvent: {}
[195.467145] (-) TimerEvent: {}
[195.568387] (-) TimerEvent: {}
[195.669719] (-) TimerEvent: {}
[195.770811] (-) TimerEvent: {}
[195.871895] (-) TimerEvent: {}
[195.973023] (-) TimerEvent: {}
[195.997574] (gazebo_msgs) StdoutLine: {'line': b'[ 88%] Built target gazebo_msgs__py\n'}
[196.073208] (-) TimerEvent: {}
[196.122108] (gazebo_msgs) StdoutLine: {'line': b'[ 89%] \x1b[32mBuilding C object CMakeFiles/gazebo_msgs__rosidl_generator_py.dir/rosidl_generator_py/gazebo_msgs/msg/_contact_state_s.c.o\x1b[0m\n'}
[196.125968] (gazebo_msgs) StdoutLine: {'line': b'[ 89%] \x1b[32mBuilding C object CMakeFiles/gazebo_msgs__rosidl_generator_py.dir/rosidl_generator_py/gazebo_msgs/msg/_entity_state_s.c.o\x1b[0m\n'}
[196.128305] (gazebo_msgs) StdoutLine: {'line': b'[ 89%] \x1b[32mBuilding C object CMakeFiles/gazebo_msgs__rosidl_generator_py.dir/rosidl_generator_py/gazebo_msgs/msg/_link_state_s.c.o\x1b[0m\n'}
[196.131650] (gazebo_msgs) StdoutLine: {'line': b'[ 89%] \x1b[32mBuilding C object CMakeFiles/gazebo_msgs__rosidl_generator_py.dir/rosidl_generator_py/gazebo_msgs/msg/_model_state_s.c.o\x1b[0m\n'}
[196.135036] (gazebo_msgs) StdoutLine: {'line': b'[ 89%] \x1b[32mBuilding C object CMakeFiles/gazebo_msgs__rosidl_generator_py.dir/rosidl_generator_py/gazebo_msgs/msg/_contacts_state_s.c.o\x1b[0m\n'}
[196.137342] (gazebo_msgs) StdoutLine: {'line': b'[ 90%] \x1b[32mBuilding C object CMakeFiles/gazebo_msgs__rosidl_generator_py.dir/rosidl_generator_py/gazebo_msgs/msg/_link_states_s.c.o\x1b[0m\n'}
[196.173474] (-) TimerEvent: {}
[196.274427] (-) TimerEvent: {}
[196.375367] (-) TimerEvent: {}
[196.476348] (-) TimerEvent: {}
[196.577466] (-) TimerEvent: {}
[196.678363] (-) TimerEvent: {}
[196.779497] (-) TimerEvent: {}
[196.880533] (-) TimerEvent: {}
[196.906524] (gazebo_msgs) StdoutLine: {'line': b'[ 90%] \x1b[32mBuilding C object CMakeFiles/gazebo_msgs__rosidl_generator_py.dir/rosidl_generator_py/gazebo_msgs/msg/_model_states_s.c.o\x1b[0m\n'}
[196.922459] (gazebo_msgs) StdoutLine: {'line': b'[ 90%] \x1b[32mBuilding C object CMakeFiles/gazebo_msgs__rosidl_generator_py.dir/rosidl_generator_py/gazebo_msgs/msg/_ode_joint_properties_s.c.o\x1b[0m\n'}
[196.957590] (gazebo_msgs) StdoutLine: {'line': b'[ 91%] \x1b[32mBuilding C object CMakeFiles/gazebo_msgs__rosidl_generator_py.dir/rosidl_generator_py/gazebo_msgs/msg/_ode_physics_s.c.o\x1b[0m\n'}
[196.977011] (gazebo_msgs) StdoutLine: {'line': b'[ 91%] \x1b[32mBuilding C object CMakeFiles/gazebo_msgs__rosidl_generator_py.dir/rosidl_generator_py/gazebo_msgs/msg/_performance_metrics_s.c.o\x1b[0m\n'}
[196.980747] (-) TimerEvent: {}
[197.028923] (gazebo_msgs) StdoutLine: {'line': b'[ 91%] \x1b[32mBuilding C object CMakeFiles/gazebo_msgs__rosidl_generator_py.dir/rosidl_generator_py/gazebo_msgs/msg/_sensor_performance_metric_s.c.o\x1b[0m\n'}
[197.062862] (gazebo_msgs) StdoutLine: {'line': b'[ 92%] \x1b[32mBuilding C object CMakeFiles/gazebo_msgs__rosidl_generator_py.dir/rosidl_generator_py/gazebo_msgs/msg/_wheel_slip_s.c.o\x1b[0m\n'}
[197.080970] (-) TimerEvent: {}
[197.181860] (-) TimerEvent: {}
[197.282752] (-) TimerEvent: {}
[197.383618] (-) TimerEvent: {}
[197.484473] (-) TimerEvent: {}
[197.585369] (-) TimerEvent: {}
[197.686682] (-) TimerEvent: {}
[197.717997] (gazebo_msgs) StdoutLine: {'line': b'[ 92%] \x1b[32mBuilding C object CMakeFiles/gazebo_msgs__rosidl_generator_py.dir/rosidl_generator_py/gazebo_msgs/msg/_world_state_s.c.o\x1b[0m\n'}
[197.776895] (gazebo_msgs) StdoutLine: {'line': b'[ 92%] \x1b[32mBuilding C object CMakeFiles/gazebo_msgs__rosidl_generator_py.dir/rosidl_generator_py/gazebo_msgs/srv/_apply_body_wrench_s.c.o\x1b[0m\n'}
[197.786908] (-) TimerEvent: {}
[197.844989] (gazebo_msgs) StdoutLine: {'line': b'[ 92%] \x1b[32mBuilding C object CMakeFiles/gazebo_msgs__rosidl_generator_py.dir/rosidl_generator_py/gazebo_msgs/srv/_apply_link_wrench_s.c.o\x1b[0m\n'}
[197.887189] (-) TimerEvent: {}
[197.893276] (gazebo_msgs) StdoutLine: {'line': b'[ 93%] \x1b[32mBuilding C object CMakeFiles/gazebo_msgs__rosidl_generator_py.dir/rosidl_generator_py/gazebo_msgs/srv/_apply_joint_effort_s.c.o\x1b[0m\n'}
[197.932517] (gazebo_msgs) StdoutLine: {'line': b'[ 93%] \x1b[32mBuilding C object CMakeFiles/gazebo_msgs__rosidl_generator_py.dir/rosidl_generator_py/gazebo_msgs/srv/_body_request_s.c.o\x1b[0m\n'}
[197.987439] (-) TimerEvent: {}
[198.088438] (-) TimerEvent: {}
[198.116590] (gazebo_msgs) StdoutLine: {'line': b'[ 93%] \x1b[32mBuilding C object CMakeFiles/gazebo_msgs__rosidl_generator_py.dir/rosidl_generator_py/gazebo_msgs/srv/_delete_entity_s.c.o\x1b[0m\n'}
[198.188665] (-) TimerEvent: {}
[198.289525] (-) TimerEvent: {}
[198.390390] (-) TimerEvent: {}
[198.491229] (-) TimerEvent: {}
[198.592106] (-) TimerEvent: {}
[198.602057] (gazebo_msgs) StdoutLine: {'line': b'[ 93%] \x1b[32mBuilding C object CMakeFiles/gazebo_msgs__rosidl_generator_py.dir/rosidl_generator_py/gazebo_msgs/srv/_delete_light_s.c.o\x1b[0m\n'}
[198.675376] (gazebo_msgs) StdoutLine: {'line': b'[ 94%] \x1b[32mBuilding C object CMakeFiles/gazebo_msgs__rosidl_generator_py.dir/rosidl_generator_py/gazebo_msgs/srv/_delete_model_s.c.o\x1b[0m\n'}
[198.692590] (-) TimerEvent: {}
[198.700977] (gazebo_msgs) StdoutLine: {'line': b'[ 94%] \x1b[32mBuilding C object CMakeFiles/gazebo_msgs__rosidl_generator_py.dir/rosidl_generator_py/gazebo_msgs/srv/_get_joint_properties_s.c.o\x1b[0m\n'}
[198.739680] (gazebo_msgs) StdoutLine: {'line': b'[ 94%] \x1b[32mBuilding C object CMakeFiles/gazebo_msgs__rosidl_generator_py.dir/rosidl_generator_py/gazebo_msgs/srv/_get_entity_state_s.c.o\x1b[0m\n'}
[198.793021] (-) TimerEvent: {}
[198.817595] (gazebo_msgs) StdoutLine: {'line': b'[ 95%] \x1b[32mBuilding C object CMakeFiles/gazebo_msgs__rosidl_generator_py.dir/rosidl_generator_py/gazebo_msgs/srv/_get_light_properties_s.c.o\x1b[0m\n'}
[198.893461] (-) TimerEvent: {}
[198.909243] (gazebo_msgs) StdoutLine: {'line': b'[ 95%] \x1b[32mBuilding C object CMakeFiles/gazebo_msgs__rosidl_generator_py.dir/rosidl_generator_py/gazebo_msgs/srv/_get_link_properties_s.c.o\x1b[0m\n'}
[198.993907] (-) TimerEvent: {}
[199.094793] (-) TimerEvent: {}
[199.195671] (-) TimerEvent: {}
[199.296661] (-) TimerEvent: {}
[199.372070] (gazebo_msgs) StdoutLine: {'line': b'[ 95%] \x1b[32mBuilding C object CMakeFiles/gazebo_msgs__rosidl_generator_py.dir/rosidl_generator_py/gazebo_msgs/srv/_get_link_state_s.c.o\x1b[0m\n'}
[199.396914] (-) TimerEvent: {}
[199.498433] (-) TimerEvent: {}
[199.520288] (gazebo_msgs) StdoutLine: {'line': b'[ 95%] \x1b[32mBuilding C object CMakeFiles/gazebo_msgs__rosidl_generator_py.dir/rosidl_generator_py/gazebo_msgs/srv/_get_model_list_s.c.o\x1b[0m\n'}
[199.527944] (gazebo_msgs) StdoutLine: {'line': b'[ 96%] \x1b[32mBuilding C object CMakeFiles/gazebo_msgs__rosidl_generator_py.dir/rosidl_generator_py/gazebo_msgs/srv/_get_model_properties_s.c.o\x1b[0m\n'}
[199.598667] (-) TimerEvent: {}
[199.675595] (gazebo_msgs) StdoutLine: {'line': b'[ 96%] \x1b[32mBuilding C object CMakeFiles/gazebo_msgs__rosidl_generator_py.dir/rosidl_generator_py/gazebo_msgs/srv/_get_model_state_s.c.o\x1b[0m\n'}
[199.698953] (-) TimerEvent: {}
[199.721070] (gazebo_msgs) StdoutLine: {'line': b'[ 96%] \x1b[32mBuilding C object CMakeFiles/gazebo_msgs__rosidl_generator_py.dir/rosidl_generator_py/gazebo_msgs/srv/_get_physics_properties_s.c.o\x1b[0m\n'}
[199.763666] (gazebo_msgs) StdoutLine: {'line': b'[ 96%] \x1b[32mBuilding C object CMakeFiles/gazebo_msgs__rosidl_generator_py.dir/rosidl_generator_py/gazebo_msgs/srv/_get_world_properties_s.c.o\x1b[0m\n'}
[199.799199] (-) TimerEvent: {}
[199.900133] (-) TimerEvent: {}
[200.001198] (-) TimerEvent: {}
[200.102162] (-) TimerEvent: {}
[200.186702] (gazebo_msgs) StdoutLine: {'line': b'[ 97%] \x1b[32mBuilding C object CMakeFiles/gazebo_msgs__rosidl_generator_py.dir/rosidl_generator_py/gazebo_msgs/srv/_joint_request_s.c.o\x1b[0m\n'}
[200.202424] (-) TimerEvent: {}
[200.297536] (gazebo_msgs) StdoutLine: {'line': b'[ 97%] \x1b[32mBuilding C object CMakeFiles/gazebo_msgs__rosidl_generator_py.dir/rosidl_generator_py/gazebo_msgs/srv/_link_request_s.c.o\x1b[0m\n'}
[200.302637] (-) TimerEvent: {}
[200.403557] (-) TimerEvent: {}
[200.477773] (gazebo_msgs) StdoutLine: {'line': b'[ 97%] \x1b[32mBuilding C object CMakeFiles/gazebo_msgs__rosidl_generator_py.dir/rosidl_generator_py/gazebo_msgs/srv/_set_entity_state_s.c.o\x1b[0m\n'}
[200.503800] (-) TimerEvent: {}
[200.516496] (gazebo_msgs) StdoutLine: {'line': b'[ 98%] \x1b[32mBuilding C object CMakeFiles/gazebo_msgs__rosidl_generator_py.dir/rosidl_generator_py/gazebo_msgs/srv/_set_joint_properties_s.c.o\x1b[0m\n'}
[200.561669] (gazebo_msgs) StdoutLine: {'line': b'[ 98%] \x1b[32mBuilding C object CMakeFiles/gazebo_msgs__rosidl_generator_py.dir/rosidl_generator_py/gazebo_msgs/srv/_set_joint_trajectory_s.c.o\x1b[0m\n'}
[200.604079] (-) TimerEvent: {}
[200.659480] (gazebo_msgs) StdoutLine: {'line': b'[ 98%] \x1b[32mBuilding C object CMakeFiles/gazebo_msgs__rosidl_generator_py.dir/rosidl_generator_py/gazebo_msgs/srv/_set_light_properties_s.c.o\x1b[0m\n'}
[200.704417] (-) TimerEvent: {}
[200.805347] (-) TimerEvent: {}
[200.906310] (-) TimerEvent: {}
[200.984775] (gazebo_msgs) StdoutLine: {'line': b'[ 98%] \x1b[32mBuilding C object CMakeFiles/gazebo_msgs__rosidl_generator_py.dir/rosidl_generator_py/gazebo_msgs/srv/_set_link_properties_s.c.o\x1b[0m\n'}
[201.006595] (-) TimerEvent: {}
[201.030487] (gazebo_msgs) StdoutLine: {'line': b'[ 99%] \x1b[32mBuilding C object CMakeFiles/gazebo_msgs__rosidl_generator_py.dir/rosidl_generator_py/gazebo_msgs/srv/_set_link_state_s.c.o\x1b[0m\n'}
[201.106872] (-) TimerEvent: {}
[201.207818] (-) TimerEvent: {}
[201.245054] (gazebo_msgs) StdoutLine: {'line': b'[ 99%] \x1b[32mBuilding C object CMakeFiles/gazebo_msgs__rosidl_generator_py.dir/rosidl_generator_py/gazebo_msgs/srv/_set_model_configuration_s.c.o\x1b[0m\n'}
[201.308090] (-) TimerEvent: {}
[201.344020] (gazebo_msgs) StdoutLine: {'line': b'[ 99%] \x1b[32mBuilding C object CMakeFiles/gazebo_msgs__rosidl_generator_py.dir/rosidl_generator_py/gazebo_msgs/srv/_set_model_state_s.c.o\x1b[0m\n'}
[201.363784] (gazebo_msgs) StdoutLine: {'line': b'[ 99%] \x1b[32mBuilding C object CMakeFiles/gazebo_msgs__rosidl_generator_py.dir/rosidl_generator_py/gazebo_msgs/srv/_set_physics_properties_s.c.o\x1b[0m\n'}
[201.408396] (-) TimerEvent: {}
[201.460735] (gazebo_msgs) StdoutLine: {'line': b'[100%] \x1b[32mBuilding C object CMakeFiles/gazebo_msgs__rosidl_generator_py.dir/rosidl_generator_py/gazebo_msgs/srv/_spawn_entity_s.c.o\x1b[0m\n'}
[201.508685] (-) TimerEvent: {}
[201.611626] (-) TimerEvent: {}
[201.712899] (-) TimerEvent: {}
[201.814174] (-) TimerEvent: {}
[201.826275] (gazebo_msgs) StdoutLine: {'line': b'[100%] \x1b[32mBuilding C object CMakeFiles/gazebo_msgs__rosidl_generator_py.dir/rosidl_generator_py/gazebo_msgs/srv/_spawn_model_s.c.o\x1b[0m\n'}
[201.914432] (-) TimerEvent: {}
[202.015416] (-) TimerEvent: {}
[202.117053] (-) TimerEvent: {}
[202.218003] (-) TimerEvent: {}
[202.319036] (-) TimerEvent: {}
[202.420019] (-) TimerEvent: {}
[202.521230] (-) TimerEvent: {}
[202.617001] (gazebo_msgs) StdoutLine: {'line': b'[100%] \x1b[32m\x1b[1mLinking C shared library rosidl_generator_py/gazebo_msgs/libgazebo_msgs__rosidl_generator_py.so\x1b[0m\n'}
[202.621413] (-) TimerEvent: {}
[202.722223] (-) TimerEvent: {}
[202.823109] (-) TimerEvent: {}
[202.924142] (-) TimerEvent: {}
[202.965401] (gazebo_msgs) StdoutLine: {'line': b'[100%] Built target gazebo_msgs__rosidl_generator_py\n'}
[203.024459] (-) TimerEvent: {}
[203.075234] (gazebo_msgs) StdoutLine: {'line': b'[100%] \x1b[32mBuilding C object CMakeFiles/gazebo_msgs__rosidl_typesupport_introspection_c__pyext.dir/rosidl_generator_py/gazebo_msgs/_gazebo_msgs_s.ep.rosidl_typesupport_introspection_c.c.o\x1b[0m\n'}
[203.076705] (gazebo_msgs) StdoutLine: {'line': b'[100%] \x1b[32mBuilding C object CMakeFiles/gazebo_msgs__rosidl_typesupport_fastrtps_c__pyext.dir/rosidl_generator_py/gazebo_msgs/_gazebo_msgs_s.ep.rosidl_typesupport_fastrtps_c.c.o\x1b[0m\n'}
[203.077750] (gazebo_msgs) StdoutLine: {'line': b'[100%] \x1b[32mBuilding C object CMakeFiles/gazebo_msgs__rosidl_typesupport_c__pyext.dir/rosidl_generator_py/gazebo_msgs/_gazebo_msgs_s.ep.rosidl_typesupport_c.c.o\x1b[0m\n'}
[203.124726] (-) TimerEvent: {}
[203.225931] (-) TimerEvent: {}
[203.327012] (-) TimerEvent: {}
[203.428120] (-) TimerEvent: {}
[203.529702] (-) TimerEvent: {}
[203.630769] (-) TimerEvent: {}
[203.731866] (-) TimerEvent: {}
[203.832984] (-) TimerEvent: {}
[203.934119] (-) TimerEvent: {}
[204.035139] (-) TimerEvent: {}
[204.136183] (-) TimerEvent: {}
[204.239894] (-) TimerEvent: {}
[204.341082] (-) TimerEvent: {}
[204.442262] (-) TimerEvent: {}
[204.543403] (-) TimerEvent: {}
[204.644912] (-) TimerEvent: {}
[204.746083] (-) TimerEvent: {}
[204.847505] (-) TimerEvent: {}
[204.948855] (-) TimerEvent: {}
[205.050122] (-) TimerEvent: {}
[205.151497] (-) TimerEvent: {}
[205.253645] (-) TimerEvent: {}
[205.334998] (gazebo_msgs) StdoutLine: {'line': b'[100%] \x1b[32m\x1b[1mLinking C shared library rosidl_generator_py/gazebo_msgs/gazebo_msgs_s__rosidl_typesupport_introspection_c.cpython-310-aarch64-linux-gnu.so\x1b[0m\n'}
[205.336054] (gazebo_msgs) StdoutLine: {'line': b'[100%] \x1b[32m\x1b[1mLinking C shared library rosidl_generator_py/gazebo_msgs/gazebo_msgs_s__rosidl_typesupport_c.cpython-310-aarch64-linux-gnu.so\x1b[0m\n'}
[205.353897] (-) TimerEvent: {}
[205.392189] (gazebo_msgs) StdoutLine: {'line': b'[100%] \x1b[32m\x1b[1mLinking C shared library rosidl_generator_py/gazebo_msgs/gazebo_msgs_s__rosidl_typesupport_fastrtps_c.cpython-310-aarch64-linux-gnu.so\x1b[0m\n'}
[205.454201] (-) TimerEvent: {}
[205.555286] (-) TimerEvent: {}
[205.623600] (gazebo_msgs) StdoutLine: {'line': b'[100%] Built target gazebo_msgs__rosidl_typesupport_c__pyext\n'}
[205.628721] (gazebo_msgs) StdoutLine: {'line': b'[100%] Built target gazebo_msgs__rosidl_typesupport_introspection_c__pyext\n'}
[205.655521] (-) TimerEvent: {}
[205.679465] (gazebo_msgs) StdoutLine: {'line': b'[100%] Built target gazebo_msgs__rosidl_typesupport_fastrtps_c__pyext\n'}
[205.749095] (gazebo_msgs) CommandEnded: {'returncode': 0}
[205.754190] (gazebo_msgs) JobProgress: {'identifier': 'gazebo_msgs', 'progress': 'install'}
[205.759097] (gazebo_msgs) Command: {'cmd': ['/usr/bin/cmake', '--install', '/opt/ros/gazebo_ros_build/build/gazebo_msgs'], 'cwd': '/opt/ros/gazebo_ros_build/build/gazebo_msgs', 'env': OrderedDict([('SUDO_GID', '1000'), ('MAIL', '/var/mail/root'), ('USER', 'root'), ('HOSTNAME', 'ubuntu'), ('SHLVL', '1'), ('LD_LIBRARY_PATH', '/opt/ros/humble/opt/rviz_ogre_vendor/lib:/opt/ros/humble/lib/aarch64-linux-gnu:/opt/ros/humble/lib'), ('HOME', '/root'), ('OLDPWD', '/opt/ros/gazebo_ros_build/src'), ('ROS_PYTHON_VERSION', '3'), ('SUDO_UID', '1000'), ('ROS_DISTRO', 'humble'), ('LOGNAME', 'root'), ('_', '/usr/bin/colcon'), ('ROS_VERSION', '2'), ('TERM', 'xterm'), ('ROS_LOCALHOST_ONLY', '0'), ('PATH', '/opt/ros/humble/bin:/usr/local/sbin:/usr/local/bin:/usr/sbin:/usr/bin:/sbin:/bin:/usr/games:/usr/local/games:/snap/bin'), ('DISPLAY', ':0'), ('LANG', 'C.UTF-8'), ('LS_COLORS', 'rs=0:di=01;34:ln=01;36:mh=00:pi=40;33:so=01;35:do=01;35:bd=40;33;01:cd=40;33;01:or=40;31;01:mi=00:su=37;41:sg=30;43:ca=30;41:tw=30;42:ow=34;42:st=37;44:ex=01;32:*.tar=01;31:*.tgz=01;31:*.arc=01;31:*.arj=01;31:*.taz=01;31:*.lha=01;31:*.lz4=01;31:*.lzh=01;31:*.lzma=01;31:*.tlz=01;31:*.txz=01;31:*.tzo=01;31:*.t7z=01;31:*.zip=01;31:*.z=01;31:*.dz=01;31:*.gz=01;31:*.lrz=01;31:*.lz=01;31:*.lzo=01;31:*.xz=01;31:*.zst=01;31:*.tzst=01;31:*.bz2=01;31:*.bz=01;31:*.tbz=01;31:*.tbz2=01;31:*.tz=01;31:*.deb=01;31:*.rpm=01;31:*.jar=01;31:*.war=01;31:*.ear=01;31:*.sar=01;31:*.rar=01;31:*.alz=01;31:*.ace=01;31:*.zoo=01;31:*.cpio=01;31:*.7z=01;31:*.rz=01;31:*.cab=01;31:*.wim=01;31:*.swm=01;31:*.dwm=01;31:*.esd=01;31:*.jpg=01;35:*.jpeg=01;35:*.mjpg=01;35:*.mjpeg=01;35:*.gif=01;35:*.bmp=01;35:*.pbm=01;35:*.pgm=01;35:*.ppm=01;35:*.tga=01;35:*.xbm=01;35:*.xpm=01;35:*.tif=01;35:*.tiff=01;35:*.png=01;35:*.svg=01;35:*.svgz=01;35:*.mng=01;35:*.pcx=01;35:*.mov=01;35:*.mpg=01;35:*.mpeg=01;35:*.m2v=01;35:*.mkv=01;35:*.webm=01;35:*.webp=01;35:*.ogm=01;35:*.mp4=01;35:*.m4v=01;35:*.mp4v=01;35:*.vob=01;35:*.qt=01;35:*.nuv=01;35:*.wmv=01;35:*.asf=01;35:*.rm=01;35:*.rmvb=01;35:*.flc=01;35:*.avi=01;35:*.fli=01;35:*.flv=01;35:*.gl=01;35:*.dl=01;35:*.xcf=01;35:*.xwd=01;35:*.yuv=01;35:*.cgm=01;35:*.emf=01;35:*.ogv=01;35:*.ogx=01;35:*.aac=00;36:*.au=00;36:*.flac=00;36:*.m4a=00;36:*.mid=00;36:*.midi=00;36:*.mka=00;36:*.mp3=00;36:*.mpc=00;36:*.ogg=00;36:*.ra=00;36:*.wav=00;36:*.oga=00;36:*.opus=00;36:*.spx=00;36:*.xspf=00;36:'), ('SUDO_COMMAND', '/usr/bin/su'), ('AMENT_PREFIX_PATH', '/opt/ros/humble'), ('SHELL', '/bin/bash'), ('SUDO_USER', 'ultra'), ('PWD', '/opt/ros/gazebo_ros_build/build/gazebo_msgs'), ('LC_ALL', 'C.UTF-8'), ('PYTHONPATH', '/opt/ros/humble/lib/python3.10/site-packages:/opt/ros/humble/local/lib/python3.10/dist-packages'), ('COLCON', '1'), ('CMAKE_PREFIX_PATH', '/opt/ros/humble')]), 'shell': False}
[205.761687] (-) TimerEvent: {}
[205.804075] (gazebo_msgs) StdoutLine: {'line': b'-- Install configuration: ""\n'}
[205.807132] (gazebo_msgs) StdoutLine: {'line': b'-- Installing: /opt/ros/gazebo_ros_build/install/share/ament_index/resource_index/rosidl_interfaces/gazebo_msgs\n'}
[205.808055] (gazebo_msgs) StdoutLine: {'line': b'-- Installing: /opt/ros/gazebo_ros_build/install/include/gazebo_msgs/gazebo_msgs\n'}
[205.808778] (gazebo_msgs) StdoutLine: {'line': b'-- Installing: /opt/ros/gazebo_ros_build/install/include/gazebo_msgs/gazebo_msgs/msg\n'}
[205.809266] (gazebo_msgs) StdoutLine: {'line': b'-- Installing: /opt/ros/gazebo_ros_build/install/include/gazebo_msgs/gazebo_msgs/msg/model_state.h\n'}
[205.810071] (gazebo_msgs) StdoutLine: {'line': b'-- Installing: /opt/ros/gazebo_ros_build/install/include/gazebo_msgs/gazebo_msgs/msg/contacts_state.h\n'}
[205.810666] (gazebo_msgs) StdoutLine: {'line': b'-- Installing: /opt/ros/gazebo_ros_build/install/include/gazebo_msgs/gazebo_msgs/msg/ode_physics.h\n'}
[205.811591] (gazebo_msgs) StdoutLine: {'line': b'-- Installing: /opt/ros/gazebo_ros_build/install/include/gazebo_msgs/gazebo_msgs/msg/link_states.h\n'}
[205.812769] (gazebo_msgs) StdoutLine: {'line': b'-- Installing: /opt/ros/gazebo_ros_build/install/include/gazebo_msgs/gazebo_msgs/msg/rosidl_generator_c__visibility_control.h\n'}
[205.813916] (gazebo_msgs) StdoutLine: {'line': b'-- Installing: /opt/ros/gazebo_ros_build/install/include/gazebo_msgs/gazebo_msgs/msg/entity_state.h\n'}
[205.814870] (gazebo_msgs) StdoutLine: {'line': b'-- Installing: /opt/ros/gazebo_ros_build/install/include/gazebo_msgs/gazebo_msgs/msg/performance_metrics.h\n'}
[205.815925] (gazebo_msgs) StdoutLine: {'line': b'-- Installing: /opt/ros/gazebo_ros_build/install/include/gazebo_msgs/gazebo_msgs/msg/world_state.h\n'}
[205.817212] (gazebo_msgs) StdoutLine: {'line': b'-- Installing: /opt/ros/gazebo_ros_build/install/include/gazebo_msgs/gazebo_msgs/msg/ode_joint_properties.h\n'}
[205.818262] (gazebo_msgs) StdoutLine: {'line': b'-- Installing: /opt/ros/gazebo_ros_build/install/include/gazebo_msgs/gazebo_msgs/msg/link_state.h\n'}
[205.819304] (gazebo_msgs) StdoutLine: {'line': b'-- Installing: /opt/ros/gazebo_ros_build/install/include/gazebo_msgs/gazebo_msgs/msg/wheel_slip.h\n'}
[205.820388] (gazebo_msgs) StdoutLine: {'line': b'-- Installing: /opt/ros/gazebo_ros_build/install/include/gazebo_msgs/gazebo_msgs/msg/contact_state.h\n'}
[205.821321] (gazebo_msgs) StdoutLine: {'line': b'-- Installing: /opt/ros/gazebo_ros_build/install/include/gazebo_msgs/gazebo_msgs/msg/detail\n'}
[205.822314] (gazebo_msgs) StdoutLine: {'line': b'-- Installing: /opt/ros/gazebo_ros_build/install/include/gazebo_msgs/gazebo_msgs/msg/detail/entity_state__struct.h\n'}
[205.823462] (gazebo_msgs) StdoutLine: {'line': b'-- Installing: /opt/ros/gazebo_ros_build/install/include/gazebo_msgs/gazebo_msgs/msg/detail/contact_state__type_support.h\n'}
[205.824467] (gazebo_msgs) StdoutLine: {'line': b'-- Installing: /opt/ros/gazebo_ros_build/install/include/gazebo_msgs/gazebo_msgs/msg/detail/ode_physics__functions.c\n'}
[205.825538] (gazebo_msgs) StdoutLine: {'line': b'-- Installing: /opt/ros/gazebo_ros_build/install/include/gazebo_msgs/gazebo_msgs/msg/detail/world_state__struct.h\n'}
[205.826717] (gazebo_msgs) StdoutLine: {'line': b'-- Installing: /opt/ros/gazebo_ros_build/install/include/gazebo_msgs/gazebo_msgs/msg/detail/performance_metrics__functions.c\n'}
[205.827792] (gazebo_msgs) StdoutLine: {'line': b'-- Installing: /opt/ros/gazebo_ros_build/install/include/gazebo_msgs/gazebo_msgs/msg/detail/contacts_state__functions.c\n'}
[205.829126] (gazebo_msgs) StdoutLine: {'line': b'-- Installing: /opt/ros/gazebo_ros_build/install/include/gazebo_msgs/gazebo_msgs/msg/detail/world_state__type_support.h\n'}
[205.830198] (gazebo_msgs) StdoutLine: {'line': b'-- Installing: /opt/ros/gazebo_ros_build/install/include/gazebo_msgs/gazebo_msgs/msg/detail/contacts_state__functions.h\n'}
[205.831352] (gazebo_msgs) StdoutLine: {'line': b'-- Installing: /opt/ros/gazebo_ros_build/install/include/gazebo_msgs/gazebo_msgs/msg/detail/ode_joint_properties__type_support.h\n'}
[205.832465] (gazebo_msgs) StdoutLine: {'line': b'-- Installing: /opt/ros/gazebo_ros_build/install/include/gazebo_msgs/gazebo_msgs/msg/detail/ode_joint_properties__functions.c\n'}
[205.833539] (gazebo_msgs) StdoutLine: {'line': b'-- Installing: /opt/ros/gazebo_ros_build/install/include/gazebo_msgs/gazebo_msgs/msg/detail/model_state__type_support.h\n'}
[205.834587] (gazebo_msgs) StdoutLine: {'line': b'-- Installing: /opt/ros/gazebo_ros_build/install/include/gazebo_msgs/gazebo_msgs/msg/detail/model_states__struct.h\n'}
[205.835940] (gazebo_msgs) StdoutLine: {'line': b'-- Installing: /opt/ros/gazebo_ros_build/install/include/gazebo_msgs/gazebo_msgs/msg/detail/entity_state__type_support.h\n'}
[205.836738] (gazebo_msgs) StdoutLine: {'line': b'-- Installing: /opt/ros/gazebo_ros_build/install/include/gazebo_msgs/gazebo_msgs/msg/detail/contacts_state__type_support.h\n'}
[205.837563] (gazebo_msgs) StdoutLine: {'line': b'-- Installing: /opt/ros/gazebo_ros_build/install/include/gazebo_msgs/gazebo_msgs/msg/detail/wheel_slip__type_support.h\n'}
[205.838538] (gazebo_msgs) StdoutLine: {'line': b'-- Installing: /opt/ros/gazebo_ros_build/install/include/gazebo_msgs/gazebo_msgs/msg/detail/world_state__functions.h\n'}
[205.839551] (gazebo_msgs) StdoutLine: {'line': b'-- Installing: /opt/ros/gazebo_ros_build/install/include/gazebo_msgs/gazebo_msgs/msg/detail/ode_physics__struct.h\n'}
[205.840564] (gazebo_msgs) StdoutLine: {'line': b'-- Installing: /opt/ros/gazebo_ros_build/install/include/gazebo_msgs/gazebo_msgs/msg/detail/contacts_state__struct.h\n'}
[205.841679] (gazebo_msgs) StdoutLine: {'line': b'-- Installing: /opt/ros/gazebo_ros_build/install/include/gazebo_msgs/gazebo_msgs/msg/detail/ode_joint_properties__struct.h\n'}
[205.842657] (gazebo_msgs) StdoutLine: {'line': b'-- Installing: /opt/ros/gazebo_ros_build/install/include/gazebo_msgs/gazebo_msgs/msg/detail/link_state__struct.h\n'}
[205.843608] (gazebo_msgs) StdoutLine: {'line': b'-- Installing: /opt/ros/gazebo_ros_build/install/include/gazebo_msgs/gazebo_msgs/msg/detail/model_states__type_support.h\n'}
[205.845049] (gazebo_msgs) StdoutLine: {'line': b'-- Installing: /opt/ros/gazebo_ros_build/install/include/gazebo_msgs/gazebo_msgs/msg/detail/sensor_performance_metric__functions.h\n'}
[205.846460] (gazebo_msgs) StdoutLine: {'line': b'-- Installing: /opt/ros/gazebo_ros_build/install/include/gazebo_msgs/gazebo_msgs/msg/detail/performance_metrics__struct.h\n'}
[205.847508] (gazebo_msgs) StdoutLine: {'line': b'-- Installing: /opt/ros/gazebo_ros_build/install/include/gazebo_msgs/gazebo_msgs/msg/detail/contact_state__functions.c\n'}
[205.848597] (gazebo_msgs) StdoutLine: {'line': b'-- Installing: /opt/ros/gazebo_ros_build/install/include/gazebo_msgs/gazebo_msgs/msg/detail/wheel_slip__functions.c\n'}
[205.849665] (gazebo_msgs) StdoutLine: {'line': b'-- Installing: /opt/ros/gazebo_ros_build/install/include/gazebo_msgs/gazebo_msgs/msg/detail/link_state__functions.h\n'}
[205.850654] (gazebo_msgs) StdoutLine: {'line': b'-- Installing: /opt/ros/gazebo_ros_build/install/include/gazebo_msgs/gazebo_msgs/msg/detail/wheel_slip__functions.h\n'}
[205.851651] (gazebo_msgs) StdoutLine: {'line': b'-- Installing: /opt/ros/gazebo_ros_build/install/include/gazebo_msgs/gazebo_msgs/msg/detail/performance_metrics__type_support.h\n'}
[205.852789] (gazebo_msgs) StdoutLine: {'line': b'-- Installing: /opt/ros/gazebo_ros_build/install/include/gazebo_msgs/gazebo_msgs/msg/detail/sensor_performance_metric__struct.h\n'}
[205.853786] (gazebo_msgs) StdoutLine: {'line': b'-- Installing: /opt/ros/gazebo_ros_build/install/include/gazebo_msgs/gazebo_msgs/msg/detail/link_states__functions.c\n'}
[205.854816] (gazebo_msgs) StdoutLine: {'line': b'-- Installing: /opt/ros/gazebo_ros_build/install/include/gazebo_msgs/gazebo_msgs/msg/detail/link_state__type_support.h\n'}
[205.855749] (gazebo_msgs) StdoutLine: {'line': b'-- Installing: /opt/ros/gazebo_ros_build/install/include/gazebo_msgs/gazebo_msgs/msg/detail/model_state__functions.c\n'}
[205.856912] (gazebo_msgs) StdoutLine: {'line': b'-- Installing: /opt/ros/gazebo_ros_build/install/include/gazebo_msgs/gazebo_msgs/msg/detail/world_state__functions.c\n'}
[205.857999] (gazebo_msgs) StdoutLine: {'line': b'-- Installing: /opt/ros/gazebo_ros_build/install/include/gazebo_msgs/gazebo_msgs/msg/detail/ode_physics__functions.h\n'}
[205.858934] (gazebo_msgs) StdoutLine: {'line': b'-- Installing: /opt/ros/gazebo_ros_build/install/include/gazebo_msgs/gazebo_msgs/msg/detail/model_state__struct.h\n'}
[205.859944] (gazebo_msgs) StdoutLine: {'line': b'-- Installing: /opt/ros/gazebo_ros_build/install/include/gazebo_msgs/gazebo_msgs/msg/detail/model_states__functions.h\n'}
[205.861016] (gazebo_msgs) StdoutLine: {'line': b'-- Installing: /opt/ros/gazebo_ros_build/install/include/gazebo_msgs/gazebo_msgs/msg/detail/model_states__functions.c\n'}
[205.861804] (-) TimerEvent: {}
[205.862432] (gazebo_msgs) StdoutLine: {'line': b'-- Installing: /opt/ros/gazebo_ros_build/install/include/gazebo_msgs/gazebo_msgs/msg/detail/entity_state__functions.h\n'}
[205.863075] (gazebo_msgs) StdoutLine: {'line': b'-- Installing: /opt/ros/gazebo_ros_build/install/include/gazebo_msgs/gazebo_msgs/msg/detail/ode_joint_properties__functions.h\n'}
[205.864443] (gazebo_msgs) StdoutLine: {'line': b'-- Installing: /opt/ros/gazebo_ros_build/install/include/gazebo_msgs/gazebo_msgs/msg/detail/performance_metrics__functions.h\n'}
[205.865864] (gazebo_msgs) StdoutLine: {'line': b'-- Installing: /opt/ros/gazebo_ros_build/install/include/gazebo_msgs/gazebo_msgs/msg/detail/model_state__functions.h\n'}
[205.866854] (gazebo_msgs) StdoutLine: {'line': b'-- Installing: /opt/ros/gazebo_ros_build/install/include/gazebo_msgs/gazebo_msgs/msg/detail/contact_state__struct.h\n'}
[205.867879] (gazebo_msgs) StdoutLine: {'line': b'-- Installing: /opt/ros/gazebo_ros_build/install/include/gazebo_msgs/gazebo_msgs/msg/detail/sensor_performance_metric__functions.c\n'}
[205.868946] (gazebo_msgs) StdoutLine: {'line': b'-- Installing: /opt/ros/gazebo_ros_build/install/include/gazebo_msgs/gazebo_msgs/msg/detail/entity_state__functions.c\n'}
[205.869955] (gazebo_msgs) StdoutLine: {'line': b'-- Installing: /opt/ros/gazebo_ros_build/install/include/gazebo_msgs/gazebo_msgs/msg/detail/wheel_slip__struct.h\n'}
[205.870961] (gazebo_msgs) StdoutLine: {'line': b'-- Installing: /opt/ros/gazebo_ros_build/install/include/gazebo_msgs/gazebo_msgs/msg/detail/link_states__struct.h\n'}
[205.871949] (gazebo_msgs) StdoutLine: {'line': b'-- Installing: /opt/ros/gazebo_ros_build/install/include/gazebo_msgs/gazebo_msgs/msg/detail/link_states__functions.h\n'}
[205.873111] (gazebo_msgs) StdoutLine: {'line': b'-- Installing: /opt/ros/gazebo_ros_build/install/include/gazebo_msgs/gazebo_msgs/msg/detail/contact_state__functions.h\n'}
[205.874232] (gazebo_msgs) StdoutLine: {'line': b'-- Installing: /opt/ros/gazebo_ros_build/install/include/gazebo_msgs/gazebo_msgs/msg/detail/link_state__functions.c\n'}
[205.875237] (gazebo_msgs) StdoutLine: {'line': b'-- Installing: /opt/ros/gazebo_ros_build/install/include/gazebo_msgs/gazebo_msgs/msg/detail/sensor_performance_metric__type_support.h\n'}
[205.876286] (gazebo_msgs) StdoutLine: {'line': b'-- Installing: /opt/ros/gazebo_ros_build/install/include/gazebo_msgs/gazebo_msgs/msg/detail/link_states__type_support.h\n'}
[205.877356] (gazebo_msgs) StdoutLine: {'line': b'-- Installing: /opt/ros/gazebo_ros_build/install/include/gazebo_msgs/gazebo_msgs/msg/detail/ode_physics__type_support.h\n'}
[205.878294] (gazebo_msgs) StdoutLine: {'line': b'-- Installing: /opt/ros/gazebo_ros_build/install/include/gazebo_msgs/gazebo_msgs/msg/sensor_performance_metric.h\n'}
[205.879314] (gazebo_msgs) StdoutLine: {'line': b'-- Installing: /opt/ros/gazebo_ros_build/install/include/gazebo_msgs/gazebo_msgs/msg/model_states.h\n'}
[205.880285] (gazebo_msgs) StdoutLine: {'line': b'-- Installing: /opt/ros/gazebo_ros_build/install/include/gazebo_msgs/gazebo_msgs/srv\n'}
[205.881095] (gazebo_msgs) StdoutLine: {'line': b'-- Installing: /opt/ros/gazebo_ros_build/install/include/gazebo_msgs/gazebo_msgs/srv/set_joint_properties.h\n'}
[205.882082] (gazebo_msgs) StdoutLine: {'line': b'-- Installing: /opt/ros/gazebo_ros_build/install/include/gazebo_msgs/gazebo_msgs/srv/set_model_state.h\n'}
[205.883009] (gazebo_msgs) StdoutLine: {'line': b'-- Installing: /opt/ros/gazebo_ros_build/install/include/gazebo_msgs/gazebo_msgs/srv/get_model_list.h\n'}
[205.883980] (gazebo_msgs) StdoutLine: {'line': b'-- Installing: /opt/ros/gazebo_ros_build/install/include/gazebo_msgs/gazebo_msgs/srv/get_physics_properties.h\n'}
[205.885071] (gazebo_msgs) StdoutLine: {'line': b'-- Installing: /opt/ros/gazebo_ros_build/install/include/gazebo_msgs/gazebo_msgs/srv/set_physics_properties.h\n'}
[205.886023] (gazebo_msgs) StdoutLine: {'line': b'-- Installing: /opt/ros/gazebo_ros_build/install/include/gazebo_msgs/gazebo_msgs/srv/get_entity_state.h\n'}
[205.887977] (gazebo_msgs) StdoutLine: {'line': b'-- Installing: /opt/ros/gazebo_ros_build/install/include/gazebo_msgs/gazebo_msgs/srv/apply_body_wrench.h\n'}
[205.888819] (gazebo_msgs) StdoutLine: {'line': b'-- Installing: /opt/ros/gazebo_ros_build/install/include/gazebo_msgs/gazebo_msgs/srv/set_joint_trajectory.h\n'}
[205.889460] (gazebo_msgs) StdoutLine: {'line': b'-- Installing: /opt/ros/gazebo_ros_build/install/include/gazebo_msgs/gazebo_msgs/srv/get_link_state.h\n'}
[205.890032] (gazebo_msgs) StdoutLine: {'line': b'-- Installing: /opt/ros/gazebo_ros_build/install/include/gazebo_msgs/gazebo_msgs/srv/get_link_properties.h\n'}
[205.890912] (gazebo_msgs) StdoutLine: {'line': b'-- Installing: /opt/ros/gazebo_ros_build/install/include/gazebo_msgs/gazebo_msgs/srv/set_model_configuration.h\n'}
[205.891878] (gazebo_msgs) StdoutLine: {'line': b'-- Installing: /opt/ros/gazebo_ros_build/install/include/gazebo_msgs/gazebo_msgs/srv/get_model_properties.h\n'}
[205.892966] (gazebo_msgs) StdoutLine: {'line': b'-- Installing: /opt/ros/gazebo_ros_build/install/include/gazebo_msgs/gazebo_msgs/srv/joint_request.h\n'}
[205.893953] (gazebo_msgs) StdoutLine: {'line': b'-- Installing: /opt/ros/gazebo_ros_build/install/include/gazebo_msgs/gazebo_msgs/srv/get_light_properties.h\n'}
[205.894893] (gazebo_msgs) StdoutLine: {'line': b'-- Installing: /opt/ros/gazebo_ros_build/install/include/gazebo_msgs/gazebo_msgs/srv/get_world_properties.h\n'}
[205.895912] (gazebo_msgs) StdoutLine: {'line': b'-- Installing: /opt/ros/gazebo_ros_build/install/include/gazebo_msgs/gazebo_msgs/srv/apply_joint_effort.h\n'}
[205.896868] (gazebo_msgs) StdoutLine: {'line': b'-- Installing: /opt/ros/gazebo_ros_build/install/include/gazebo_msgs/gazebo_msgs/srv/delete_entity.h\n'}
[205.897844] (gazebo_msgs) StdoutLine: {'line': b'-- Installing: /opt/ros/gazebo_ros_build/install/include/gazebo_msgs/gazebo_msgs/srv/set_entity_state.h\n'}
[205.898745] (gazebo_msgs) StdoutLine: {'line': b'-- Installing: /opt/ros/gazebo_ros_build/install/include/gazebo_msgs/gazebo_msgs/srv/spawn_entity.h\n'}
[205.899798] (gazebo_msgs) StdoutLine: {'line': b'-- Installing: /opt/ros/gazebo_ros_build/install/include/gazebo_msgs/gazebo_msgs/srv/body_request.h\n'}
[205.901386] (gazebo_msgs) StdoutLine: {'line': b'-- Installing: /opt/ros/gazebo_ros_build/install/include/gazebo_msgs/gazebo_msgs/srv/delete_light.h\n'}
[205.902399] (gazebo_msgs) StdoutLine: {'line': b'-- Installing: /opt/ros/gazebo_ros_build/install/include/gazebo_msgs/gazebo_msgs/srv/set_light_properties.h\n'}
[205.903376] (gazebo_msgs) StdoutLine: {'line': b'-- Installing: /opt/ros/gazebo_ros_build/install/include/gazebo_msgs/gazebo_msgs/srv/get_model_state.h\n'}
[205.904463] (gazebo_msgs) StdoutLine: {'line': b'-- Installing: /opt/ros/gazebo_ros_build/install/include/gazebo_msgs/gazebo_msgs/srv/set_link_properties.h\n'}
[205.905464] (gazebo_msgs) StdoutLine: {'line': b'-- Installing: /opt/ros/gazebo_ros_build/install/include/gazebo_msgs/gazebo_msgs/srv/apply_link_wrench.h\n'}
[205.906405] (gazebo_msgs) StdoutLine: {'line': b'-- Installing: /opt/ros/gazebo_ros_build/install/include/gazebo_msgs/gazebo_msgs/srv/detail\n'}
[205.907636] (gazebo_msgs) StdoutLine: {'line': b'-- Installing: /opt/ros/gazebo_ros_build/install/include/gazebo_msgs/gazebo_msgs/srv/detail/set_link_state__functions.c\n'}
[205.908996] (gazebo_msgs) StdoutLine: {'line': b'-- Installing: /opt/ros/gazebo_ros_build/install/include/gazebo_msgs/gazebo_msgs/srv/detail/set_joint_trajectory__type_support.h\n'}
[205.910002] (gazebo_msgs) StdoutLine: {'line': b'-- Installing: /opt/ros/gazebo_ros_build/install/include/gazebo_msgs/gazebo_msgs/srv/detail/get_joint_properties__type_support.h\n'}
[205.910956] (gazebo_msgs) StdoutLine: {'line': b'-- Installing: /opt/ros/gazebo_ros_build/install/include/gazebo_msgs/gazebo_msgs/srv/detail/set_joint_properties__struct.h\n'}
[205.911944] (gazebo_msgs) StdoutLine: {'line': b'-- Installing: /opt/ros/gazebo_ros_build/install/include/gazebo_msgs/gazebo_msgs/srv/detail/apply_joint_effort__struct.h\n'}
[205.913074] (gazebo_msgs) StdoutLine: {'line': b'-- Installing: /opt/ros/gazebo_ros_build/install/include/gazebo_msgs/gazebo_msgs/srv/detail/get_model_state__type_support.h\n'}
[205.913960] (gazebo_msgs) StdoutLine: {'line': b'-- Installing: /opt/ros/gazebo_ros_build/install/include/gazebo_msgs/gazebo_msgs/srv/detail/spawn_entity__functions.c\n'}
[205.915125] (gazebo_msgs) StdoutLine: {'line': b'-- Installing: /opt/ros/gazebo_ros_build/install/include/gazebo_msgs/gazebo_msgs/srv/detail/get_entity_state__functions.c\n'}
[205.916204] (gazebo_msgs) StdoutLine: {'line': b'-- Installing: /opt/ros/gazebo_ros_build/install/include/gazebo_msgs/gazebo_msgs/srv/detail/apply_link_wrench__struct.h\n'}
[205.918126] (gazebo_msgs) StdoutLine: {'line': b'-- Installing: /opt/ros/gazebo_ros_build/install/include/gazebo_msgs/gazebo_msgs/srv/detail/delete_model__type_support.h\n'}
[205.919204] (gazebo_msgs) StdoutLine: {'line': b'-- Installing: /opt/ros/gazebo_ros_build/install/include/gazebo_msgs/gazebo_msgs/srv/detail/set_entity_state__type_support.h\n'}
[205.920203] (gazebo_msgs) StdoutLine: {'line': b'-- Installing: /opt/ros/gazebo_ros_build/install/include/gazebo_msgs/gazebo_msgs/srv/detail/link_request__struct.h\n'}
[205.921234] (gazebo_msgs) StdoutLine: {'line': b'-- Installing: /opt/ros/gazebo_ros_build/install/include/gazebo_msgs/gazebo_msgs/srv/detail/set_physics_properties__struct.h\n'}
[205.922181] (gazebo_msgs) StdoutLine: {'line': b'-- Installing: /opt/ros/gazebo_ros_build/install/include/gazebo_msgs/gazebo_msgs/srv/detail/get_joint_properties__struct.h\n'}
[205.923125] (gazebo_msgs) StdoutLine: {'line': b'-- Installing: /opt/ros/gazebo_ros_build/install/include/gazebo_msgs/gazebo_msgs/srv/detail/set_model_state__functions.h\n'}
[205.924307] (gazebo_msgs) StdoutLine: {'line': b'-- Installing: /opt/ros/gazebo_ros_build/install/include/gazebo_msgs/gazebo_msgs/srv/detail/set_light_properties__type_support.h\n'}
[205.925330] (gazebo_msgs) StdoutLine: {'line': b'-- Installing: /opt/ros/gazebo_ros_build/install/include/gazebo_msgs/gazebo_msgs/srv/detail/get_physics_properties__functions.h\n'}
[205.926422] (gazebo_msgs) StdoutLine: {'line': b'-- Installing: /opt/ros/gazebo_ros_build/install/include/gazebo_msgs/gazebo_msgs/srv/detail/apply_body_wrench__functions.h\n'}
[205.927490] (gazebo_msgs) StdoutLine: {'line': b'-- Installing: /opt/ros/gazebo_ros_build/install/include/gazebo_msgs/gazebo_msgs/srv/detail/get_joint_properties__functions.h\n'}
[205.928953] (gazebo_msgs) StdoutLine: {'line': b'-- Installing: /opt/ros/gazebo_ros_build/install/include/gazebo_msgs/gazebo_msgs/srv/detail/apply_body_wrench__type_support.h\n'}
[205.929897] (gazebo_msgs) StdoutLine: {'line': b'-- Installing: /opt/ros/gazebo_ros_build/install/include/gazebo_msgs/gazebo_msgs/srv/detail/set_joint_properties__functions.c\n'}
[205.931000] (gazebo_msgs) StdoutLine: {'line': b'-- Installing: /opt/ros/gazebo_ros_build/install/include/gazebo_msgs/gazebo_msgs/srv/detail/set_model_state__type_support.h\n'}
[205.932024] (gazebo_msgs) StdoutLine: {'line': b'-- Installing: /opt/ros/gazebo_ros_build/install/include/gazebo_msgs/gazebo_msgs/srv/detail/spawn_model__struct.h\n'}
[205.933042] (gazebo_msgs) StdoutLine: {'line': b'-- Installing: /opt/ros/gazebo_ros_build/install/include/gazebo_msgs/gazebo_msgs/srv/detail/set_physics_properties__type_support.h\n'}
[205.933973] (gazebo_msgs) StdoutLine: {'line': b'-- Installing: /opt/ros/gazebo_ros_build/install/include/gazebo_msgs/gazebo_msgs/srv/detail/delete_entity__functions.h\n'}
[205.935028] (gazebo_msgs) StdoutLine: {'line': b'-- Installing: /opt/ros/gazebo_ros_build/install/include/gazebo_msgs/gazebo_msgs/srv/detail/set_link_properties__functions.c\n'}
[205.936178] (gazebo_msgs) StdoutLine: {'line': b'-- Installing: /opt/ros/gazebo_ros_build/install/include/gazebo_msgs/gazebo_msgs/srv/detail/spawn_model__functions.h\n'}
[205.937314] (gazebo_msgs) StdoutLine: {'line': b'-- Installing: /opt/ros/gazebo_ros_build/install/include/gazebo_msgs/gazebo_msgs/srv/detail/apply_link_wrench__functions.h\n'}
[205.938402] (gazebo_msgs) StdoutLine: {'line': b'-- Installing: /opt/ros/gazebo_ros_build/install/include/gazebo_msgs/gazebo_msgs/srv/detail/link_request__functions.h\n'}
[205.939522] (gazebo_msgs) StdoutLine: {'line': b'-- Installing: /opt/ros/gazebo_ros_build/install/include/gazebo_msgs/gazebo_msgs/srv/detail/delete_model__functions.h\n'}
[205.940655] (gazebo_msgs) StdoutLine: {'line': b'-- Installing: /opt/ros/gazebo_ros_build/install/include/gazebo_msgs/gazebo_msgs/srv/detail/get_model_properties__functions.c\n'}
[205.941851] (gazebo_msgs) StdoutLine: {'line': b'-- Installing: /opt/ros/gazebo_ros_build/install/include/gazebo_msgs/gazebo_msgs/srv/detail/set_light_properties__functions.c\n'}
[205.943056] (gazebo_msgs) StdoutLine: {'line': b'-- Installing: /opt/ros/gazebo_ros_build/install/include/gazebo_msgs/gazebo_msgs/srv/detail/set_light_properties__struct.h\n'}
[205.943998] (gazebo_msgs) StdoutLine: {'line': b'-- Installing: /opt/ros/gazebo_ros_build/install/include/gazebo_msgs/gazebo_msgs/srv/detail/set_model_state__struct.h\n'}
[205.945016] (gazebo_msgs) StdoutLine: {'line': b'-- Installing: /opt/ros/gazebo_ros_build/install/include/gazebo_msgs/gazebo_msgs/srv/detail/get_light_properties__functions.h\n'}
[205.946123] (gazebo_msgs) StdoutLine: {'line': b'-- Installing: /opt/ros/gazebo_ros_build/install/include/gazebo_msgs/gazebo_msgs/srv/detail/get_model_state__functions.c\n'}
[205.947324] (gazebo_msgs) StdoutLine: {'line': b'-- Installing: /opt/ros/gazebo_ros_build/install/include/gazebo_msgs/gazebo_msgs/srv/detail/get_world_properties__type_support.h\n'}
[205.948381] (gazebo_msgs) StdoutLine: {'line': b'-- Installing: /opt/ros/gazebo_ros_build/install/include/gazebo_msgs/gazebo_msgs/srv/detail/get_physics_properties__type_support.h\n'}
[205.949840] (gazebo_msgs) StdoutLine: {'line': b'-- Installing: /opt/ros/gazebo_ros_build/install/include/gazebo_msgs/gazebo_msgs/srv/detail/set_joint_trajectory__functions.h\n'}
[205.950532] (gazebo_msgs) StdoutLine: {'line': b'-- Installing: /opt/ros/gazebo_ros_build/install/include/gazebo_msgs/gazebo_msgs/srv/detail/set_link_state__type_support.h\n'}
[205.951426] (gazebo_msgs) StdoutLine: {'line': b'-- Installing: /opt/ros/gazebo_ros_build/install/include/gazebo_msgs/gazebo_msgs/srv/detail/set_model_configuration__type_support.h\n'}
[205.952933] (gazebo_msgs) StdoutLine: {'line': b'-- Installing: /opt/ros/gazebo_ros_build/install/include/gazebo_msgs/gazebo_msgs/srv/detail/set_joint_properties__type_support.h\n'}
[205.953937] (gazebo_msgs) StdoutLine: {'line': b'-- Installing: /opt/ros/gazebo_ros_build/install/include/gazebo_msgs/gazebo_msgs/srv/detail/get_model_properties__functions.h\n'}
[205.955040] (gazebo_msgs) StdoutLine: {'line': b'-- Installing: /opt/ros/gazebo_ros_build/install/include/gazebo_msgs/gazebo_msgs/srv/detail/delete_entity__type_support.h\n'}
[205.955982] (gazebo_msgs) StdoutLine: {'line': b'-- Installing: /opt/ros/gazebo_ros_build/install/include/gazebo_msgs/gazebo_msgs/srv/detail/get_physics_properties__struct.h\n'}
[205.957026] (gazebo_msgs) StdoutLine: {'line': b'-- Installing: /opt/ros/gazebo_ros_build/install/include/gazebo_msgs/gazebo_msgs/srv/detail/delete_model__struct.h\n'}
[205.957973] (gazebo_msgs) StdoutLine: {'line': b'-- Installing: /opt/ros/gazebo_ros_build/install/include/gazebo_msgs/gazebo_msgs/srv/detail/delete_entity__struct.h\n'}
[205.958951] (gazebo_msgs) StdoutLine: {'line': b'-- Installing: /opt/ros/gazebo_ros_build/install/include/gazebo_msgs/gazebo_msgs/srv/detail/set_model_configuration__functions.h\n'}
[205.960007] (gazebo_msgs) StdoutLine: {'line': b'-- Installing: /opt/ros/gazebo_ros_build/install/include/gazebo_msgs/gazebo_msgs/srv/detail/link_request__type_support.h\n'}
[205.961008] (gazebo_msgs) StdoutLine: {'line': b'-- Installing: /opt/ros/gazebo_ros_build/install/include/gazebo_msgs/gazebo_msgs/srv/detail/get_link_properties__struct.h\n'}
[205.962016] (gazebo_msgs) StdoutLine: {'line': b'-- Installing: /opt/ros/gazebo_ros_build/install/include/gazebo_msgs/gazebo_msgs/srv/detail/body_request__type_support.h\n'}
[205.962406] (-) TimerEvent: {}
[205.963288] (gazebo_msgs) StdoutLine: {'line': b'-- Installing: /opt/ros/gazebo_ros_build/install/include/gazebo_msgs/gazebo_msgs/srv/detail/set_physics_properties__functions.c\n'}
[205.964613] (gazebo_msgs) StdoutLine: {'line': b'-- Installing: /opt/ros/gazebo_ros_build/install/include/gazebo_msgs/gazebo_msgs/srv/detail/get_link_properties__functions.c\n'}
[205.965502] (gazebo_msgs) StdoutLine: {'line': b'-- Installing: /opt/ros/gazebo_ros_build/install/include/gazebo_msgs/gazebo_msgs/srv/detail/get_entity_state__struct.h\n'}
[205.966428] (gazebo_msgs) StdoutLine: {'line': b'-- Installing: /opt/ros/gazebo_ros_build/install/include/gazebo_msgs/gazebo_msgs/srv/detail/get_model_list__type_support.h\n'}
[205.967438] (gazebo_msgs) StdoutLine: {'line': b'-- Installing: /opt/ros/gazebo_ros_build/install/include/gazebo_msgs/gazebo_msgs/srv/detail/apply_body_wrench__struct.h\n'}
[205.968384] (gazebo_msgs) StdoutLine: {'line': b'-- Installing: /opt/ros/gazebo_ros_build/install/include/gazebo_msgs/gazebo_msgs/srv/detail/spawn_entity__struct.h\n'}
[205.969767] (gazebo_msgs) StdoutLine: {'line': b'-- Installing: /opt/ros/gazebo_ros_build/install/include/gazebo_msgs/gazebo_msgs/srv/detail/get_model_state__functions.h\n'}
[205.970869] (gazebo_msgs) StdoutLine: {'line': b'-- Installing: /opt/ros/gazebo_ros_build/install/include/gazebo_msgs/gazebo_msgs/srv/detail/get_link_properties__type_support.h\n'}
[205.971822] (gazebo_msgs) StdoutLine: {'line': b'-- Installing: /opt/ros/gazebo_ros_build/install/include/gazebo_msgs/gazebo_msgs/srv/detail/get_model_properties__struct.h\n'}
[205.972936] (gazebo_msgs) StdoutLine: {'line': b'-- Installing: /opt/ros/gazebo_ros_build/install/include/gazebo_msgs/gazebo_msgs/srv/detail/set_physics_properties__functions.h\n'}
[205.974041] (gazebo_msgs) StdoutLine: {'line': b'-- Installing: /opt/ros/gazebo_ros_build/install/include/gazebo_msgs/gazebo_msgs/srv/detail/spawn_entity__type_support.h\n'}
[205.974971] (gazebo_msgs) StdoutLine: {'line': b'-- Installing: /opt/ros/gazebo_ros_build/install/include/gazebo_msgs/gazebo_msgs/srv/detail/delete_light__struct.h\n'}
[205.975950] (gazebo_msgs) StdoutLine: {'line': b'-- Installing: /opt/ros/gazebo_ros_build/install/include/gazebo_msgs/gazebo_msgs/srv/detail/get_link_state__functions.c\n'}
[205.977164] (gazebo_msgs) StdoutLine: {'line': b'-- Installing: /opt/ros/gazebo_ros_build/install/include/gazebo_msgs/gazebo_msgs/srv/detail/set_joint_trajectory__functions.c\n'}
[205.978257] (gazebo_msgs) StdoutLine: {'line': b'-- Installing: /opt/ros/gazebo_ros_build/install/include/gazebo_msgs/gazebo_msgs/srv/detail/set_joint_properties__functions.h\n'}
[205.979346] (gazebo_msgs) StdoutLine: {'line': b'-- Installing: /opt/ros/gazebo_ros_build/install/include/gazebo_msgs/gazebo_msgs/srv/detail/set_link_properties__struct.h\n'}
[205.980484] (gazebo_msgs) StdoutLine: {'line': b'-- Installing: /opt/ros/gazebo_ros_build/install/include/gazebo_msgs/gazebo_msgs/srv/detail/set_link_state__struct.h\n'}
[205.982045] (gazebo_msgs) StdoutLine: {'line': b'-- Installing: /opt/ros/gazebo_ros_build/install/include/gazebo_msgs/gazebo_msgs/srv/detail/link_request__functions.c\n'}
[205.983195] (gazebo_msgs) StdoutLine: {'line': b'-- Installing: /opt/ros/gazebo_ros_build/install/include/gazebo_msgs/gazebo_msgs/srv/detail/set_entity_state__functions.c\n'}
[205.984352] (gazebo_msgs) StdoutLine: {'line': b'-- Installing: /opt/ros/gazebo_ros_build/install/include/gazebo_msgs/gazebo_msgs/srv/detail/get_model_list__struct.h\n'}
[205.985299] (gazebo_msgs) StdoutLine: {'line': b'-- Installing: /opt/ros/gazebo_ros_build/install/include/gazebo_msgs/gazebo_msgs/srv/detail/get_model_list__functions.c\n'}
[205.986416] (gazebo_msgs) StdoutLine: {'line': b'-- Installing: /opt/ros/gazebo_ros_build/install/include/gazebo_msgs/gazebo_msgs/srv/detail/get_world_properties__functions.h\n'}
[205.987452] (gazebo_msgs) StdoutLine: {'line': b'-- Installing: /opt/ros/gazebo_ros_build/install/include/gazebo_msgs/gazebo_msgs/srv/detail/joint_request__struct.h\n'}
[205.988472] (gazebo_msgs) StdoutLine: {'line': b'-- Installing: /opt/ros/gazebo_ros_build/install/include/gazebo_msgs/gazebo_msgs/srv/detail/joint_request__type_support.h\n'}
[205.989457] (gazebo_msgs) StdoutLine: {'line': b'-- Installing: /opt/ros/gazebo_ros_build/install/include/gazebo_msgs/gazebo_msgs/srv/detail/get_world_properties__struct.h\n'}
[205.990479] (gazebo_msgs) StdoutLine: {'line': b'-- Installing: /opt/ros/gazebo_ros_build/install/include/gazebo_msgs/gazebo_msgs/srv/detail/get_link_state__functions.h\n'}
[205.991572] (gazebo_msgs) StdoutLine: {'line': b'-- Installing: /opt/ros/gazebo_ros_build/install/include/gazebo_msgs/gazebo_msgs/srv/detail/body_request__struct.h\n'}
[205.992977] (gazebo_msgs) StdoutLine: {'line': b'-- Installing: /opt/ros/gazebo_ros_build/install/include/gazebo_msgs/gazebo_msgs/srv/detail/get_model_list__functions.h\n'}
[205.994227] (gazebo_msgs) StdoutLine: {'line': b'-- Installing: /opt/ros/gazebo_ros_build/install/include/gazebo_msgs/gazebo_msgs/srv/detail/get_light_properties__type_support.h\n'}
[205.995151] (gazebo_msgs) StdoutLine: {'line': b'-- Installing: /opt/ros/gazebo_ros_build/install/include/gazebo_msgs/gazebo_msgs/srv/detail/set_link_state__functions.h\n'}
[205.996215] (gazebo_msgs) StdoutLine: {'line': b'-- Installing: /opt/ros/gazebo_ros_build/install/include/gazebo_msgs/gazebo_msgs/srv/detail/spawn_entity__functions.h\n'}
[205.997449] (gazebo_msgs) StdoutLine: {'line': b'-- Installing: /opt/ros/gazebo_ros_build/install/include/gazebo_msgs/gazebo_msgs/srv/detail/get_entity_state__type_support.h\n'}
[205.998403] (gazebo_msgs) StdoutLine: {'line': b'-- Installing: /opt/ros/gazebo_ros_build/install/include/gazebo_msgs/gazebo_msgs/srv/detail/get_link_state__type_support.h\n'}
[205.999341] (gazebo_msgs) StdoutLine: {'line': b'-- Installing: /opt/ros/gazebo_ros_build/install/include/gazebo_msgs/gazebo_msgs/srv/detail/delete_light__type_support.h\n'}
[206.000320] (gazebo_msgs) StdoutLine: {'line': b'-- Installing: /opt/ros/gazebo_ros_build/install/include/gazebo_msgs/gazebo_msgs/srv/detail/joint_request__functions.h\n'}
[206.002248] (gazebo_msgs) StdoutLine: {'line': b'-- Installing: /opt/ros/gazebo_ros_build/install/include/gazebo_msgs/gazebo_msgs/srv/detail/set_model_state__functions.c\n'}
[206.003235] (gazebo_msgs) StdoutLine: {'line': b'-- Installing: /opt/ros/gazebo_ros_build/install/include/gazebo_msgs/gazebo_msgs/srv/detail/get_physics_properties__functions.c\n'}
[206.003830] (gazebo_msgs) StdoutLine: {'line': b'-- Installing: /opt/ros/gazebo_ros_build/install/include/gazebo_msgs/gazebo_msgs/srv/detail/body_request__functions.h\n'}
[206.005035] (gazebo_msgs) StdoutLine: {'line': b'-- Installing: /opt/ros/gazebo_ros_build/install/include/gazebo_msgs/gazebo_msgs/srv/detail/joint_request__functions.c\n'}
[206.005966] (gazebo_msgs) StdoutLine: {'line': b'-- Installing: /opt/ros/gazebo_ros_build/install/include/gazebo_msgs/gazebo_msgs/srv/detail/delete_entity__functions.c\n'}
[206.007060] (gazebo_msgs) StdoutLine: {'line': b'-- Installing: /opt/ros/gazebo_ros_build/install/include/gazebo_msgs/gazebo_msgs/srv/detail/set_entity_state__struct.h\n'}
[206.008039] (gazebo_msgs) StdoutLine: {'line': b'-- Installing: /opt/ros/gazebo_ros_build/install/include/gazebo_msgs/gazebo_msgs/srv/detail/set_joint_trajectory__struct.h\n'}
[206.009099] (gazebo_msgs) StdoutLine: {'line': b'-- Installing: /opt/ros/gazebo_ros_build/install/include/gazebo_msgs/gazebo_msgs/srv/detail/delete_light__functions.c\n'}
[206.010136] (gazebo_msgs) StdoutLine: {'line': b'-- Installing: /opt/ros/gazebo_ros_build/install/include/gazebo_msgs/gazebo_msgs/srv/detail/spawn_model__type_support.h\n'}
[206.011115] (gazebo_msgs) StdoutLine: {'line': b'-- Installing: /opt/ros/gazebo_ros_build/install/include/gazebo_msgs/gazebo_msgs/srv/detail/set_link_properties__functions.h\n'}
[206.012276] (gazebo_msgs) StdoutLine: {'line': b'-- Installing: /opt/ros/gazebo_ros_build/install/include/gazebo_msgs/gazebo_msgs/srv/detail/get_world_properties__functions.c\n'}
[206.013378] (gazebo_msgs) StdoutLine: {'line': b'-- Installing: /opt/ros/gazebo_ros_build/install/include/gazebo_msgs/gazebo_msgs/srv/detail/spawn_model__functions.c\n'}
[206.014536] (gazebo_msgs) StdoutLine: {'line': b'-- Installing: /opt/ros/gazebo_ros_build/install/include/gazebo_msgs/gazebo_msgs/srv/detail/get_entity_state__functions.h\n'}
[206.015633] (gazebo_msgs) StdoutLine: {'line': b'-- Installing: /opt/ros/gazebo_ros_build/install/include/gazebo_msgs/gazebo_msgs/srv/detail/delete_light__functions.h\n'}
[206.017162] (gazebo_msgs) StdoutLine: {'line': b'-- Installing: /opt/ros/gazebo_ros_build/install/include/gazebo_msgs/gazebo_msgs/srv/detail/apply_link_wrench__functions.c\n'}
[206.018336] (gazebo_msgs) StdoutLine: {'line': b'-- Installing: /opt/ros/gazebo_ros_build/install/include/gazebo_msgs/gazebo_msgs/srv/detail/apply_joint_effort__type_support.h\n'}
[206.019211] (gazebo_msgs) StdoutLine: {'line': b'-- Installing: /opt/ros/gazebo_ros_build/install/include/gazebo_msgs/gazebo_msgs/srv/detail/apply_joint_effort__functions.h\n'}
[206.020345] (gazebo_msgs) StdoutLine: {'line': b'-- Installing: /opt/ros/gazebo_ros_build/install/include/gazebo_msgs/gazebo_msgs/srv/detail/get_joint_properties__functions.c\n'}
[206.021519] (gazebo_msgs) StdoutLine: {'line': b'-- Installing: /opt/ros/gazebo_ros_build/install/include/gazebo_msgs/gazebo_msgs/srv/detail/get_link_state__struct.h\n'}
[206.022771] (gazebo_msgs) StdoutLine: {'line': b'-- Installing: /opt/ros/gazebo_ros_build/install/include/gazebo_msgs/gazebo_msgs/srv/detail/set_model_configuration__struct.h\n'}
[206.023702] (gazebo_msgs) StdoutLine: {'line': b'-- Installing: /opt/ros/gazebo_ros_build/install/include/gazebo_msgs/gazebo_msgs/srv/detail/get_link_properties__functions.h\n'}
[206.024866] (gazebo_msgs) StdoutLine: {'line': b'-- Installing: /opt/ros/gazebo_ros_build/install/include/gazebo_msgs/gazebo_msgs/srv/detail/apply_link_wrench__type_support.h\n'}
[206.026034] (gazebo_msgs) StdoutLine: {'line': b'-- Installing: /opt/ros/gazebo_ros_build/install/include/gazebo_msgs/gazebo_msgs/srv/detail/delete_model__functions.c\n'}
[206.027104] (gazebo_msgs) StdoutLine: {'line': b'-- Installing: /opt/ros/gazebo_ros_build/install/include/gazebo_msgs/gazebo_msgs/srv/detail/set_model_configuration__functions.c\n'}
[206.028306] (gazebo_msgs) StdoutLine: {'line': b'-- Installing: /opt/ros/gazebo_ros_build/install/include/gazebo_msgs/gazebo_msgs/srv/detail/set_link_properties__type_support.h\n'}
[206.029309] (gazebo_msgs) StdoutLine: {'line': b'-- Installing: /opt/ros/gazebo_ros_build/install/include/gazebo_msgs/gazebo_msgs/srv/detail/set_entity_state__functions.h\n'}
[206.030370] (gazebo_msgs) StdoutLine: {'line': b'-- Installing: /opt/ros/gazebo_ros_build/install/include/gazebo_msgs/gazebo_msgs/srv/detail/get_model_properties__type_support.h\n'}
[206.031320] (gazebo_msgs) StdoutLine: {'line': b'-- Installing: /opt/ros/gazebo_ros_build/install/include/gazebo_msgs/gazebo_msgs/srv/detail/get_light_properties__struct.h\n'}
[206.032298] (gazebo_msgs) StdoutLine: {'line': b'-- Installing: /opt/ros/gazebo_ros_build/install/include/gazebo_msgs/gazebo_msgs/srv/detail/get_light_properties__functions.c\n'}
[206.033892] (gazebo_msgs) StdoutLine: {'line': b'-- Installing: /opt/ros/gazebo_ros_build/install/include/gazebo_msgs/gazebo_msgs/srv/detail/apply_body_wrench__functions.c\n'}
[206.035036] (gazebo_msgs) StdoutLine: {'line': b'-- Installing: /opt/ros/gazebo_ros_build/install/include/gazebo_msgs/gazebo_msgs/srv/detail/set_light_properties__functions.h\n'}
[206.036100] (gazebo_msgs) StdoutLine: {'line': b'-- Installing: /opt/ros/gazebo_ros_build/install/include/gazebo_msgs/gazebo_msgs/srv/detail/apply_joint_effort__functions.c\n'}
[206.037309] (gazebo_msgs) StdoutLine: {'line': b'-- Installing: /opt/ros/gazebo_ros_build/install/include/gazebo_msgs/gazebo_msgs/srv/detail/body_request__functions.c\n'}
[206.038358] (gazebo_msgs) StdoutLine: {'line': b'-- Installing: /opt/ros/gazebo_ros_build/install/include/gazebo_msgs/gazebo_msgs/srv/detail/get_model_state__struct.h\n'}
[206.039309] (gazebo_msgs) StdoutLine: {'line': b'-- Installing: /opt/ros/gazebo_ros_build/install/include/gazebo_msgs/gazebo_msgs/srv/link_request.h\n'}
[206.040291] (gazebo_msgs) StdoutLine: {'line': b'-- Installing: /opt/ros/gazebo_ros_build/install/include/gazebo_msgs/gazebo_msgs/srv/set_link_state.h\n'}
[206.041212] (gazebo_msgs) StdoutLine: {'line': b'-- Installing: /opt/ros/gazebo_ros_build/install/include/gazebo_msgs/gazebo_msgs/srv/spawn_model.h\n'}
[206.042084] (gazebo_msgs) StdoutLine: {'line': b'-- Installing: /opt/ros/gazebo_ros_build/install/include/gazebo_msgs/gazebo_msgs/srv/delete_model.h\n'}
[206.042996] (gazebo_msgs) StdoutLine: {'line': b'-- Installing: /opt/ros/gazebo_ros_build/install/include/gazebo_msgs/gazebo_msgs/srv/get_joint_properties.h\n'}
[206.045489] (gazebo_msgs) StdoutLine: {'line': b'-- Installing: /opt/ros/gazebo_ros_build/install/share/gazebo_msgs/environment/library_path.sh\n'}
[206.046856] (gazebo_msgs) StdoutLine: {'line': b'-- Installing: /opt/ros/gazebo_ros_build/install/share/gazebo_msgs/environment/library_path.dsv\n'}
[206.048526] (gazebo_msgs) StdoutLine: {'line': b'-- Installing: /opt/ros/gazebo_ros_build/install/lib/libgazebo_msgs__rosidl_generator_c.so\n'}
[206.057014] (gazebo_msgs) StdoutLine: {'line': b'-- Set runtime path of "/opt/ros/gazebo_ros_build/install/lib/libgazebo_msgs__rosidl_generator_c.so" to ""\n'}
[206.057700] (gazebo_msgs) StdoutLine: {'line': b'-- Up-to-date: /opt/ros/gazebo_ros_build/install/include/gazebo_msgs/gazebo_msgs\n'}
[206.058309] (gazebo_msgs) StdoutLine: {'line': b'-- Up-to-date: /opt/ros/gazebo_ros_build/install/include/gazebo_msgs/gazebo_msgs/msg\n'}
[206.058720] (gazebo_msgs) StdoutLine: {'line': b'-- Installing: /opt/ros/gazebo_ros_build/install/include/gazebo_msgs/gazebo_msgs/msg/rosidl_typesupport_fastrtps_c__visibility_control.h\n'}
[206.059231] (gazebo_msgs) StdoutLine: {'line': b'-- Up-to-date: /opt/ros/gazebo_ros_build/install/include/gazebo_msgs/gazebo_msgs/msg/detail\n'}
[206.059781] (gazebo_msgs) StdoutLine: {'line': b'-- Installing: /opt/ros/gazebo_ros_build/install/include/gazebo_msgs/gazebo_msgs/msg/detail/performance_metrics__rosidl_typesupport_fastrtps_c.h\n'}
[206.060500] (gazebo_msgs) StdoutLine: {'line': b'-- Installing: /opt/ros/gazebo_ros_build/install/include/gazebo_msgs/gazebo_msgs/msg/detail/model_state__rosidl_typesupport_fastrtps_c.h\n'}
[206.061450] (gazebo_msgs) StdoutLine: {'line': b'-- Installing: /opt/ros/gazebo_ros_build/install/include/gazebo_msgs/gazebo_msgs/msg/detail/wheel_slip__rosidl_typesupport_fastrtps_c.h\n'}
[206.062425] (gazebo_msgs) StdoutLine: {'line': b'-- Installing: /opt/ros/gazebo_ros_build/install/include/gazebo_msgs/gazebo_msgs/msg/detail/contacts_state__rosidl_typesupport_fastrtps_c.h\n'}
[206.062807] (-) TimerEvent: {}
[206.063805] (gazebo_msgs) StdoutLine: {'line': b'-- Installing: /opt/ros/gazebo_ros_build/install/include/gazebo_msgs/gazebo_msgs/msg/detail/ode_physics__rosidl_typesupport_fastrtps_c.h\n'}
[206.066793] (gazebo_msgs) StdoutLine: {'line': b'-- Installing: /opt/ros/gazebo_ros_build/install/include/gazebo_msgs/gazebo_msgs/msg/detail/link_state__rosidl_typesupport_fastrtps_c.h\n'}
[206.067765] (gazebo_msgs) StdoutLine: {'line': b'-- Installing: /opt/ros/gazebo_ros_build/install/include/gazebo_msgs/gazebo_msgs/msg/detail/model_states__rosidl_typesupport_fastrtps_c.h\n'}
[206.068547] (gazebo_msgs) StdoutLine: {'line': b'-- Installing: /opt/ros/gazebo_ros_build/install/include/gazebo_msgs/gazebo_msgs/msg/detail/entity_state__rosidl_typesupport_fastrtps_c.h\n'}
[206.069323] (gazebo_msgs) StdoutLine: {'line': b'-- Installing: /opt/ros/gazebo_ros_build/install/include/gazebo_msgs/gazebo_msgs/msg/detail/sensor_performance_metric__rosidl_typesupport_fastrtps_c.h\n'}
[206.070299] (gazebo_msgs) StdoutLine: {'line': b'-- Installing: /opt/ros/gazebo_ros_build/install/include/gazebo_msgs/gazebo_msgs/msg/detail/link_states__rosidl_typesupport_fastrtps_c.h\n'}
[206.071280] (gazebo_msgs) StdoutLine: {'line': b'-- Installing: /opt/ros/gazebo_ros_build/install/include/gazebo_msgs/gazebo_msgs/msg/detail/ode_joint_properties__rosidl_typesupport_fastrtps_c.h\n'}
[206.072285] (gazebo_msgs) StdoutLine: {'line': b'-- Installing: /opt/ros/gazebo_ros_build/install/include/gazebo_msgs/gazebo_msgs/msg/detail/world_state__rosidl_typesupport_fastrtps_c.h\n'}
[206.073271] (gazebo_msgs) StdoutLine: {'line': b'-- Installing: /opt/ros/gazebo_ros_build/install/include/gazebo_msgs/gazebo_msgs/msg/detail/contact_state__rosidl_typesupport_fastrtps_c.h\n'}
[206.074185] (gazebo_msgs) StdoutLine: {'line': b'-- Up-to-date: /opt/ros/gazebo_ros_build/install/include/gazebo_msgs/gazebo_msgs/srv\n'}
[206.077069] (gazebo_msgs) StdoutLine: {'line': b'-- Up-to-date: /opt/ros/gazebo_ros_build/install/include/gazebo_msgs/gazebo_msgs/srv/detail\n'}
[206.077783] (gazebo_msgs) StdoutLine: {'line': b'-- Installing: /opt/ros/gazebo_ros_build/install/include/gazebo_msgs/gazebo_msgs/srv/detail/set_model_configuration__rosidl_typesupport_fastrtps_c.h\n'}
[206.078394] (gazebo_msgs) StdoutLine: {'line': b'-- Installing: /opt/ros/gazebo_ros_build/install/include/gazebo_msgs/gazebo_msgs/srv/detail/set_link_state__rosidl_typesupport_fastrtps_c.h\n'}
[206.079003] (gazebo_msgs) StdoutLine: {'line': b'-- Installing: /opt/ros/gazebo_ros_build/install/include/gazebo_msgs/gazebo_msgs/srv/detail/get_link_state__rosidl_typesupport_fastrtps_c.h\n'}
[206.079475] (gazebo_msgs) StdoutLine: {'line': b'-- Installing: /opt/ros/gazebo_ros_build/install/include/gazebo_msgs/gazebo_msgs/srv/detail/set_entity_state__rosidl_typesupport_fastrtps_c.h\n'}
[206.080049] (gazebo_msgs) StdoutLine: {'line': b'-- Installing: /opt/ros/gazebo_ros_build/install/include/gazebo_msgs/gazebo_msgs/srv/detail/get_model_list__rosidl_typesupport_fastrtps_c.h\n'}
[206.080805] (gazebo_msgs) StdoutLine: {'line': b'-- Installing: /opt/ros/gazebo_ros_build/install/include/gazebo_msgs/gazebo_msgs/srv/detail/spawn_entity__rosidl_typesupport_fastrtps_c.h\n'}
[206.081397] (gazebo_msgs) StdoutLine: {'line': b'-- Installing: /opt/ros/gazebo_ros_build/install/include/gazebo_msgs/gazebo_msgs/srv/detail/set_light_properties__rosidl_typesupport_fastrtps_c.h\n'}
[206.084725] (gazebo_msgs) StdoutLine: {'line': b'-- Installing: /opt/ros/gazebo_ros_build/install/include/gazebo_msgs/gazebo_msgs/srv/detail/get_entity_state__rosidl_typesupport_fastrtps_c.h\n'}
[206.085361] (gazebo_msgs) StdoutLine: {'line': b'-- Installing: /opt/ros/gazebo_ros_build/install/include/gazebo_msgs/gazebo_msgs/srv/detail/link_request__rosidl_typesupport_fastrtps_c.h\n'}
[206.085790] (gazebo_msgs) StdoutLine: {'line': b'-- Installing: /opt/ros/gazebo_ros_build/install/include/gazebo_msgs/gazebo_msgs/srv/detail/set_physics_properties__rosidl_typesupport_fastrtps_c.h\n'}
[206.086209] (gazebo_msgs) StdoutLine: {'line': b'-- Installing: /opt/ros/gazebo_ros_build/install/include/gazebo_msgs/gazebo_msgs/srv/detail/set_model_state__rosidl_typesupport_fastrtps_c.h\n'}
[206.086870] (gazebo_msgs) StdoutLine: {'line': b'-- Installing: /opt/ros/gazebo_ros_build/install/include/gazebo_msgs/gazebo_msgs/srv/detail/delete_model__rosidl_typesupport_fastrtps_c.h\n'}
[206.087388] (gazebo_msgs) StdoutLine: {'line': b'-- Installing: /opt/ros/gazebo_ros_build/install/include/gazebo_msgs/gazebo_msgs/srv/detail/apply_joint_effort__rosidl_typesupport_fastrtps_c.h\n'}
[206.088334] (gazebo_msgs) StdoutLine: {'line': b'-- Installing: /opt/ros/gazebo_ros_build/install/include/gazebo_msgs/gazebo_msgs/srv/detail/delete_light__rosidl_typesupport_fastrtps_c.h\n'}
[206.089370] (gazebo_msgs) StdoutLine: {'line': b'-- Installing: /opt/ros/gazebo_ros_build/install/include/gazebo_msgs/gazebo_msgs/srv/detail/delete_entity__rosidl_typesupport_fastrtps_c.h\n'}
[206.090333] (gazebo_msgs) StdoutLine: {'line': b'-- Installing: /opt/ros/gazebo_ros_build/install/include/gazebo_msgs/gazebo_msgs/srv/detail/get_world_properties__rosidl_typesupport_fastrtps_c.h\n'}
[206.091325] (gazebo_msgs) StdoutLine: {'line': b'-- Installing: /opt/ros/gazebo_ros_build/install/include/gazebo_msgs/gazebo_msgs/srv/detail/get_model_properties__rosidl_typesupport_fastrtps_c.h\n'}
[206.092396] (gazebo_msgs) StdoutLine: {'line': b'-- Installing: /opt/ros/gazebo_ros_build/install/include/gazebo_msgs/gazebo_msgs/srv/detail/get_link_properties__rosidl_typesupport_fastrtps_c.h\n'}
[206.094094] (gazebo_msgs) StdoutLine: {'line': b'-- Installing: /opt/ros/gazebo_ros_build/install/include/gazebo_msgs/gazebo_msgs/srv/detail/set_joint_properties__rosidl_typesupport_fastrtps_c.h\n'}
[206.095299] (gazebo_msgs) StdoutLine: {'line': b'-- Installing: /opt/ros/gazebo_ros_build/install/include/gazebo_msgs/gazebo_msgs/srv/detail/get_light_properties__rosidl_typesupport_fastrtps_c.h\n'}
[206.096102] (gazebo_msgs) StdoutLine: {'line': b'-- Installing: /opt/ros/gazebo_ros_build/install/include/gazebo_msgs/gazebo_msgs/srv/detail/body_request__rosidl_typesupport_fastrtps_c.h\n'}
[206.096851] (gazebo_msgs) StdoutLine: {'line': b'-- Installing: /opt/ros/gazebo_ros_build/install/include/gazebo_msgs/gazebo_msgs/srv/detail/apply_body_wrench__rosidl_typesupport_fastrtps_c.h\n'}
[206.097713] (gazebo_msgs) StdoutLine: {'line': b'-- Installing: /opt/ros/gazebo_ros_build/install/include/gazebo_msgs/gazebo_msgs/srv/detail/spawn_model__rosidl_typesupport_fastrtps_c.h\n'}
[206.098681] (gazebo_msgs) StdoutLine: {'line': b'-- Installing: /opt/ros/gazebo_ros_build/install/include/gazebo_msgs/gazebo_msgs/srv/detail/apply_link_wrench__rosidl_typesupport_fastrtps_c.h\n'}
[206.099669] (gazebo_msgs) StdoutLine: {'line': b'-- Installing: /opt/ros/gazebo_ros_build/install/include/gazebo_msgs/gazebo_msgs/srv/detail/get_model_state__rosidl_typesupport_fastrtps_c.h\n'}
[206.101114] (gazebo_msgs) StdoutLine: {'line': b'-- Installing: /opt/ros/gazebo_ros_build/install/include/gazebo_msgs/gazebo_msgs/srv/detail/set_joint_trajectory__rosidl_typesupport_fastrtps_c.h\n'}
[206.102386] (gazebo_msgs) StdoutLine: {'line': b'-- Installing: /opt/ros/gazebo_ros_build/install/include/gazebo_msgs/gazebo_msgs/srv/detail/set_link_properties__rosidl_typesupport_fastrtps_c.h\n'}
[206.103355] (gazebo_msgs) StdoutLine: {'line': b'-- Installing: /opt/ros/gazebo_ros_build/install/include/gazebo_msgs/gazebo_msgs/srv/detail/get_joint_properties__rosidl_typesupport_fastrtps_c.h\n'}
[206.104335] (gazebo_msgs) StdoutLine: {'line': b'-- Installing: /opt/ros/gazebo_ros_build/install/include/gazebo_msgs/gazebo_msgs/srv/detail/get_physics_properties__rosidl_typesupport_fastrtps_c.h\n'}
[206.106353] (gazebo_msgs) StdoutLine: {'line': b'-- Installing: /opt/ros/gazebo_ros_build/install/include/gazebo_msgs/gazebo_msgs/srv/detail/joint_request__rosidl_typesupport_fastrtps_c.h\n'}
[206.107877] (gazebo_msgs) StdoutLine: {'line': b'-- Installing: /opt/ros/gazebo_ros_build/install/lib/libgazebo_msgs__rosidl_typesupport_fastrtps_c.so\n'}
[206.115047] (gazebo_msgs) StdoutLine: {'line': b'-- Set runtime path of "/opt/ros/gazebo_ros_build/install/lib/libgazebo_msgs__rosidl_typesupport_fastrtps_c.so" to ""\n'}
[206.115864] (gazebo_msgs) StdoutLine: {'line': b'-- Up-to-date: /opt/ros/gazebo_ros_build/install/include/gazebo_msgs/gazebo_msgs\n'}
[206.116450] (gazebo_msgs) StdoutLine: {'line': b'-- Up-to-date: /opt/ros/gazebo_ros_build/install/include/gazebo_msgs/gazebo_msgs/msg\n'}
[206.116870] (gazebo_msgs) StdoutLine: {'line': b'-- Installing: /opt/ros/gazebo_ros_build/install/include/gazebo_msgs/gazebo_msgs/msg/entity_state.hpp\n'}
[206.117420] (gazebo_msgs) StdoutLine: {'line': b'-- Installing: /opt/ros/gazebo_ros_build/install/include/gazebo_msgs/gazebo_msgs/msg/link_states.hpp\n'}
[206.118209] (gazebo_msgs) StdoutLine: {'line': b'-- Installing: /opt/ros/gazebo_ros_build/install/include/gazebo_msgs/gazebo_msgs/msg/ode_joint_properties.hpp\n'}
[206.119200] (gazebo_msgs) StdoutLine: {'line': b'-- Installing: /opt/ros/gazebo_ros_build/install/include/gazebo_msgs/gazebo_msgs/msg/performance_metrics.hpp\n'}
[206.120095] (gazebo_msgs) StdoutLine: {'line': b'-- Installing: /opt/ros/gazebo_ros_build/install/include/gazebo_msgs/gazebo_msgs/msg/contact_state.hpp\n'}
[206.121690] (gazebo_msgs) StdoutLine: {'line': b'-- Installing: /opt/ros/gazebo_ros_build/install/include/gazebo_msgs/gazebo_msgs/msg/rosidl_generator_cpp__visibility_control.hpp\n'}
[206.122634] (gazebo_msgs) StdoutLine: {'line': b'-- Installing: /opt/ros/gazebo_ros_build/install/include/gazebo_msgs/gazebo_msgs/msg/ode_physics.hpp\n'}
[206.123593] (gazebo_msgs) StdoutLine: {'line': b'-- Installing: /opt/ros/gazebo_ros_build/install/include/gazebo_msgs/gazebo_msgs/msg/model_state.hpp\n'}
[206.124524] (gazebo_msgs) StdoutLine: {'line': b'-- Installing: /opt/ros/gazebo_ros_build/install/include/gazebo_msgs/gazebo_msgs/msg/wheel_slip.hpp\n'}
[206.125432] (gazebo_msgs) StdoutLine: {'line': b'-- Installing: /opt/ros/gazebo_ros_build/install/include/gazebo_msgs/gazebo_msgs/msg/sensor_performance_metric.hpp\n'}
[206.126351] (gazebo_msgs) StdoutLine: {'line': b'-- Installing: /opt/ros/gazebo_ros_build/install/include/gazebo_msgs/gazebo_msgs/msg/world_state.hpp\n'}
[206.127245] (gazebo_msgs) StdoutLine: {'line': b'-- Installing: /opt/ros/gazebo_ros_build/install/include/gazebo_msgs/gazebo_msgs/msg/link_state.hpp\n'}
[206.128190] (gazebo_msgs) StdoutLine: {'line': b'-- Installing: /opt/ros/gazebo_ros_build/install/include/gazebo_msgs/gazebo_msgs/msg/model_states.hpp\n'}
[206.129143] (gazebo_msgs) StdoutLine: {'line': b'-- Up-to-date: /opt/ros/gazebo_ros_build/install/include/gazebo_msgs/gazebo_msgs/msg/detail\n'}
[206.129692] (gazebo_msgs) StdoutLine: {'line': b'-- Installing: /opt/ros/gazebo_ros_build/install/include/gazebo_msgs/gazebo_msgs/msg/detail/model_states__traits.hpp\n'}
[206.130688] (gazebo_msgs) StdoutLine: {'line': b'-- Installing: /opt/ros/gazebo_ros_build/install/include/gazebo_msgs/gazebo_msgs/msg/detail/world_state__type_support.hpp\n'}
[206.131603] (gazebo_msgs) StdoutLine: {'line': b'-- Installing: /opt/ros/gazebo_ros_build/install/include/gazebo_msgs/gazebo_msgs/msg/detail/link_states__builder.hpp\n'}
[206.133023] (gazebo_msgs) StdoutLine: {'line': b'-- Installing: /opt/ros/gazebo_ros_build/install/include/gazebo_msgs/gazebo_msgs/msg/detail/performance_metrics__builder.hpp\n'}
[206.133944] (gazebo_msgs) StdoutLine: {'line': b'-- Installing: /opt/ros/gazebo_ros_build/install/include/gazebo_msgs/gazebo_msgs/msg/detail/link_states__type_support.hpp\n'}
[206.134868] (gazebo_msgs) StdoutLine: {'line': b'-- Installing: /opt/ros/gazebo_ros_build/install/include/gazebo_msgs/gazebo_msgs/msg/detail/entity_state__builder.hpp\n'}
[206.135812] (gazebo_msgs) StdoutLine: {'line': b'-- Installing: /opt/ros/gazebo_ros_build/install/include/gazebo_msgs/gazebo_msgs/msg/detail/model_state__traits.hpp\n'}
[206.137128] (gazebo_msgs) StdoutLine: {'line': b'-- Installing: /opt/ros/gazebo_ros_build/install/include/gazebo_msgs/gazebo_msgs/msg/detail/wheel_slip__builder.hpp\n'}
[206.138083] (gazebo_msgs) StdoutLine: {'line': b'-- Installing: /opt/ros/gazebo_ros_build/install/include/gazebo_msgs/gazebo_msgs/msg/detail/performance_metrics__type_support.hpp\n'}
[206.139074] (gazebo_msgs) StdoutLine: {'line': b'-- Installing: /opt/ros/gazebo_ros_build/install/include/gazebo_msgs/gazebo_msgs/msg/detail/contacts_state__builder.hpp\n'}
[206.140031] (gazebo_msgs) StdoutLine: {'line': b'-- Installing: /opt/ros/gazebo_ros_build/install/include/gazebo_msgs/gazebo_msgs/msg/detail/model_states__builder.hpp\n'}
[206.141691] (gazebo_msgs) StdoutLine: {'line': b'-- Installing: /opt/ros/gazebo_ros_build/install/include/gazebo_msgs/gazebo_msgs/msg/detail/sensor_performance_metric__type_support.hpp\n'}
[206.142650] (gazebo_msgs) StdoutLine: {'line': b'-- Installing: /opt/ros/gazebo_ros_build/install/include/gazebo_msgs/gazebo_msgs/msg/detail/model_states__struct.hpp\n'}
[206.143670] (gazebo_msgs) StdoutLine: {'line': b'-- Installing: /opt/ros/gazebo_ros_build/install/include/gazebo_msgs/gazebo_msgs/msg/detail/performance_metrics__traits.hpp\n'}
[206.144676] (gazebo_msgs) StdoutLine: {'line': b'-- Installing: /opt/ros/gazebo_ros_build/install/include/gazebo_msgs/gazebo_msgs/msg/detail/ode_joint_properties__traits.hpp\n'}
[206.145701] (gazebo_msgs) StdoutLine: {'line': b'-- Installing: /opt/ros/gazebo_ros_build/install/include/gazebo_msgs/gazebo_msgs/msg/detail/contacts_state__struct.hpp\n'}
[206.146662] (gazebo_msgs) StdoutLine: {'line': b'-- Installing: /opt/ros/gazebo_ros_build/install/include/gazebo_msgs/gazebo_msgs/msg/detail/ode_physics__struct.hpp\n'}
[206.147605] (gazebo_msgs) StdoutLine: {'line': b'-- Installing: /opt/ros/gazebo_ros_build/install/include/gazebo_msgs/gazebo_msgs/msg/detail/contact_state__type_support.hpp\n'}
[206.148593] (gazebo_msgs) StdoutLine: {'line': b'-- Installing: /opt/ros/gazebo_ros_build/install/include/gazebo_msgs/gazebo_msgs/msg/detail/contact_state__traits.hpp\n'}
[206.149625] (gazebo_msgs) StdoutLine: {'line': b'-- Installing: /opt/ros/gazebo_ros_build/install/include/gazebo_msgs/gazebo_msgs/msg/detail/ode_physics__type_support.hpp\n'}
[206.150563] (gazebo_msgs) StdoutLine: {'line': b'-- Installing: /opt/ros/gazebo_ros_build/install/include/gazebo_msgs/gazebo_msgs/msg/detail/ode_joint_properties__builder.hpp\n'}
[206.151608] (gazebo_msgs) StdoutLine: {'line': b'-- Installing: /opt/ros/gazebo_ros_build/install/include/gazebo_msgs/gazebo_msgs/msg/detail/link_states__struct.hpp\n'}
[206.152863] (gazebo_msgs) StdoutLine: {'line': b'-- Installing: /opt/ros/gazebo_ros_build/install/include/gazebo_msgs/gazebo_msgs/msg/detail/model_state__type_support.hpp\n'}
[206.153758] (gazebo_msgs) StdoutLine: {'line': b'-- Installing: /opt/ros/gazebo_ros_build/install/include/gazebo_msgs/gazebo_msgs/msg/detail/wheel_slip__traits.hpp\n'}
[206.154753] (gazebo_msgs) StdoutLine: {'line': b'-- Installing: /opt/ros/gazebo_ros_build/install/include/gazebo_msgs/gazebo_msgs/msg/detail/link_state__traits.hpp\n'}
[206.155652] (gazebo_msgs) StdoutLine: {'line': b'-- Installing: /opt/ros/gazebo_ros_build/install/include/gazebo_msgs/gazebo_msgs/msg/detail/contact_state__builder.hpp\n'}
[206.156676] (gazebo_msgs) StdoutLine: {'line': b'-- Installing: /opt/ros/gazebo_ros_build/install/include/gazebo_msgs/gazebo_msgs/msg/detail/performance_metrics__struct.hpp\n'}
[206.157626] (gazebo_msgs) StdoutLine: {'line': b'-- Installing: /opt/ros/gazebo_ros_build/install/include/gazebo_msgs/gazebo_msgs/msg/detail/world_state__traits.hpp\n'}
[206.158580] (gazebo_msgs) StdoutLine: {'line': b'-- Installing: /opt/ros/gazebo_ros_build/install/include/gazebo_msgs/gazebo_msgs/msg/detail/contacts_state__traits.hpp\n'}
[206.159535] (gazebo_msgs) StdoutLine: {'line': b'-- Installing: /opt/ros/gazebo_ros_build/install/include/gazebo_msgs/gazebo_msgs/msg/detail/world_state__builder.hpp\n'}
[206.160578] (gazebo_msgs) StdoutLine: {'line': b'-- Installing: /opt/ros/gazebo_ros_build/install/include/gazebo_msgs/gazebo_msgs/msg/detail/sensor_performance_metric__struct.hpp\n'}
[206.161536] (gazebo_msgs) StdoutLine: {'line': b'-- Installing: /opt/ros/gazebo_ros_build/install/include/gazebo_msgs/gazebo_msgs/msg/detail/link_state__type_support.hpp\n'}
[206.162520] (gazebo_msgs) StdoutLine: {'line': b'-- Installing: /opt/ros/gazebo_ros_build/install/include/gazebo_msgs/gazebo_msgs/msg/detail/contacts_state__type_support.hpp\n'}
[206.162937] (-) TimerEvent: {}
[206.163716] (gazebo_msgs) StdoutLine: {'line': b'-- Installing: /opt/ros/gazebo_ros_build/install/include/gazebo_msgs/gazebo_msgs/msg/detail/ode_joint_properties__type_support.hpp\n'}
[206.164703] (gazebo_msgs) StdoutLine: {'line': b'-- Installing: /opt/ros/gazebo_ros_build/install/include/gazebo_msgs/gazebo_msgs/msg/detail/sensor_performance_metric__builder.hpp\n'}
[206.165531] (gazebo_msgs) StdoutLine: {'line': b'-- Installing: /opt/ros/gazebo_ros_build/install/include/gazebo_msgs/gazebo_msgs/msg/detail/wheel_slip__struct.hpp\n'}
[206.166641] (gazebo_msgs) StdoutLine: {'line': b'-- Installing: /opt/ros/gazebo_ros_build/install/include/gazebo_msgs/gazebo_msgs/msg/detail/entity_state__type_support.hpp\n'}
[206.167696] (gazebo_msgs) StdoutLine: {'line': b'-- Installing: /opt/ros/gazebo_ros_build/install/include/gazebo_msgs/gazebo_msgs/msg/detail/ode_physics__traits.hpp\n'}
[206.168770] (gazebo_msgs) StdoutLine: {'line': b'-- Installing: /opt/ros/gazebo_ros_build/install/include/gazebo_msgs/gazebo_msgs/msg/detail/entity_state__traits.hpp\n'}
[206.170032] (gazebo_msgs) StdoutLine: {'line': b'-- Installing: /opt/ros/gazebo_ros_build/install/include/gazebo_msgs/gazebo_msgs/msg/detail/ode_joint_properties__struct.hpp\n'}
[206.171006] (gazebo_msgs) StdoutLine: {'line': b'-- Installing: /opt/ros/gazebo_ros_build/install/include/gazebo_msgs/gazebo_msgs/msg/detail/ode_physics__builder.hpp\n'}
[206.172014] (gazebo_msgs) StdoutLine: {'line': b'-- Installing: /opt/ros/gazebo_ros_build/install/include/gazebo_msgs/gazebo_msgs/msg/detail/link_state__builder.hpp\n'}
[206.173384] (gazebo_msgs) StdoutLine: {'line': b'-- Installing: /opt/ros/gazebo_ros_build/install/include/gazebo_msgs/gazebo_msgs/msg/detail/world_state__struct.hpp\n'}
[206.174387] (gazebo_msgs) StdoutLine: {'line': b'-- Installing: /opt/ros/gazebo_ros_build/install/include/gazebo_msgs/gazebo_msgs/msg/detail/model_states__type_support.hpp\n'}
[206.175344] (gazebo_msgs) StdoutLine: {'line': b'-- Installing: /opt/ros/gazebo_ros_build/install/include/gazebo_msgs/gazebo_msgs/msg/detail/model_state__struct.hpp\n'}
[206.176395] (gazebo_msgs) StdoutLine: {'line': b'-- Installing: /opt/ros/gazebo_ros_build/install/include/gazebo_msgs/gazebo_msgs/msg/detail/link_states__traits.hpp\n'}
[206.177421] (gazebo_msgs) StdoutLine: {'line': b'-- Installing: /opt/ros/gazebo_ros_build/install/include/gazebo_msgs/gazebo_msgs/msg/detail/link_state__struct.hpp\n'}
[206.178390] (gazebo_msgs) StdoutLine: {'line': b'-- Installing: /opt/ros/gazebo_ros_build/install/include/gazebo_msgs/gazebo_msgs/msg/detail/sensor_performance_metric__traits.hpp\n'}
[206.179328] (gazebo_msgs) StdoutLine: {'line': b'-- Installing: /opt/ros/gazebo_ros_build/install/include/gazebo_msgs/gazebo_msgs/msg/detail/wheel_slip__type_support.hpp\n'}
[206.180312] (gazebo_msgs) StdoutLine: {'line': b'-- Installing: /opt/ros/gazebo_ros_build/install/include/gazebo_msgs/gazebo_msgs/msg/detail/contact_state__struct.hpp\n'}
[206.181409] (gazebo_msgs) StdoutLine: {'line': b'-- Installing: /opt/ros/gazebo_ros_build/install/include/gazebo_msgs/gazebo_msgs/msg/detail/model_state__builder.hpp\n'}
[206.182353] (gazebo_msgs) StdoutLine: {'line': b'-- Installing: /opt/ros/gazebo_ros_build/install/include/gazebo_msgs/gazebo_msgs/msg/detail/entity_state__struct.hpp\n'}
[206.183357] (gazebo_msgs) StdoutLine: {'line': b'-- Installing: /opt/ros/gazebo_ros_build/install/include/gazebo_msgs/gazebo_msgs/msg/contacts_state.hpp\n'}
[206.184301] (gazebo_msgs) StdoutLine: {'line': b'-- Up-to-date: /opt/ros/gazebo_ros_build/install/include/gazebo_msgs/gazebo_msgs/srv\n'}
[206.184848] (gazebo_msgs) StdoutLine: {'line': b'-- Installing: /opt/ros/gazebo_ros_build/install/include/gazebo_msgs/gazebo_msgs/srv/spawn_model.hpp\n'}
[206.185656] (gazebo_msgs) StdoutLine: {'line': b'-- Installing: /opt/ros/gazebo_ros_build/install/include/gazebo_msgs/gazebo_msgs/srv/set_joint_properties.hpp\n'}
[206.186576] (gazebo_msgs) StdoutLine: {'line': b'-- Installing: /opt/ros/gazebo_ros_build/install/include/gazebo_msgs/gazebo_msgs/srv/set_model_state.hpp\n'}
[206.187525] (gazebo_msgs) StdoutLine: {'line': b'-- Installing: /opt/ros/gazebo_ros_build/install/include/gazebo_msgs/gazebo_msgs/srv/get_model_state.hpp\n'}
[206.188540] (gazebo_msgs) StdoutLine: {'line': b'-- Installing: /opt/ros/gazebo_ros_build/install/include/gazebo_msgs/gazebo_msgs/srv/delete_model.hpp\n'}
[206.189468] (gazebo_msgs) StdoutLine: {'line': b'-- Installing: /opt/ros/gazebo_ros_build/install/include/gazebo_msgs/gazebo_msgs/srv/get_link_state.hpp\n'}
[206.190377] (gazebo_msgs) StdoutLine: {'line': b'-- Installing: /opt/ros/gazebo_ros_build/install/include/gazebo_msgs/gazebo_msgs/srv/set_light_properties.hpp\n'}
[206.191299] (gazebo_msgs) StdoutLine: {'line': b'-- Installing: /opt/ros/gazebo_ros_build/install/include/gazebo_msgs/gazebo_msgs/srv/set_link_state.hpp\n'}
[206.192210] (gazebo_msgs) StdoutLine: {'line': b'-- Installing: /opt/ros/gazebo_ros_build/install/include/gazebo_msgs/gazebo_msgs/srv/body_request.hpp\n'}
[206.193298] (gazebo_msgs) StdoutLine: {'line': b'-- Installing: /opt/ros/gazebo_ros_build/install/include/gazebo_msgs/gazebo_msgs/srv/get_entity_state.hpp\n'}
[206.194316] (gazebo_msgs) StdoutLine: {'line': b'-- Installing: /opt/ros/gazebo_ros_build/install/include/gazebo_msgs/gazebo_msgs/srv/set_model_configuration.hpp\n'}
[206.195158] (gazebo_msgs) StdoutLine: {'line': b'-- Installing: /opt/ros/gazebo_ros_build/install/include/gazebo_msgs/gazebo_msgs/srv/set_physics_properties.hpp\n'}
[206.196124] (gazebo_msgs) StdoutLine: {'line': b'-- Installing: /opt/ros/gazebo_ros_build/install/include/gazebo_msgs/gazebo_msgs/srv/get_link_properties.hpp\n'}
[206.197651] (gazebo_msgs) StdoutLine: {'line': b'-- Installing: /opt/ros/gazebo_ros_build/install/include/gazebo_msgs/gazebo_msgs/srv/get_physics_properties.hpp\n'}
[206.198542] (gazebo_msgs) StdoutLine: {'line': b'-- Installing: /opt/ros/gazebo_ros_build/install/include/gazebo_msgs/gazebo_msgs/srv/apply_body_wrench.hpp\n'}
[206.199492] (gazebo_msgs) StdoutLine: {'line': b'-- Installing: /opt/ros/gazebo_ros_build/install/include/gazebo_msgs/gazebo_msgs/srv/set_link_properties.hpp\n'}
[206.200406] (gazebo_msgs) StdoutLine: {'line': b'-- Installing: /opt/ros/gazebo_ros_build/install/include/gazebo_msgs/gazebo_msgs/srv/spawn_entity.hpp\n'}
[206.201344] (gazebo_msgs) StdoutLine: {'line': b'-- Installing: /opt/ros/gazebo_ros_build/install/include/gazebo_msgs/gazebo_msgs/srv/set_entity_state.hpp\n'}
[206.202251] (gazebo_msgs) StdoutLine: {'line': b'-- Installing: /opt/ros/gazebo_ros_build/install/include/gazebo_msgs/gazebo_msgs/srv/get_model_list.hpp\n'}
[206.203352] (gazebo_msgs) StdoutLine: {'line': b'-- Installing: /opt/ros/gazebo_ros_build/install/include/gazebo_msgs/gazebo_msgs/srv/apply_link_wrench.hpp\n'}
[206.204106] (gazebo_msgs) StdoutLine: {'line': b'-- Installing: /opt/ros/gazebo_ros_build/install/include/gazebo_msgs/gazebo_msgs/srv/delete_entity.hpp\n'}
[206.205128] (gazebo_msgs) StdoutLine: {'line': b'-- Installing: /opt/ros/gazebo_ros_build/install/include/gazebo_msgs/gazebo_msgs/srv/set_joint_trajectory.hpp\n'}
[206.206156] (gazebo_msgs) StdoutLine: {'line': b'-- Installing: /opt/ros/gazebo_ros_build/install/include/gazebo_msgs/gazebo_msgs/srv/link_request.hpp\n'}
[206.207656] (gazebo_msgs) StdoutLine: {'line': b'-- Installing: /opt/ros/gazebo_ros_build/install/include/gazebo_msgs/gazebo_msgs/srv/get_light_properties.hpp\n'}
[206.208448] (gazebo_msgs) StdoutLine: {'line': b'-- Installing: /opt/ros/gazebo_ros_build/install/include/gazebo_msgs/gazebo_msgs/srv/get_world_properties.hpp\n'}
[206.209022] (gazebo_msgs) StdoutLine: {'line': b'-- Up-to-date: /opt/ros/gazebo_ros_build/install/include/gazebo_msgs/gazebo_msgs/srv/detail\n'}
[206.209705] (gazebo_msgs) StdoutLine: {'line': b'-- Installing: /opt/ros/gazebo_ros_build/install/include/gazebo_msgs/gazebo_msgs/srv/detail/get_physics_properties__type_support.hpp\n'}
[206.210804] (gazebo_msgs) StdoutLine: {'line': b'-- Installing: /opt/ros/gazebo_ros_build/install/include/gazebo_msgs/gazebo_msgs/srv/detail/set_joint_properties__builder.hpp\n'}
[206.211858] (gazebo_msgs) StdoutLine: {'line': b'-- Installing: /opt/ros/gazebo_ros_build/install/include/gazebo_msgs/gazebo_msgs/srv/detail/set_model_state__builder.hpp\n'}
[206.214537] (gazebo_msgs) StdoutLine: {'line': b'-- Installing: /opt/ros/gazebo_ros_build/install/include/gazebo_msgs/gazebo_msgs/srv/detail/apply_link_wrench__struct.hpp\n'}
[206.215301] (gazebo_msgs) StdoutLine: {'line': b'-- Installing: /opt/ros/gazebo_ros_build/install/include/gazebo_msgs/gazebo_msgs/srv/detail/get_joint_properties__type_support.hpp\n'}
[206.215702] (gazebo_msgs) StdoutLine: {'line': b'-- Installing: /opt/ros/gazebo_ros_build/install/include/gazebo_msgs/gazebo_msgs/srv/detail/set_light_properties__type_support.hpp\n'}
[206.216183] (gazebo_msgs) StdoutLine: {'line': b'-- Installing: /opt/ros/gazebo_ros_build/install/include/gazebo_msgs/gazebo_msgs/srv/detail/get_light_properties__builder.hpp\n'}
[206.217245] (gazebo_msgs) StdoutLine: {'line': b'-- Installing: /opt/ros/gazebo_ros_build/install/include/gazebo_msgs/gazebo_msgs/srv/detail/joint_request__traits.hpp\n'}
[206.218252] (gazebo_msgs) StdoutLine: {'line': b'-- Installing: /opt/ros/gazebo_ros_build/install/include/gazebo_msgs/gazebo_msgs/srv/detail/spawn_entity__struct.hpp\n'}
[206.219286] (gazebo_msgs) StdoutLine: {'line': b'-- Installing: /opt/ros/gazebo_ros_build/install/include/gazebo_msgs/gazebo_msgs/srv/detail/apply_link_wrench__builder.hpp\n'}
[206.220333] (gazebo_msgs) StdoutLine: {'line': b'-- Installing: /opt/ros/gazebo_ros_build/install/include/gazebo_msgs/gazebo_msgs/srv/detail/set_physics_properties__struct.hpp\n'}
[206.221996] (gazebo_msgs) StdoutLine: {'line': b'-- Installing: /opt/ros/gazebo_ros_build/install/include/gazebo_msgs/gazebo_msgs/srv/detail/set_joint_trajectory__builder.hpp\n'}
[206.222991] (gazebo_msgs) StdoutLine: {'line': b'-- Installing: /opt/ros/gazebo_ros_build/install/include/gazebo_msgs/gazebo_msgs/srv/detail/get_physics_properties__struct.hpp\n'}
[206.224013] (gazebo_msgs) StdoutLine: {'line': b'-- Installing: /opt/ros/gazebo_ros_build/install/include/gazebo_msgs/gazebo_msgs/srv/detail/set_physics_properties__type_support.hpp\n'}
[206.225055] (gazebo_msgs) StdoutLine: {'line': b'-- Installing: /opt/ros/gazebo_ros_build/install/include/gazebo_msgs/gazebo_msgs/srv/detail/spawn_model__type_support.hpp\n'}
[206.226011] (gazebo_msgs) StdoutLine: {'line': b'-- Installing: /opt/ros/gazebo_ros_build/install/include/gazebo_msgs/gazebo_msgs/srv/detail/spawn_entity__type_support.hpp\n'}
[206.227011] (gazebo_msgs) StdoutLine: {'line': b'-- Installing: /opt/ros/gazebo_ros_build/install/include/gazebo_msgs/gazebo_msgs/srv/detail/get_model_list__builder.hpp\n'}
[206.227956] (gazebo_msgs) StdoutLine: {'line': b'-- Installing: /opt/ros/gazebo_ros_build/install/include/gazebo_msgs/gazebo_msgs/srv/detail/set_joint_properties__traits.hpp\n'}
[206.229056] (gazebo_msgs) StdoutLine: {'line': b'-- Installing: /opt/ros/gazebo_ros_build/install/include/gazebo_msgs/gazebo_msgs/srv/detail/get_link_properties__builder.hpp\n'}
[206.230076] (gazebo_msgs) StdoutLine: {'line': b'-- Installing: /opt/ros/gazebo_ros_build/install/include/gazebo_msgs/gazebo_msgs/srv/detail/get_model_state__struct.hpp\n'}
[206.231146] (gazebo_msgs) StdoutLine: {'line': b'-- Installing: /opt/ros/gazebo_ros_build/install/include/gazebo_msgs/gazebo_msgs/srv/detail/get_world_properties__struct.hpp\n'}
[206.232269] (gazebo_msgs) StdoutLine: {'line': b'-- Installing: /opt/ros/gazebo_ros_build/install/include/gazebo_msgs/gazebo_msgs/srv/detail/set_model_configuration__traits.hpp\n'}
[206.233322] (gazebo_msgs) StdoutLine: {'line': b'-- Installing: /opt/ros/gazebo_ros_build/install/include/gazebo_msgs/gazebo_msgs/srv/detail/apply_link_wrench__traits.hpp\n'}
[206.234343] (gazebo_msgs) StdoutLine: {'line': b'-- Installing: /opt/ros/gazebo_ros_build/install/include/gazebo_msgs/gazebo_msgs/srv/detail/delete_light__struct.hpp\n'}
[206.235442] (gazebo_msgs) StdoutLine: {'line': b'-- Installing: /opt/ros/gazebo_ros_build/install/include/gazebo_msgs/gazebo_msgs/srv/detail/set_link_properties__type_support.hpp\n'}
[206.236415] (gazebo_msgs) StdoutLine: {'line': b'-- Installing: /opt/ros/gazebo_ros_build/install/include/gazebo_msgs/gazebo_msgs/srv/detail/spawn_model__traits.hpp\n'}
[206.237502] (gazebo_msgs) StdoutLine: {'line': b'-- Installing: /opt/ros/gazebo_ros_build/install/include/gazebo_msgs/gazebo_msgs/srv/detail/spawn_model__struct.hpp\n'}
[206.238603] (gazebo_msgs) StdoutLine: {'line': b'-- Installing: /opt/ros/gazebo_ros_build/install/include/gazebo_msgs/gazebo_msgs/srv/detail/get_joint_properties__struct.hpp\n'}
[206.239633] (gazebo_msgs) StdoutLine: {'line': b'-- Installing: /opt/ros/gazebo_ros_build/install/include/gazebo_msgs/gazebo_msgs/srv/detail/get_model_list__traits.hpp\n'}
[206.240746] (gazebo_msgs) StdoutLine: {'line': b'-- Installing: /opt/ros/gazebo_ros_build/install/include/gazebo_msgs/gazebo_msgs/srv/detail/get_entity_state__builder.hpp\n'}
[206.241747] (gazebo_msgs) StdoutLine: {'line': b'-- Installing: /opt/ros/gazebo_ros_build/install/include/gazebo_msgs/gazebo_msgs/srv/detail/joint_request__type_support.hpp\n'}
[206.242915] (gazebo_msgs) StdoutLine: {'line': b'-- Installing: /opt/ros/gazebo_ros_build/install/include/gazebo_msgs/gazebo_msgs/srv/detail/apply_joint_effort__builder.hpp\n'}
[206.243920] (gazebo_msgs) StdoutLine: {'line': b'-- Installing: /opt/ros/gazebo_ros_build/install/include/gazebo_msgs/gazebo_msgs/srv/detail/get_model_state__type_support.hpp\n'}
[206.244910] (gazebo_msgs) StdoutLine: {'line': b'-- Installing: /opt/ros/gazebo_ros_build/install/include/gazebo_msgs/gazebo_msgs/srv/detail/get_world_properties__traits.hpp\n'}
[206.245900] (gazebo_msgs) StdoutLine: {'line': b'-- Installing: /opt/ros/gazebo_ros_build/install/include/gazebo_msgs/gazebo_msgs/srv/detail/set_link_state__builder.hpp\n'}
[206.246828] (gazebo_msgs) StdoutLine: {'line': b'-- Installing: /opt/ros/gazebo_ros_build/install/include/gazebo_msgs/gazebo_msgs/srv/detail/body_request__builder.hpp\n'}
[206.247813] (gazebo_msgs) StdoutLine: {'line': b'-- Installing: /opt/ros/gazebo_ros_build/install/include/gazebo_msgs/gazebo_msgs/srv/detail/set_joint_trajectory__type_support.hpp\n'}
[206.248838] (gazebo_msgs) StdoutLine: {'line': b'-- Installing: /opt/ros/gazebo_ros_build/install/include/gazebo_msgs/gazebo_msgs/srv/detail/delete_model__traits.hpp\n'}
[206.249849] (gazebo_msgs) StdoutLine: {'line': b'-- Installing: /opt/ros/gazebo_ros_build/install/include/gazebo_msgs/gazebo_msgs/srv/detail/get_link_properties__type_support.hpp\n'}
[206.250791] (gazebo_msgs) StdoutLine: {'line': b'-- Installing: /opt/ros/gazebo_ros_build/install/include/gazebo_msgs/gazebo_msgs/srv/detail/apply_joint_effort__struct.hpp\n'}
[206.251819] (gazebo_msgs) StdoutLine: {'line': b'-- Installing: /opt/ros/gazebo_ros_build/install/include/gazebo_msgs/gazebo_msgs/srv/detail/get_world_properties__builder.hpp\n'}
[206.253524] (gazebo_msgs) StdoutLine: {'line': b'-- Installing: /opt/ros/gazebo_ros_build/install/include/gazebo_msgs/gazebo_msgs/srv/detail/get_light_properties__struct.hpp\n'}
[206.254602] (gazebo_msgs) StdoutLine: {'line': b'-- Installing: /opt/ros/gazebo_ros_build/install/include/gazebo_msgs/gazebo_msgs/srv/detail/get_model_properties__struct.hpp\n'}
[206.255639] (gazebo_msgs) StdoutLine: {'line': b'-- Installing: /opt/ros/gazebo_ros_build/install/include/gazebo_msgs/gazebo_msgs/srv/detail/set_link_properties__struct.hpp\n'}
[206.256754] (gazebo_msgs) StdoutLine: {'line': b'-- Installing: /opt/ros/gazebo_ros_build/install/include/gazebo_msgs/gazebo_msgs/srv/detail/get_light_properties__traits.hpp\n'}
[206.257795] (gazebo_msgs) StdoutLine: {'line': b'-- Installing: /opt/ros/gazebo_ros_build/install/include/gazebo_msgs/gazebo_msgs/srv/detail/delete_light__builder.hpp\n'}
[206.258782] (gazebo_msgs) StdoutLine: {'line': b'-- Installing: /opt/ros/gazebo_ros_build/install/include/gazebo_msgs/gazebo_msgs/srv/detail/set_entity_state__traits.hpp\n'}
[206.259884] (gazebo_msgs) StdoutLine: {'line': b'-- Installing: /opt/ros/gazebo_ros_build/install/include/gazebo_msgs/gazebo_msgs/srv/detail/get_joint_properties__builder.hpp\n'}
[206.260953] (gazebo_msgs) StdoutLine: {'line': b'-- Installing: /opt/ros/gazebo_ros_build/install/include/gazebo_msgs/gazebo_msgs/srv/detail/get_world_properties__type_support.hpp\n'}
[206.261900] (gazebo_msgs) StdoutLine: {'line': b'-- Installing: /opt/ros/gazebo_ros_build/install/include/gazebo_msgs/gazebo_msgs/srv/detail/get_entity_state__type_support.hpp\n'}
[206.262885] (gazebo_msgs) StdoutLine: {'line': b'-- Installing: /opt/ros/gazebo_ros_build/install/include/gazebo_msgs/gazebo_msgs/srv/detail/set_model_state__traits.hpp\n'}
[206.263363] (-) TimerEvent: {}
[206.264026] (gazebo_msgs) StdoutLine: {'line': b'-- Installing: /opt/ros/gazebo_ros_build/install/include/gazebo_msgs/gazebo_msgs/srv/detail/get_model_properties__builder.hpp\n'}
[206.265550] (gazebo_msgs) StdoutLine: {'line': b'-- Installing: /opt/ros/gazebo_ros_build/install/include/gazebo_msgs/gazebo_msgs/srv/detail/set_joint_trajectory__traits.hpp\n'}
[206.266639] (gazebo_msgs) StdoutLine: {'line': b'-- Installing: /opt/ros/gazebo_ros_build/install/include/gazebo_msgs/gazebo_msgs/srv/detail/body_request__traits.hpp\n'}
[206.267636] (gazebo_msgs) StdoutLine: {'line': b'-- Installing: /opt/ros/gazebo_ros_build/install/include/gazebo_msgs/gazebo_msgs/srv/detail/delete_light__traits.hpp\n'}
[206.268718] (gazebo_msgs) StdoutLine: {'line': b'-- Installing: /opt/ros/gazebo_ros_build/install/include/gazebo_msgs/gazebo_msgs/srv/detail/get_link_properties__struct.hpp\n'}
[206.269779] (gazebo_msgs) StdoutLine: {'line': b'-- Installing: /opt/ros/gazebo_ros_build/install/include/gazebo_msgs/gazebo_msgs/srv/detail/set_model_configuration__type_support.hpp\n'}
[206.270673] (gazebo_msgs) StdoutLine: {'line': b'-- Installing: /opt/ros/gazebo_ros_build/install/include/gazebo_msgs/gazebo_msgs/srv/detail/set_joint_properties__type_support.hpp\n'}
[206.271769] (gazebo_msgs) StdoutLine: {'line': b'-- Installing: /opt/ros/gazebo_ros_build/install/include/gazebo_msgs/gazebo_msgs/srv/detail/set_joint_properties__struct.hpp\n'}
[206.273127] (gazebo_msgs) StdoutLine: {'line': b'-- Installing: /opt/ros/gazebo_ros_build/install/include/gazebo_msgs/gazebo_msgs/srv/detail/get_physics_properties__builder.hpp\n'}
[206.273766] (gazebo_msgs) StdoutLine: {'line': b'-- Installing: /opt/ros/gazebo_ros_build/install/include/gazebo_msgs/gazebo_msgs/srv/detail/apply_body_wrench__type_support.hpp\n'}
[206.274752] (gazebo_msgs) StdoutLine: {'line': b'-- Installing: /opt/ros/gazebo_ros_build/install/include/gazebo_msgs/gazebo_msgs/srv/detail/joint_request__struct.hpp\n'}
[206.275782] (gazebo_msgs) StdoutLine: {'line': b'-- Installing: /opt/ros/gazebo_ros_build/install/include/gazebo_msgs/gazebo_msgs/srv/detail/set_entity_state__struct.hpp\n'}
[206.276900] (gazebo_msgs) StdoutLine: {'line': b'-- Installing: /opt/ros/gazebo_ros_build/install/include/gazebo_msgs/gazebo_msgs/srv/detail/set_model_state__struct.hpp\n'}
[206.277924] (gazebo_msgs) StdoutLine: {'line': b'-- Installing: /opt/ros/gazebo_ros_build/install/include/gazebo_msgs/gazebo_msgs/srv/detail/apply_link_wrench__type_support.hpp\n'}
[206.279012] (gazebo_msgs) StdoutLine: {'line': b'-- Installing: /opt/ros/gazebo_ros_build/install/include/gazebo_msgs/gazebo_msgs/srv/detail/set_light_properties__struct.hpp\n'}
[206.280169] (gazebo_msgs) StdoutLine: {'line': b'-- Installing: /opt/ros/gazebo_ros_build/install/include/gazebo_msgs/gazebo_msgs/srv/detail/set_link_state__struct.hpp\n'}
[206.281209] (gazebo_msgs) StdoutLine: {'line': b'-- Installing: /opt/ros/gazebo_ros_build/install/include/gazebo_msgs/gazebo_msgs/srv/detail/set_model_state__type_support.hpp\n'}
[206.282165] (gazebo_msgs) StdoutLine: {'line': b'-- Installing: /opt/ros/gazebo_ros_build/install/include/gazebo_msgs/gazebo_msgs/srv/detail/get_link_state__struct.hpp\n'}
[206.283295] (gazebo_msgs) StdoutLine: {'line': b'-- Installing: /opt/ros/gazebo_ros_build/install/include/gazebo_msgs/gazebo_msgs/srv/detail/spawn_entity__traits.hpp\n'}
[206.284320] (gazebo_msgs) StdoutLine: {'line': b'-- Installing: /opt/ros/gazebo_ros_build/install/include/gazebo_msgs/gazebo_msgs/srv/detail/body_request__type_support.hpp\n'}
[206.285628] (gazebo_msgs) StdoutLine: {'line': b'-- Installing: /opt/ros/gazebo_ros_build/install/include/gazebo_msgs/gazebo_msgs/srv/detail/get_model_properties__type_support.hpp\n'}
[206.286571] (gazebo_msgs) StdoutLine: {'line': b'-- Installing: /opt/ros/gazebo_ros_build/install/include/gazebo_msgs/gazebo_msgs/srv/detail/set_physics_properties__traits.hpp\n'}
[206.287544] (gazebo_msgs) StdoutLine: {'line': b'-- Installing: /opt/ros/gazebo_ros_build/install/include/gazebo_msgs/gazebo_msgs/srv/detail/spawn_entity__builder.hpp\n'}
[206.288569] (gazebo_msgs) StdoutLine: {'line': b'-- Installing: /opt/ros/gazebo_ros_build/install/include/gazebo_msgs/gazebo_msgs/srv/detail/apply_joint_effort__traits.hpp\n'}
[206.289540] (gazebo_msgs) StdoutLine: {'line': b'-- Installing: /opt/ros/gazebo_ros_build/install/include/gazebo_msgs/gazebo_msgs/srv/detail/get_model_properties__traits.hpp\n'}
[206.290558] (gazebo_msgs) StdoutLine: {'line': b'-- Installing: /opt/ros/gazebo_ros_build/install/include/gazebo_msgs/gazebo_msgs/srv/detail/spawn_model__builder.hpp\n'}
[206.291575] (gazebo_msgs) StdoutLine: {'line': b'-- Installing: /opt/ros/gazebo_ros_build/install/include/gazebo_msgs/gazebo_msgs/srv/detail/set_physics_properties__builder.hpp\n'}
[206.292571] (gazebo_msgs) StdoutLine: {'line': b'-- Installing: /opt/ros/gazebo_ros_build/install/include/gazebo_msgs/gazebo_msgs/srv/detail/get_model_state__builder.hpp\n'}
[206.293647] (gazebo_msgs) StdoutLine: {'line': b'-- Installing: /opt/ros/gazebo_ros_build/install/include/gazebo_msgs/gazebo_msgs/srv/detail/get_light_properties__type_support.hpp\n'}
[206.294590] (gazebo_msgs) StdoutLine: {'line': b'-- Installing: /opt/ros/gazebo_ros_build/install/include/gazebo_msgs/gazebo_msgs/srv/detail/get_entity_state__traits.hpp\n'}
[206.295615] (gazebo_msgs) StdoutLine: {'line': b'-- Installing: /opt/ros/gazebo_ros_build/install/include/gazebo_msgs/gazebo_msgs/srv/detail/delete_light__type_support.hpp\n'}
[206.296650] (gazebo_msgs) StdoutLine: {'line': b'-- Installing: /opt/ros/gazebo_ros_build/install/include/gazebo_msgs/gazebo_msgs/srv/detail/delete_entity__builder.hpp\n'}
[206.297594] (gazebo_msgs) StdoutLine: {'line': b'-- Installing: /opt/ros/gazebo_ros_build/install/include/gazebo_msgs/gazebo_msgs/srv/detail/delete_entity__type_support.hpp\n'}
[206.298520] (gazebo_msgs) StdoutLine: {'line': b'-- Installing: /opt/ros/gazebo_ros_build/install/include/gazebo_msgs/gazebo_msgs/srv/detail/set_link_properties__builder.hpp\n'}
[206.299591] (gazebo_msgs) StdoutLine: {'line': b'-- Installing: /opt/ros/gazebo_ros_build/install/include/gazebo_msgs/gazebo_msgs/srv/detail/get_physics_properties__traits.hpp\n'}
[206.300785] (gazebo_msgs) StdoutLine: {'line': b'-- Installing: /opt/ros/gazebo_ros_build/install/include/gazebo_msgs/gazebo_msgs/srv/detail/apply_joint_effort__type_support.hpp\n'}
[206.301752] (gazebo_msgs) StdoutLine: {'line': b'-- Installing: /opt/ros/gazebo_ros_build/install/include/gazebo_msgs/gazebo_msgs/srv/detail/get_model_state__traits.hpp\n'}
[206.302741] (gazebo_msgs) StdoutLine: {'line': b'-- Installing: /opt/ros/gazebo_ros_build/install/include/gazebo_msgs/gazebo_msgs/srv/detail/delete_entity__struct.hpp\n'}
[206.303797] (gazebo_msgs) StdoutLine: {'line': b'-- Installing: /opt/ros/gazebo_ros_build/install/include/gazebo_msgs/gazebo_msgs/srv/detail/get_link_state__builder.hpp\n'}
[206.304835] (gazebo_msgs) StdoutLine: {'line': b'-- Installing: /opt/ros/gazebo_ros_build/install/include/gazebo_msgs/gazebo_msgs/srv/detail/set_link_state__type_support.hpp\n'}
[206.305798] (gazebo_msgs) StdoutLine: {'line': b'-- Installing: /opt/ros/gazebo_ros_build/install/include/gazebo_msgs/gazebo_msgs/srv/detail/get_link_properties__traits.hpp\n'}
[206.306929] (gazebo_msgs) StdoutLine: {'line': b'-- Installing: /opt/ros/gazebo_ros_build/install/include/gazebo_msgs/gazebo_msgs/srv/detail/set_entity_state__type_support.hpp\n'}
[206.307965] (gazebo_msgs) StdoutLine: {'line': b'-- Installing: /opt/ros/gazebo_ros_build/install/include/gazebo_msgs/gazebo_msgs/srv/detail/set_light_properties__builder.hpp\n'}
[206.309435] (gazebo_msgs) StdoutLine: {'line': b'-- Installing: /opt/ros/gazebo_ros_build/install/include/gazebo_msgs/gazebo_msgs/srv/detail/delete_model__builder.hpp\n'}
[206.310373] (gazebo_msgs) StdoutLine: {'line': b'-- Installing: /opt/ros/gazebo_ros_build/install/include/gazebo_msgs/gazebo_msgs/srv/detail/apply_body_wrench__builder.hpp\n'}
[206.311390] (gazebo_msgs) StdoutLine: {'line': b'-- Installing: /opt/ros/gazebo_ros_build/install/include/gazebo_msgs/gazebo_msgs/srv/detail/set_light_properties__traits.hpp\n'}
[206.312482] (gazebo_msgs) StdoutLine: {'line': b'-- Installing: /opt/ros/gazebo_ros_build/install/include/gazebo_msgs/gazebo_msgs/srv/detail/set_entity_state__builder.hpp\n'}
[206.313594] (gazebo_msgs) StdoutLine: {'line': b'-- Installing: /opt/ros/gazebo_ros_build/install/include/gazebo_msgs/gazebo_msgs/srv/detail/apply_body_wrench__struct.hpp\n'}
[206.314680] (gazebo_msgs) StdoutLine: {'line': b'-- Installing: /opt/ros/gazebo_ros_build/install/include/gazebo_msgs/gazebo_msgs/srv/detail/set_link_properties__traits.hpp\n'}
[206.315649] (gazebo_msgs) StdoutLine: {'line': b'-- Installing: /opt/ros/gazebo_ros_build/install/include/gazebo_msgs/gazebo_msgs/srv/detail/set_link_state__traits.hpp\n'}
[206.317205] (gazebo_msgs) StdoutLine: {'line': b'-- Installing: /opt/ros/gazebo_ros_build/install/include/gazebo_msgs/gazebo_msgs/srv/detail/link_request__struct.hpp\n'}
[206.318255] (gazebo_msgs) StdoutLine: {'line': b'-- Installing: /opt/ros/gazebo_ros_build/install/include/gazebo_msgs/gazebo_msgs/srv/detail/link_request__traits.hpp\n'}
[206.319221] (gazebo_msgs) StdoutLine: {'line': b'-- Installing: /opt/ros/gazebo_ros_build/install/include/gazebo_msgs/gazebo_msgs/srv/detail/get_model_list__struct.hpp\n'}
[206.320377] (gazebo_msgs) StdoutLine: {'line': b'-- Installing: /opt/ros/gazebo_ros_build/install/include/gazebo_msgs/gazebo_msgs/srv/detail/delete_model__type_support.hpp\n'}
[206.321268] (gazebo_msgs) StdoutLine: {'line': b'-- Installing: /opt/ros/gazebo_ros_build/install/include/gazebo_msgs/gazebo_msgs/srv/detail/link_request__type_support.hpp\n'}
[206.322243] (gazebo_msgs) StdoutLine: {'line': b'-- Installing: /opt/ros/gazebo_ros_build/install/include/gazebo_msgs/gazebo_msgs/srv/detail/set_model_configuration__struct.hpp\n'}
[206.323272] (gazebo_msgs) StdoutLine: {'line': b'-- Installing: /opt/ros/gazebo_ros_build/install/include/gazebo_msgs/gazebo_msgs/srv/detail/delete_entity__traits.hpp\n'}
[206.324311] (gazebo_msgs) StdoutLine: {'line': b'-- Installing: /opt/ros/gazebo_ros_build/install/include/gazebo_msgs/gazebo_msgs/srv/detail/apply_body_wrench__traits.hpp\n'}
[206.325410] (gazebo_msgs) StdoutLine: {'line': b'-- Installing: /opt/ros/gazebo_ros_build/install/include/gazebo_msgs/gazebo_msgs/srv/detail/get_entity_state__struct.hpp\n'}
[206.326377] (gazebo_msgs) StdoutLine: {'line': b'-- Installing: /opt/ros/gazebo_ros_build/install/include/gazebo_msgs/gazebo_msgs/srv/detail/get_model_list__type_support.hpp\n'}
[206.327350] (gazebo_msgs) StdoutLine: {'line': b'-- Installing: /opt/ros/gazebo_ros_build/install/include/gazebo_msgs/gazebo_msgs/srv/detail/get_link_state__type_support.hpp\n'}
[206.328350] (gazebo_msgs) StdoutLine: {'line': b'-- Installing: /opt/ros/gazebo_ros_build/install/include/gazebo_msgs/gazebo_msgs/srv/detail/body_request__struct.hpp\n'}
[206.329499] (gazebo_msgs) StdoutLine: {'line': b'-- Installing: /opt/ros/gazebo_ros_build/install/include/gazebo_msgs/gazebo_msgs/srv/detail/set_joint_trajectory__struct.hpp\n'}
[206.330555] (gazebo_msgs) StdoutLine: {'line': b'-- Installing: /opt/ros/gazebo_ros_build/install/include/gazebo_msgs/gazebo_msgs/srv/detail/set_model_configuration__builder.hpp\n'}
[206.331622] (gazebo_msgs) StdoutLine: {'line': b'-- Installing: /opt/ros/gazebo_ros_build/install/include/gazebo_msgs/gazebo_msgs/srv/detail/link_request__builder.hpp\n'}
[206.333150] (gazebo_msgs) StdoutLine: {'line': b'-- Installing: /opt/ros/gazebo_ros_build/install/include/gazebo_msgs/gazebo_msgs/srv/detail/delete_model__struct.hpp\n'}
[206.334229] (gazebo_msgs) StdoutLine: {'line': b'-- Installing: /opt/ros/gazebo_ros_build/install/include/gazebo_msgs/gazebo_msgs/srv/detail/get_joint_properties__traits.hpp\n'}
[206.335299] (gazebo_msgs) StdoutLine: {'line': b'-- Installing: /opt/ros/gazebo_ros_build/install/include/gazebo_msgs/gazebo_msgs/srv/detail/get_link_state__traits.hpp\n'}
[206.336364] (gazebo_msgs) StdoutLine: {'line': b'-- Installing: /opt/ros/gazebo_ros_build/install/include/gazebo_msgs/gazebo_msgs/srv/detail/joint_request__builder.hpp\n'}
[206.337295] (gazebo_msgs) StdoutLine: {'line': b'-- Installing: /opt/ros/gazebo_ros_build/install/include/gazebo_msgs/gazebo_msgs/srv/apply_joint_effort.hpp\n'}
[206.338230] (gazebo_msgs) StdoutLine: {'line': b'-- Installing: /opt/ros/gazebo_ros_build/install/include/gazebo_msgs/gazebo_msgs/srv/get_joint_properties.hpp\n'}
[206.339098] (gazebo_msgs) StdoutLine: {'line': b'-- Installing: /opt/ros/gazebo_ros_build/install/include/gazebo_msgs/gazebo_msgs/srv/get_model_properties.hpp\n'}
[206.340021] (gazebo_msgs) StdoutLine: {'line': b'-- Installing: /opt/ros/gazebo_ros_build/install/include/gazebo_msgs/gazebo_msgs/srv/joint_request.hpp\n'}
[206.340985] (gazebo_msgs) StdoutLine: {'line': b'-- Installing: /opt/ros/gazebo_ros_build/install/include/gazebo_msgs/gazebo_msgs/srv/delete_light.hpp\n'}
[206.342391] (gazebo_msgs) StdoutLine: {'line': b'-- Up-to-date: /opt/ros/gazebo_ros_build/install/include/gazebo_msgs/gazebo_msgs\n'}
[206.343011] (gazebo_msgs) StdoutLine: {'line': b'-- Up-to-date: /opt/ros/gazebo_ros_build/install/include/gazebo_msgs/gazebo_msgs/msg\n'}
[206.343661] (gazebo_msgs) StdoutLine: {'line': b'-- Up-to-date: /opt/ros/gazebo_ros_build/install/include/gazebo_msgs/gazebo_msgs/msg/detail\n'}
[206.344102] (gazebo_msgs) StdoutLine: {'line': b'-- Installing: /opt/ros/gazebo_ros_build/install/include/gazebo_msgs/gazebo_msgs/msg/detail/model_state__rosidl_typesupport_fastrtps_cpp.hpp\n'}
[206.345039] (gazebo_msgs) StdoutLine: {'line': b'-- Installing: /opt/ros/gazebo_ros_build/install/include/gazebo_msgs/gazebo_msgs/msg/detail/entity_state__rosidl_typesupport_fastrtps_cpp.hpp\n'}
[206.345947] (gazebo_msgs) StdoutLine: {'line': b'-- Installing: /opt/ros/gazebo_ros_build/install/include/gazebo_msgs/gazebo_msgs/msg/detail/world_state__rosidl_typesupport_fastrtps_cpp.hpp\n'}
[206.346967] (gazebo_msgs) StdoutLine: {'line': b'-- Installing: /opt/ros/gazebo_ros_build/install/include/gazebo_msgs/gazebo_msgs/msg/detail/sensor_performance_metric__rosidl_typesupport_fastrtps_cpp.hpp\n'}
[206.347917] (gazebo_msgs) StdoutLine: {'line': b'-- Installing: /opt/ros/gazebo_ros_build/install/include/gazebo_msgs/gazebo_msgs/msg/detail/model_states__rosidl_typesupport_fastrtps_cpp.hpp\n'}
[206.348919] (gazebo_msgs) StdoutLine: {'line': b'-- Installing: /opt/ros/gazebo_ros_build/install/include/gazebo_msgs/gazebo_msgs/msg/detail/performance_metrics__rosidl_typesupport_fastrtps_cpp.hpp\n'}
[206.349880] (gazebo_msgs) StdoutLine: {'line': b'-- Installing: /opt/ros/gazebo_ros_build/install/include/gazebo_msgs/gazebo_msgs/msg/detail/ode_joint_properties__rosidl_typesupport_fastrtps_cpp.hpp\n'}
[206.350825] (gazebo_msgs) StdoutLine: {'line': b'-- Installing: /opt/ros/gazebo_ros_build/install/include/gazebo_msgs/gazebo_msgs/msg/detail/ode_physics__rosidl_typesupport_fastrtps_cpp.hpp\n'}
[206.351806] (gazebo_msgs) StdoutLine: {'line': b'-- Installing: /opt/ros/gazebo_ros_build/install/include/gazebo_msgs/gazebo_msgs/msg/detail/link_state__rosidl_typesupport_fastrtps_cpp.hpp\n'}
[206.352852] (gazebo_msgs) StdoutLine: {'line': b'-- Installing: /opt/ros/gazebo_ros_build/install/include/gazebo_msgs/gazebo_msgs/msg/detail/wheel_slip__rosidl_typesupport_fastrtps_cpp.hpp\n'}
[206.353819] (gazebo_msgs) StdoutLine: {'line': b'-- Installing: /opt/ros/gazebo_ros_build/install/include/gazebo_msgs/gazebo_msgs/msg/detail/contacts_state__rosidl_typesupport_fastrtps_cpp.hpp\n'}
[206.354822] (gazebo_msgs) StdoutLine: {'line': b'-- Installing: /opt/ros/gazebo_ros_build/install/include/gazebo_msgs/gazebo_msgs/msg/detail/link_states__rosidl_typesupport_fastrtps_cpp.hpp\n'}
[206.355850] (gazebo_msgs) StdoutLine: {'line': b'-- Installing: /opt/ros/gazebo_ros_build/install/include/gazebo_msgs/gazebo_msgs/msg/detail/contact_state__rosidl_typesupport_fastrtps_cpp.hpp\n'}
[206.356873] (gazebo_msgs) StdoutLine: {'line': b'-- Installing: /opt/ros/gazebo_ros_build/install/include/gazebo_msgs/gazebo_msgs/msg/detail/dds_fastrtps\n'}
[206.357742] (gazebo_msgs) StdoutLine: {'line': b'-- Installing: /opt/ros/gazebo_ros_build/install/include/gazebo_msgs/gazebo_msgs/msg/rosidl_typesupport_fastrtps_cpp__visibility_control.h\n'}
[206.358724] (gazebo_msgs) StdoutLine: {'line': b'-- Up-to-date: /opt/ros/gazebo_ros_build/install/include/gazebo_msgs/gazebo_msgs/srv\n'}
[206.359187] (gazebo_msgs) StdoutLine: {'line': b'-- Up-to-date: /opt/ros/gazebo_ros_build/install/include/gazebo_msgs/gazebo_msgs/srv/detail\n'}
[206.359739] (gazebo_msgs) StdoutLine: {'line': b'-- Installing: /opt/ros/gazebo_ros_build/install/include/gazebo_msgs/gazebo_msgs/srv/detail/link_request__rosidl_typesupport_fastrtps_cpp.hpp\n'}
[206.361018] (gazebo_msgs) StdoutLine: {'line': b'-- Installing: /opt/ros/gazebo_ros_build/install/include/gazebo_msgs/gazebo_msgs/srv/detail/spawn_model__rosidl_typesupport_fastrtps_cpp.hpp\n'}
[206.362020] (gazebo_msgs) StdoutLine: {'line': b'-- Installing: /opt/ros/gazebo_ros_build/install/include/gazebo_msgs/gazebo_msgs/srv/detail/get_entity_state__rosidl_typesupport_fastrtps_cpp.hpp\n'}
[206.363115] (gazebo_msgs) StdoutLine: {'line': b'-- Installing: /opt/ros/gazebo_ros_build/install/include/gazebo_msgs/gazebo_msgs/srv/detail/set_joint_properties__rosidl_typesupport_fastrtps_cpp.hpp\n'}
[206.363559] (-) TimerEvent: {}
[206.364587] (gazebo_msgs) StdoutLine: {'line': b'-- Installing: /opt/ros/gazebo_ros_build/install/include/gazebo_msgs/gazebo_msgs/srv/detail/get_model_state__rosidl_typesupport_fastrtps_cpp.hpp\n'}
[206.365946] (gazebo_msgs) StdoutLine: {'line': b'-- Installing: /opt/ros/gazebo_ros_build/install/include/gazebo_msgs/gazebo_msgs/srv/detail/delete_entity__rosidl_typesupport_fastrtps_cpp.hpp\n'}
[206.366537] (gazebo_msgs) StdoutLine: {'line': b'-- Installing: /opt/ros/gazebo_ros_build/install/include/gazebo_msgs/gazebo_msgs/srv/detail/get_model_list__rosidl_typesupport_fastrtps_cpp.hpp\n'}
[206.367645] (gazebo_msgs) StdoutLine: {'line': b'-- Installing: /opt/ros/gazebo_ros_build/install/include/gazebo_msgs/gazebo_msgs/srv/detail/get_physics_properties__rosidl_typesupport_fastrtps_cpp.hpp\n'}
[206.368615] (gazebo_msgs) StdoutLine: {'line': b'-- Installing: /opt/ros/gazebo_ros_build/install/include/gazebo_msgs/gazebo_msgs/srv/detail/apply_body_wrench__rosidl_typesupport_fastrtps_cpp.hpp\n'}
[206.369602] (gazebo_msgs) StdoutLine: {'line': b'-- Installing: /opt/ros/gazebo_ros_build/install/include/gazebo_msgs/gazebo_msgs/srv/detail/delete_light__rosidl_typesupport_fastrtps_cpp.hpp\n'}
[206.370671] (gazebo_msgs) StdoutLine: {'line': b'-- Installing: /opt/ros/gazebo_ros_build/install/include/gazebo_msgs/gazebo_msgs/srv/detail/apply_joint_effort__rosidl_typesupport_fastrtps_cpp.hpp\n'}
[206.371655] (gazebo_msgs) StdoutLine: {'line': b'-- Installing: /opt/ros/gazebo_ros_build/install/include/gazebo_msgs/gazebo_msgs/srv/detail/set_link_properties__rosidl_typesupport_fastrtps_cpp.hpp\n'}
[206.372765] (gazebo_msgs) StdoutLine: {'line': b'-- Installing: /opt/ros/gazebo_ros_build/install/include/gazebo_msgs/gazebo_msgs/srv/detail/set_link_state__rosidl_typesupport_fastrtps_cpp.hpp\n'}
[206.373855] (gazebo_msgs) StdoutLine: {'line': b'-- Installing: /opt/ros/gazebo_ros_build/install/include/gazebo_msgs/gazebo_msgs/srv/detail/set_model_state__rosidl_typesupport_fastrtps_cpp.hpp\n'}
[206.374844] (gazebo_msgs) StdoutLine: {'line': b'-- Installing: /opt/ros/gazebo_ros_build/install/include/gazebo_msgs/gazebo_msgs/srv/detail/joint_request__rosidl_typesupport_fastrtps_cpp.hpp\n'}
[206.375948] (gazebo_msgs) StdoutLine: {'line': b'-- Installing: /opt/ros/gazebo_ros_build/install/include/gazebo_msgs/gazebo_msgs/srv/detail/set_entity_state__rosidl_typesupport_fastrtps_cpp.hpp\n'}
[206.377126] (gazebo_msgs) StdoutLine: {'line': b'-- Installing: /opt/ros/gazebo_ros_build/install/include/gazebo_msgs/gazebo_msgs/srv/detail/delete_model__rosidl_typesupport_fastrtps_cpp.hpp\n'}
[206.378109] (gazebo_msgs) StdoutLine: {'line': b'-- Installing: /opt/ros/gazebo_ros_build/install/include/gazebo_msgs/gazebo_msgs/srv/detail/set_joint_trajectory__rosidl_typesupport_fastrtps_cpp.hpp\n'}
[206.379100] (gazebo_msgs) StdoutLine: {'line': b'-- Installing: /opt/ros/gazebo_ros_build/install/include/gazebo_msgs/gazebo_msgs/srv/detail/get_joint_properties__rosidl_typesupport_fastrtps_cpp.hpp\n'}
[206.380120] (gazebo_msgs) StdoutLine: {'line': b'-- Installing: /opt/ros/gazebo_ros_build/install/include/gazebo_msgs/gazebo_msgs/srv/detail/set_model_configuration__rosidl_typesupport_fastrtps_cpp.hpp\n'}
[206.381258] (gazebo_msgs) StdoutLine: {'line': b'-- Installing: /opt/ros/gazebo_ros_build/install/include/gazebo_msgs/gazebo_msgs/srv/detail/set_physics_properties__rosidl_typesupport_fastrtps_cpp.hpp\n'}
[206.382243] (gazebo_msgs) StdoutLine: {'line': b'-- Installing: /opt/ros/gazebo_ros_build/install/include/gazebo_msgs/gazebo_msgs/srv/detail/get_link_state__rosidl_typesupport_fastrtps_cpp.hpp\n'}
[206.383281] (gazebo_msgs) StdoutLine: {'line': b'-- Installing: /opt/ros/gazebo_ros_build/install/include/gazebo_msgs/gazebo_msgs/srv/detail/set_light_properties__rosidl_typesupport_fastrtps_cpp.hpp\n'}
[206.384304] (gazebo_msgs) StdoutLine: {'line': b'-- Installing: /opt/ros/gazebo_ros_build/install/include/gazebo_msgs/gazebo_msgs/srv/detail/get_light_properties__rosidl_typesupport_fastrtps_cpp.hpp\n'}
[206.385626] (gazebo_msgs) StdoutLine: {'line': b'-- Installing: /opt/ros/gazebo_ros_build/install/include/gazebo_msgs/gazebo_msgs/srv/detail/get_link_properties__rosidl_typesupport_fastrtps_cpp.hpp\n'}
[206.386594] (gazebo_msgs) StdoutLine: {'line': b'-- Installing: /opt/ros/gazebo_ros_build/install/include/gazebo_msgs/gazebo_msgs/srv/detail/get_world_properties__rosidl_typesupport_fastrtps_cpp.hpp\n'}
[206.387611] (gazebo_msgs) StdoutLine: {'line': b'-- Installing: /opt/ros/gazebo_ros_build/install/include/gazebo_msgs/gazebo_msgs/srv/detail/body_request__rosidl_typesupport_fastrtps_cpp.hpp\n'}
[206.388673] (gazebo_msgs) StdoutLine: {'line': b'-- Installing: /opt/ros/gazebo_ros_build/install/include/gazebo_msgs/gazebo_msgs/srv/detail/dds_fastrtps\n'}
[206.389748] (gazebo_msgs) StdoutLine: {'line': b'-- Installing: /opt/ros/gazebo_ros_build/install/include/gazebo_msgs/gazebo_msgs/srv/detail/apply_link_wrench__rosidl_typesupport_fastrtps_cpp.hpp\n'}
[206.390720] (gazebo_msgs) StdoutLine: {'line': b'-- Installing: /opt/ros/gazebo_ros_build/install/include/gazebo_msgs/gazebo_msgs/srv/detail/get_model_properties__rosidl_typesupport_fastrtps_cpp.hpp\n'}
[206.391745] (gazebo_msgs) StdoutLine: {'line': b'-- Installing: /opt/ros/gazebo_ros_build/install/include/gazebo_msgs/gazebo_msgs/srv/detail/spawn_entity__rosidl_typesupport_fastrtps_cpp.hpp\n'}
[206.394045] (gazebo_msgs) StdoutLine: {'line': b'-- Installing: /opt/ros/gazebo_ros_build/install/lib/libgazebo_msgs__rosidl_typesupport_fastrtps_cpp.so\n'}
[206.405668] (gazebo_msgs) StdoutLine: {'line': b'-- Set runtime path of "/opt/ros/gazebo_ros_build/install/lib/libgazebo_msgs__rosidl_typesupport_fastrtps_cpp.so" to ""\n'}
[206.406870] (gazebo_msgs) StdoutLine: {'line': b'-- Up-to-date: /opt/ros/gazebo_ros_build/install/include/gazebo_msgs/gazebo_msgs\n'}
[206.407373] (gazebo_msgs) StdoutLine: {'line': b'-- Up-to-date: /opt/ros/gazebo_ros_build/install/include/gazebo_msgs/gazebo_msgs/msg\n'}
[206.407853] (gazebo_msgs) StdoutLine: {'line': b'-- Installing: /opt/ros/gazebo_ros_build/install/include/gazebo_msgs/gazebo_msgs/msg/rosidl_typesupport_introspection_c__visibility_control.h\n'}
[206.408433] (gazebo_msgs) StdoutLine: {'line': b'-- Up-to-date: /opt/ros/gazebo_ros_build/install/include/gazebo_msgs/gazebo_msgs/msg/detail\n'}
[206.408846] (gazebo_msgs) StdoutLine: {'line': b'-- Installing: /opt/ros/gazebo_ros_build/install/include/gazebo_msgs/gazebo_msgs/msg/detail/contact_state__rosidl_typesupport_introspection_c.h\n'}
[206.409456] (gazebo_msgs) StdoutLine: {'line': b'-- Installing: /opt/ros/gazebo_ros_build/install/include/gazebo_msgs/gazebo_msgs/msg/detail/performance_metrics__type_support.c\n'}
[206.410374] (gazebo_msgs) StdoutLine: {'line': b'-- Installing: /opt/ros/gazebo_ros_build/install/include/gazebo_msgs/gazebo_msgs/msg/detail/contacts_state__rosidl_typesupport_introspection_c.h\n'}
[206.411346] (gazebo_msgs) StdoutLine: {'line': b'-- Installing: /opt/ros/gazebo_ros_build/install/include/gazebo_msgs/gazebo_msgs/msg/detail/ode_joint_properties__rosidl_typesupport_introspection_c.h\n'}
[206.412427] (gazebo_msgs) StdoutLine: {'line': b'-- Installing: /opt/ros/gazebo_ros_build/install/include/gazebo_msgs/gazebo_msgs/msg/detail/wheel_slip__rosidl_typesupport_introspection_c.h\n'}
[206.413396] (gazebo_msgs) StdoutLine: {'line': b'-- Installing: /opt/ros/gazebo_ros_build/install/include/gazebo_msgs/gazebo_msgs/msg/detail/world_state__rosidl_typesupport_introspection_c.h\n'}
[206.414343] (gazebo_msgs) StdoutLine: {'line': b'-- Installing: /opt/ros/gazebo_ros_build/install/include/gazebo_msgs/gazebo_msgs/msg/detail/entity_state__rosidl_typesupport_introspection_c.h\n'}
[206.415312] (gazebo_msgs) StdoutLine: {'line': b'-- Installing: /opt/ros/gazebo_ros_build/install/include/gazebo_msgs/gazebo_msgs/msg/detail/wheel_slip__type_support.c\n'}
[206.416572] (gazebo_msgs) StdoutLine: {'line': b'-- Installing: /opt/ros/gazebo_ros_build/install/include/gazebo_msgs/gazebo_msgs/msg/detail/contacts_state__type_support.c\n'}
[206.417638] (gazebo_msgs) StdoutLine: {'line': b'-- Installing: /opt/ros/gazebo_ros_build/install/include/gazebo_msgs/gazebo_msgs/msg/detail/performance_metrics__rosidl_typesupport_introspection_c.h\n'}
[206.418561] (gazebo_msgs) StdoutLine: {'line': b'-- Installing: /opt/ros/gazebo_ros_build/install/include/gazebo_msgs/gazebo_msgs/msg/detail/model_states__type_support.c\n'}
[206.419723] (gazebo_msgs) StdoutLine: {'line': b'-- Installing: /opt/ros/gazebo_ros_build/install/include/gazebo_msgs/gazebo_msgs/msg/detail/contact_state__type_support.c\n'}
[206.420915] (gazebo_msgs) StdoutLine: {'line': b'-- Installing: /opt/ros/gazebo_ros_build/install/include/gazebo_msgs/gazebo_msgs/msg/detail/ode_physics__rosidl_typesupport_introspection_c.h\n'}
[206.421873] (gazebo_msgs) StdoutLine: {'line': b'-- Installing: /opt/ros/gazebo_ros_build/install/include/gazebo_msgs/gazebo_msgs/msg/detail/link_states__rosidl_typesupport_introspection_c.h\n'}
[206.422861] (gazebo_msgs) StdoutLine: {'line': b'-- Installing: /opt/ros/gazebo_ros_build/install/include/gazebo_msgs/gazebo_msgs/msg/detail/ode_joint_properties__type_support.c\n'}
[206.424182] (gazebo_msgs) StdoutLine: {'line': b'-- Installing: /opt/ros/gazebo_ros_build/install/include/gazebo_msgs/gazebo_msgs/msg/detail/sensor_performance_metric__rosidl_typesupport_introspection_c.h\n'}
[206.425199] (gazebo_msgs) StdoutLine: {'line': b'-- Installing: /opt/ros/gazebo_ros_build/install/include/gazebo_msgs/gazebo_msgs/msg/detail/model_states__rosidl_typesupport_introspection_c.h\n'}
[206.426137] (gazebo_msgs) StdoutLine: {'line': b'-- Installing: /opt/ros/gazebo_ros_build/install/include/gazebo_msgs/gazebo_msgs/msg/detail/entity_state__type_support.c\n'}
[206.427131] (gazebo_msgs) StdoutLine: {'line': b'-- Installing: /opt/ros/gazebo_ros_build/install/include/gazebo_msgs/gazebo_msgs/msg/detail/link_state__rosidl_typesupport_introspection_c.h\n'}
[206.428096] (gazebo_msgs) StdoutLine: {'line': b'-- Installing: /opt/ros/gazebo_ros_build/install/include/gazebo_msgs/gazebo_msgs/msg/detail/link_states__type_support.c\n'}
[206.429621] (gazebo_msgs) StdoutLine: {'line': b'-- Installing: /opt/ros/gazebo_ros_build/install/include/gazebo_msgs/gazebo_msgs/msg/detail/model_state__type_support.c\n'}
[206.430570] (gazebo_msgs) StdoutLine: {'line': b'-- Installing: /opt/ros/gazebo_ros_build/install/include/gazebo_msgs/gazebo_msgs/msg/detail/world_state__type_support.c\n'}
[206.431712] (gazebo_msgs) StdoutLine: {'line': b'-- Installing: /opt/ros/gazebo_ros_build/install/include/gazebo_msgs/gazebo_msgs/msg/detail/sensor_performance_metric__type_support.c\n'}
[206.432828] (gazebo_msgs) StdoutLine: {'line': b'-- Installing: /opt/ros/gazebo_ros_build/install/include/gazebo_msgs/gazebo_msgs/msg/detail/model_state__rosidl_typesupport_introspection_c.h\n'}
[206.433732] (gazebo_msgs) StdoutLine: {'line': b'-- Installing: /opt/ros/gazebo_ros_build/install/include/gazebo_msgs/gazebo_msgs/msg/detail/ode_physics__type_support.c\n'}
[206.434741] (gazebo_msgs) StdoutLine: {'line': b'-- Installing: /opt/ros/gazebo_ros_build/install/include/gazebo_msgs/gazebo_msgs/msg/detail/link_state__type_support.c\n'}
[206.435686] (gazebo_msgs) StdoutLine: {'line': b'-- Up-to-date: /opt/ros/gazebo_ros_build/install/include/gazebo_msgs/gazebo_msgs/srv\n'}
[206.436130] (gazebo_msgs) StdoutLine: {'line': b'-- Up-to-date: /opt/ros/gazebo_ros_build/install/include/gazebo_msgs/gazebo_msgs/srv/detail\n'}
[206.436717] (gazebo_msgs) StdoutLine: {'line': b'-- Installing: /opt/ros/gazebo_ros_build/install/include/gazebo_msgs/gazebo_msgs/srv/detail/get_light_properties__type_support.c\n'}
[206.437761] (gazebo_msgs) StdoutLine: {'line': b'-- Installing: /opt/ros/gazebo_ros_build/install/include/gazebo_msgs/gazebo_msgs/srv/detail/set_model_state__rosidl_typesupport_introspection_c.h\n'}
[206.438724] (gazebo_msgs) StdoutLine: {'line': b'-- Installing: /opt/ros/gazebo_ros_build/install/include/gazebo_msgs/gazebo_msgs/srv/detail/apply_joint_effort__rosidl_typesupport_introspection_c.h\n'}
[206.439656] (gazebo_msgs) StdoutLine: {'line': b'-- Installing: /opt/ros/gazebo_ros_build/install/include/gazebo_msgs/gazebo_msgs/srv/detail/spawn_model__type_support.c\n'}
[206.440784] (gazebo_msgs) StdoutLine: {'line': b'-- Installing: /opt/ros/gazebo_ros_build/install/include/gazebo_msgs/gazebo_msgs/srv/detail/get_link_state__rosidl_typesupport_introspection_c.h\n'}
[206.441710] (gazebo_msgs) StdoutLine: {'line': b'-- Installing: /opt/ros/gazebo_ros_build/install/include/gazebo_msgs/gazebo_msgs/srv/detail/apply_body_wrench__rosidl_typesupport_introspection_c.h\n'}
[206.442722] (gazebo_msgs) StdoutLine: {'line': b'-- Installing: /opt/ros/gazebo_ros_build/install/include/gazebo_msgs/gazebo_msgs/srv/detail/get_joint_properties__rosidl_typesupport_introspection_c.h\n'}
[206.443717] (gazebo_msgs) StdoutLine: {'line': b'-- Installing: /opt/ros/gazebo_ros_build/install/include/gazebo_msgs/gazebo_msgs/srv/detail/set_link_properties__type_support.c\n'}
[206.444994] (gazebo_msgs) StdoutLine: {'line': b'-- Installing: /opt/ros/gazebo_ros_build/install/include/gazebo_msgs/gazebo_msgs/srv/detail/get_entity_state__rosidl_typesupport_introspection_c.h\n'}
[206.445890] (gazebo_msgs) StdoutLine: {'line': b'-- Installing: /opt/ros/gazebo_ros_build/install/include/gazebo_msgs/gazebo_msgs/srv/detail/set_light_properties__type_support.c\n'}
[206.447011] (gazebo_msgs) StdoutLine: {'line': b'-- Installing: /opt/ros/gazebo_ros_build/install/include/gazebo_msgs/gazebo_msgs/srv/detail/spawn_entity__type_support.c\n'}
[206.448099] (gazebo_msgs) StdoutLine: {'line': b'-- Installing: /opt/ros/gazebo_ros_build/install/include/gazebo_msgs/gazebo_msgs/srv/detail/get_light_properties__rosidl_typesupport_introspection_c.h\n'}
[206.449126] (gazebo_msgs) StdoutLine: {'line': b'-- Installing: /opt/ros/gazebo_ros_build/install/include/gazebo_msgs/gazebo_msgs/srv/detail/set_model_configuration__type_support.c\n'}
[206.450304] (gazebo_msgs) StdoutLine: {'line': b'-- Installing: /opt/ros/gazebo_ros_build/install/include/gazebo_msgs/gazebo_msgs/srv/detail/get_physics_properties__type_support.c\n'}
[206.451491] (gazebo_msgs) StdoutLine: {'line': b'-- Installing: /opt/ros/gazebo_ros_build/install/include/gazebo_msgs/gazebo_msgs/srv/detail/link_request__rosidl_typesupport_introspection_c.h\n'}
[206.452641] (gazebo_msgs) StdoutLine: {'line': b'-- Installing: /opt/ros/gazebo_ros_build/install/include/gazebo_msgs/gazebo_msgs/srv/detail/delete_entity__type_support.c\n'}
[206.453712] (gazebo_msgs) StdoutLine: {'line': b'-- Installing: /opt/ros/gazebo_ros_build/install/include/gazebo_msgs/gazebo_msgs/srv/detail/apply_body_wrench__type_support.c\n'}
[206.454880] (gazebo_msgs) StdoutLine: {'line': b'-- Installing: /opt/ros/gazebo_ros_build/install/include/gazebo_msgs/gazebo_msgs/srv/detail/set_link_properties__rosidl_typesupport_introspection_c.h\n'}
[206.455868] (gazebo_msgs) StdoutLine: {'line': b'-- Installing: /opt/ros/gazebo_ros_build/install/include/gazebo_msgs/gazebo_msgs/srv/detail/set_joint_trajectory__type_support.c\n'}
[206.457105] (gazebo_msgs) StdoutLine: {'line': b'-- Installing: /opt/ros/gazebo_ros_build/install/include/gazebo_msgs/gazebo_msgs/srv/detail/get_model_properties__rosidl_typesupport_introspection_c.h\n'}
[206.458034] (gazebo_msgs) StdoutLine: {'line': b'-- Installing: /opt/ros/gazebo_ros_build/install/include/gazebo_msgs/gazebo_msgs/srv/detail/get_world_properties__type_support.c\n'}
[206.459270] (gazebo_msgs) StdoutLine: {'line': b'-- Installing: /opt/ros/gazebo_ros_build/install/include/gazebo_msgs/gazebo_msgs/srv/detail/set_joint_properties__type_support.c\n'}
[206.460376] (gazebo_msgs) StdoutLine: {'line': b'-- Installing: /opt/ros/gazebo_ros_build/install/include/gazebo_msgs/gazebo_msgs/srv/detail/delete_light__rosidl_typesupport_introspection_c.h\n'}
[206.461283] (gazebo_msgs) StdoutLine: {'line': b'-- Installing: /opt/ros/gazebo_ros_build/install/include/gazebo_msgs/gazebo_msgs/srv/detail/joint_request__rosidl_typesupport_introspection_c.h\n'}
[206.462478] (gazebo_msgs) StdoutLine: {'line': b'-- Installing: /opt/ros/gazebo_ros_build/install/include/gazebo_msgs/gazebo_msgs/srv/detail/set_physics_properties__rosidl_typesupport_introspection_c.h\n'}
[206.463487] (gazebo_msgs) StdoutLine: {'line': b'-- Installing: /opt/ros/gazebo_ros_build/install/include/gazebo_msgs/gazebo_msgs/srv/detail/set_entity_state__type_support.c\n'}
[206.463858] (-) TimerEvent: {}
[206.464802] (gazebo_msgs) StdoutLine: {'line': b'-- Installing: /opt/ros/gazebo_ros_build/install/include/gazebo_msgs/gazebo_msgs/srv/detail/delete_light__type_support.c\n'}
[206.466169] (gazebo_msgs) StdoutLine: {'line': b'-- Installing: /opt/ros/gazebo_ros_build/install/include/gazebo_msgs/gazebo_msgs/srv/detail/get_model_state__type_support.c\n'}
[206.466950] (gazebo_msgs) StdoutLine: {'line': b'-- Installing: /opt/ros/gazebo_ros_build/install/include/gazebo_msgs/gazebo_msgs/srv/detail/spawn_entity__rosidl_typesupport_introspection_c.h\n'}
[206.467914] (gazebo_msgs) StdoutLine: {'line': b'-- Installing: /opt/ros/gazebo_ros_build/install/include/gazebo_msgs/gazebo_msgs/srv/detail/get_world_properties__rosidl_typesupport_introspection_c.h\n'}
[206.468953] (gazebo_msgs) StdoutLine: {'line': b'-- Installing: /opt/ros/gazebo_ros_build/install/include/gazebo_msgs/gazebo_msgs/srv/detail/delete_entity__rosidl_typesupport_introspection_c.h\n'}
[206.470167] (gazebo_msgs) StdoutLine: {'line': b'-- Installing: /opt/ros/gazebo_ros_build/install/include/gazebo_msgs/gazebo_msgs/srv/detail/get_model_state__rosidl_typesupport_introspection_c.h\n'}
[206.471125] (gazebo_msgs) StdoutLine: {'line': b'-- Installing: /opt/ros/gazebo_ros_build/install/include/gazebo_msgs/gazebo_msgs/srv/detail/set_model_configuration__rosidl_typesupport_introspection_c.h\n'}
[206.472078] (gazebo_msgs) StdoutLine: {'line': b'-- Installing: /opt/ros/gazebo_ros_build/install/include/gazebo_msgs/gazebo_msgs/srv/detail/set_model_state__type_support.c\n'}
[206.473265] (gazebo_msgs) StdoutLine: {'line': b'-- Installing: /opt/ros/gazebo_ros_build/install/include/gazebo_msgs/gazebo_msgs/srv/detail/delete_model__type_support.c\n'}
[206.474415] (gazebo_msgs) StdoutLine: {'line': b'-- Installing: /opt/ros/gazebo_ros_build/install/include/gazebo_msgs/gazebo_msgs/srv/detail/apply_link_wrench__rosidl_typesupport_introspection_c.h\n'}
[206.475327] (gazebo_msgs) StdoutLine: {'line': b'-- Installing: /opt/ros/gazebo_ros_build/install/include/gazebo_msgs/gazebo_msgs/srv/detail/set_joint_properties__rosidl_typesupport_introspection_c.h\n'}
[206.477209] (gazebo_msgs) StdoutLine: {'line': b'-- Installing: /opt/ros/gazebo_ros_build/install/include/gazebo_msgs/gazebo_msgs/srv/detail/get_physics_properties__rosidl_typesupport_introspection_c.h\n'}
[206.478293] (gazebo_msgs) StdoutLine: {'line': b'-- Installing: /opt/ros/gazebo_ros_build/install/include/gazebo_msgs/gazebo_msgs/srv/detail/set_joint_trajectory__rosidl_typesupport_introspection_c.h\n'}
[206.479265] (gazebo_msgs) StdoutLine: {'line': b'-- Installing: /opt/ros/gazebo_ros_build/install/include/gazebo_msgs/gazebo_msgs/srv/detail/get_model_list__rosidl_typesupport_introspection_c.h\n'}
[206.480121] (gazebo_msgs) StdoutLine: {'line': b'-- Installing: /opt/ros/gazebo_ros_build/install/include/gazebo_msgs/gazebo_msgs/srv/detail/apply_joint_effort__type_support.c\n'}
[206.481248] (gazebo_msgs) StdoutLine: {'line': b'-- Installing: /opt/ros/gazebo_ros_build/install/include/gazebo_msgs/gazebo_msgs/srv/detail/set_link_state__type_support.c\n'}
[206.482356] (gazebo_msgs) StdoutLine: {'line': b'-- Installing: /opt/ros/gazebo_ros_build/install/include/gazebo_msgs/gazebo_msgs/srv/detail/body_request__type_support.c\n'}
[206.483359] (gazebo_msgs) StdoutLine: {'line': b'-- Installing: /opt/ros/gazebo_ros_build/install/include/gazebo_msgs/gazebo_msgs/srv/detail/body_request__rosidl_typesupport_introspection_c.h\n'}
[206.484409] (gazebo_msgs) StdoutLine: {'line': b'-- Installing: /opt/ros/gazebo_ros_build/install/include/gazebo_msgs/gazebo_msgs/srv/detail/get_link_properties__rosidl_typesupport_introspection_c.h\n'}
[206.485349] (gazebo_msgs) StdoutLine: {'line': b'-- Installing: /opt/ros/gazebo_ros_build/install/include/gazebo_msgs/gazebo_msgs/srv/detail/set_link_state__rosidl_typesupport_introspection_c.h\n'}
[206.486283] (gazebo_msgs) StdoutLine: {'line': b'-- Installing: /opt/ros/gazebo_ros_build/install/include/gazebo_msgs/gazebo_msgs/srv/detail/get_link_state__type_support.c\n'}
[206.487429] (gazebo_msgs) StdoutLine: {'line': b'-- Installing: /opt/ros/gazebo_ros_build/install/include/gazebo_msgs/gazebo_msgs/srv/detail/set_light_properties__rosidl_typesupport_introspection_c.h\n'}
[206.488367] (gazebo_msgs) StdoutLine: {'line': b'-- Installing: /opt/ros/gazebo_ros_build/install/include/gazebo_msgs/gazebo_msgs/srv/detail/get_model_list__type_support.c\n'}
[206.490124] (gazebo_msgs) StdoutLine: {'line': b'-- Installing: /opt/ros/gazebo_ros_build/install/include/gazebo_msgs/gazebo_msgs/srv/detail/get_entity_state__type_support.c\n'}
[206.491200] (gazebo_msgs) StdoutLine: {'line': b'-- Installing: /opt/ros/gazebo_ros_build/install/include/gazebo_msgs/gazebo_msgs/srv/detail/get_model_properties__type_support.c\n'}
[206.492493] (gazebo_msgs) StdoutLine: {'line': b'-- Installing: /opt/ros/gazebo_ros_build/install/include/gazebo_msgs/gazebo_msgs/srv/detail/joint_request__type_support.c\n'}
[206.493569] (gazebo_msgs) StdoutLine: {'line': b'-- Installing: /opt/ros/gazebo_ros_build/install/include/gazebo_msgs/gazebo_msgs/srv/detail/set_entity_state__rosidl_typesupport_introspection_c.h\n'}
[206.494854] (gazebo_msgs) StdoutLine: {'line': b'-- Installing: /opt/ros/gazebo_ros_build/install/include/gazebo_msgs/gazebo_msgs/srv/detail/set_physics_properties__type_support.c\n'}
[206.495925] (gazebo_msgs) StdoutLine: {'line': b'-- Installing: /opt/ros/gazebo_ros_build/install/include/gazebo_msgs/gazebo_msgs/srv/detail/get_link_properties__type_support.c\n'}
[206.497257] (gazebo_msgs) StdoutLine: {'line': b'-- Installing: /opt/ros/gazebo_ros_build/install/include/gazebo_msgs/gazebo_msgs/srv/detail/get_joint_properties__type_support.c\n'}
[206.498284] (gazebo_msgs) StdoutLine: {'line': b'-- Installing: /opt/ros/gazebo_ros_build/install/include/gazebo_msgs/gazebo_msgs/srv/detail/link_request__type_support.c\n'}
[206.499343] (gazebo_msgs) StdoutLine: {'line': b'-- Installing: /opt/ros/gazebo_ros_build/install/include/gazebo_msgs/gazebo_msgs/srv/detail/delete_model__rosidl_typesupport_introspection_c.h\n'}
[206.500365] (gazebo_msgs) StdoutLine: {'line': b'-- Installing: /opt/ros/gazebo_ros_build/install/include/gazebo_msgs/gazebo_msgs/srv/detail/apply_link_wrench__type_support.c\n'}
[206.501580] (gazebo_msgs) StdoutLine: {'line': b'-- Installing: /opt/ros/gazebo_ros_build/install/include/gazebo_msgs/gazebo_msgs/srv/detail/spawn_model__rosidl_typesupport_introspection_c.h\n'}
[206.503842] (gazebo_msgs) StdoutLine: {'line': b'-- Installing: /opt/ros/gazebo_ros_build/install/lib/libgazebo_msgs__rosidl_typesupport_introspection_c.so\n'}
[206.511187] (gazebo_msgs) StdoutLine: {'line': b'-- Set runtime path of "/opt/ros/gazebo_ros_build/install/lib/libgazebo_msgs__rosidl_typesupport_introspection_c.so" to ""\n'}
[206.512126] (gazebo_msgs) StdoutLine: {'line': b'-- Installing: /opt/ros/gazebo_ros_build/install/lib/libgazebo_msgs__rosidl_typesupport_c.so\n'}
[206.517296] (gazebo_msgs) StdoutLine: {'line': b'-- Set runtime path of "/opt/ros/gazebo_ros_build/install/lib/libgazebo_msgs__rosidl_typesupport_c.so" to ""\n'}
[206.517954] (gazebo_msgs) StdoutLine: {'line': b'-- Up-to-date: /opt/ros/gazebo_ros_build/install/include/gazebo_msgs/gazebo_msgs\n'}
[206.518618] (gazebo_msgs) StdoutLine: {'line': b'-- Up-to-date: /opt/ros/gazebo_ros_build/install/include/gazebo_msgs/gazebo_msgs/msg\n'}
[206.519119] (gazebo_msgs) StdoutLine: {'line': b'-- Up-to-date: /opt/ros/gazebo_ros_build/install/include/gazebo_msgs/gazebo_msgs/msg/detail\n'}
[206.519480] (gazebo_msgs) StdoutLine: {'line': b'-- Installing: /opt/ros/gazebo_ros_build/install/include/gazebo_msgs/gazebo_msgs/msg/detail/ode_physics__type_support.cpp\n'}
[206.520024] (gazebo_msgs) StdoutLine: {'line': b'-- Installing: /opt/ros/gazebo_ros_build/install/include/gazebo_msgs/gazebo_msgs/msg/detail/ode_joint_properties__type_support.cpp\n'}
[206.521280] (gazebo_msgs) StdoutLine: {'line': b'-- Installing: /opt/ros/gazebo_ros_build/install/include/gazebo_msgs/gazebo_msgs/msg/detail/entity_state__rosidl_typesupport_introspection_cpp.hpp\n'}
[206.522291] (gazebo_msgs) StdoutLine: {'line': b'-- Installing: /opt/ros/gazebo_ros_build/install/include/gazebo_msgs/gazebo_msgs/msg/detail/wheel_slip__type_support.cpp\n'}
[206.523451] (gazebo_msgs) StdoutLine: {'line': b'-- Installing: /opt/ros/gazebo_ros_build/install/include/gazebo_msgs/gazebo_msgs/msg/detail/contact_state__rosidl_typesupport_introspection_cpp.hpp\n'}
[206.524435] (gazebo_msgs) StdoutLine: {'line': b'-- Installing: /opt/ros/gazebo_ros_build/install/include/gazebo_msgs/gazebo_msgs/msg/detail/ode_joint_properties__rosidl_typesupport_introspection_cpp.hpp\n'}
[206.525533] (gazebo_msgs) StdoutLine: {'line': b'-- Installing: /opt/ros/gazebo_ros_build/install/include/gazebo_msgs/gazebo_msgs/msg/detail/performance_metrics__type_support.cpp\n'}
[206.526551] (gazebo_msgs) StdoutLine: {'line': b'-- Installing: /opt/ros/gazebo_ros_build/install/include/gazebo_msgs/gazebo_msgs/msg/detail/contacts_state__rosidl_typesupport_introspection_cpp.hpp\n'}
[206.527513] (gazebo_msgs) StdoutLine: {'line': b'-- Installing: /opt/ros/gazebo_ros_build/install/include/gazebo_msgs/gazebo_msgs/msg/detail/link_states__rosidl_typesupport_introspection_cpp.hpp\n'}
[206.528572] (gazebo_msgs) StdoutLine: {'line': b'-- Installing: /opt/ros/gazebo_ros_build/install/include/gazebo_msgs/gazebo_msgs/msg/detail/performance_metrics__rosidl_typesupport_introspection_cpp.hpp\n'}
[206.529552] (gazebo_msgs) StdoutLine: {'line': b'-- Installing: /opt/ros/gazebo_ros_build/install/include/gazebo_msgs/gazebo_msgs/msg/detail/model_state__type_support.cpp\n'}
[206.530551] (gazebo_msgs) StdoutLine: {'line': b'-- Installing: /opt/ros/gazebo_ros_build/install/include/gazebo_msgs/gazebo_msgs/msg/detail/sensor_performance_metric__rosidl_typesupport_introspection_cpp.hpp\n'}
[206.531546] (gazebo_msgs) StdoutLine: {'line': b'-- Installing: /opt/ros/gazebo_ros_build/install/include/gazebo_msgs/gazebo_msgs/msg/detail/link_states__type_support.cpp\n'}
[206.532739] (gazebo_msgs) StdoutLine: {'line': b'-- Installing: /opt/ros/gazebo_ros_build/install/include/gazebo_msgs/gazebo_msgs/msg/detail/world_state__rosidl_typesupport_introspection_cpp.hpp\n'}
[206.533665] (gazebo_msgs) StdoutLine: {'line': b'-- Installing: /opt/ros/gazebo_ros_build/install/include/gazebo_msgs/gazebo_msgs/msg/detail/wheel_slip__rosidl_typesupport_introspection_cpp.hpp\n'}
[206.534631] (gazebo_msgs) StdoutLine: {'line': b'-- Installing: /opt/ros/gazebo_ros_build/install/include/gazebo_msgs/gazebo_msgs/msg/detail/contacts_state__type_support.cpp\n'}
[206.535757] (gazebo_msgs) StdoutLine: {'line': b'-- Installing: /opt/ros/gazebo_ros_build/install/include/gazebo_msgs/gazebo_msgs/msg/detail/link_state__rosidl_typesupport_introspection_cpp.hpp\n'}
[206.537184] (gazebo_msgs) StdoutLine: {'line': b'-- Installing: /opt/ros/gazebo_ros_build/install/include/gazebo_msgs/gazebo_msgs/msg/detail/model_states__type_support.cpp\n'}
[206.538190] (gazebo_msgs) StdoutLine: {'line': b'-- Installing: /opt/ros/gazebo_ros_build/install/include/gazebo_msgs/gazebo_msgs/msg/detail/sensor_performance_metric__type_support.cpp\n'}
[206.539276] (gazebo_msgs) StdoutLine: {'line': b'-- Installing: /opt/ros/gazebo_ros_build/install/include/gazebo_msgs/gazebo_msgs/msg/detail/model_states__rosidl_typesupport_introspection_cpp.hpp\n'}
[206.540425] (gazebo_msgs) StdoutLine: {'line': b'-- Installing: /opt/ros/gazebo_ros_build/install/include/gazebo_msgs/gazebo_msgs/msg/detail/world_state__type_support.cpp\n'}
[206.541533] (gazebo_msgs) StdoutLine: {'line': b'-- Installing: /opt/ros/gazebo_ros_build/install/include/gazebo_msgs/gazebo_msgs/msg/detail/link_state__type_support.cpp\n'}
[206.542771] (gazebo_msgs) StdoutLine: {'line': b'-- Installing: /opt/ros/gazebo_ros_build/install/include/gazebo_msgs/gazebo_msgs/msg/detail/model_state__rosidl_typesupport_introspection_cpp.hpp\n'}
[206.543744] (gazebo_msgs) StdoutLine: {'line': b'-- Installing: /opt/ros/gazebo_ros_build/install/include/gazebo_msgs/gazebo_msgs/msg/detail/contact_state__type_support.cpp\n'}
[206.544889] (gazebo_msgs) StdoutLine: {'line': b'-- Installing: /opt/ros/gazebo_ros_build/install/include/gazebo_msgs/gazebo_msgs/msg/detail/entity_state__type_support.cpp\n'}
[206.545951] (gazebo_msgs) StdoutLine: {'line': b'-- Installing: /opt/ros/gazebo_ros_build/install/include/gazebo_msgs/gazebo_msgs/msg/detail/ode_physics__rosidl_typesupport_introspection_cpp.hpp\n'}
[206.546825] (gazebo_msgs) StdoutLine: {'line': b'-- Up-to-date: /opt/ros/gazebo_ros_build/install/include/gazebo_msgs/gazebo_msgs/srv\n'}
[206.547427] (gazebo_msgs) StdoutLine: {'line': b'-- Up-to-date: /opt/ros/gazebo_ros_build/install/include/gazebo_msgs/gazebo_msgs/srv/detail\n'}
[206.547988] (gazebo_msgs) StdoutLine: {'line': b'-- Installing: /opt/ros/gazebo_ros_build/install/include/gazebo_msgs/gazebo_msgs/srv/detail/spawn_entity__rosidl_typesupport_introspection_cpp.hpp\n'}
[206.548818] (gazebo_msgs) StdoutLine: {'line': b'-- Installing: /opt/ros/gazebo_ros_build/install/include/gazebo_msgs/gazebo_msgs/srv/detail/get_joint_properties__rosidl_typesupport_introspection_cpp.hpp\n'}
[206.549801] (gazebo_msgs) StdoutLine: {'line': b'-- Installing: /opt/ros/gazebo_ros_build/install/include/gazebo_msgs/gazebo_msgs/srv/detail/delete_entity__type_support.cpp\n'}
[206.550880] (gazebo_msgs) StdoutLine: {'line': b'-- Installing: /opt/ros/gazebo_ros_build/install/include/gazebo_msgs/gazebo_msgs/srv/detail/set_joint_properties__rosidl_typesupport_introspection_cpp.hpp\n'}
[206.551872] (gazebo_msgs) StdoutLine: {'line': b'-- Installing: /opt/ros/gazebo_ros_build/install/include/gazebo_msgs/gazebo_msgs/srv/detail/get_world_properties__type_support.cpp\n'}
[206.553128] (gazebo_msgs) StdoutLine: {'line': b'-- Installing: /opt/ros/gazebo_ros_build/install/include/gazebo_msgs/gazebo_msgs/srv/detail/set_light_properties__type_support.cpp\n'}
[206.554177] (gazebo_msgs) StdoutLine: {'line': b'-- Installing: /opt/ros/gazebo_ros_build/install/include/gazebo_msgs/gazebo_msgs/srv/detail/set_model_configuration__type_support.cpp\n'}
[206.555388] (gazebo_msgs) StdoutLine: {'line': b'-- Installing: /opt/ros/gazebo_ros_build/install/include/gazebo_msgs/gazebo_msgs/srv/detail/apply_body_wrench__type_support.cpp\n'}
[206.556921] (gazebo_msgs) StdoutLine: {'line': b'-- Installing: /opt/ros/gazebo_ros_build/install/include/gazebo_msgs/gazebo_msgs/srv/detail/set_joint_properties__type_support.cpp\n'}
[206.558032] (gazebo_msgs) StdoutLine: {'line': b'-- Installing: /opt/ros/gazebo_ros_build/install/include/gazebo_msgs/gazebo_msgs/srv/detail/joint_request__type_support.cpp\n'}
[206.559086] (gazebo_msgs) StdoutLine: {'line': b'-- Installing: /opt/ros/gazebo_ros_build/install/include/gazebo_msgs/gazebo_msgs/srv/detail/get_link_properties__rosidl_typesupport_introspection_cpp.hpp\n'}
[206.560053] (gazebo_msgs) StdoutLine: {'line': b'-- Installing: /opt/ros/gazebo_ros_build/install/include/gazebo_msgs/gazebo_msgs/srv/detail/spawn_entity__type_support.cpp\n'}
[206.561221] (gazebo_msgs) StdoutLine: {'line': b'-- Installing: /opt/ros/gazebo_ros_build/install/include/gazebo_msgs/gazebo_msgs/srv/detail/set_physics_properties__type_support.cpp\n'}
[206.562315] (gazebo_msgs) StdoutLine: {'line': b'-- Installing: /opt/ros/gazebo_ros_build/install/include/gazebo_msgs/gazebo_msgs/srv/detail/get_light_properties__type_support.cpp\n'}
[206.563443] (gazebo_msgs) StdoutLine: {'line': b'-- Installing: /opt/ros/gazebo_ros_build/install/include/gazebo_msgs/gazebo_msgs/srv/detail/get_physics_properties__type_support.cpp\n'}
[206.564012] (-) TimerEvent: {}
[206.564658] (gazebo_msgs) StdoutLine: {'line': b'-- Installing: /opt/ros/gazebo_ros_build/install/include/gazebo_msgs/gazebo_msgs/srv/detail/apply_link_wrench__type_support.cpp\n'}
[206.566008] (gazebo_msgs) StdoutLine: {'line': b'-- Installing: /opt/ros/gazebo_ros_build/install/include/gazebo_msgs/gazebo_msgs/srv/detail/set_entity_state__type_support.cpp\n'}
[206.566745] (gazebo_msgs) StdoutLine: {'line': b'-- Installing: /opt/ros/gazebo_ros_build/install/include/gazebo_msgs/gazebo_msgs/srv/detail/get_entity_state__rosidl_typesupport_introspection_cpp.hpp\n'}
[206.567697] (gazebo_msgs) StdoutLine: {'line': b'-- Installing: /opt/ros/gazebo_ros_build/install/include/gazebo_msgs/gazebo_msgs/srv/detail/get_model_properties__type_support.cpp\n'}
[206.569559] (gazebo_msgs) StdoutLine: {'line': b'-- Installing: /opt/ros/gazebo_ros_build/install/include/gazebo_msgs/gazebo_msgs/srv/detail/set_light_properties__rosidl_typesupport_introspection_cpp.hpp\n'}
[206.570503] (gazebo_msgs) StdoutLine: {'line': b'-- Installing: /opt/ros/gazebo_ros_build/install/include/gazebo_msgs/gazebo_msgs/srv/detail/get_light_properties__rosidl_typesupport_introspection_cpp.hpp\n'}
[206.571442] (gazebo_msgs) StdoutLine: {'line': b'-- Installing: /opt/ros/gazebo_ros_build/install/include/gazebo_msgs/gazebo_msgs/srv/detail/link_request__type_support.cpp\n'}
[206.572580] (gazebo_msgs) StdoutLine: {'line': b'-- Installing: /opt/ros/gazebo_ros_build/install/include/gazebo_msgs/gazebo_msgs/srv/detail/apply_body_wrench__rosidl_typesupport_introspection_cpp.hpp\n'}
[206.573561] (gazebo_msgs) StdoutLine: {'line': b'-- Installing: /opt/ros/gazebo_ros_build/install/include/gazebo_msgs/gazebo_msgs/srv/detail/apply_joint_effort__rosidl_typesupport_introspection_cpp.hpp\n'}
[206.574531] (gazebo_msgs) StdoutLine: {'line': b'-- Installing: /opt/ros/gazebo_ros_build/install/include/gazebo_msgs/gazebo_msgs/srv/detail/set_link_properties__rosidl_typesupport_introspection_cpp.hpp\n'}
[206.575512] (gazebo_msgs) StdoutLine: {'line': b'-- Installing: /opt/ros/gazebo_ros_build/install/include/gazebo_msgs/gazebo_msgs/srv/detail/get_entity_state__type_support.cpp\n'}
[206.576630] (gazebo_msgs) StdoutLine: {'line': b'-- Installing: /opt/ros/gazebo_ros_build/install/include/gazebo_msgs/gazebo_msgs/srv/detail/set_link_state__rosidl_typesupport_introspection_cpp.hpp\n'}
[206.577620] (gazebo_msgs) StdoutLine: {'line': b'-- Installing: /opt/ros/gazebo_ros_build/install/include/gazebo_msgs/gazebo_msgs/srv/detail/set_model_state__type_support.cpp\n'}
[206.578826] (gazebo_msgs) StdoutLine: {'line': b'-- Installing: /opt/ros/gazebo_ros_build/install/include/gazebo_msgs/gazebo_msgs/srv/detail/delete_model__rosidl_typesupport_introspection_cpp.hpp\n'}
[206.579730] (gazebo_msgs) StdoutLine: {'line': b'-- Installing: /opt/ros/gazebo_ros_build/install/include/gazebo_msgs/gazebo_msgs/srv/detail/delete_light__rosidl_typesupport_introspection_cpp.hpp\n'}
[206.581201] (gazebo_msgs) StdoutLine: {'line': b'-- Installing: /opt/ros/gazebo_ros_build/install/include/gazebo_msgs/gazebo_msgs/srv/detail/get_link_state__rosidl_typesupport_introspection_cpp.hpp\n'}
[206.582185] (gazebo_msgs) StdoutLine: {'line': b'-- Installing: /opt/ros/gazebo_ros_build/install/include/gazebo_msgs/gazebo_msgs/srv/detail/joint_request__rosidl_typesupport_introspection_cpp.hpp\n'}
[206.583146] (gazebo_msgs) StdoutLine: {'line': b'-- Installing: /opt/ros/gazebo_ros_build/install/include/gazebo_msgs/gazebo_msgs/srv/detail/set_link_properties__type_support.cpp\n'}
[206.584325] (gazebo_msgs) StdoutLine: {'line': b'-- Installing: /opt/ros/gazebo_ros_build/install/include/gazebo_msgs/gazebo_msgs/srv/detail/set_model_state__rosidl_typesupport_introspection_cpp.hpp\n'}
[206.585323] (gazebo_msgs) StdoutLine: {'line': b'-- Installing: /opt/ros/gazebo_ros_build/install/include/gazebo_msgs/gazebo_msgs/srv/detail/set_model_configuration__rosidl_typesupport_introspection_cpp.hpp\n'}
[206.586372] (gazebo_msgs) StdoutLine: {'line': b'-- Installing: /opt/ros/gazebo_ros_build/install/include/gazebo_msgs/gazebo_msgs/srv/detail/get_model_list__type_support.cpp\n'}
[206.587369] (gazebo_msgs) StdoutLine: {'line': b'-- Installing: /opt/ros/gazebo_ros_build/install/include/gazebo_msgs/gazebo_msgs/srv/detail/get_model_properties__rosidl_typesupport_introspection_cpp.hpp\n'}
[206.588358] (gazebo_msgs) StdoutLine: {'line': b'-- Installing: /opt/ros/gazebo_ros_build/install/include/gazebo_msgs/gazebo_msgs/srv/detail/get_link_properties__type_support.cpp\n'}
[206.589512] (gazebo_msgs) StdoutLine: {'line': b'-- Installing: /opt/ros/gazebo_ros_build/install/include/gazebo_msgs/gazebo_msgs/srv/detail/spawn_model__type_support.cpp\n'}
[206.590596] (gazebo_msgs) StdoutLine: {'line': b'-- Installing: /opt/ros/gazebo_ros_build/install/include/gazebo_msgs/gazebo_msgs/srv/detail/get_link_state__type_support.cpp\n'}
[206.591709] (gazebo_msgs) StdoutLine: {'line': b'-- Installing: /opt/ros/gazebo_ros_build/install/include/gazebo_msgs/gazebo_msgs/srv/detail/apply_link_wrench__rosidl_typesupport_introspection_cpp.hpp\n'}
[206.592708] (gazebo_msgs) StdoutLine: {'line': b'-- Installing: /opt/ros/gazebo_ros_build/install/include/gazebo_msgs/gazebo_msgs/srv/detail/set_joint_trajectory__rosidl_typesupport_introspection_cpp.hpp\n'}
[206.593665] (gazebo_msgs) StdoutLine: {'line': b'-- Installing: /opt/ros/gazebo_ros_build/install/include/gazebo_msgs/gazebo_msgs/srv/detail/delete_entity__rosidl_typesupport_introspection_cpp.hpp\n'}
[206.594665] (gazebo_msgs) StdoutLine: {'line': b'-- Installing: /opt/ros/gazebo_ros_build/install/include/gazebo_msgs/gazebo_msgs/srv/detail/apply_joint_effort__type_support.cpp\n'}
[206.595981] (gazebo_msgs) StdoutLine: {'line': b'-- Installing: /opt/ros/gazebo_ros_build/install/include/gazebo_msgs/gazebo_msgs/srv/detail/get_model_state__rosidl_typesupport_introspection_cpp.hpp\n'}
[206.596916] (gazebo_msgs) StdoutLine: {'line': b'-- Installing: /opt/ros/gazebo_ros_build/install/include/gazebo_msgs/gazebo_msgs/srv/detail/delete_light__type_support.cpp\n'}
[206.598020] (gazebo_msgs) StdoutLine: {'line': b'-- Installing: /opt/ros/gazebo_ros_build/install/include/gazebo_msgs/gazebo_msgs/srv/detail/set_link_state__type_support.cpp\n'}
[206.599229] (gazebo_msgs) StdoutLine: {'line': b'-- Installing: /opt/ros/gazebo_ros_build/install/include/gazebo_msgs/gazebo_msgs/srv/detail/get_world_properties__rosidl_typesupport_introspection_cpp.hpp\n'}
[206.600084] (gazebo_msgs) StdoutLine: {'line': b'-- Installing: /opt/ros/gazebo_ros_build/install/include/gazebo_msgs/gazebo_msgs/srv/detail/get_model_state__type_support.cpp\n'}
[206.601645] (gazebo_msgs) StdoutLine: {'line': b'-- Installing: /opt/ros/gazebo_ros_build/install/include/gazebo_msgs/gazebo_msgs/srv/detail/set_physics_properties__rosidl_typesupport_introspection_cpp.hpp\n'}
[206.602536] (gazebo_msgs) StdoutLine: {'line': b'-- Installing: /opt/ros/gazebo_ros_build/install/include/gazebo_msgs/gazebo_msgs/srv/detail/spawn_model__rosidl_typesupport_introspection_cpp.hpp\n'}
[206.603519] (gazebo_msgs) StdoutLine: {'line': b'-- Installing: /opt/ros/gazebo_ros_build/install/include/gazebo_msgs/gazebo_msgs/srv/detail/set_joint_trajectory__type_support.cpp\n'}
[206.604776] (gazebo_msgs) StdoutLine: {'line': b'-- Installing: /opt/ros/gazebo_ros_build/install/include/gazebo_msgs/gazebo_msgs/srv/detail/link_request__rosidl_typesupport_introspection_cpp.hpp\n'}
[206.606349] (gazebo_msgs) StdoutLine: {'line': b'-- Installing: /opt/ros/gazebo_ros_build/install/include/gazebo_msgs/gazebo_msgs/srv/detail/set_entity_state__rosidl_typesupport_introspection_cpp.hpp\n'}
[206.607138] (gazebo_msgs) StdoutLine: {'line': b'-- Installing: /opt/ros/gazebo_ros_build/install/include/gazebo_msgs/gazebo_msgs/srv/detail/body_request__rosidl_typesupport_introspection_cpp.hpp\n'}
[206.607704] (gazebo_msgs) StdoutLine: {'line': b'-- Installing: /opt/ros/gazebo_ros_build/install/include/gazebo_msgs/gazebo_msgs/srv/detail/delete_model__type_support.cpp\n'}
[206.608954] (gazebo_msgs) StdoutLine: {'line': b'-- Installing: /opt/ros/gazebo_ros_build/install/include/gazebo_msgs/gazebo_msgs/srv/detail/get_model_list__rosidl_typesupport_introspection_cpp.hpp\n'}
[206.610460] (gazebo_msgs) StdoutLine: {'line': b'-- Installing: /opt/ros/gazebo_ros_build/install/include/gazebo_msgs/gazebo_msgs/srv/detail/get_physics_properties__rosidl_typesupport_introspection_cpp.hpp\n'}
[206.611073] (gazebo_msgs) StdoutLine: {'line': b'-- Installing: /opt/ros/gazebo_ros_build/install/include/gazebo_msgs/gazebo_msgs/srv/detail/get_joint_properties__type_support.cpp\n'}
[206.612481] (gazebo_msgs) StdoutLine: {'line': b'-- Installing: /opt/ros/gazebo_ros_build/install/include/gazebo_msgs/gazebo_msgs/srv/detail/body_request__type_support.cpp\n'}
[206.614235] (gazebo_msgs) StdoutLine: {'line': b'-- Installing: /opt/ros/gazebo_ros_build/install/lib/libgazebo_msgs__rosidl_typesupport_introspection_cpp.so\n'}
[206.626448] (gazebo_msgs) StdoutLine: {'line': b'-- Set runtime path of "/opt/ros/gazebo_ros_build/install/lib/libgazebo_msgs__rosidl_typesupport_introspection_cpp.so" to ""\n'}
[206.627111] (gazebo_msgs) StdoutLine: {'line': b'-- Installing: /opt/ros/gazebo_ros_build/install/lib/libgazebo_msgs__rosidl_typesupport_cpp.so\n'}
[206.633235] (gazebo_msgs) StdoutLine: {'line': b'-- Set runtime path of "/opt/ros/gazebo_ros_build/install/lib/libgazebo_msgs__rosidl_typesupport_cpp.so" to ""\n'}
[206.633838] (gazebo_msgs) StdoutLine: {'line': b'-- Installing: /opt/ros/gazebo_ros_build/install/share/gazebo_msgs/environment/pythonpath.sh\n'}
[206.635136] (gazebo_msgs) StdoutLine: {'line': b'-- Installing: /opt/ros/gazebo_ros_build/install/share/gazebo_msgs/environment/pythonpath.dsv\n'}
[206.636877] (gazebo_msgs) StdoutLine: {'line': b'-- Installing: /opt/ros/gazebo_ros_build/install/local/lib/python3.10/dist-packages/gazebo_msgs-3.9.0-py3.10.egg-info\n'}
[206.638023] (gazebo_msgs) StdoutLine: {'line': b'-- Installing: /opt/ros/gazebo_ros_build/install/local/lib/python3.10/dist-packages/gazebo_msgs-3.9.0-py3.10.egg-info/dependency_links.txt\n'}
[206.639334] (gazebo_msgs) StdoutLine: {'line': b'-- Installing: /opt/ros/gazebo_ros_build/install/local/lib/python3.10/dist-packages/gazebo_msgs-3.9.0-py3.10.egg-info/top_level.txt\n'}
[206.640321] (gazebo_msgs) StdoutLine: {'line': b'-- Installing: /opt/ros/gazebo_ros_build/install/local/lib/python3.10/dist-packages/gazebo_msgs-3.9.0-py3.10.egg-info/SOURCES.txt\n'}
[206.641259] (gazebo_msgs) StdoutLine: {'line': b'-- Installing: /opt/ros/gazebo_ros_build/install/local/lib/python3.10/dist-packages/gazebo_msgs-3.9.0-py3.10.egg-info/PKG-INFO\n'}
[206.642748] (gazebo_msgs) StdoutLine: {'line': b'-- Installing: /opt/ros/gazebo_ros_build/install/local/lib/python3.10/dist-packages/gazebo_msgs\n'}
[206.643403] (gazebo_msgs) StdoutLine: {'line': b'-- Installing: /opt/ros/gazebo_ros_build/install/local/lib/python3.10/dist-packages/gazebo_msgs/gazebo_msgs_s__rosidl_typesupport_fastrtps_c.cpython-310-aarch64-linux-gnu.so\n'}
[206.646641] (gazebo_msgs) StdoutLine: {'line': b'-- Installing: /opt/ros/gazebo_ros_build/install/local/lib/python3.10/dist-packages/gazebo_msgs/libgazebo_msgs__rosidl_generator_py.so\n'}
[206.651298] (gazebo_msgs) StdoutLine: {'line': b'-- Installing: /opt/ros/gazebo_ros_build/install/local/lib/python3.10/dist-packages/gazebo_msgs/msg\n'}
[206.651978] (gazebo_msgs) StdoutLine: {'line': b'-- Installing: /opt/ros/gazebo_ros_build/install/local/lib/python3.10/dist-packages/gazebo_msgs/msg/_ode_joint_properties.py\n'}
[206.653369] (gazebo_msgs) StdoutLine: {'line': b'-- Installing: /opt/ros/gazebo_ros_build/install/local/lib/python3.10/dist-packages/gazebo_msgs/msg/_wheel_slip.py\n'}
[206.654421] (gazebo_msgs) StdoutLine: {'line': b'-- Installing: /opt/ros/gazebo_ros_build/install/local/lib/python3.10/dist-packages/gazebo_msgs/msg/_link_states.py\n'}
[206.655340] (gazebo_msgs) StdoutLine: {'line': b'-- Installing: /opt/ros/gazebo_ros_build/install/local/lib/python3.10/dist-packages/gazebo_msgs/msg/_model_states.py\n'}
[206.656447] (gazebo_msgs) StdoutLine: {'line': b'-- Installing: /opt/ros/gazebo_ros_build/install/local/lib/python3.10/dist-packages/gazebo_msgs/msg/_performance_metrics_s.c\n'}
[206.657742] (gazebo_msgs) StdoutLine: {'line': b'-- Installing: /opt/ros/gazebo_ros_build/install/local/lib/python3.10/dist-packages/gazebo_msgs/msg/_model_states_s.c\n'}
[206.658805] (gazebo_msgs) StdoutLine: {'line': b'-- Installing: /opt/ros/gazebo_ros_build/install/local/lib/python3.10/dist-packages/gazebo_msgs/msg/_wheel_slip_s.c\n'}
[206.659815] (gazebo_msgs) StdoutLine: {'line': b'-- Installing: /opt/ros/gazebo_ros_build/install/local/lib/python3.10/dist-packages/gazebo_msgs/msg/_contact_state.py\n'}
[206.660920] (gazebo_msgs) StdoutLine: {'line': b'-- Installing: /opt/ros/gazebo_ros_build/install/local/lib/python3.10/dist-packages/gazebo_msgs/msg/_ode_physics.py\n'}
[206.662286] (gazebo_msgs) StdoutLine: {'line': b'-- Installing: /opt/ros/gazebo_ros_build/install/local/lib/python3.10/dist-packages/gazebo_msgs/msg/_world_state_s.c\n'}
[206.663067] (gazebo_msgs) StdoutLine: {'line': b'-- Installing: /opt/ros/gazebo_ros_build/install/local/lib/python3.10/dist-packages/gazebo_msgs/msg/__init__.py\n'}
[206.664000] (gazebo_msgs) StdoutLine: {'line': b'-- Installing: /opt/ros/gazebo_ros_build/install/local/lib/python3.10/dist-packages/gazebo_msgs/msg/_sensor_performance_metric.py\n'}
[206.664421] (-) TimerEvent: {}
[206.665333] (gazebo_msgs) StdoutLine: {'line': b'-- Installing: /opt/ros/gazebo_ros_build/install/local/lib/python3.10/dist-packages/gazebo_msgs/msg/_model_state_s.c\n'}
[206.666120] (gazebo_msgs) StdoutLine: {'line': b'-- Installing: /opt/ros/gazebo_ros_build/install/local/lib/python3.10/dist-packages/gazebo_msgs/msg/_performance_metrics.py\n'}
[206.667128] (gazebo_msgs) StdoutLine: {'line': b'-- Installing: /opt/ros/gazebo_ros_build/install/local/lib/python3.10/dist-packages/gazebo_msgs/msg/_contact_state_s.c\n'}
[206.668299] (gazebo_msgs) StdoutLine: {'line': b'-- Installing: /opt/ros/gazebo_ros_build/install/local/lib/python3.10/dist-packages/gazebo_msgs/msg/_ode_physics_s.c\n'}
[206.669455] (gazebo_msgs) StdoutLine: {'line': b'-- Installing: /opt/ros/gazebo_ros_build/install/local/lib/python3.10/dist-packages/gazebo_msgs/msg/_world_state.py\n'}
[206.670719] (gazebo_msgs) StdoutLine: {'line': b'-- Installing: /opt/ros/gazebo_ros_build/install/local/lib/python3.10/dist-packages/gazebo_msgs/msg/_link_state.py\n'}
[206.671574] (gazebo_msgs) StdoutLine: {'line': b'-- Installing: /opt/ros/gazebo_ros_build/install/local/lib/python3.10/dist-packages/gazebo_msgs/msg/_contacts_state_s.c\n'}
[206.674431] (gazebo_msgs) StdoutLine: {'line': b'-- Installing: /opt/ros/gazebo_ros_build/install/local/lib/python3.10/dist-packages/gazebo_msgs/msg/_link_states_s.c\n'}
[206.675471] (gazebo_msgs) StdoutLine: {'line': b'-- Installing: /opt/ros/gazebo_ros_build/install/local/lib/python3.10/dist-packages/gazebo_msgs/msg/_ode_joint_properties_s.c\n'}
[206.677084] (gazebo_msgs) StdoutLine: {'line': b'-- Installing: /opt/ros/gazebo_ros_build/install/local/lib/python3.10/dist-packages/gazebo_msgs/msg/_entity_state.py\n'}
[206.678266] (gazebo_msgs) StdoutLine: {'line': b'-- Installing: /opt/ros/gazebo_ros_build/install/local/lib/python3.10/dist-packages/gazebo_msgs/msg/_contacts_state.py\n'}
[206.679418] (gazebo_msgs) StdoutLine: {'line': b'-- Installing: /opt/ros/gazebo_ros_build/install/local/lib/python3.10/dist-packages/gazebo_msgs/msg/_entity_state_s.c\n'}
[206.680716] (gazebo_msgs) StdoutLine: {'line': b'-- Installing: /opt/ros/gazebo_ros_build/install/local/lib/python3.10/dist-packages/gazebo_msgs/msg/_model_state.py\n'}
[206.681693] (gazebo_msgs) StdoutLine: {'line': b'-- Installing: /opt/ros/gazebo_ros_build/install/local/lib/python3.10/dist-packages/gazebo_msgs/msg/_sensor_performance_metric_s.c\n'}
[206.682701] (gazebo_msgs) StdoutLine: {'line': b'-- Installing: /opt/ros/gazebo_ros_build/install/local/lib/python3.10/dist-packages/gazebo_msgs/msg/_link_state_s.c\n'}
[206.683845] (gazebo_msgs) StdoutLine: {'line': b'-- Installing: /opt/ros/gazebo_ros_build/install/local/lib/python3.10/dist-packages/gazebo_msgs/__init__.py\n'}
[206.684811] (gazebo_msgs) StdoutLine: {'line': b'-- Installing: /opt/ros/gazebo_ros_build/install/local/lib/python3.10/dist-packages/gazebo_msgs/gazebo_msgs_s__rosidl_typesupport_c.cpython-310-aarch64-linux-gnu.so\n'}
[206.687994] (gazebo_msgs) StdoutLine: {'line': b'-- Installing: /opt/ros/gazebo_ros_build/install/local/lib/python3.10/dist-packages/gazebo_msgs/_gazebo_msgs_s.ep.rosidl_typesupport_c.c\n'}
[206.693223] (gazebo_msgs) StdoutLine: {'line': b'-- Installing: /opt/ros/gazebo_ros_build/install/local/lib/python3.10/dist-packages/gazebo_msgs/_gazebo_msgs_s.ep.rosidl_typesupport_fastrtps_c.c\n'}
[206.698447] (gazebo_msgs) StdoutLine: {'line': b'-- Installing: /opt/ros/gazebo_ros_build/install/local/lib/python3.10/dist-packages/gazebo_msgs/gazebo_msgs_s__rosidl_typesupport_introspection_c.cpython-310-aarch64-linux-gnu.so\n'}
[206.701564] (gazebo_msgs) StdoutLine: {'line': b'-- Installing: /opt/ros/gazebo_ros_build/install/local/lib/python3.10/dist-packages/gazebo_msgs/_gazebo_msgs_s.ep.rosidl_typesupport_introspection_c.c\n'}
[206.706824] (gazebo_msgs) StdoutLine: {'line': b'-- Installing: /opt/ros/gazebo_ros_build/install/local/lib/python3.10/dist-packages/gazebo_msgs/srv\n'}
[206.707891] (gazebo_msgs) StdoutLine: {'line': b'-- Installing: /opt/ros/gazebo_ros_build/install/local/lib/python3.10/dist-packages/gazebo_msgs/srv/_get_light_properties.py\n'}
[206.709532] (gazebo_msgs) StdoutLine: {'line': b'-- Installing: /opt/ros/gazebo_ros_build/install/local/lib/python3.10/dist-packages/gazebo_msgs/srv/_apply_link_wrench_s.c\n'}
[206.710636] (gazebo_msgs) StdoutLine: {'line': b'-- Installing: /opt/ros/gazebo_ros_build/install/local/lib/python3.10/dist-packages/gazebo_msgs/srv/_get_joint_properties.py\n'}
[206.711767] (gazebo_msgs) StdoutLine: {'line': b'-- Installing: /opt/ros/gazebo_ros_build/install/local/lib/python3.10/dist-packages/gazebo_msgs/srv/_set_joint_properties.py\n'}
[206.713025] (gazebo_msgs) StdoutLine: {'line': b'-- Installing: /opt/ros/gazebo_ros_build/install/local/lib/python3.10/dist-packages/gazebo_msgs/srv/_set_entity_state.py\n'}
[206.714031] (gazebo_msgs) StdoutLine: {'line': b'-- Installing: /opt/ros/gazebo_ros_build/install/local/lib/python3.10/dist-packages/gazebo_msgs/srv/_get_link_state_s.c\n'}
[206.715162] (gazebo_msgs) StdoutLine: {'line': b'-- Installing: /opt/ros/gazebo_ros_build/install/local/lib/python3.10/dist-packages/gazebo_msgs/srv/_delete_model_s.c\n'}
[206.716219] (gazebo_msgs) StdoutLine: {'line': b'-- Installing: /opt/ros/gazebo_ros_build/install/local/lib/python3.10/dist-packages/gazebo_msgs/srv/_get_entity_state_s.c\n'}
[206.717420] (gazebo_msgs) StdoutLine: {'line': b'-- Installing: /opt/ros/gazebo_ros_build/install/local/lib/python3.10/dist-packages/gazebo_msgs/srv/_delete_light_s.c\n'}
[206.718499] (gazebo_msgs) StdoutLine: {'line': b'-- Installing: /opt/ros/gazebo_ros_build/install/local/lib/python3.10/dist-packages/gazebo_msgs/srv/_apply_joint_effort_s.c\n'}
[206.719585] (gazebo_msgs) StdoutLine: {'line': b'-- Installing: /opt/ros/gazebo_ros_build/install/local/lib/python3.10/dist-packages/gazebo_msgs/srv/_set_entity_state_s.c\n'}
[206.720674] (gazebo_msgs) StdoutLine: {'line': b'-- Installing: /opt/ros/gazebo_ros_build/install/local/lib/python3.10/dist-packages/gazebo_msgs/srv/_get_light_properties_s.c\n'}
[206.721782] (gazebo_msgs) StdoutLine: {'line': b'-- Installing: /opt/ros/gazebo_ros_build/install/local/lib/python3.10/dist-packages/gazebo_msgs/srv/_delete_entity.py\n'}
[206.722831] (gazebo_msgs) StdoutLine: {'line': b'-- Installing: /opt/ros/gazebo_ros_build/install/local/lib/python3.10/dist-packages/gazebo_msgs/srv/_delete_light.py\n'}
[206.723898] (gazebo_msgs) StdoutLine: {'line': b'-- Installing: /opt/ros/gazebo_ros_build/install/local/lib/python3.10/dist-packages/gazebo_msgs/srv/_apply_body_wrench.py\n'}
[206.725219] (gazebo_msgs) StdoutLine: {'line': b'-- Installing: /opt/ros/gazebo_ros_build/install/local/lib/python3.10/dist-packages/gazebo_msgs/srv/_get_model_properties.py\n'}
[206.726347] (gazebo_msgs) StdoutLine: {'line': b'-- Installing: /opt/ros/gazebo_ros_build/install/local/lib/python3.10/dist-packages/gazebo_msgs/srv/_get_model_state_s.c\n'}
[206.727434] (gazebo_msgs) StdoutLine: {'line': b'-- Installing: /opt/ros/gazebo_ros_build/install/local/lib/python3.10/dist-packages/gazebo_msgs/srv/_spawn_model.py\n'}
[206.728637] (gazebo_msgs) StdoutLine: {'line': b'-- Installing: /opt/ros/gazebo_ros_build/install/local/lib/python3.10/dist-packages/gazebo_msgs/srv/__init__.py\n'}
[206.729537] (gazebo_msgs) StdoutLine: {'line': b'-- Installing: /opt/ros/gazebo_ros_build/install/local/lib/python3.10/dist-packages/gazebo_msgs/srv/_get_joint_properties_s.c\n'}
[206.730744] (gazebo_msgs) StdoutLine: {'line': b'-- Installing: /opt/ros/gazebo_ros_build/install/local/lib/python3.10/dist-packages/gazebo_msgs/srv/_set_joint_trajectory_s.c\n'}
[206.731795] (gazebo_msgs) StdoutLine: {'line': b'-- Installing: /opt/ros/gazebo_ros_build/install/local/lib/python3.10/dist-packages/gazebo_msgs/srv/_spawn_entity.py\n'}
[206.732983] (gazebo_msgs) StdoutLine: {'line': b'-- Installing: /opt/ros/gazebo_ros_build/install/local/lib/python3.10/dist-packages/gazebo_msgs/srv/_get_link_properties.py\n'}
[206.734075] (gazebo_msgs) StdoutLine: {'line': b'-- Installing: /opt/ros/gazebo_ros_build/install/local/lib/python3.10/dist-packages/gazebo_msgs/srv/_delete_entity_s.c\n'}
[206.735136] (gazebo_msgs) StdoutLine: {'line': b'-- Installing: /opt/ros/gazebo_ros_build/install/local/lib/python3.10/dist-packages/gazebo_msgs/srv/_set_model_configuration_s.c\n'}
[206.736387] (gazebo_msgs) StdoutLine: {'line': b'-- Installing: /opt/ros/gazebo_ros_build/install/local/lib/python3.10/dist-packages/gazebo_msgs/srv/_set_link_properties.py\n'}
[206.737485] (gazebo_msgs) StdoutLine: {'line': b'-- Installing: /opt/ros/gazebo_ros_build/install/local/lib/python3.10/dist-packages/gazebo_msgs/srv/_body_request.py\n'}
[206.738538] (gazebo_msgs) StdoutLine: {'line': b'-- Installing: /opt/ros/gazebo_ros_build/install/local/lib/python3.10/dist-packages/gazebo_msgs/srv/_get_world_properties_s.c\n'}
[206.739619] (gazebo_msgs) StdoutLine: {'line': b'-- Installing: /opt/ros/gazebo_ros_build/install/local/lib/python3.10/dist-packages/gazebo_msgs/srv/_set_physics_properties_s.c\n'}
[206.740724] (gazebo_msgs) StdoutLine: {'line': b'-- Installing: /opt/ros/gazebo_ros_build/install/local/lib/python3.10/dist-packages/gazebo_msgs/srv/_get_entity_state.py\n'}
[206.741803] (gazebo_msgs) StdoutLine: {'line': b'-- Installing: /opt/ros/gazebo_ros_build/install/local/lib/python3.10/dist-packages/gazebo_msgs/srv/_get_model_properties_s.c\n'}
[206.742928] (gazebo_msgs) StdoutLine: {'line': b'-- Installing: /opt/ros/gazebo_ros_build/install/local/lib/python3.10/dist-packages/gazebo_msgs/srv/_apply_joint_effort.py\n'}
[206.743947] (gazebo_msgs) StdoutLine: {'line': b'-- Installing: /opt/ros/gazebo_ros_build/install/local/lib/python3.10/dist-packages/gazebo_msgs/srv/_link_request.py\n'}
[206.745071] (gazebo_msgs) StdoutLine: {'line': b'-- Installing: /opt/ros/gazebo_ros_build/install/local/lib/python3.10/dist-packages/gazebo_msgs/srv/_apply_link_wrench.py\n'}
[206.746264] (gazebo_msgs) StdoutLine: {'line': b'-- Installing: /opt/ros/gazebo_ros_build/install/local/lib/python3.10/dist-packages/gazebo_msgs/srv/_get_link_properties_s.c\n'}
[206.747312] (gazebo_msgs) StdoutLine: {'line': b'-- Installing: /opt/ros/gazebo_ros_build/install/local/lib/python3.10/dist-packages/gazebo_msgs/srv/_set_joint_properties_s.c\n'}
[206.748376] (gazebo_msgs) StdoutLine: {'line': b'-- Installing: /opt/ros/gazebo_ros_build/install/local/lib/python3.10/dist-packages/gazebo_msgs/srv/_get_physics_properties_s.c\n'}
[206.749928] (gazebo_msgs) StdoutLine: {'line': b'-- Installing: /opt/ros/gazebo_ros_build/install/local/lib/python3.10/dist-packages/gazebo_msgs/srv/_set_joint_trajectory.py\n'}
[206.750994] (gazebo_msgs) StdoutLine: {'line': b'-- Installing: /opt/ros/gazebo_ros_build/install/local/lib/python3.10/dist-packages/gazebo_msgs/srv/_spawn_model_s.c\n'}
[206.752091] (gazebo_msgs) StdoutLine: {'line': b'-- Installing: /opt/ros/gazebo_ros_build/install/local/lib/python3.10/dist-packages/gazebo_msgs/srv/_delete_model.py\n'}
[206.753208] (gazebo_msgs) StdoutLine: {'line': b'-- Installing: /opt/ros/gazebo_ros_build/install/local/lib/python3.10/dist-packages/gazebo_msgs/srv/_joint_request.py\n'}
[206.754247] (gazebo_msgs) StdoutLine: {'line': b'-- Installing: /opt/ros/gazebo_ros_build/install/local/lib/python3.10/dist-packages/gazebo_msgs/srv/_set_model_state.py\n'}
[206.755252] (gazebo_msgs) StdoutLine: {'line': b'-- Installing: /opt/ros/gazebo_ros_build/install/local/lib/python3.10/dist-packages/gazebo_msgs/srv/_get_world_properties.py\n'}
[206.756360] (gazebo_msgs) StdoutLine: {'line': b'-- Installing: /opt/ros/gazebo_ros_build/install/local/lib/python3.10/dist-packages/gazebo_msgs/srv/_get_model_list_s.c\n'}
[206.757414] (gazebo_msgs) StdoutLine: {'line': b'-- Installing: /opt/ros/gazebo_ros_build/install/local/lib/python3.10/dist-packages/gazebo_msgs/srv/_spawn_entity_s.c\n'}
[206.758517] (gazebo_msgs) StdoutLine: {'line': b'-- Installing: /opt/ros/gazebo_ros_build/install/local/lib/python3.10/dist-packages/gazebo_msgs/srv/_link_request_s.c\n'}
[206.759492] (gazebo_msgs) StdoutLine: {'line': b'-- Installing: /opt/ros/gazebo_ros_build/install/local/lib/python3.10/dist-packages/gazebo_msgs/srv/_apply_body_wrench_s.c\n'}
[206.760845] (gazebo_msgs) StdoutLine: {'line': b'-- Installing: /opt/ros/gazebo_ros_build/install/local/lib/python3.10/dist-packages/gazebo_msgs/srv/_set_light_properties_s.c\n'}
[206.761924] (gazebo_msgs) StdoutLine: {'line': b'-- Installing: /opt/ros/gazebo_ros_build/install/local/lib/python3.10/dist-packages/gazebo_msgs/srv/_set_light_properties.py\n'}
[206.763000] (gazebo_msgs) StdoutLine: {'line': b'-- Installing: /opt/ros/gazebo_ros_build/install/local/lib/python3.10/dist-packages/gazebo_msgs/srv/_get_physics_properties.py\n'}
[206.764075] (gazebo_msgs) StdoutLine: {'line': b'-- Installing: /opt/ros/gazebo_ros_build/install/local/lib/python3.10/dist-packages/gazebo_msgs/srv/_set_physics_properties.py\n'}
[206.764556] (-) TimerEvent: {}
[206.765315] (gazebo_msgs) StdoutLine: {'line': b'-- Installing: /opt/ros/gazebo_ros_build/install/local/lib/python3.10/dist-packages/gazebo_msgs/srv/_body_request_s.c\n'}
[206.766727] (gazebo_msgs) StdoutLine: {'line': b'-- Installing: /opt/ros/gazebo_ros_build/install/local/lib/python3.10/dist-packages/gazebo_msgs/srv/_set_link_state.py\n'}
[206.768438] (gazebo_msgs) StdoutLine: {'line': b'-- Installing: /opt/ros/gazebo_ros_build/install/local/lib/python3.10/dist-packages/gazebo_msgs/srv/_set_link_properties_s.c\n'}
[206.769535] (gazebo_msgs) StdoutLine: {'line': b'-- Installing: /opt/ros/gazebo_ros_build/install/local/lib/python3.10/dist-packages/gazebo_msgs/srv/_set_model_configuration.py\n'}
[206.770646] (gazebo_msgs) StdoutLine: {'line': b'-- Installing: /opt/ros/gazebo_ros_build/install/local/lib/python3.10/dist-packages/gazebo_msgs/srv/_get_link_state.py\n'}
[206.771796] (gazebo_msgs) StdoutLine: {'line': b'-- Installing: /opt/ros/gazebo_ros_build/install/local/lib/python3.10/dist-packages/gazebo_msgs/srv/_joint_request_s.c\n'}
[206.772870] (gazebo_msgs) StdoutLine: {'line': b'-- Installing: /opt/ros/gazebo_ros_build/install/local/lib/python3.10/dist-packages/gazebo_msgs/srv/_get_model_list.py\n'}
[206.773930] (gazebo_msgs) StdoutLine: {'line': b'-- Installing: /opt/ros/gazebo_ros_build/install/local/lib/python3.10/dist-packages/gazebo_msgs/srv/_get_model_state.py\n'}
[206.775012] (gazebo_msgs) StdoutLine: {'line': b'-- Installing: /opt/ros/gazebo_ros_build/install/local/lib/python3.10/dist-packages/gazebo_msgs/srv/_set_link_state_s.c\n'}
[206.776019] (gazebo_msgs) StdoutLine: {'line': b'-- Installing: /opt/ros/gazebo_ros_build/install/local/lib/python3.10/dist-packages/gazebo_msgs/srv/_set_model_state_s.c\n'}
[206.864798] (-) TimerEvent: {}
[206.965837] (-) TimerEvent: {}
[207.066758] (-) TimerEvent: {}
[207.167651] (-) TimerEvent: {}
[207.268632] (-) TimerEvent: {}
[207.346404] (gazebo_msgs) StdoutLine: {'line': b"Listing '/opt/ros/gazebo_ros_build/install/local/lib/python3.10/dist-packages/gazebo_msgs'...\n"}
[207.348021] (gazebo_msgs) StdoutLine: {'line': b"Compiling '/opt/ros/gazebo_ros_build/install/local/lib/python3.10/dist-packages/gazebo_msgs/__init__.py'...\n"}
[207.348561] (gazebo_msgs) StdoutLine: {'line': b"Listing '/opt/ros/gazebo_ros_build/install/local/lib/python3.10/dist-packages/gazebo_msgs/msg'...\n"}
[207.348962] (gazebo_msgs) StdoutLine: {'line': b"Compiling '/opt/ros/gazebo_ros_build/install/local/lib/python3.10/dist-packages/gazebo_msgs/msg/__init__.py'...\n"}
[207.349414] (gazebo_msgs) StdoutLine: {'line': b"Compiling '/opt/ros/gazebo_ros_build/install/local/lib/python3.10/dist-packages/gazebo_msgs/msg/_contact_state.py'...\n"}
[207.349764] (gazebo_msgs) StdoutLine: {'line': b"Compiling '/opt/ros/gazebo_ros_build/install/local/lib/python3.10/dist-packages/gazebo_msgs/msg/_contacts_state.py'...\n"}
[207.350111] (gazebo_msgs) StdoutLine: {'line': b"Compiling '/opt/ros/gazebo_ros_build/install/local/lib/python3.10/dist-packages/gazebo_msgs/msg/_entity_state.py'...\n"}
[207.350497] (gazebo_msgs) StdoutLine: {'line': b"Compiling '/opt/ros/gazebo_ros_build/install/local/lib/python3.10/dist-packages/gazebo_msgs/msg/_link_state.py'...\n"}
[207.350858] (gazebo_msgs) StdoutLine: {'line': b"Compiling '/opt/ros/gazebo_ros_build/install/local/lib/python3.10/dist-packages/gazebo_msgs/msg/_link_states.py'...\n"}
[207.351223] (gazebo_msgs) StdoutLine: {'line': b"Compiling '/opt/ros/gazebo_ros_build/install/local/lib/python3.10/dist-packages/gazebo_msgs/msg/_model_state.py'...\n"}
[207.351630] (gazebo_msgs) StdoutLine: {'line': b"Compiling '/opt/ros/gazebo_ros_build/install/local/lib/python3.10/dist-packages/gazebo_msgs/msg/_model_states.py'...\n"}
[207.351970] (gazebo_msgs) StdoutLine: {'line': b"Compiling '/opt/ros/gazebo_ros_build/install/local/lib/python3.10/dist-packages/gazebo_msgs/msg/_ode_joint_properties.py'...\n"}
[207.352432] (gazebo_msgs) StdoutLine: {'line': b"Compiling '/opt/ros/gazebo_ros_build/install/local/lib/python3.10/dist-packages/gazebo_msgs/msg/_ode_physics.py'...\n"}
[207.352801] (gazebo_msgs) StdoutLine: {'line': b"Compiling '/opt/ros/gazebo_ros_build/install/local/lib/python3.10/dist-packages/gazebo_msgs/msg/_performance_metrics.py'...\n"}
[207.353157] (gazebo_msgs) StdoutLine: {'line': b"Compiling '/opt/ros/gazebo_ros_build/install/local/lib/python3.10/dist-packages/gazebo_msgs/msg/_sensor_performance_metric.py'...\n"}
[207.353566] (gazebo_msgs) StdoutLine: {'line': b"Compiling '/opt/ros/gazebo_ros_build/install/local/lib/python3.10/dist-packages/gazebo_msgs/msg/_wheel_slip.py'...\n"}
[207.353962] (gazebo_msgs) StdoutLine: {'line': b"Compiling '/opt/ros/gazebo_ros_build/install/local/lib/python3.10/dist-packages/gazebo_msgs/msg/_world_state.py'...\n"}
[207.354305] (gazebo_msgs) StdoutLine: {'line': b"Listing '/opt/ros/gazebo_ros_build/install/local/lib/python3.10/dist-packages/gazebo_msgs/srv'...\n"}
[207.354657] (gazebo_msgs) StdoutLine: {'line': b"Compiling '/opt/ros/gazebo_ros_build/install/local/lib/python3.10/dist-packages/gazebo_msgs/srv/__init__.py'...\n"}
[207.354995] (gazebo_msgs) StdoutLine: {'line': b"Compiling '/opt/ros/gazebo_ros_build/install/local/lib/python3.10/dist-packages/gazebo_msgs/srv/_apply_body_wrench.py'...\n"}
[207.355331] (gazebo_msgs) StdoutLine: {'line': b"Compiling '/opt/ros/gazebo_ros_build/install/local/lib/python3.10/dist-packages/gazebo_msgs/srv/_apply_joint_effort.py'...\n"}
[207.355720] (gazebo_msgs) StdoutLine: {'line': b"Compiling '/opt/ros/gazebo_ros_build/install/local/lib/python3.10/dist-packages/gazebo_msgs/srv/_apply_link_wrench.py'...\n"}
[207.356106] (gazebo_msgs) StdoutLine: {'line': b"Compiling '/opt/ros/gazebo_ros_build/install/local/lib/python3.10/dist-packages/gazebo_msgs/srv/_body_request.py'...\n"}
[207.356559] (gazebo_msgs) StdoutLine: {'line': b"Compiling '/opt/ros/gazebo_ros_build/install/local/lib/python3.10/dist-packages/gazebo_msgs/srv/_delete_entity.py'...\n"}
[207.356904] (gazebo_msgs) StdoutLine: {'line': b"Compiling '/opt/ros/gazebo_ros_build/install/local/lib/python3.10/dist-packages/gazebo_msgs/srv/_delete_light.py'...\n"}
[207.357240] (gazebo_msgs) StdoutLine: {'line': b"Compiling '/opt/ros/gazebo_ros_build/install/local/lib/python3.10/dist-packages/gazebo_msgs/srv/_delete_model.py'...\n"}
[207.357576] (gazebo_msgs) StdoutLine: {'line': b"Compiling '/opt/ros/gazebo_ros_build/install/local/lib/python3.10/dist-packages/gazebo_msgs/srv/_get_entity_state.py'...\n"}
[207.357970] (gazebo_msgs) StdoutLine: {'line': b"Compiling '/opt/ros/gazebo_ros_build/install/local/lib/python3.10/dist-packages/gazebo_msgs/srv/_get_joint_properties.py'...\n"}
[207.358373] (gazebo_msgs) StdoutLine: {'line': b"Compiling '/opt/ros/gazebo_ros_build/install/local/lib/python3.10/dist-packages/gazebo_msgs/srv/_get_light_properties.py'...\n"}
[207.358728] (gazebo_msgs) StdoutLine: {'line': b"Compiling '/opt/ros/gazebo_ros_build/install/local/lib/python3.10/dist-packages/gazebo_msgs/srv/_get_link_properties.py'...\n"}
[207.359068] (gazebo_msgs) StdoutLine: {'line': b"Compiling '/opt/ros/gazebo_ros_build/install/local/lib/python3.10/dist-packages/gazebo_msgs/srv/_get_link_state.py'...\n"}
[207.359406] (gazebo_msgs) StdoutLine: {'line': b"Compiling '/opt/ros/gazebo_ros_build/install/local/lib/python3.10/dist-packages/gazebo_msgs/srv/_get_model_list.py'...\n"}
[207.359759] (gazebo_msgs) StdoutLine: {'line': b"Compiling '/opt/ros/gazebo_ros_build/install/local/lib/python3.10/dist-packages/gazebo_msgs/srv/_get_model_properties.py'...\n"}
[207.360174] (gazebo_msgs) StdoutLine: {'line': b"Compiling '/opt/ros/gazebo_ros_build/install/local/lib/python3.10/dist-packages/gazebo_msgs/srv/_get_model_state.py'...\n"}
[207.360646] (gazebo_msgs) StdoutLine: {'line': b"Compiling '/opt/ros/gazebo_ros_build/install/local/lib/python3.10/dist-packages/gazebo_msgs/srv/_get_physics_properties.py'...\n"}
[207.361012] (gazebo_msgs) StdoutLine: {'line': b"Compiling '/opt/ros/gazebo_ros_build/install/local/lib/python3.10/dist-packages/gazebo_msgs/srv/_get_world_properties.py'...\n"}
[207.361352] (gazebo_msgs) StdoutLine: {'line': b"Compiling '/opt/ros/gazebo_ros_build/install/local/lib/python3.10/dist-packages/gazebo_msgs/srv/_joint_request.py'...\n"}
[207.361689] (gazebo_msgs) StdoutLine: {'line': b"Compiling '/opt/ros/gazebo_ros_build/install/local/lib/python3.10/dist-packages/gazebo_msgs/srv/_link_request.py'...\n"}
[207.362093] (gazebo_msgs) StdoutLine: {'line': b"Compiling '/opt/ros/gazebo_ros_build/install/local/lib/python3.10/dist-packages/gazebo_msgs/srv/_set_entity_state.py'...\n"}
[207.362435] (gazebo_msgs) StdoutLine: {'line': b"Compiling '/opt/ros/gazebo_ros_build/install/local/lib/python3.10/dist-packages/gazebo_msgs/srv/_set_joint_properties.py'...\n"}
[207.362823] (gazebo_msgs) StdoutLine: {'line': b"Compiling '/opt/ros/gazebo_ros_build/install/local/lib/python3.10/dist-packages/gazebo_msgs/srv/_set_joint_trajectory.py'...\n"}
[207.363224] (gazebo_msgs) StdoutLine: {'line': b"Compiling '/opt/ros/gazebo_ros_build/install/local/lib/python3.10/dist-packages/gazebo_msgs/srv/_set_light_properties.py'...\n"}
[207.363565] (gazebo_msgs) StdoutLine: {'line': b"Compiling '/opt/ros/gazebo_ros_build/install/local/lib/python3.10/dist-packages/gazebo_msgs/srv/_set_link_properties.py'...\n"}
[207.363900] (gazebo_msgs) StdoutLine: {'line': b"Compiling '/opt/ros/gazebo_ros_build/install/local/lib/python3.10/dist-packages/gazebo_msgs/srv/_set_link_state.py'...\n"}
[207.364321] (gazebo_msgs) StdoutLine: {'line': b"Compiling '/opt/ros/gazebo_ros_build/install/local/lib/python3.10/dist-packages/gazebo_msgs/srv/_set_model_configuration.py'...\n"}
[207.364682] (gazebo_msgs) StdoutLine: {'line': b"Compiling '/opt/ros/gazebo_ros_build/install/local/lib/python3.10/dist-packages/gazebo_msgs/srv/_set_model_state.py'...\n"}
[207.365032] (gazebo_msgs) StdoutLine: {'line': b"Compiling '/opt/ros/gazebo_ros_build/install/local/lib/python3.10/dist-packages/gazebo_msgs/srv/_set_physics_properties.py'...\n"}
[207.365459] (gazebo_msgs) StdoutLine: {'line': b"Compiling '/opt/ros/gazebo_ros_build/install/local/lib/python3.10/dist-packages/gazebo_msgs/srv/_spawn_entity.py'...\n"}
[207.366304] (gazebo_msgs) StdoutLine: {'line': b"Compiling '/opt/ros/gazebo_ros_build/install/local/lib/python3.10/dist-packages/gazebo_msgs/srv/_spawn_model.py'...\n"}
[207.368758] (-) TimerEvent: {}
[207.370525] (gazebo_msgs) StdoutLine: {'line': b'-- Installing: /opt/ros/gazebo_ros_build/install/local/lib/python3.10/dist-packages/gazebo_msgs/gazebo_msgs_s__rosidl_typesupport_fastrtps_c.cpython-310-aarch64-linux-gnu.so\n'}
[207.377340] (gazebo_msgs) StdoutLine: {'line': b'-- Set runtime path of "/opt/ros/gazebo_ros_build/install/local/lib/python3.10/dist-packages/gazebo_msgs/gazebo_msgs_s__rosidl_typesupport_fastrtps_c.cpython-310-aarch64-linux-gnu.so" to ""\n'}
[207.379899] (gazebo_msgs) StdoutLine: {'line': b'-- Installing: /opt/ros/gazebo_ros_build/install/local/lib/python3.10/dist-packages/gazebo_msgs/gazebo_msgs_s__rosidl_typesupport_introspection_c.cpython-310-aarch64-linux-gnu.so\n'}
[207.386017] (gazebo_msgs) StdoutLine: {'line': b'-- Set runtime path of "/opt/ros/gazebo_ros_build/install/local/lib/python3.10/dist-packages/gazebo_msgs/gazebo_msgs_s__rosidl_typesupport_introspection_c.cpython-310-aarch64-linux-gnu.so" to ""\n'}
[207.388629] (gazebo_msgs) StdoutLine: {'line': b'-- Installing: /opt/ros/gazebo_ros_build/install/local/lib/python3.10/dist-packages/gazebo_msgs/gazebo_msgs_s__rosidl_typesupport_c.cpython-310-aarch64-linux-gnu.so\n'}
[207.394618] (gazebo_msgs) StdoutLine: {'line': b'-- Set runtime path of "/opt/ros/gazebo_ros_build/install/local/lib/python3.10/dist-packages/gazebo_msgs/gazebo_msgs_s__rosidl_typesupport_c.cpython-310-aarch64-linux-gnu.so" to ""\n'}
[207.395781] (gazebo_msgs) StdoutLine: {'line': b'-- Installing: /opt/ros/gazebo_ros_build/install/lib/libgazebo_msgs__rosidl_generator_py.so\n'}
[207.404007] (gazebo_msgs) StdoutLine: {'line': b'-- Set runtime path of "/opt/ros/gazebo_ros_build/install/lib/libgazebo_msgs__rosidl_generator_py.so" to ""\n'}
[207.406554] (gazebo_msgs) StdoutLine: {'line': b'-- Installing: /opt/ros/gazebo_ros_build/install/share/gazebo_msgs/msg/ContactState.idl\n'}
[207.407661] (gazebo_msgs) StdoutLine: {'line': b'-- Installing: /opt/ros/gazebo_ros_build/install/share/gazebo_msgs/msg/ContactsState.idl\n'}
[207.408098] (gazebo_msgs) StdoutLine: {'line': b'-- Installing: /opt/ros/gazebo_ros_build/install/share/gazebo_msgs/msg/EntityState.idl\n'}
[207.409089] (gazebo_msgs) StdoutLine: {'line': b'-- Installing: /opt/ros/gazebo_ros_build/install/share/gazebo_msgs/msg/LinkState.idl\n'}
[207.410500] (gazebo_msgs) StdoutLine: {'line': b'-- Installing: /opt/ros/gazebo_ros_build/install/share/gazebo_msgs/msg/LinkStates.idl\n'}
[207.411875] (gazebo_msgs) StdoutLine: {'line': b'-- Installing: /opt/ros/gazebo_ros_build/install/share/gazebo_msgs/msg/ModelState.idl\n'}
[207.414717] (gazebo_msgs) StdoutLine: {'line': b'-- Installing: /opt/ros/gazebo_ros_build/install/share/gazebo_msgs/msg/ModelStates.idl\n'}
[207.416647] (gazebo_msgs) StdoutLine: {'line': b'-- Installing: /opt/ros/gazebo_ros_build/install/share/gazebo_msgs/msg/ODEJointProperties.idl\n'}
[207.418153] (gazebo_msgs) StdoutLine: {'line': b'-- Installing: /opt/ros/gazebo_ros_build/install/share/gazebo_msgs/msg/ODEPhysics.idl\n'}
[207.419709] (gazebo_msgs) StdoutLine: {'line': b'-- Installing: /opt/ros/gazebo_ros_build/install/share/gazebo_msgs/msg/PerformanceMetrics.idl\n'}
[207.421637] (gazebo_msgs) StdoutLine: {'line': b'-- Installing: /opt/ros/gazebo_ros_build/install/share/gazebo_msgs/msg/SensorPerformanceMetric.idl\n'}
[207.423562] (gazebo_msgs) StdoutLine: {'line': b'-- Installing: /opt/ros/gazebo_ros_build/install/share/gazebo_msgs/msg/WheelSlip.idl\n'}
[207.424863] (gazebo_msgs) StdoutLine: {'line': b'-- Installing: /opt/ros/gazebo_ros_build/install/share/gazebo_msgs/msg/WorldState.idl\n'}
[207.426733] (gazebo_msgs) StdoutLine: {'line': b'-- Installing: /opt/ros/gazebo_ros_build/install/share/gazebo_msgs/srv/ApplyBodyWrench.idl\n'}
[207.428562] (gazebo_msgs) StdoutLine: {'line': b'-- Installing: /opt/ros/gazebo_ros_build/install/share/gazebo_msgs/srv/ApplyLinkWrench.idl\n'}
[207.430060] (gazebo_msgs) StdoutLine: {'line': b'-- Installing: /opt/ros/gazebo_ros_build/install/share/gazebo_msgs/srv/ApplyJointEffort.idl\n'}
[207.431644] (gazebo_msgs) StdoutLine: {'line': b'-- Installing: /opt/ros/gazebo_ros_build/install/share/gazebo_msgs/srv/BodyRequest.idl\n'}
[207.432952] (gazebo_msgs) StdoutLine: {'line': b'-- Installing: /opt/ros/gazebo_ros_build/install/share/gazebo_msgs/srv/DeleteEntity.idl\n'}
[207.434694] (gazebo_msgs) StdoutLine: {'line': b'-- Installing: /opt/ros/gazebo_ros_build/install/share/gazebo_msgs/srv/DeleteLight.idl\n'}
[207.436113] (gazebo_msgs) StdoutLine: {'line': b'-- Installing: /opt/ros/gazebo_ros_build/install/share/gazebo_msgs/srv/DeleteModel.idl\n'}
[207.437774] (gazebo_msgs) StdoutLine: {'line': b'-- Installing: /opt/ros/gazebo_ros_build/install/share/gazebo_msgs/srv/GetJointProperties.idl\n'}
[207.439184] (gazebo_msgs) StdoutLine: {'line': b'-- Installing: /opt/ros/gazebo_ros_build/install/share/gazebo_msgs/srv/GetEntityState.idl\n'}
[207.440970] (gazebo_msgs) StdoutLine: {'line': b'-- Installing: /opt/ros/gazebo_ros_build/install/share/gazebo_msgs/srv/GetLightProperties.idl\n'}
[207.442557] (gazebo_msgs) StdoutLine: {'line': b'-- Installing: /opt/ros/gazebo_ros_build/install/share/gazebo_msgs/srv/GetLinkProperties.idl\n'}
[207.444083] (gazebo_msgs) StdoutLine: {'line': b'-- Installing: /opt/ros/gazebo_ros_build/install/share/gazebo_msgs/srv/GetLinkState.idl\n'}
[207.445703] (gazebo_msgs) StdoutLine: {'line': b'-- Installing: /opt/ros/gazebo_ros_build/install/share/gazebo_msgs/srv/GetModelList.idl\n'}
[207.447433] (gazebo_msgs) StdoutLine: {'line': b'-- Installing: /opt/ros/gazebo_ros_build/install/share/gazebo_msgs/srv/GetModelProperties.idl\n'}
[207.448941] (gazebo_msgs) StdoutLine: {'line': b'-- Installing: /opt/ros/gazebo_ros_build/install/share/gazebo_msgs/srv/GetModelState.idl\n'}
[207.450421] (gazebo_msgs) StdoutLine: {'line': b'-- Installing: /opt/ros/gazebo_ros_build/install/share/gazebo_msgs/srv/GetPhysicsProperties.idl\n'}
[207.451829] (gazebo_msgs) StdoutLine: {'line': b'-- Installing: /opt/ros/gazebo_ros_build/install/share/gazebo_msgs/srv/GetWorldProperties.idl\n'}
[207.453506] (gazebo_msgs) StdoutLine: {'line': b'-- Installing: /opt/ros/gazebo_ros_build/install/share/gazebo_msgs/srv/JointRequest.idl\n'}
[207.454948] (gazebo_msgs) StdoutLine: {'line': b'-- Installing: /opt/ros/gazebo_ros_build/install/share/gazebo_msgs/srv/LinkRequest.idl\n'}
[207.456641] (gazebo_msgs) StdoutLine: {'line': b'-- Installing: /opt/ros/gazebo_ros_build/install/share/gazebo_msgs/srv/SetEntityState.idl\n'}
[207.457884] (gazebo_msgs) StdoutLine: {'line': b'-- Installing: /opt/ros/gazebo_ros_build/install/share/gazebo_msgs/srv/SetJointProperties.idl\n'}
[207.459509] (gazebo_msgs) StdoutLine: {'line': b'-- Installing: /opt/ros/gazebo_ros_build/install/share/gazebo_msgs/srv/SetJointTrajectory.idl\n'}
[207.461651] (gazebo_msgs) StdoutLine: {'line': b'-- Installing: /opt/ros/gazebo_ros_build/install/share/gazebo_msgs/srv/SetLightProperties.idl\n'}
[207.462827] (gazebo_msgs) StdoutLine: {'line': b'-- Installing: /opt/ros/gazebo_ros_build/install/share/gazebo_msgs/srv/SetLinkProperties.idl\n'}
[207.464467] (gazebo_msgs) StdoutLine: {'line': b'-- Installing: /opt/ros/gazebo_ros_build/install/share/gazebo_msgs/srv/SetLinkState.idl\n'}
[207.466085] (gazebo_msgs) StdoutLine: {'line': b'-- Installing: /opt/ros/gazebo_ros_build/install/share/gazebo_msgs/srv/SetModelConfiguration.idl\n'}
[207.467521] (gazebo_msgs) StdoutLine: {'line': b'-- Installing: /opt/ros/gazebo_ros_build/install/share/gazebo_msgs/srv/SetModelState.idl\n'}
[207.468934] (gazebo_msgs) StdoutLine: {'line': b'-- Installing: /opt/ros/gazebo_ros_build/install/share/gazebo_msgs/srv/SetPhysicsProperties.idl\n'}
[207.469373] (-) TimerEvent: {}
[207.470278] (gazebo_msgs) StdoutLine: {'line': b'-- Installing: /opt/ros/gazebo_ros_build/install/share/gazebo_msgs/srv/SpawnEntity.idl\n'}
[207.472421] (gazebo_msgs) StdoutLine: {'line': b'-- Installing: /opt/ros/gazebo_ros_build/install/share/gazebo_msgs/srv/SpawnModel.idl\n'}
[207.473952] (gazebo_msgs) StdoutLine: {'line': b'-- Installing: /opt/ros/gazebo_ros_build/install/share/gazebo_msgs/msg/ContactState.msg\n'}
[207.475451] (gazebo_msgs) StdoutLine: {'line': b'-- Installing: /opt/ros/gazebo_ros_build/install/share/gazebo_msgs/msg/ContactsState.msg\n'}
[207.476894] (gazebo_msgs) StdoutLine: {'line': b'-- Installing: /opt/ros/gazebo_ros_build/install/share/gazebo_msgs/msg/EntityState.msg\n'}
[207.478571] (gazebo_msgs) StdoutLine: {'line': b'-- Installing: /opt/ros/gazebo_ros_build/install/share/gazebo_msgs/msg/LinkState.msg\n'}
[207.480093] (gazebo_msgs) StdoutLine: {'line': b'-- Installing: /opt/ros/gazebo_ros_build/install/share/gazebo_msgs/msg/LinkStates.msg\n'}
[207.481765] (gazebo_msgs) StdoutLine: {'line': b'-- Installing: /opt/ros/gazebo_ros_build/install/share/gazebo_msgs/msg/ModelState.msg\n'}
[207.483096] (gazebo_msgs) StdoutLine: {'line': b'-- Installing: /opt/ros/gazebo_ros_build/install/share/gazebo_msgs/msg/ModelStates.msg\n'}
[207.484831] (gazebo_msgs) StdoutLine: {'line': b'-- Installing: /opt/ros/gazebo_ros_build/install/share/gazebo_msgs/msg/ODEJointProperties.msg\n'}
[207.486265] (gazebo_msgs) StdoutLine: {'line': b'-- Installing: /opt/ros/gazebo_ros_build/install/share/gazebo_msgs/msg/ODEPhysics.msg\n'}
[207.487751] (gazebo_msgs) StdoutLine: {'line': b'-- Installing: /opt/ros/gazebo_ros_build/install/share/gazebo_msgs/msg/PerformanceMetrics.msg\n'}
[207.489115] (gazebo_msgs) StdoutLine: {'line': b'-- Installing: /opt/ros/gazebo_ros_build/install/share/gazebo_msgs/msg/SensorPerformanceMetric.msg\n'}
[207.490758] (gazebo_msgs) StdoutLine: {'line': b'-- Installing: /opt/ros/gazebo_ros_build/install/share/gazebo_msgs/msg/WheelSlip.msg\n'}
[207.492165] (gazebo_msgs) StdoutLine: {'line': b'-- Installing: /opt/ros/gazebo_ros_build/install/share/gazebo_msgs/msg/WorldState.msg\n'}
[207.493854] (gazebo_msgs) StdoutLine: {'line': b'-- Installing: /opt/ros/gazebo_ros_build/install/share/gazebo_msgs/srv/ApplyBodyWrench.srv\n'}
[207.495225] (gazebo_msgs) StdoutLine: {'line': b'-- Installing: /opt/ros/gazebo_ros_build/install/share/gazebo_msgs/srv/ApplyBodyWrench_Request.msg\n'}
[207.496995] (gazebo_msgs) StdoutLine: {'line': b'-- Installing: /opt/ros/gazebo_ros_build/install/share/gazebo_msgs/srv/ApplyBodyWrench_Response.msg\n'}
[207.498498] (gazebo_msgs) StdoutLine: {'line': b'-- Installing: /opt/ros/gazebo_ros_build/install/share/gazebo_msgs/srv/ApplyLinkWrench.srv\n'}
[207.499967] (gazebo_msgs) StdoutLine: {'line': b'-- Installing: /opt/ros/gazebo_ros_build/install/share/gazebo_msgs/srv/ApplyLinkWrench_Request.msg\n'}
[207.501576] (gazebo_msgs) StdoutLine: {'line': b'-- Installing: /opt/ros/gazebo_ros_build/install/share/gazebo_msgs/srv/ApplyLinkWrench_Response.msg\n'}
[207.503658] (gazebo_msgs) StdoutLine: {'line': b'-- Installing: /opt/ros/gazebo_ros_build/install/share/gazebo_msgs/srv/ApplyJointEffort.srv\n'}
[207.505758] (gazebo_msgs) StdoutLine: {'line': b'-- Installing: /opt/ros/gazebo_ros_build/install/share/gazebo_msgs/srv/ApplyJointEffort_Request.msg\n'}
[207.506698] (gazebo_msgs) StdoutLine: {'line': b'-- Installing: /opt/ros/gazebo_ros_build/install/share/gazebo_msgs/srv/ApplyJointEffort_Response.msg\n'}
[207.508543] (gazebo_msgs) StdoutLine: {'line': b'-- Installing: /opt/ros/gazebo_ros_build/install/share/gazebo_msgs/srv/BodyRequest.srv\n'}
[207.510319] (gazebo_msgs) StdoutLine: {'line': b'-- Installing: /opt/ros/gazebo_ros_build/install/share/gazebo_msgs/srv/BodyRequest_Request.msg\n'}
[207.511806] (gazebo_msgs) StdoutLine: {'line': b'-- Installing: /opt/ros/gazebo_ros_build/install/share/gazebo_msgs/srv/BodyRequest_Response.msg\n'}
[207.513295] (gazebo_msgs) StdoutLine: {'line': b'-- Installing: /opt/ros/gazebo_ros_build/install/share/gazebo_msgs/srv/DeleteEntity.srv\n'}
[207.514595] (gazebo_msgs) StdoutLine: {'line': b'-- Installing: /opt/ros/gazebo_ros_build/install/share/gazebo_msgs/srv/DeleteEntity_Request.msg\n'}
[207.516303] (gazebo_msgs) StdoutLine: {'line': b'-- Installing: /opt/ros/gazebo_ros_build/install/share/gazebo_msgs/srv/DeleteEntity_Response.msg\n'}
[207.518084] (gazebo_msgs) StdoutLine: {'line': b'-- Installing: /opt/ros/gazebo_ros_build/install/share/gazebo_msgs/srv/DeleteLight.srv\n'}
[207.519560] (gazebo_msgs) StdoutLine: {'line': b'-- Installing: /opt/ros/gazebo_ros_build/install/share/gazebo_msgs/srv/DeleteLight_Request.msg\n'}
[207.520936] (gazebo_msgs) StdoutLine: {'line': b'-- Installing: /opt/ros/gazebo_ros_build/install/share/gazebo_msgs/srv/DeleteLight_Response.msg\n'}
[207.522597] (gazebo_msgs) StdoutLine: {'line': b'-- Installing: /opt/ros/gazebo_ros_build/install/share/gazebo_msgs/srv/DeleteModel.srv\n'}
[207.523981] (gazebo_msgs) StdoutLine: {'line': b'-- Installing: /opt/ros/gazebo_ros_build/install/share/gazebo_msgs/srv/DeleteModel_Request.msg\n'}
[207.525571] (gazebo_msgs) StdoutLine: {'line': b'-- Installing: /opt/ros/gazebo_ros_build/install/share/gazebo_msgs/srv/DeleteModel_Response.msg\n'}
[207.526867] (gazebo_msgs) StdoutLine: {'line': b'-- Installing: /opt/ros/gazebo_ros_build/install/share/gazebo_msgs/srv/GetJointProperties.srv\n'}
[207.528471] (gazebo_msgs) StdoutLine: {'line': b'-- Installing: /opt/ros/gazebo_ros_build/install/share/gazebo_msgs/srv/GetJointProperties_Request.msg\n'}
[207.529915] (gazebo_msgs) StdoutLine: {'line': b'-- Installing: /opt/ros/gazebo_ros_build/install/share/gazebo_msgs/srv/GetJointProperties_Response.msg\n'}
[207.531339] (gazebo_msgs) StdoutLine: {'line': b'-- Installing: /opt/ros/gazebo_ros_build/install/share/gazebo_msgs/srv/GetEntityState.srv\n'}
[207.532772] (gazebo_msgs) StdoutLine: {'line': b'-- Installing: /opt/ros/gazebo_ros_build/install/share/gazebo_msgs/srv/GetEntityState_Request.msg\n'}
[207.534469] (gazebo_msgs) StdoutLine: {'line': b'-- Installing: /opt/ros/gazebo_ros_build/install/share/gazebo_msgs/srv/GetEntityState_Response.msg\n'}
[207.536062] (gazebo_msgs) StdoutLine: {'line': b'-- Installing: /opt/ros/gazebo_ros_build/install/share/gazebo_msgs/srv/GetLightProperties.srv\n'}
[207.537502] (gazebo_msgs) StdoutLine: {'line': b'-- Installing: /opt/ros/gazebo_ros_build/install/share/gazebo_msgs/srv/GetLightProperties_Request.msg\n'}
[207.538748] (gazebo_msgs) StdoutLine: {'line': b'-- Installing: /opt/ros/gazebo_ros_build/install/share/gazebo_msgs/srv/GetLightProperties_Response.msg\n'}
[207.540451] (gazebo_msgs) StdoutLine: {'line': b'-- Installing: /opt/ros/gazebo_ros_build/install/share/gazebo_msgs/srv/GetLinkProperties.srv\n'}
[207.542210] (gazebo_msgs) StdoutLine: {'line': b'-- Installing: /opt/ros/gazebo_ros_build/install/share/gazebo_msgs/srv/GetLinkProperties_Request.msg\n'}
[207.543614] (gazebo_msgs) StdoutLine: {'line': b'-- Installing: /opt/ros/gazebo_ros_build/install/share/gazebo_msgs/srv/GetLinkProperties_Response.msg\n'}
[207.545133] (gazebo_msgs) StdoutLine: {'line': b'-- Installing: /opt/ros/gazebo_ros_build/install/share/gazebo_msgs/srv/GetLinkState.srv\n'}
[207.546796] (gazebo_msgs) StdoutLine: {'line': b'-- Installing: /opt/ros/gazebo_ros_build/install/share/gazebo_msgs/srv/GetLinkState_Request.msg\n'}
[207.548582] (gazebo_msgs) StdoutLine: {'line': b'-- Installing: /opt/ros/gazebo_ros_build/install/share/gazebo_msgs/srv/GetLinkState_Response.msg\n'}
[207.549738] (gazebo_msgs) StdoutLine: {'line': b'-- Installing: /opt/ros/gazebo_ros_build/install/share/gazebo_msgs/srv/GetModelList.srv\n'}
[207.551305] (gazebo_msgs) StdoutLine: {'line': b'-- Installing: /opt/ros/gazebo_ros_build/install/share/gazebo_msgs/srv/GetModelList_Request.msg\n'}
[207.553305] (gazebo_msgs) StdoutLine: {'line': b'-- Installing: /opt/ros/gazebo_ros_build/install/share/gazebo_msgs/srv/GetModelList_Response.msg\n'}
[207.554837] (gazebo_msgs) StdoutLine: {'line': b'-- Installing: /opt/ros/gazebo_ros_build/install/share/gazebo_msgs/srv/GetModelProperties.srv\n'}
[207.556212] (gazebo_msgs) StdoutLine: {'line': b'-- Installing: /opt/ros/gazebo_ros_build/install/share/gazebo_msgs/srv/GetModelProperties_Request.msg\n'}
[207.557696] (gazebo_msgs) StdoutLine: {'line': b'-- Installing: /opt/ros/gazebo_ros_build/install/share/gazebo_msgs/srv/GetModelProperties_Response.msg\n'}
[207.559441] (gazebo_msgs) StdoutLine: {'line': b'-- Installing: /opt/ros/gazebo_ros_build/install/share/gazebo_msgs/srv/GetModelState.srv\n'}
[207.560951] (gazebo_msgs) StdoutLine: {'line': b'-- Installing: /opt/ros/gazebo_ros_build/install/share/gazebo_msgs/srv/GetModelState_Request.msg\n'}
[207.562394] (gazebo_msgs) StdoutLine: {'line': b'-- Installing: /opt/ros/gazebo_ros_build/install/share/gazebo_msgs/srv/GetModelState_Response.msg\n'}
[207.563679] (gazebo_msgs) StdoutLine: {'line': b'-- Installing: /opt/ros/gazebo_ros_build/install/share/gazebo_msgs/srv/GetPhysicsProperties.srv\n'}
[207.565359] (gazebo_msgs) StdoutLine: {'line': b'-- Installing: /opt/ros/gazebo_ros_build/install/share/gazebo_msgs/srv/GetPhysicsProperties_Request.msg\n'}
[207.566846] (gazebo_msgs) StdoutLine: {'line': b'-- Installing: /opt/ros/gazebo_ros_build/install/share/gazebo_msgs/srv/GetPhysicsProperties_Response.msg\n'}
[207.568220] (gazebo_msgs) StdoutLine: {'line': b'-- Installing: /opt/ros/gazebo_ros_build/install/share/gazebo_msgs/srv/GetWorldProperties.srv\n'}
[207.569514] (-) TimerEvent: {}
[207.570286] (gazebo_msgs) StdoutLine: {'line': b'-- Installing: /opt/ros/gazebo_ros_build/install/share/gazebo_msgs/srv/GetWorldProperties_Request.msg\n'}
[207.571757] (gazebo_msgs) StdoutLine: {'line': b'-- Installing: /opt/ros/gazebo_ros_build/install/share/gazebo_msgs/srv/GetWorldProperties_Response.msg\n'}
[207.573213] (gazebo_msgs) StdoutLine: {'line': b'-- Installing: /opt/ros/gazebo_ros_build/install/share/gazebo_msgs/srv/JointRequest.srv\n'}
[207.574575] (gazebo_msgs) StdoutLine: {'line': b'-- Installing: /opt/ros/gazebo_ros_build/install/share/gazebo_msgs/srv/JointRequest_Request.msg\n'}
[207.575941] (gazebo_msgs) StdoutLine: {'line': b'-- Installing: /opt/ros/gazebo_ros_build/install/share/gazebo_msgs/srv/JointRequest_Response.msg\n'}
[207.577664] (gazebo_msgs) StdoutLine: {'line': b'-- Installing: /opt/ros/gazebo_ros_build/install/share/gazebo_msgs/srv/LinkRequest.srv\n'}
[207.579159] (gazebo_msgs) StdoutLine: {'line': b'-- Installing: /opt/ros/gazebo_ros_build/install/share/gazebo_msgs/srv/LinkRequest_Request.msg\n'}
[207.580847] (gazebo_msgs) StdoutLine: {'line': b'-- Installing: /opt/ros/gazebo_ros_build/install/share/gazebo_msgs/srv/LinkRequest_Response.msg\n'}
[207.582139] (gazebo_msgs) StdoutLine: {'line': b'-- Installing: /opt/ros/gazebo_ros_build/install/share/gazebo_msgs/srv/SetEntityState.srv\n'}
[207.583943] (gazebo_msgs) StdoutLine: {'line': b'-- Installing: /opt/ros/gazebo_ros_build/install/share/gazebo_msgs/srv/SetEntityState_Request.msg\n'}
[207.585768] (gazebo_msgs) StdoutLine: {'line': b'-- Installing: /opt/ros/gazebo_ros_build/install/share/gazebo_msgs/srv/SetEntityState_Response.msg\n'}
[207.586849] (gazebo_msgs) StdoutLine: {'line': b'-- Installing: /opt/ros/gazebo_ros_build/install/share/gazebo_msgs/srv/SetJointProperties.srv\n'}
[207.588451] (gazebo_msgs) StdoutLine: {'line': b'-- Installing: /opt/ros/gazebo_ros_build/install/share/gazebo_msgs/srv/SetJointProperties_Request.msg\n'}
[207.590267] (gazebo_msgs) StdoutLine: {'line': b'-- Installing: /opt/ros/gazebo_ros_build/install/share/gazebo_msgs/srv/SetJointProperties_Response.msg\n'}
[207.591734] (gazebo_msgs) StdoutLine: {'line': b'-- Installing: /opt/ros/gazebo_ros_build/install/share/gazebo_msgs/srv/SetJointTrajectory.srv\n'}
[207.593204] (gazebo_msgs) StdoutLine: {'line': b'-- Installing: /opt/ros/gazebo_ros_build/install/share/gazebo_msgs/srv/SetJointTrajectory_Request.msg\n'}
[207.594588] (gazebo_msgs) StdoutLine: {'line': b'-- Installing: /opt/ros/gazebo_ros_build/install/share/gazebo_msgs/srv/SetJointTrajectory_Response.msg\n'}
[207.596294] (gazebo_msgs) StdoutLine: {'line': b'-- Installing: /opt/ros/gazebo_ros_build/install/share/gazebo_msgs/srv/SetLightProperties.srv\n'}
[207.597794] (gazebo_msgs) StdoutLine: {'line': b'-- Installing: /opt/ros/gazebo_ros_build/install/share/gazebo_msgs/srv/SetLightProperties_Request.msg\n'}
[207.599417] (gazebo_msgs) StdoutLine: {'line': b'-- Installing: /opt/ros/gazebo_ros_build/install/share/gazebo_msgs/srv/SetLightProperties_Response.msg\n'}
[207.600618] (gazebo_msgs) StdoutLine: {'line': b'-- Installing: /opt/ros/gazebo_ros_build/install/share/gazebo_msgs/srv/SetLinkProperties.srv\n'}
[207.602349] (gazebo_msgs) StdoutLine: {'line': b'-- Installing: /opt/ros/gazebo_ros_build/install/share/gazebo_msgs/srv/SetLinkProperties_Request.msg\n'}
[207.603862] (gazebo_msgs) StdoutLine: {'line': b'-- Installing: /opt/ros/gazebo_ros_build/install/share/gazebo_msgs/srv/SetLinkProperties_Response.msg\n'}
[207.606935] (gazebo_msgs) StdoutLine: {'line': b'-- Installing: /opt/ros/gazebo_ros_build/install/share/gazebo_msgs/srv/SetLinkState.srv\n'}
[207.608639] (gazebo_msgs) StdoutLine: {'line': b'-- Installing: /opt/ros/gazebo_ros_build/install/share/gazebo_msgs/srv/SetLinkState_Request.msg\n'}
[207.610547] (gazebo_msgs) StdoutLine: {'line': b'-- Installing: /opt/ros/gazebo_ros_build/install/share/gazebo_msgs/srv/SetLinkState_Response.msg\n'}
[207.612138] (gazebo_msgs) StdoutLine: {'line': b'-- Installing: /opt/ros/gazebo_ros_build/install/share/gazebo_msgs/srv/SetModelConfiguration.srv\n'}
[207.613911] (gazebo_msgs) StdoutLine: {'line': b'-- Installing: /opt/ros/gazebo_ros_build/install/share/gazebo_msgs/srv/SetModelConfiguration_Request.msg\n'}
[207.615507] (gazebo_msgs) StdoutLine: {'line': b'-- Installing: /opt/ros/gazebo_ros_build/install/share/gazebo_msgs/srv/SetModelConfiguration_Response.msg\n'}
[207.617370] (gazebo_msgs) StdoutLine: {'line': b'-- Installing: /opt/ros/gazebo_ros_build/install/share/gazebo_msgs/srv/SetModelState.srv\n'}
[207.618940] (gazebo_msgs) StdoutLine: {'line': b'-- Installing: /opt/ros/gazebo_ros_build/install/share/gazebo_msgs/srv/SetModelState_Request.msg\n'}
[207.620578] (gazebo_msgs) StdoutLine: {'line': b'-- Installing: /opt/ros/gazebo_ros_build/install/share/gazebo_msgs/srv/SetModelState_Response.msg\n'}
[207.622017] (gazebo_msgs) StdoutLine: {'line': b'-- Installing: /opt/ros/gazebo_ros_build/install/share/gazebo_msgs/srv/SetPhysicsProperties.srv\n'}
[207.623827] (gazebo_msgs) StdoutLine: {'line': b'-- Installing: /opt/ros/gazebo_ros_build/install/share/gazebo_msgs/srv/SetPhysicsProperties_Request.msg\n'}
[207.625778] (gazebo_msgs) StdoutLine: {'line': b'-- Installing: /opt/ros/gazebo_ros_build/install/share/gazebo_msgs/srv/SetPhysicsProperties_Response.msg\n'}
[207.626976] (gazebo_msgs) StdoutLine: {'line': b'-- Installing: /opt/ros/gazebo_ros_build/install/share/gazebo_msgs/srv/SpawnEntity.srv\n'}
[207.628913] (gazebo_msgs) StdoutLine: {'line': b'-- Installing: /opt/ros/gazebo_ros_build/install/share/gazebo_msgs/srv/SpawnEntity_Request.msg\n'}
[207.630392] (gazebo_msgs) StdoutLine: {'line': b'-- Installing: /opt/ros/gazebo_ros_build/install/share/gazebo_msgs/srv/SpawnEntity_Response.msg\n'}
[207.631962] (gazebo_msgs) StdoutLine: {'line': b'-- Installing: /opt/ros/gazebo_ros_build/install/share/gazebo_msgs/srv/SpawnModel.srv\n'}
[207.633501] (gazebo_msgs) StdoutLine: {'line': b'-- Installing: /opt/ros/gazebo_ros_build/install/share/gazebo_msgs/srv/SpawnModel_Request.msg\n'}
[207.634868] (gazebo_msgs) StdoutLine: {'line': b'-- Installing: /opt/ros/gazebo_ros_build/install/share/gazebo_msgs/srv/SpawnModel_Response.msg\n'}
[207.636769] (gazebo_msgs) StdoutLine: {'line': b'-- Installing: /opt/ros/gazebo_ros_build/install/share/ament_index/resource_index/package_run_dependencies/gazebo_msgs\n'}
[207.638332] (gazebo_msgs) StdoutLine: {'line': b'-- Installing: /opt/ros/gazebo_ros_build/install/share/ament_index/resource_index/parent_prefix_path/gazebo_msgs\n'}
[207.639804] (gazebo_msgs) StdoutLine: {'line': b'-- Installing: /opt/ros/gazebo_ros_build/install/share/gazebo_msgs/environment/ament_prefix_path.sh\n'}
[207.641157] (gazebo_msgs) StdoutLine: {'line': b'-- Installing: /opt/ros/gazebo_ros_build/install/share/gazebo_msgs/environment/ament_prefix_path.dsv\n'}
[207.642889] (gazebo_msgs) StdoutLine: {'line': b'-- Installing: /opt/ros/gazebo_ros_build/install/share/gazebo_msgs/environment/path.sh\n'}
[207.644397] (gazebo_msgs) StdoutLine: {'line': b'-- Installing: /opt/ros/gazebo_ros_build/install/share/gazebo_msgs/environment/path.dsv\n'}
[207.645930] (gazebo_msgs) StdoutLine: {'line': b'-- Installing: /opt/ros/gazebo_ros_build/install/share/gazebo_msgs/local_setup.bash\n'}
[207.647238] (gazebo_msgs) StdoutLine: {'line': b'-- Installing: /opt/ros/gazebo_ros_build/install/share/gazebo_msgs/local_setup.sh\n'}
[207.649024] (gazebo_msgs) StdoutLine: {'line': b'-- Installing: /opt/ros/gazebo_ros_build/install/share/gazebo_msgs/local_setup.zsh\n'}
[207.650550] (gazebo_msgs) StdoutLine: {'line': b'-- Installing: /opt/ros/gazebo_ros_build/install/share/gazebo_msgs/local_setup.dsv\n'}
[207.652007] (gazebo_msgs) StdoutLine: {'line': b'-- Installing: /opt/ros/gazebo_ros_build/install/share/gazebo_msgs/package.dsv\n'}
[207.653467] (gazebo_msgs) StdoutLine: {'line': b'-- Installing: /opt/ros/gazebo_ros_build/install/share/ament_index/resource_index/packages/gazebo_msgs\n'}
[207.655598] (gazebo_msgs) StdoutLine: {'line': b'-- Installing: /opt/ros/gazebo_ros_build/install/share/gazebo_msgs/cmake/export_gazebo_msgs__rosidl_generator_cExport.cmake\n'}
[207.657410] (gazebo_msgs) StdoutLine: {'line': b'-- Installing: /opt/ros/gazebo_ros_build/install/share/gazebo_msgs/cmake/export_gazebo_msgs__rosidl_generator_cExport-noconfig.cmake\n'}
[207.659004] (gazebo_msgs) StdoutLine: {'line': b'-- Installing: /opt/ros/gazebo_ros_build/install/share/gazebo_msgs/cmake/export_gazebo_msgs__rosidl_typesupport_fastrtps_cExport.cmake\n'}
[207.660478] (gazebo_msgs) StdoutLine: {'line': b'-- Installing: /opt/ros/gazebo_ros_build/install/share/gazebo_msgs/cmake/export_gazebo_msgs__rosidl_typesupport_fastrtps_cExport-noconfig.cmake\n'}
[207.662395] (gazebo_msgs) StdoutLine: {'line': b'-- Installing: /opt/ros/gazebo_ros_build/install/share/gazebo_msgs/cmake/export_gazebo_msgs__rosidl_generator_cppExport.cmake\n'}
[207.664327] (gazebo_msgs) StdoutLine: {'line': b'-- Installing: /opt/ros/gazebo_ros_build/install/share/gazebo_msgs/cmake/export_gazebo_msgs__rosidl_typesupport_fastrtps_cppExport.cmake\n'}
[207.665633] (gazebo_msgs) StdoutLine: {'line': b'-- Installing: /opt/ros/gazebo_ros_build/install/share/gazebo_msgs/cmake/export_gazebo_msgs__rosidl_typesupport_fastrtps_cppExport-noconfig.cmake\n'}
[207.667342] (gazebo_msgs) StdoutLine: {'line': b'-- Installing: /opt/ros/gazebo_ros_build/install/share/gazebo_msgs/cmake/gazebo_msgs__rosidl_typesupport_introspection_cExport.cmake\n'}
[207.669177] (gazebo_msgs) StdoutLine: {'line': b'-- Installing: /opt/ros/gazebo_ros_build/install/share/gazebo_msgs/cmake/gazebo_msgs__rosidl_typesupport_introspection_cExport-noconfig.cmake\n'}
[207.669595] (-) TimerEvent: {}
[207.670849] (gazebo_msgs) StdoutLine: {'line': b'-- Installing: /opt/ros/gazebo_ros_build/install/share/gazebo_msgs/cmake/gazebo_msgs__rosidl_typesupport_cExport.cmake\n'}
[207.673800] (gazebo_msgs) StdoutLine: {'line': b'-- Installing: /opt/ros/gazebo_ros_build/install/share/gazebo_msgs/cmake/gazebo_msgs__rosidl_typesupport_cExport-noconfig.cmake\n'}
[207.675482] (gazebo_msgs) StdoutLine: {'line': b'-- Installing: /opt/ros/gazebo_ros_build/install/share/gazebo_msgs/cmake/gazebo_msgs__rosidl_typesupport_introspection_cppExport.cmake\n'}
[207.677531] (gazebo_msgs) StdoutLine: {'line': b'-- Installing: /opt/ros/gazebo_ros_build/install/share/gazebo_msgs/cmake/gazebo_msgs__rosidl_typesupport_introspection_cppExport-noconfig.cmake\n'}
[207.679205] (gazebo_msgs) StdoutLine: {'line': b'-- Installing: /opt/ros/gazebo_ros_build/install/share/gazebo_msgs/cmake/gazebo_msgs__rosidl_typesupport_cppExport.cmake\n'}
[207.680879] (gazebo_msgs) StdoutLine: {'line': b'-- Installing: /opt/ros/gazebo_ros_build/install/share/gazebo_msgs/cmake/gazebo_msgs__rosidl_typesupport_cppExport-noconfig.cmake\n'}
[207.682263] (gazebo_msgs) StdoutLine: {'line': b'-- Installing: /opt/ros/gazebo_ros_build/install/share/gazebo_msgs/cmake/export_gazebo_msgs__rosidl_generator_pyExport.cmake\n'}
[207.684168] (gazebo_msgs) StdoutLine: {'line': b'-- Installing: /opt/ros/gazebo_ros_build/install/share/gazebo_msgs/cmake/export_gazebo_msgs__rosidl_generator_pyExport-noconfig.cmake\n'}
[207.685856] (gazebo_msgs) StdoutLine: {'line': b'-- Installing: /opt/ros/gazebo_ros_build/install/share/gazebo_msgs/cmake/gazebo_msgs-extras.cmake\n'}
[207.687213] (gazebo_msgs) StdoutLine: {'line': b'-- Installing: /opt/ros/gazebo_ros_build/install/share/gazebo_msgs/cmake/rosidl_cmake-extras.cmake\n'}
[207.688666] (gazebo_msgs) StdoutLine: {'line': b'-- Installing: /opt/ros/gazebo_ros_build/install/share/gazebo_msgs/cmake/ament_cmake_export_dependencies-extras.cmake\n'}
[207.690465] (gazebo_msgs) StdoutLine: {'line': b'-- Installing: /opt/ros/gazebo_ros_build/install/share/gazebo_msgs/cmake/ament_cmake_export_include_directories-extras.cmake\n'}
[207.691917] (gazebo_msgs) StdoutLine: {'line': b'-- Installing: /opt/ros/gazebo_ros_build/install/share/gazebo_msgs/cmake/ament_cmake_export_libraries-extras.cmake\n'}
[207.693510] (gazebo_msgs) StdoutLine: {'line': b'-- Installing: /opt/ros/gazebo_ros_build/install/share/gazebo_msgs/cmake/ament_cmake_export_targets-extras.cmake\n'}
[207.694848] (gazebo_msgs) StdoutLine: {'line': b'-- Installing: /opt/ros/gazebo_ros_build/install/share/gazebo_msgs/cmake/rosidl_cmake_export_typesupport_targets-extras.cmake\n'}
[207.697037] (gazebo_msgs) StdoutLine: {'line': b'-- Installing: /opt/ros/gazebo_ros_build/install/share/gazebo_msgs/cmake/rosidl_cmake_export_typesupport_libraries-extras.cmake\n'}
[207.698776] (gazebo_msgs) StdoutLine: {'line': b'-- Installing: /opt/ros/gazebo_ros_build/install/share/gazebo_msgs/cmake/gazebo_msgsConfig.cmake\n'}
[207.699835] (gazebo_msgs) StdoutLine: {'line': b'-- Installing: /opt/ros/gazebo_ros_build/install/share/gazebo_msgs/cmake/gazebo_msgsConfig-version.cmake\n'}
[207.701095] (gazebo_msgs) StdoutLine: {'line': b'-- Installing: /opt/ros/gazebo_ros_build/install/share/gazebo_msgs/package.xml\n'}
[207.703038] (gazebo_msgs) StdoutLine: {'line': b'-- Installing: /opt/ros/gazebo_ros_build/install/share/gazebo_msgs/gazebo_msgs_mapping_rules.yaml\n'}
[207.717795] (gazebo_msgs) CommandEnded: {'returncode': 0}
[207.772988] (-) TimerEvent: {}
[207.816035] (gazebo_msgs) JobEnded: {'identifier': 'gazebo_msgs', 'rc': 0}
[207.820788] (gazebo_ros) JobStarted: {'identifier': 'gazebo_ros'}
[207.871583] (gazebo_ros) JobProgress: {'identifier': 'gazebo_ros', 'progress': 'cmake'}
[207.873132] (-) TimerEvent: {}
[207.875291] (gazebo_ros) Command: {'cmd': ['/usr/bin/cmake', '/opt/ros/gazebo_ros_build/src/gazebo_ros', '-DCMAKE_INSTALL_PREFIX=/opt/ros/gazebo_ros_build/install'], 'cwd': '/opt/ros/gazebo_ros_build/build/gazebo_ros', 'env': OrderedDict([('SUDO_GID', '1000'), ('MAIL', '/var/mail/root'), ('USER', 'root'), ('HOSTNAME', 'ubuntu'), ('SHLVL', '1'), ('LD_LIBRARY_PATH', '/opt/ros/gazebo_ros_build/install/lib:/opt/ros/humble/opt/rviz_ogre_vendor/lib:/opt/ros/humble/lib/aarch64-linux-gnu:/opt/ros/humble/lib'), ('HOME', '/root'), ('OLDPWD', '/opt/ros/gazebo_ros_build/src'), ('ROS_PYTHON_VERSION', '3'), ('SUDO_UID', '1000'), ('ROS_DISTRO', 'humble'), ('LOGNAME', 'root'), ('_', '/usr/bin/colcon'), ('ROS_VERSION', '2'), ('TERM', 'xterm'), ('ROS_LOCALHOST_ONLY', '0'), ('PATH', '/opt/ros/humble/bin:/usr/local/sbin:/usr/local/bin:/usr/sbin:/usr/bin:/sbin:/bin:/usr/games:/usr/local/games:/snap/bin'), ('DISPLAY', ':0'), ('LANG', 'C.UTF-8'), ('LS_COLORS', 'rs=0:di=01;34:ln=01;36:mh=00:pi=40;33:so=01;35:do=01;35:bd=40;33;01:cd=40;33;01:or=40;31;01:mi=00:su=37;41:sg=30;43:ca=30;41:tw=30;42:ow=34;42:st=37;44:ex=01;32:*.tar=01;31:*.tgz=01;31:*.arc=01;31:*.arj=01;31:*.taz=01;31:*.lha=01;31:*.lz4=01;31:*.lzh=01;31:*.lzma=01;31:*.tlz=01;31:*.txz=01;31:*.tzo=01;31:*.t7z=01;31:*.zip=01;31:*.z=01;31:*.dz=01;31:*.gz=01;31:*.lrz=01;31:*.lz=01;31:*.lzo=01;31:*.xz=01;31:*.zst=01;31:*.tzst=01;31:*.bz2=01;31:*.bz=01;31:*.tbz=01;31:*.tbz2=01;31:*.tz=01;31:*.deb=01;31:*.rpm=01;31:*.jar=01;31:*.war=01;31:*.ear=01;31:*.sar=01;31:*.rar=01;31:*.alz=01;31:*.ace=01;31:*.zoo=01;31:*.cpio=01;31:*.7z=01;31:*.rz=01;31:*.cab=01;31:*.wim=01;31:*.swm=01;31:*.dwm=01;31:*.esd=01;31:*.jpg=01;35:*.jpeg=01;35:*.mjpg=01;35:*.mjpeg=01;35:*.gif=01;35:*.bmp=01;35:*.pbm=01;35:*.pgm=01;35:*.ppm=01;35:*.tga=01;35:*.xbm=01;35:*.xpm=01;35:*.tif=01;35:*.tiff=01;35:*.png=01;35:*.svg=01;35:*.svgz=01;35:*.mng=01;35:*.pcx=01;35:*.mov=01;35:*.mpg=01;35:*.mpeg=01;35:*.m2v=01;35:*.mkv=01;35:*.webm=01;35:*.webp=01;35:*.ogm=01;35:*.mp4=01;35:*.m4v=01;35:*.mp4v=01;35:*.vob=01;35:*.qt=01;35:*.nuv=01;35:*.wmv=01;35:*.asf=01;35:*.rm=01;35:*.rmvb=01;35:*.flc=01;35:*.avi=01;35:*.fli=01;35:*.flv=01;35:*.gl=01;35:*.dl=01;35:*.xcf=01;35:*.xwd=01;35:*.yuv=01;35:*.cgm=01;35:*.emf=01;35:*.ogv=01;35:*.ogx=01;35:*.aac=00;36:*.au=00;36:*.flac=00;36:*.m4a=00;36:*.mid=00;36:*.midi=00;36:*.mka=00;36:*.mp3=00;36:*.mpc=00;36:*.ogg=00;36:*.ra=00;36:*.wav=00;36:*.oga=00;36:*.opus=00;36:*.spx=00;36:*.xspf=00;36:'), ('SUDO_COMMAND', '/usr/bin/su'), ('AMENT_PREFIX_PATH', '/opt/ros/gazebo_ros_build/install:/opt/ros/humble'), ('SHELL', '/bin/bash'), ('SUDO_USER', 'ultra'), ('PWD', '/opt/ros/gazebo_ros_build/build/gazebo_ros'), ('LC_ALL', 'C.UTF-8'), ('PYTHONPATH', '/opt/ros/gazebo_ros_build/install/local/lib/python3.10/dist-packages:/opt/ros/humble/lib/python3.10/site-packages:/opt/ros/humble/local/lib/python3.10/dist-packages'), ('COLCON', '1'), ('CMAKE_PREFIX_PATH', '/opt/ros/gazebo_ros_build/install:/opt/ros/humble')]), 'shell': False}
[207.973414] (-) TimerEvent: {}
[208.074430] (-) TimerEvent: {}
[208.175528] (-) TimerEvent: {}
[208.201244] (gazebo_ros) StdoutLine: {'line': b'-- The C compiler identification is GNU 11.4.0\n'}
[208.275795] (-) TimerEvent: {}
[208.376834] (-) TimerEvent: {}
[208.477712] (-) TimerEvent: {}
[208.524078] (gazebo_ros) StdoutLine: {'line': b'-- The CXX compiler identification is GNU 11.4.0\n'}
[208.563567] (gazebo_ros) StdoutLine: {'line': b'-- Detecting C compiler ABI info\n'}
[208.577934] (-) TimerEvent: {}
[208.678987] (-) TimerEvent: {}
[208.779982] (-) TimerEvent: {}
[208.881088] (-) TimerEvent: {}
[208.942197] (gazebo_ros) StdoutLine: {'line': b'-- Detecting C compiler ABI info - done\n'}
[208.981365] (-) TimerEvent: {}
[208.986356] (gazebo_ros) StdoutLine: {'line': b'-- Check for working C compiler: /usr/bin/cc - skipped\n'}
[208.987693] (gazebo_ros) StdoutLine: {'line': b'-- Detecting C compile features\n'}
[208.989594] (gazebo_ros) StdoutLine: {'line': b'-- Detecting C compile features - done\n'}
[209.005456] (gazebo_ros) StdoutLine: {'line': b'-- Detecting CXX compiler ABI info\n'}
[209.081674] (-) TimerEvent: {}
[209.182750] (-) TimerEvent: {}
[209.283750] (-) TimerEvent: {}
[209.384781] (-) TimerEvent: {}
[209.433024] (gazebo_ros) StdoutLine: {'line': b'-- Detecting CXX compiler ABI info - done\n'}
[209.477551] (gazebo_ros) StdoutLine: {'line': b'-- Check for working CXX compiler: /usr/bin/c++ - skipped\n'}
[209.479118] (gazebo_ros) StdoutLine: {'line': b'-- Detecting CXX compile features\n'}
[209.481712] (gazebo_ros) StdoutLine: {'line': b'-- Detecting CXX compile features - done\n'}
[209.484888] (-) TimerEvent: {}
[209.498636] (gazebo_ros) StdoutLine: {'line': b'-- Found ament_cmake: 1.3.12 (/opt/ros/humble/share/ament_cmake/cmake)\n'}
[209.585218] (-) TimerEvent: {}
[209.686551] (-) TimerEvent: {}
[209.787571] (-) TimerEvent: {}
[209.888786] (-) TimerEvent: {}
[209.989804] (-) TimerEvent: {}
[210.090829] (-) TimerEvent: {}
[210.191798] (-) TimerEvent: {}
[210.292861] (-) TimerEvent: {}
[210.301358] (gazebo_ros) StdoutLine: {'line': b'-- Found Python3: /usr/bin/python3 (found version "3.10.12") found components: Interpreter \n'}
[210.393082] (-) TimerEvent: {}
[210.494036] (-) TimerEvent: {}
[210.594934] (-) TimerEvent: {}
[210.695869] (-) TimerEvent: {}
[210.796973] (-) TimerEvent: {}
[210.807683] (gazebo_ros) StdoutLine: {'line': b'-- Found builtin_interfaces: 1.2.2 (/opt/ros/humble/share/builtin_interfaces/cmake)\n'}
[210.897164] (-) TimerEvent: {}
[210.998186] (-) TimerEvent: {}
[211.002855] (gazebo_ros) StdoutLine: {'line': b'-- Found rosidl_generator_c: 3.1.7 (/opt/ros/humble/share/rosidl_generator_c/cmake)\n'}
[211.037881] (gazebo_ros) StdoutLine: {'line': b'-- Found rosidl_adapter: 3.1.7 (/opt/ros/humble/share/rosidl_adapter/cmake)\n'}
[211.089700] (gazebo_ros) StdoutLine: {'line': b'-- Found rosidl_generator_cpp: 3.1.7 (/opt/ros/humble/share/rosidl_generator_cpp/cmake)\n'}
[211.098329] (-) TimerEvent: {}
[211.164215] (gazebo_ros) StdoutLine: {'line': b'-- Using all available rosidl_typesupport_c: rosidl_typesupport_fastrtps_c;rosidl_typesupport_introspection_c\n'}
[211.198598] (-) TimerEvent: {}
[211.267848] (gazebo_ros) StdoutLine: {'line': b'-- Using all available rosidl_typesupport_cpp: rosidl_typesupport_fastrtps_cpp;rosidl_typesupport_introspection_cpp\n'}
[211.298872] (-) TimerEvent: {}
[211.358810] (gazebo_ros) StdoutLine: {'line': b'-- Found gazebo_dev: 3.9.0 (/opt/ros/gazebo_ros_build/install/share/gazebo_dev/cmake)\n'}
[211.396086] (gazebo_ros) StdoutLine: {'line': b'-- Found PkgConfig: /usr/bin/pkg-config (found version "0.29.2") \n'}
[211.399107] (-) TimerEvent: {}
[211.403807] (gazebo_ros) StdoutLine: {'line': b"-- Checking for module 'bullet>=2.82'\n"}
[211.465358] (gazebo_ros) StdoutLine: {'line': b'--   Found bullet, version 3.05\n'}
[211.499359] (-) TimerEvent: {}
[211.600340] (-) TimerEvent: {}
[211.701383] (-) TimerEvent: {}
[211.802389] (-) TimerEvent: {}
[211.903386] (-) TimerEvent: {}
[212.004496] (-) TimerEvent: {}
[212.015926] (gazebo_ros) StdoutLine: {'line': b'-- Found fcl: /usr/include (found suitable version "0.7.0", minimum required is "0.5.0") \n'}
[212.104734] (-) TimerEvent: {}
[212.205739] (-) TimerEvent: {}
[212.263610] (gazebo_ros) StdoutLine: {'line': b'-- Found assimp: /usr/include (found version "5.2.0") \n'}
[212.305971] (-) TimerEvent: {}
[212.386283] (gazebo_ros) StdoutLine: {'line': b'-- Found DART: /usr/include (Required is at least version "6.6") found components: dart \n'}
[212.406219] (-) TimerEvent: {}
[212.507188] (-) TimerEvent: {}
[212.608149] (-) TimerEvent: {}
[212.709304] (-) TimerEvent: {}
[212.810448] (-) TimerEvent: {}
[212.911493] (-) TimerEvent: {}
[213.012633] (-) TimerEvent: {}
[213.113580] (-) TimerEvent: {}
[213.214565] (-) TimerEvent: {}
[213.315518] (-) TimerEvent: {}
[213.372357] (gazebo_ros) StdoutLine: {'line': b'-- Found Boost: /usr/lib/aarch64-linux-gnu/cmake/Boost-1.74.0/BoostConfig.cmake (found suitable version "1.74.0", minimum required is "1.40.0") found components: thread system filesystem program_options regex iostreams date_time \n'}
[213.415876] (-) TimerEvent: {}
[213.437482] (gazebo_ros) StdoutLine: {'line': b'-- Found Protobuf: /usr/lib/aarch64-linux-gnu/libprotobuf.so (found version "3.12.4") \n'}
[213.472794] (gazebo_ros) StdoutLine: {'line': b'-- Looking for ignition-math6 -- found version 6.15.1\n'}
[213.506905] (gazebo_ros) StdoutLine: {'line': b'-- Searching for dependencies of ignition-math6\n'}
[213.513989] (gazebo_ros) StdoutLine: {'line': b'-- Looking for OGRE...\n'}
[213.515987] (gazebo_ros) StdoutLine: {'line': b'-- OGRE_PREFIX_WATCH changed.\n'}
[213.516664] (-) TimerEvent: {}
[213.542731] (gazebo_ros) StdoutLine: {'line': b"-- Checking for module 'OGRE'\n"}
[213.605114] (gazebo_ros) StdoutLine: {'line': b'--   Found OGRE, version 1.9.0\n'}
[213.616853] (-) TimerEvent: {}
[213.717682] (-) TimerEvent: {}
[213.765214] (gazebo_ros) StdoutLine: {'line': b'-- Found Ogre Ghadamon (1.9.0)\n'}
[213.813754] (gazebo_ros) StdoutLine: {'line': b'-- Found OGRE: optimized;/usr/lib/aarch64-linux-gnu/libOgreMain.so;debug;/usr/lib/aarch64-linux-gnu/libOgreMain.so\n'}
[213.817810] (-) TimerEvent: {}
[213.860721] (gazebo_ros) StdoutLine: {'line': b'-- Looking for OGRE_Paging...\n'}
[213.881056] (gazebo_ros) StdoutLine: {'line': b'-- Found OGRE_Paging: optimized;/usr/lib/aarch64-linux-gnu/libOgrePaging.so;debug;/usr/lib/aarch64-linux-gnu/libOgrePaging.so\n'}
[213.881630] (gazebo_ros) StdoutLine: {'line': b'-- Looking for OGRE_Terrain...\n'}
[213.900049] (gazebo_ros) StdoutLine: {'line': b'-- Found OGRE_Terrain: optimized;/usr/lib/aarch64-linux-gnu/libOgreTerrain.so;debug;/usr/lib/aarch64-linux-gnu/libOgreTerrain.so\n'}
[213.900847] (gazebo_ros) StdoutLine: {'line': b'-- Looking for OGRE_Property...\n'}
[213.918043] (-) TimerEvent: {}
[213.919439] (gazebo_ros) StdoutLine: {'line': b'-- Found OGRE_Property: optimized;/usr/lib/aarch64-linux-gnu/libOgreProperty.so;debug;/usr/lib/aarch64-linux-gnu/libOgreProperty.so\n'}
[213.920411] (gazebo_ros) StdoutLine: {'line': b'-- Looking for OGRE_RTShaderSystem...\n'}
[213.938580] (gazebo_ros) StdoutLine: {'line': b'-- Found OGRE_RTShaderSystem: optimized;/usr/lib/aarch64-linux-gnu/libOgreRTShaderSystem.so;debug;/usr/lib/aarch64-linux-gnu/libOgreRTShaderSystem.so\n'}
[213.939295] (gazebo_ros) StdoutLine: {'line': b'-- Looking for OGRE_Volume...\n'}
[213.958756] (gazebo_ros) StdoutLine: {'line': b'-- Found OGRE_Volume: optimized;/usr/lib/aarch64-linux-gnu/libOgreVolume.so;debug;/usr/lib/aarch64-linux-gnu/libOgreVolume.so\n'}
[213.959591] (gazebo_ros) StdoutLine: {'line': b'-- Looking for OGRE_Overlay...\n'}
[213.976945] (gazebo_ros) StdoutLine: {'line': b'-- Found OGRE_Overlay: optimized;/usr/lib/aarch64-linux-gnu/libOgreOverlay.so;debug;/usr/lib/aarch64-linux-gnu/libOgreOverlay.so\n'}
[214.018376] (-) TimerEvent: {}
[214.119180] (-) TimerEvent: {}
[214.220192] (-) TimerEvent: {}
[214.321286] (-) TimerEvent: {}
[214.422310] (-) TimerEvent: {}
[214.460336] (gazebo_ros) StdoutLine: {'line': b'-- Looking for ignition-math6 -- found version 6.15.1\n'}
[214.476509] (gazebo_ros) StdoutLine: {'line': b'-- Looking for ignition-transport8 -- found version 8.2.1\n'}
[214.479309] (gazebo_ros) StdoutLine: {'line': b'-- Searching for dependencies of ignition-transport8\n'}
[214.522491] (-) TimerEvent: {}
[214.585165] (gazebo_ros) StdoutLine: {'line': b'-- Found Protobuf: /usr/lib/aarch64-linux-gnu/libprotobuf.so (found suitable version "3.12.4", minimum required is "3") \n'}
[214.622732] (-) TimerEvent: {}
[214.660344] (gazebo_ros) StdoutLine: {'line': b'-- Config-file not installed for ZeroMQ -- checking for pkg-config\n'}
[214.691403] (gazebo_ros) StdoutLine: {'line': b"-- Checking for module 'libzmq >= 4'\n"}
[214.723042] (-) TimerEvent: {}
[214.759641] (gazebo_ros) StdoutLine: {'line': b'--   Found libzmq , version 4.3.4\n'}
[214.823268] (-) TimerEvent: {}
[214.924478] (-) TimerEvent: {}
[214.961699] (gazebo_ros) StdoutLine: {'line': b'-- Found ZeroMQ: TRUE (Required is at least version "4") \n'}
[214.991916] (gazebo_ros) StdoutLine: {'line': b"-- Checking for module 'uuid'\n"}
[215.024754] (-) TimerEvent: {}
[215.056361] (gazebo_ros) StdoutLine: {'line': b'--   Found uuid, version 2.37.2\n'}
[215.124957] (-) TimerEvent: {}
[215.221569] (gazebo_ros) StdoutLine: {'line': b'-- Found UUID: TRUE  \n'}
[215.225082] (-) TimerEvent: {}
[215.238161] (gazebo_ros) StdoutLine: {'line': b'-- Looking for ignition-msgs5 -- found version 5.8.1\n'}
[215.241201] (gazebo_ros) StdoutLine: {'line': b'-- Searching for dependencies of ignition-msgs5\n'}
[215.325335] (-) TimerEvent: {}
[215.355434] (gazebo_ros) StdoutLine: {'line': b'-- Looking for ignition-math6 -- found version 6.15.1\n'}
[215.382883] (gazebo_ros) StdoutLine: {'line': b"-- Checking for module 'tinyxml2'\n"}
[215.425563] (-) TimerEvent: {}
[215.447639] (gazebo_ros) StdoutLine: {'line': b'--   Found tinyxml2, version 9.0.0\n'}
[215.525843] (-) TimerEvent: {}
[215.620744] (gazebo_ros) StdoutLine: {'line': b'-- Looking for ignition-msgs5 -- found version 5.8.1\n'}
[215.625964] (-) TimerEvent: {}
[215.636398] (gazebo_ros) StdoutLine: {'line': b'-- Looking for ignition-common3 -- found version 3.14.0\n'}
[215.638971] (gazebo_ros) StdoutLine: {'line': b'-- Searching for dependencies of ignition-common3\n'}
[215.640580] (gazebo_ros) StdoutLine: {'line': b'-- Looking for dlfcn.h - found\n'}
[215.643016] (gazebo_ros) StdoutLine: {'line': b'-- Looking for libdl - found\n'}
[215.649774] (gazebo_ros) StdoutLine: {'line': b'-- Found DL: TRUE  \n'}
[215.709758] (gazebo_ros) StdoutLine: {'line': b'-- Found tinyobjloader: /usr/lib/aarch64-linux-gnu/cmake/tinyobjloader/tinyobjloader-config.cmake (found version "2.0.0") \n'}
[215.712481] (gazebo_ros) StdoutLine: {'line': b'-- Searching for <ignition-common3> component [graphics]\n'}
[215.726202] (-) TimerEvent: {}
[215.727116] (gazebo_ros) StdoutLine: {'line': b'-- Looking for ignition-common3-graphics -- found version 3.14.0\n'}
[215.730720] (gazebo_ros) StdoutLine: {'line': b'-- Searching for dependencies of ignition-common3-graphics\n'}
[215.732513] (gazebo_ros) StdoutLine: {'line': b'-- Looking for ignition-math6 -- found version 6.15.1\n'}
[215.750651] (gazebo_ros) StdoutLine: {'line': b'-- Looking for ignition-fuel_tools4 -- found version 4.4.0\n'}
[215.753102] (gazebo_ros) StdoutLine: {'line': b'-- Searching for dependencies of ignition-fuel_tools4\n'}
[215.826507] (-) TimerEvent: {}
[215.927453] (-) TimerEvent: {}
[216.028452] (-) TimerEvent: {}
[216.129340] (-) TimerEvent: {}
[216.162905] (gazebo_ros) StdoutLine: {'line': b'-- Found CURL: /usr/lib/aarch64-linux-gnu/libcurl.so (found version "7.81.0")  \n'}
[216.214272] (gazebo_ros) StdoutLine: {'line': b"-- Checking for module 'jsoncpp'\n"}
[216.229447] (-) TimerEvent: {}
[216.281095] (gazebo_ros) StdoutLine: {'line': b'--   Found jsoncpp, version 1.9.5\n'}
[216.329700] (-) TimerEvent: {}
[216.430553] (-) TimerEvent: {}
[216.450655] (gazebo_ros) StdoutLine: {'line': b'-- Found JSONCPP: TRUE  \n'}
[216.483947] (gazebo_ros) StdoutLine: {'line': b"-- Checking for module 'libzip'\n"}
[216.530808] (-) TimerEvent: {}
[216.550518] (gazebo_ros) StdoutLine: {'line': b'--   Found libzip, version 1.7.3\n'}
[216.631062] (-) TimerEvent: {}
[216.720109] (gazebo_ros) StdoutLine: {'line': b'-- Found ZIP: TRUE  \n'}
[216.722538] (gazebo_ros) StdoutLine: {'line': b'-- Looking for ignition-common3 -- found version 3.14.0\n'}
[216.724496] (gazebo_ros) StdoutLine: {'line': b'-- Looking for ignition-math6 -- found version 6.15.1\n'}
[216.726527] (gazebo_ros) StdoutLine: {'line': b'-- Looking for ignition-msgs5 -- found version 5.8.1\n'}
[216.731174] (-) TimerEvent: {}
[216.748917] (gazebo_ros) StdoutLine: {'line': b'-- Gazebo version: 11.10\n'}
[216.750761] (gazebo_ros) StdoutLine: {'line': b"-- Checking for module 'tbb'\n"}
[216.820483] (gazebo_ros) StdoutLine: {'line': b'--   Found tbb, version 2021.5.0\n'}
[216.831505] (-) TimerEvent: {}
[216.932482] (-) TimerEvent: {}
[216.992095] (gazebo_ros) StdoutLine: {'line': b'-- Found gazebo_msgs: 3.9.0 (/opt/ros/gazebo_ros_build/install/share/gazebo_msgs/cmake)\n'}
[217.032668] (-) TimerEvent: {}
[217.133500] (-) TimerEvent: {}
[217.234478] (-) TimerEvent: {}
[217.335453] (-) TimerEvent: {}
[217.348730] (gazebo_ros) StdoutLine: {'line': b'-- Found rcl: 5.3.10 (/opt/ros/humble/share/rcl/cmake)\n'}
[217.435683] (-) TimerEvent: {}
[217.509531] (gazebo_ros) StdoutLine: {'line': b'-- Found rmw_implementation_cmake: 6.1.2 (/opt/ros/humble/share/rmw_implementation_cmake/cmake)\n'}
[217.525538] (gazebo_ros) StdoutLine: {'line': b'-- Found rmw_fastrtps_cpp: 6.2.8 (/opt/ros/humble/share/rmw_fastrtps_cpp/cmake)\n'}
[217.535826] (-) TimerEvent: {}
[217.636594] (-) TimerEvent: {}
[217.737576] (-) TimerEvent: {}
[217.838551] (-) TimerEvent: {}
[217.939473] (-) TimerEvent: {}
[218.023053] (gazebo_ros) StdoutLine: {'line': b'-- Found OpenSSL: /usr/lib/aarch64-linux-gnu/libcrypto.so (found version "3.0.2")  \n'}
[218.039647] (-) TimerEvent: {}
[218.140601] (-) TimerEvent: {}
[218.161190] (gazebo_ros) StdoutLine: {'line': b'-- Found FastRTPS: /opt/ros/humble/include  \n'}
[218.240850] (-) TimerEvent: {}
[218.341837] (-) TimerEvent: {}
[218.416896] (gazebo_ros) StdoutLine: {'line': b"-- Using RMW implementation 'rmw_fastrtps_cpp' as default\n"}
[218.442041] (-) TimerEvent: {}
[218.489624] (gazebo_ros) StdoutLine: {'line': b'-- Found Threads: TRUE  \n'}
[218.528713] (gazebo_ros) StdoutLine: {'line': b'-- Found rclcpp: 16.0.15 (/opt/ros/humble/share/rclcpp/cmake)\n'}
[218.542194] (-) TimerEvent: {}
[218.643033] (-) TimerEvent: {}
[218.743959] (-) TimerEvent: {}
[218.749236] (gazebo_ros) StdoutLine: {'line': b'-- Found std_srvs: 4.9.0 (/opt/ros/humble/share/std_srvs/cmake)\n'}
[218.807126] (gazebo_ros) StdoutLine: {'line': b'-- Found tinyxml_vendor: 0.8.3 (/opt/ros/humble/share/tinyxml_vendor/cmake)\n'}
[218.844148] (-) TimerEvent: {}
[218.945123] (-) TimerEvent: {}
[219.045991] (-) TimerEvent: {}
[219.146830] (-) TimerEvent: {}
[219.247646] (-) TimerEvent: {}
[219.348577] (-) TimerEvent: {}
[219.449513] (-) TimerEvent: {}
[219.468650] (gazebo_ros) StdoutLine: {'line': b'-- Found ament_cmake_gtest: 1.3.12 (/opt/ros/humble/share/ament_cmake_gtest/cmake)\n'}
[219.484468] (gazebo_ros) StdoutLine: {'line': b'-- Found launch_testing_ament_cmake: 1.0.10 (/opt/ros/humble/share/launch_testing_ament_cmake/cmake)\n'}
[219.495469] (gazebo_ros) StdoutLine: {'line': b'-- Found python_cmake_module: 0.10.0 (/opt/ros/humble/share/python_cmake_module/cmake)\n'}
[219.549764] (-) TimerEvent: {}
[219.611563] (gazebo_ros) StdoutLine: {'line': b'-- Found PythonInterp: /usr/bin/python3 (found suitable version "3.10.12", minimum required is "3.6") \n'}
[219.632937] (gazebo_ros) StdoutLine: {'line': b'-- Found PythonLibs: /usr/lib/aarch64-linux-gnu/libpython3.10.so (found suitable version "3.10.12", minimum required is "3.5") \n'}
[219.633888] (gazebo_ros) StdoutLine: {'line': b'-- Using PYTHON_EXECUTABLE: /usr/bin/python3\n'}
[219.634322] (gazebo_ros) StdoutLine: {'line': b'-- Using PYTHON_INCLUDE_DIRS: /usr/include/python3.10\n'}
[219.634673] (gazebo_ros) StdoutLine: {'line': b'-- Using PYTHON_LIBRARIES: /usr/lib/aarch64-linux-gnu/libpython3.10.so\n'}
[219.649934] (-) TimerEvent: {}
[219.750854] (-) TimerEvent: {}
[219.754159] (gazebo_ros) StdoutLine: {'line': b'-- Found PythonExtra: .so  \n'}
[219.766874] (gazebo_ros) StdoutLine: {'line': b'-- Found sensor_msgs: 4.9.0 (/opt/ros/humble/share/sensor_msgs/cmake)\n'}
[219.851092] (-) TimerEvent: {}
[219.951876] (gazebo_ros) StdoutLine: {'line': b"-- Found gtest sources under '/opt/ros/humble/src/gtest_vendor': C++ tests using 'Google Test' will be built\n"}
[219.953017] (-) TimerEvent: {}
[220.053842] (-) TimerEvent: {}
[220.154791] (-) TimerEvent: {}
[220.255696] (-) TimerEvent: {}
[220.356651] (-) TimerEvent: {}
[220.434828] (gazebo_ros) StdoutLine: {'line': b'-- Found ament_lint_auto: 0.12.14 (/opt/ros/humble/share/ament_lint_auto/cmake)\n'}
[220.456752] (-) TimerEvent: {}
[220.557497] (-) TimerEvent: {}
[220.658327] (-) TimerEvent: {}
[220.759075] (-) TimerEvent: {}
[220.859946] (-) TimerEvent: {}
[220.873676] (gazebo_ros) StdoutLine: {'line': b'-- Found python_cmake_module: 0.10.0 (/opt/ros/humble/share/python_cmake_module/cmake)\n'}
[220.960127] (-) TimerEvent: {}
[220.993791] (gazebo_ros) StdoutLine: {'line': b'-- Using PYTHON_EXECUTABLE: /usr/bin/python3\n'}
[220.994548] (gazebo_ros) StdoutLine: {'line': b'-- Using PYTHON_INCLUDE_DIRS: /usr/include/python3.10\n'}
[220.994982] (gazebo_ros) StdoutLine: {'line': b'-- Using PYTHON_LIBRARIES: /usr/lib/aarch64-linux-gnu/libpython3.10.so\n'}
[221.060401] (-) TimerEvent: {}
[221.161199] (-) TimerEvent: {}
[221.183623] (gazebo_ros) StdoutLine: {'line': b"-- Added test 'copyright' to check source files copyright and LICENSE\n"}
[221.218500] (gazebo_ros) StdoutLine: {'line': b"-- Added test 'cppcheck' to perform static code analysis on C / C++ code\n"}
[221.225568] (gazebo_ros) StdoutLine: {'line': b'-- Configured cppcheck include dirs: $<BUILD_INTERFACE:/opt/ros/gazebo_ros_build/src/gazebo_ros/include>\n'}
[221.226157] (gazebo_ros) StdoutLine: {'line': b'-- Configured cppcheck exclude dirs and/or files: \n'}
[221.231941] (gazebo_ros) StdoutLine: {'line': b"-- Added test 'flake8' to check Python code syntax and style conventions\n"}
[221.241740] (gazebo_ros) StdoutLine: {'line': b"-- Added test 'lint_cmake' to check CMake code style\n"}
[221.247576] (gazebo_ros) StdoutLine: {'line': b"-- Added test 'pep257' to check Python code against some of the docstring style conventions in PEP 257\n"}
[221.261373] (-) TimerEvent: {}
[221.279952] (gazebo_ros) StdoutLine: {'line': b"-- Added test 'uncrustify' to check C / C++ code style\n"}
[221.280856] (gazebo_ros) StdoutLine: {'line': b'-- Configured uncrustify additional arguments: \n'}
[221.286295] (gazebo_ros) StdoutLine: {'line': b"-- Added test 'xmllint' to check XML markup files\n"}
[221.300729] (gazebo_ros) StdoutLine: {'line': b'-- Configuring done\n'}
[221.361621] (-) TimerEvent: {}
[221.462498] (-) TimerEvent: {}
[221.563532] (-) TimerEvent: {}
[221.664455] (-) TimerEvent: {}
[221.765389] (-) TimerEvent: {}
[221.866259] (-) TimerEvent: {}
[221.967146] (-) TimerEvent: {}
[222.067962] (-) TimerEvent: {}
[222.168997] (-) TimerEvent: {}
[222.269941] (-) TimerEvent: {}
[222.370890] (-) TimerEvent: {}
[222.471924] (-) TimerEvent: {}
[222.572845] (-) TimerEvent: {}
[222.673743] (-) TimerEvent: {}
[222.774648] (-) TimerEvent: {}
[222.875522] (-) TimerEvent: {}
[222.976429] (-) TimerEvent: {}
[223.077275] (-) TimerEvent: {}
[223.178208] (-) TimerEvent: {}
[223.279070] (-) TimerEvent: {}
[223.379921] (-) TimerEvent: {}
[223.480959] (-) TimerEvent: {}
[223.581847] (-) TimerEvent: {}
[223.682790] (-) TimerEvent: {}
[223.783714] (-) TimerEvent: {}
[223.884716] (-) TimerEvent: {}
[223.985640] (-) TimerEvent: {}
[224.086567] (-) TimerEvent: {}
[224.187380] (-) TimerEvent: {}
[224.288321] (-) TimerEvent: {}
[224.389235] (-) TimerEvent: {}
[224.490210] (-) TimerEvent: {}
[224.578870] (gazebo_ros) StdoutLine: {'line': b'-- Generating done\n'}
[224.590381] (-) TimerEvent: {}
[224.691367] (-) TimerEvent: {}
[224.792407] (-) TimerEvent: {}
[224.893422] (-) TimerEvent: {}
[224.920867] (gazebo_ros) StdoutLine: {'line': b'-- Build files have been written to: /opt/ros/gazebo_ros_build/build/gazebo_ros\n'}
[224.993704] (-) TimerEvent: {}
[225.022132] (gazebo_ros) CommandEnded: {'returncode': 0}
[225.027114] (gazebo_ros) JobProgress: {'identifier': 'gazebo_ros', 'progress': 'build'}
[225.030298] (gazebo_ros) Command: {'cmd': ['/usr/bin/cmake', '--build', '/opt/ros/gazebo_ros_build/build/gazebo_ros', '--', '-j6', '-l6'], 'cwd': '/opt/ros/gazebo_ros_build/build/gazebo_ros', 'env': OrderedDict([('SUDO_GID', '1000'), ('MAIL', '/var/mail/root'), ('USER', 'root'), ('HOSTNAME', 'ubuntu'), ('SHLVL', '1'), ('LD_LIBRARY_PATH', '/opt/ros/gazebo_ros_build/install/lib:/opt/ros/humble/opt/rviz_ogre_vendor/lib:/opt/ros/humble/lib/aarch64-linux-gnu:/opt/ros/humble/lib'), ('HOME', '/root'), ('OLDPWD', '/opt/ros/gazebo_ros_build/src'), ('ROS_PYTHON_VERSION', '3'), ('SUDO_UID', '1000'), ('ROS_DISTRO', 'humble'), ('LOGNAME', 'root'), ('_', '/usr/bin/colcon'), ('ROS_VERSION', '2'), ('TERM', 'xterm'), ('ROS_LOCALHOST_ONLY', '0'), ('PATH', '/opt/ros/humble/bin:/usr/local/sbin:/usr/local/bin:/usr/sbin:/usr/bin:/sbin:/bin:/usr/games:/usr/local/games:/snap/bin'), ('DISPLAY', ':0'), ('LANG', 'C.UTF-8'), ('LS_COLORS', 'rs=0:di=01;34:ln=01;36:mh=00:pi=40;33:so=01;35:do=01;35:bd=40;33;01:cd=40;33;01:or=40;31;01:mi=00:su=37;41:sg=30;43:ca=30;41:tw=30;42:ow=34;42:st=37;44:ex=01;32:*.tar=01;31:*.tgz=01;31:*.arc=01;31:*.arj=01;31:*.taz=01;31:*.lha=01;31:*.lz4=01;31:*.lzh=01;31:*.lzma=01;31:*.tlz=01;31:*.txz=01;31:*.tzo=01;31:*.t7z=01;31:*.zip=01;31:*.z=01;31:*.dz=01;31:*.gz=01;31:*.lrz=01;31:*.lz=01;31:*.lzo=01;31:*.xz=01;31:*.zst=01;31:*.tzst=01;31:*.bz2=01;31:*.bz=01;31:*.tbz=01;31:*.tbz2=01;31:*.tz=01;31:*.deb=01;31:*.rpm=01;31:*.jar=01;31:*.war=01;31:*.ear=01;31:*.sar=01;31:*.rar=01;31:*.alz=01;31:*.ace=01;31:*.zoo=01;31:*.cpio=01;31:*.7z=01;31:*.rz=01;31:*.cab=01;31:*.wim=01;31:*.swm=01;31:*.dwm=01;31:*.esd=01;31:*.jpg=01;35:*.jpeg=01;35:*.mjpg=01;35:*.mjpeg=01;35:*.gif=01;35:*.bmp=01;35:*.pbm=01;35:*.pgm=01;35:*.ppm=01;35:*.tga=01;35:*.xbm=01;35:*.xpm=01;35:*.tif=01;35:*.tiff=01;35:*.png=01;35:*.svg=01;35:*.svgz=01;35:*.mng=01;35:*.pcx=01;35:*.mov=01;35:*.mpg=01;35:*.mpeg=01;35:*.m2v=01;35:*.mkv=01;35:*.webm=01;35:*.webp=01;35:*.ogm=01;35:*.mp4=01;35:*.m4v=01;35:*.mp4v=01;35:*.vob=01;35:*.qt=01;35:*.nuv=01;35:*.wmv=01;35:*.asf=01;35:*.rm=01;35:*.rmvb=01;35:*.flc=01;35:*.avi=01;35:*.fli=01;35:*.flv=01;35:*.gl=01;35:*.dl=01;35:*.xcf=01;35:*.xwd=01;35:*.yuv=01;35:*.cgm=01;35:*.emf=01;35:*.ogv=01;35:*.ogx=01;35:*.aac=00;36:*.au=00;36:*.flac=00;36:*.m4a=00;36:*.mid=00;36:*.midi=00;36:*.mka=00;36:*.mp3=00;36:*.mpc=00;36:*.ogg=00;36:*.ra=00;36:*.wav=00;36:*.oga=00;36:*.opus=00;36:*.spx=00;36:*.xspf=00;36:'), ('SUDO_COMMAND', '/usr/bin/su'), ('AMENT_PREFIX_PATH', '/opt/ros/gazebo_ros_build/install:/opt/ros/humble'), ('SHELL', '/bin/bash'), ('SUDO_USER', 'ultra'), ('PWD', '/opt/ros/gazebo_ros_build/build/gazebo_ros'), ('LC_ALL', 'C.UTF-8'), ('PYTHONPATH', '/opt/ros/gazebo_ros_build/install/local/lib/python3.10/dist-packages:/opt/ros/humble/lib/python3.10/site-packages:/opt/ros/humble/local/lib/python3.10/dist-packages'), ('COLCON', '1'), ('CMAKE_PREFIX_PATH', '/opt/ros/gazebo_ros_build/install:/opt/ros/humble')]), 'shell': False}
[225.094010] (-) TimerEvent: {}
[225.194984] (-) TimerEvent: {}
[225.296452] (-) TimerEvent: {}
[225.349041] (gazebo_ros) StdoutLine: {'line': b'[  1%] \x1b[32mBuilding CXX object CMakeFiles/gazebo_ros_node.dir/src/executor.cpp.o\x1b[0m\n'}
[225.349960] (gazebo_ros) StdoutLine: {'line': b'[  3%] \x1b[32mBuilding CXX object gtest/CMakeFiles/gtest_main.dir/src/gtest_main.cc.o\x1b[0m\n'}
[225.350651] (gazebo_ros) StdoutLine: {'line': b'[  4%] \x1b[32mBuilding CXX object gtest/CMakeFiles/gtest.dir/src/gtest-all.cc.o\x1b[0m\n'}
[225.363416] (gazebo_ros) StdoutLine: {'line': b'[  6%] \x1b[32mBuilding CXX object CMakeFiles/gazebo_ros_utils.dir/src/utils.cpp.o\x1b[0m\n'}
[225.368552] (gazebo_ros) StdoutLine: {'line': b'[  7%] \x1b[32mBuilding CXX object test/CMakeFiles/mock_robot_state_publisher.dir/mock_robot_state_publisher/robot_state_publisher.cpp.o\x1b[0m\n'}
[225.396689] (-) TimerEvent: {}
[225.402006] (gazebo_ros) StdoutLine: {'line': b'[  7%] Built target ament_cmake_python_copy_scripts\n'}
[225.496932] (-) TimerEvent: {}
[225.523154] (gazebo_ros) StdoutLine: {'line': b'[  9%] \x1b[32mBuilding CXX object test/CMakeFiles/mock_gazebo_ros_factory.dir/mock_gazebo_ros_factory/gazebo_ros_factory.cpp.o\x1b[0m\n'}
[225.597484] (-) TimerEvent: {}
[225.698399] (-) TimerEvent: {}
[225.799374] (-) TimerEvent: {}
[225.900501] (-) TimerEvent: {}
[226.002592] (-) TimerEvent: {}
[226.103605] (-) TimerEvent: {}
[226.205744] (-) TimerEvent: {}
[226.306800] (-) TimerEvent: {}
[226.407921] (-) TimerEvent: {}
[226.509256] (-) TimerEvent: {}
[226.610680] (-) TimerEvent: {}
[226.711753] (-) TimerEvent: {}
[226.812875] (-) TimerEvent: {}
[226.913883] (-) TimerEvent: {}
[227.014877] (-) TimerEvent: {}
[227.115914] (-) TimerEvent: {}
[227.216992] (-) TimerEvent: {}
[227.318076] (-) TimerEvent: {}
[227.419142] (-) TimerEvent: {}
[227.520374] (-) TimerEvent: {}
[227.621542] (-) TimerEvent: {}
[227.722642] (-) TimerEvent: {}
[227.823686] (-) TimerEvent: {}
[227.924792] (-) TimerEvent: {}
[228.025902] (-) TimerEvent: {}
[228.127013] (-) TimerEvent: {}
[228.228097] (-) TimerEvent: {}
[228.329241] (-) TimerEvent: {}
[228.430266] (-) TimerEvent: {}
[228.533566] (-) TimerEvent: {}
[228.634676] (-) TimerEvent: {}
[228.736949] (-) TimerEvent: {}
[228.839014] (-) TimerEvent: {}
[228.940456] (-) TimerEvent: {}
[229.041543] (-) TimerEvent: {}
[229.142887] (-) TimerEvent: {}
[229.245146] (-) TimerEvent: {}
[229.346172] (-) TimerEvent: {}
[229.361291] (gazebo_ros) StdoutLine: {'line': b'[ 10%] \x1b[32m\x1b[1mLinking CXX static library libgtest_main.a\x1b[0m\n'}
[229.446419] (-) TimerEvent: {}
[229.546125] (gazebo_ros) StdoutLine: {'line': b'[ 10%] Built target gtest_main\n'}
[229.546882] (-) TimerEvent: {}
[229.648991] (-) TimerEvent: {}
[229.754538] (-) TimerEvent: {}
[229.856324] (-) TimerEvent: {}
[229.957452] (-) TimerEvent: {}
[230.058496] (-) TimerEvent: {}
[230.159545] (-) TimerEvent: {}
[230.260650] (-) TimerEvent: {}
[230.361705] (-) TimerEvent: {}
[230.462710] (-) TimerEvent: {}
[230.563971] (-) TimerEvent: {}
[230.665139] (-) TimerEvent: {}
[230.766292] (-) TimerEvent: {}
[230.867428] (-) TimerEvent: {}
[230.968429] (-) TimerEvent: {}
[231.025961] (gazebo_ros) StdoutLine: {'line': b'running egg_info\n'}
[231.029668] (gazebo_ros) StdoutLine: {'line': b'creating scripts.egg-info\n'}
[231.031047] (gazebo_ros) StdoutLine: {'line': b'writing scripts.egg-info/PKG-INFO\n'}
[231.034009] (gazebo_ros) StdoutLine: {'line': b'writing dependency_links to scripts.egg-info/dependency_links.txt\n'}
[231.036759] (gazebo_ros) StdoutLine: {'line': b'writing top-level names to scripts.egg-info/top_level.txt\n'}
[231.038524] (gazebo_ros) StdoutLine: {'line': b"writing manifest file 'scripts.egg-info/SOURCES.txt'\n"}
[231.050602] (gazebo_ros) StdoutLine: {'line': b"reading manifest file 'scripts.egg-info/SOURCES.txt'\n"}
[231.053734] (gazebo_ros) StdoutLine: {'line': b"writing manifest file 'scripts.egg-info/SOURCES.txt'\n"}
[231.068703] (-) TimerEvent: {}
[231.169712] (-) TimerEvent: {}
[231.205558] (gazebo_ros) StdoutLine: {'line': b'[ 10%] Built target ament_cmake_python_build_scripts_egg\n'}
[231.258832] (gazebo_ros) StdoutLine: {'line': b'[ 12%] \x1b[32mBuilding CXX object CMakeFiles/gazebo_ros_node.dir/src/node.cpp.o\x1b[0m\n'}
[231.270024] (-) TimerEvent: {}
[231.371143] (-) TimerEvent: {}
[231.472347] (-) TimerEvent: {}
[231.573495] (-) TimerEvent: {}
[231.674741] (-) TimerEvent: {}
[231.776026] (-) TimerEvent: {}
[231.877240] (-) TimerEvent: {}
[231.978361] (-) TimerEvent: {}
[232.079440] (-) TimerEvent: {}
[232.180701] (-) TimerEvent: {}
[232.281860] (-) TimerEvent: {}
[232.382984] (-) TimerEvent: {}
[232.484105] (-) TimerEvent: {}
[232.585265] (-) TimerEvent: {}
[232.686420] (-) TimerEvent: {}
[232.787528] (-) TimerEvent: {}
[232.888933] (-) TimerEvent: {}
[232.991215] (-) TimerEvent: {}
[233.092347] (-) TimerEvent: {}
[233.193439] (-) TimerEvent: {}
[233.294580] (-) TimerEvent: {}
[233.395695] (-) TimerEvent: {}
[233.496749] (-) TimerEvent: {}
[233.597851] (-) TimerEvent: {}
[233.699032] (-) TimerEvent: {}
[233.800457] (-) TimerEvent: {}
[233.901732] (-) TimerEvent: {}
[234.002860] (-) TimerEvent: {}
[234.103993] (-) TimerEvent: {}
[234.205122] (-) TimerEvent: {}
[234.306257] (-) TimerEvent: {}
[234.407444] (-) TimerEvent: {}
[234.508614] (-) TimerEvent: {}
[234.609735] (-) TimerEvent: {}
[234.710847] (-) TimerEvent: {}
[234.811942] (-) TimerEvent: {}
[234.913040] (-) TimerEvent: {}
[235.014215] (-) TimerEvent: {}
[235.115290] (-) TimerEvent: {}
[235.216406] (-) TimerEvent: {}
[235.317487] (-) TimerEvent: {}
[235.418594] (-) TimerEvent: {}
[235.519801] (-) TimerEvent: {}
[235.621016] (-) TimerEvent: {}
[235.723285] (-) TimerEvent: {}
[235.824369] (-) TimerEvent: {}
[235.925452] (-) TimerEvent: {}
[236.026604] (-) TimerEvent: {}
[236.127567] (-) TimerEvent: {}
[236.228720] (-) TimerEvent: {}
[236.329762] (-) TimerEvent: {}
[236.430774] (-) TimerEvent: {}
[236.531775] (-) TimerEvent: {}
[236.632799] (-) TimerEvent: {}
[236.733813] (-) TimerEvent: {}
[236.834807] (-) TimerEvent: {}
[236.935788] (-) TimerEvent: {}
[237.036847] (-) TimerEvent: {}
[237.137869] (-) TimerEvent: {}
[237.238957] (-) TimerEvent: {}
[237.339936] (-) TimerEvent: {}
[237.440966] (-) TimerEvent: {}
[237.541963] (-) TimerEvent: {}
[237.643009] (-) TimerEvent: {}
[237.744061] (-) TimerEvent: {}
[237.848108] (-) TimerEvent: {}
[237.950315] (-) TimerEvent: {}
[238.051340] (-) TimerEvent: {}
[238.152462] (-) TimerEvent: {}
[238.253518] (-) TimerEvent: {}
[238.354522] (-) TimerEvent: {}
[238.455641] (-) TimerEvent: {}
[238.556791] (-) TimerEvent: {}
[238.657797] (-) TimerEvent: {}
[238.758843] (-) TimerEvent: {}
[238.859888] (-) TimerEvent: {}
[238.960965] (-) TimerEvent: {}
[239.061986] (-) TimerEvent: {}
[239.162951] (-) TimerEvent: {}
[239.263946] (-) TimerEvent: {}
[239.364987] (-) TimerEvent: {}
[239.466039] (-) TimerEvent: {}
[239.567114] (-) TimerEvent: {}
[239.668212] (-) TimerEvent: {}
[239.770398] (-) TimerEvent: {}
[239.871339] (-) TimerEvent: {}
[239.972424] (-) TimerEvent: {}
[240.073368] (-) TimerEvent: {}
[240.174350] (-) TimerEvent: {}
[240.276407] (-) TimerEvent: {}
[240.377410] (-) TimerEvent: {}
[240.478444] (-) TimerEvent: {}
[240.579449] (-) TimerEvent: {}
[240.680433] (-) TimerEvent: {}
[240.781375] (-) TimerEvent: {}
[240.882393] (-) TimerEvent: {}
[240.984612] (-) TimerEvent: {}
[241.085619] (-) TimerEvent: {}
[241.186699] (-) TimerEvent: {}
[241.287736] (-) TimerEvent: {}
[241.389002] (-) TimerEvent: {}
[241.489999] (-) TimerEvent: {}
[241.590988] (-) TimerEvent: {}
[241.692042] (-) TimerEvent: {}
[241.793558] (-) TimerEvent: {}
[241.894531] (-) TimerEvent: {}
[241.995492] (-) TimerEvent: {}
[242.096498] (-) TimerEvent: {}
[242.197471] (-) TimerEvent: {}
[242.298489] (-) TimerEvent: {}
[242.399492] (-) TimerEvent: {}
[242.500519] (-) TimerEvent: {}
[242.601504] (-) TimerEvent: {}
[242.702492] (-) TimerEvent: {}
[242.803478] (-) TimerEvent: {}
[242.904549] (-) TimerEvent: {}
[243.005610] (-) TimerEvent: {}
[243.106588] (-) TimerEvent: {}
[243.207607] (-) TimerEvent: {}
[243.308653] (-) TimerEvent: {}
[243.409653] (-) TimerEvent: {}
[243.510661] (-) TimerEvent: {}
[243.611701] (-) TimerEvent: {}
[243.712803] (-) TimerEvent: {}
[243.813758] (-) TimerEvent: {}
[243.915752] (-) TimerEvent: {}
[244.018311] (-) TimerEvent: {}
[244.119265] (-) TimerEvent: {}
[244.220210] (-) TimerEvent: {}
[244.321303] (-) TimerEvent: {}
[244.422297] (-) TimerEvent: {}
[244.523340] (-) TimerEvent: {}
[244.624426] (-) TimerEvent: {}
[244.725405] (-) TimerEvent: {}
[244.826358] (-) TimerEvent: {}
[244.927306] (-) TimerEvent: {}
[245.028380] (-) TimerEvent: {}
[245.129345] (-) TimerEvent: {}
[245.230288] (-) TimerEvent: {}
[245.331265] (-) TimerEvent: {}
[245.432349] (-) TimerEvent: {}
[245.533366] (-) TimerEvent: {}
[245.634364] (-) TimerEvent: {}
[245.735337] (-) TimerEvent: {}
[245.836471] (-) TimerEvent: {}
[245.937408] (-) TimerEvent: {}
[246.038391] (-) TimerEvent: {}
[246.144649] (-) TimerEvent: {}
[246.249156] (-) TimerEvent: {}
[246.342288] (gazebo_ros) StdoutLine: {'line': b'[ 14%] \x1b[32m\x1b[1mLinking CXX static library libgtest.a\x1b[0m\n'}
[246.349436] (-) TimerEvent: {}
[246.450461] (-) TimerEvent: {}
[246.551552] (-) TimerEvent: {}
[246.652677] (-) TimerEvent: {}
[246.753670] (-) TimerEvent: {}
[246.854688] (-) TimerEvent: {}
[246.955688] (-) TimerEvent: {}
[247.013832] (gazebo_ros) StdoutLine: {'line': b'[ 14%] Built target gtest\n'}
[247.055958] (-) TimerEvent: {}
[247.150843] (gazebo_ros) StdoutLine: {'line': b'[ 15%] \x1b[32mBuilding CXX object CMakeFiles/gazebo_ros_node.dir/src/qos.cpp.o\x1b[0m\n'}
[247.156315] (-) TimerEvent: {}
[247.257313] (-) TimerEvent: {}
[247.358529] (-) TimerEvent: {}
[247.460520] (-) TimerEvent: {}
[247.561977] (-) TimerEvent: {}
[247.663048] (-) TimerEvent: {}
[247.764505] (-) TimerEvent: {}
[247.865527] (-) TimerEvent: {}
[247.966541] (-) TimerEvent: {}
[248.067570] (-) TimerEvent: {}
[248.168649] (-) TimerEvent: {}
[248.269589] (-) TimerEvent: {}
[248.370485] (-) TimerEvent: {}
[248.471433] (-) TimerEvent: {}
[248.572450] (-) TimerEvent: {}
[248.673800] (-) TimerEvent: {}
[248.775164] (-) TimerEvent: {}
[248.876071] (-) TimerEvent: {}
[248.977056] (-) TimerEvent: {}
[249.077967] (-) TimerEvent: {}
[249.178883] (-) TimerEvent: {}
[249.280044] (-) TimerEvent: {}
[249.381042] (-) TimerEvent: {}
[249.481959] (-) TimerEvent: {}
[249.582874] (-) TimerEvent: {}
[249.683735] (-) TimerEvent: {}
[249.784653] (-) TimerEvent: {}
[249.885522] (-) TimerEvent: {}
[249.985804] (gazebo_ros) StdoutLine: {'line': b'[ 17%] \x1b[32m\x1b[1mLinking CXX executable mock_gazebo_ros_factory\x1b[0m\n'}
[249.986645] (-) TimerEvent: {}
[250.087445] (-) TimerEvent: {}
[250.188453] (-) TimerEvent: {}
[250.291640] (-) TimerEvent: {}
[250.392547] (-) TimerEvent: {}
[250.493449] (-) TimerEvent: {}
[250.594386] (-) TimerEvent: {}
[250.695308] (-) TimerEvent: {}
[250.796218] (-) TimerEvent: {}
[250.897580] (-) TimerEvent: {}
[250.998531] (-) TimerEvent: {}
[251.099436] (-) TimerEvent: {}
[251.144862] (gazebo_ros) StdoutLine: {'line': b'[ 17%] Built target mock_gazebo_ros_factory\n'}
[251.199775] (-) TimerEvent: {}
[251.300776] (-) TimerEvent: {}
[251.402029] (-) TimerEvent: {}
[251.503269] (-) TimerEvent: {}
[251.604430] (-) TimerEvent: {}
[251.705470] (-) TimerEvent: {}
[251.806564] (-) TimerEvent: {}
[251.907599] (-) TimerEvent: {}
[252.008747] (-) TimerEvent: {}
[252.109736] (-) TimerEvent: {}
[252.210762] (-) TimerEvent: {}
[252.311769] (-) TimerEvent: {}
[252.412940] (-) TimerEvent: {}
[252.513989] (-) TimerEvent: {}
[252.615012] (-) TimerEvent: {}
[252.716132] (-) TimerEvent: {}
[252.817305] (-) TimerEvent: {}
[252.918319] (-) TimerEvent: {}
[253.019526] (-) TimerEvent: {}
[253.120578] (-) TimerEvent: {}
[253.221681] (-) TimerEvent: {}
[253.323912] (-) TimerEvent: {}
[253.424953] (-) TimerEvent: {}
[253.525972] (-) TimerEvent: {}
[253.627106] (-) TimerEvent: {}
[253.728184] (-) TimerEvent: {}
[253.829270] (-) TimerEvent: {}
[253.930317] (-) TimerEvent: {}
[254.031354] (-) TimerEvent: {}
[254.132497] (-) TimerEvent: {}
[254.233528] (-) TimerEvent: {}
[254.334551] (-) TimerEvent: {}
[254.435547] (-) TimerEvent: {}
[254.536698] (-) TimerEvent: {}
[254.637689] (-) TimerEvent: {}
[254.738704] (-) TimerEvent: {}
[254.839712] (-) TimerEvent: {}
[254.940919] (-) TimerEvent: {}
[255.042427] (-) TimerEvent: {}
[255.143501] (-) TimerEvent: {}
[255.244645] (-) TimerEvent: {}
[255.345640] (-) TimerEvent: {}
[255.446747] (-) TimerEvent: {}
[255.547846] (-) TimerEvent: {}
[255.598087] (gazebo_ros) StdoutLine: {'line': b'[ 18%] \x1b[32m\x1b[1mLinking CXX executable mock_robot_state_publisher\x1b[0m\n'}
[255.648082] (-) TimerEvent: {}
[255.749472] (-) TimerEvent: {}
[255.850522] (-) TimerEvent: {}
[255.951525] (-) TimerEvent: {}
[256.058037] (-) TimerEvent: {}
[256.159654] (-) TimerEvent: {}
[256.262729] (-) TimerEvent: {}
[256.369021] (-) TimerEvent: {}
[256.470983] (-) TimerEvent: {}
[256.579751] (-) TimerEvent: {}
[256.675032] (gazebo_ros) StdoutLine: {'line': b'[ 18%] Built target mock_robot_state_publisher\n'}
[256.679992] (-) TimerEvent: {}
[256.781293] (-) TimerEvent: {}
[256.882940] (-) TimerEvent: {}
[256.984451] (-) TimerEvent: {}
[257.085664] (-) TimerEvent: {}
[257.186847] (-) TimerEvent: {}
[257.288136] (-) TimerEvent: {}
[257.389495] (-) TimerEvent: {}
[257.490751] (-) TimerEvent: {}
[257.592023] (-) TimerEvent: {}
[257.693511] (-) TimerEvent: {}
[257.794611] (-) TimerEvent: {}
[257.900557] (-) TimerEvent: {}
[258.006438] (-) TimerEvent: {}
[258.111943] (-) TimerEvent: {}
[258.218918] (-) TimerEvent: {}
[258.323206] (-) TimerEvent: {}
[258.428454] (-) TimerEvent: {}
[258.532641] (-) TimerEvent: {}
[258.637955] (-) TimerEvent: {}
[258.743518] (-) TimerEvent: {}
[258.849313] (-) TimerEvent: {}
[258.957513] (-) TimerEvent: {}
[259.065383] (-) TimerEvent: {}
[259.170156] (-) TimerEvent: {}
[259.275853] (-) TimerEvent: {}
[259.382207] (-) TimerEvent: {}
[259.492794] (-) TimerEvent: {}
[259.593894] (-) TimerEvent: {}
[259.694858] (-) TimerEvent: {}
[259.796054] (-) TimerEvent: {}
[259.897107] (-) TimerEvent: {}
[259.998189] (-) TimerEvent: {}
[260.099521] (-) TimerEvent: {}
[260.200663] (-) TimerEvent: {}
[260.302043] (-) TimerEvent: {}
[260.405354] (-) TimerEvent: {}
[260.509211] (-) TimerEvent: {}
[260.610466] (-) TimerEvent: {}
[260.711576] (-) TimerEvent: {}
[260.814432] (-) TimerEvent: {}
[260.918847] (-) TimerEvent: {}
[261.020731] (-) TimerEvent: {}
[261.125110] (-) TimerEvent: {}
[261.232501] (-) TimerEvent: {}
[261.340547] (-) TimerEvent: {}
[261.445539] (-) TimerEvent: {}
[261.550764] (-) TimerEvent: {}
[261.655208] (-) TimerEvent: {}
[261.762390] (-) TimerEvent: {}
[261.875903] (-) TimerEvent: {}
[261.977614] (-) TimerEvent: {}
[262.082876] (-) TimerEvent: {}
[262.187775] (-) TimerEvent: {}
[262.292491] (-) TimerEvent: {}
[262.402017] (-) TimerEvent: {}
[262.503123] (-) TimerEvent: {}
[262.604449] (-) TimerEvent: {}
[262.708204] (-) TimerEvent: {}
[262.812471] (-) TimerEvent: {}
[262.915182] (-) TimerEvent: {}
[263.016418] (-) TimerEvent: {}
[263.117494] (-) TimerEvent: {}
[263.218613] (-) TimerEvent: {}
[263.319654] (-) TimerEvent: {}
[263.421848] (-) TimerEvent: {}
[263.522917] (-) TimerEvent: {}
[263.624048] (-) TimerEvent: {}
[263.725387] (-) TimerEvent: {}
[263.826551] (-) TimerEvent: {}
[263.927583] (-) TimerEvent: {}
[264.028803] (-) TimerEvent: {}
[264.130337] (-) TimerEvent: {}
[264.240571] (-) TimerEvent: {}
[264.341764] (-) TimerEvent: {}
[264.442919] (-) TimerEvent: {}
[264.544135] (-) TimerEvent: {}
[264.645385] (-) TimerEvent: {}
[264.746687] (-) TimerEvent: {}
[264.847729] (-) TimerEvent: {}
[264.948907] (-) TimerEvent: {}
[265.049979] (-) TimerEvent: {}
[265.151068] (-) TimerEvent: {}
[265.252192] (-) TimerEvent: {}
[265.353419] (-) TimerEvent: {}
[265.454659] (-) TimerEvent: {}
[265.555778] (-) TimerEvent: {}
[265.657107] (-) TimerEvent: {}
[265.758246] (-) TimerEvent: {}
[265.859367] (-) TimerEvent: {}
[265.960555] (-) TimerEvent: {}
[266.061675] (-) TimerEvent: {}
[266.163258] (-) TimerEvent: {}
[266.265283] (-) TimerEvent: {}
[266.367417] (-) TimerEvent: {}
[266.468926] (-) TimerEvent: {}
[266.571398] (-) TimerEvent: {}
[266.673468] (-) TimerEvent: {}
[266.779893] (-) TimerEvent: {}
[266.882117] (-) TimerEvent: {}
[266.983292] (-) TimerEvent: {}
[267.087208] (-) TimerEvent: {}
[267.193812] (-) TimerEvent: {}
[267.295013] (-) TimerEvent: {}
[267.399719] (-) TimerEvent: {}
[267.501084] (-) TimerEvent: {}
[267.602321] (-) TimerEvent: {}
[267.703534] (-) TimerEvent: {}
[267.805087] (-) TimerEvent: {}
[267.906283] (-) TimerEvent: {}
[268.007449] (-) TimerEvent: {}
[268.108673] (-) TimerEvent: {}
[268.209771] (-) TimerEvent: {}
[268.310805] (-) TimerEvent: {}
[268.411926] (-) TimerEvent: {}
[268.513706] (-) TimerEvent: {}
[268.614872] (-) TimerEvent: {}
[268.716148] (-) TimerEvent: {}
[268.817589] (-) TimerEvent: {}
[268.918786] (-) TimerEvent: {}
[269.019994] (-) TimerEvent: {}
[269.121241] (-) TimerEvent: {}
[269.222700] (-) TimerEvent: {}
[269.326870] (-) TimerEvent: {}
[269.434663] (-) TimerEvent: {}
[269.541500] (-) TimerEvent: {}
[269.649996] (-) TimerEvent: {}
[269.756629] (-) TimerEvent: {}
[269.863499] (-) TimerEvent: {}
[269.971324] (-) TimerEvent: {}
[270.078315] (-) TimerEvent: {}
[270.185628] (-) TimerEvent: {}
[270.291914] (-) TimerEvent: {}
[270.393785] (-) TimerEvent: {}
[270.494723] (-) TimerEvent: {}
[270.597342] (-) TimerEvent: {}
[270.698440] (-) TimerEvent: {}
[270.801081] (-) TimerEvent: {}
[270.902203] (-) TimerEvent: {}
[271.003281] (-) TimerEvent: {}
[271.104424] (-) TimerEvent: {}
[271.205424] (-) TimerEvent: {}
[271.306425] (-) TimerEvent: {}
[271.407507] (-) TimerEvent: {}
[271.508477] (-) TimerEvent: {}
[271.609564] (-) TimerEvent: {}
[271.710799] (-) TimerEvent: {}
[271.811775] (-) TimerEvent: {}
[271.912799] (-) TimerEvent: {}
[272.013778] (-) TimerEvent: {}
[272.114724] (-) TimerEvent: {}
[272.215750] (-) TimerEvent: {}
[272.317046] (-) TimerEvent: {}
[272.418178] (-) TimerEvent: {}
[272.519334] (-) TimerEvent: {}
[272.620428] (-) TimerEvent: {}
[272.721660] (-) TimerEvent: {}
[272.822799] (-) TimerEvent: {}
[272.924027] (-) TimerEvent: {}
[273.025352] (-) TimerEvent: {}
[273.126613] (-) TimerEvent: {}
[273.227791] (-) TimerEvent: {}
[273.329005] (-) TimerEvent: {}
[273.430059] (-) TimerEvent: {}
[273.531236] (-) TimerEvent: {}
[273.632565] (-) TimerEvent: {}
[273.735657] (-) TimerEvent: {}
[273.836804] (-) TimerEvent: {}
[273.937787] (-) TimerEvent: {}
[274.038782] (-) TimerEvent: {}
[274.139903] (-) TimerEvent: {}
[274.241079] (-) TimerEvent: {}
[274.342783] (-) TimerEvent: {}
[274.443864] (-) TimerEvent: {}
[274.545055] (-) TimerEvent: {}
[274.646235] (-) TimerEvent: {}
[274.747549] (-) TimerEvent: {}
[274.848790] (-) TimerEvent: {}
[274.949998] (-) TimerEvent: {}
[275.051017] (-) TimerEvent: {}
[275.152061] (-) TimerEvent: {}
[275.253114] (-) TimerEvent: {}
[275.354198] (-) TimerEvent: {}
[275.455255] (-) TimerEvent: {}
[275.556378] (-) TimerEvent: {}
[275.657551] (-) TimerEvent: {}
[275.758664] (-) TimerEvent: {}
[275.859671] (-) TimerEvent: {}
[275.961265] (-) TimerEvent: {}
[276.062374] (-) TimerEvent: {}
[276.164896] (-) TimerEvent: {}
[276.265985] (-) TimerEvent: {}
[276.367038] (-) TimerEvent: {}
[276.469968] (-) TimerEvent: {}
[276.570942] (-) TimerEvent: {}
[276.671993] (-) TimerEvent: {}
[276.773098] (-) TimerEvent: {}
[276.874162] (-) TimerEvent: {}
[276.975220] (-) TimerEvent: {}
[277.076367] (-) TimerEvent: {}
[277.177398] (-) TimerEvent: {}
[277.225921] (gazebo_ros) StdoutLine: {'line': b'[ 20%] \x1b[32m\x1b[1mLinking CXX shared library libgazebo_ros_node.so\x1b[0m\n'}
[277.227891] (gazebo_ros) StdoutLine: {'line': b'[ 21%] \x1b[32m\x1b[1mLinking CXX shared library libgazebo_ros_utils.so\x1b[0m\n'}
[277.277626] (-) TimerEvent: {}
[277.378769] (-) TimerEvent: {}
[277.479941] (-) TimerEvent: {}
[277.581195] (-) TimerEvent: {}
[277.682192] (-) TimerEvent: {}
[277.783175] (-) TimerEvent: {}
[277.884296] (-) TimerEvent: {}
[277.985409] (-) TimerEvent: {}
[278.086478] (-) TimerEvent: {}
[278.187574] (-) TimerEvent: {}
[278.288908] (-) TimerEvent: {}
[278.390068] (-) TimerEvent: {}
[278.491118] (-) TimerEvent: {}
[278.543397] (gazebo_ros) StdoutLine: {'line': b'[ 21%] Built target gazebo_ros_utils\n'}
[278.591416] (-) TimerEvent: {}
[278.650330] (gazebo_ros) StdoutLine: {'line': b'[ 23%] \x1b[34m\x1b[1mAutomatic MOC for target gazebo_ros_eol_gui\x1b[0m\n'}
[278.691728] (-) TimerEvent: {}
[278.792869] (-) TimerEvent: {}
[278.893888] (-) TimerEvent: {}
[278.995048] (-) TimerEvent: {}
[279.096524] (-) TimerEvent: {}
[279.198250] (-) TimerEvent: {}
[279.299338] (-) TimerEvent: {}
[279.372498] (gazebo_ros) StdoutLine: {'line': b'[ 23%] Built target gazebo_ros_node\n'}
[279.399594] (-) TimerEvent: {}
[279.500847] (-) TimerEvent: {}
[279.507537] (gazebo_ros) StdoutLine: {'line': b'[ 25%] \x1b[32mBuilding CXX object CMakeFiles/gazebo_ros_properties.dir/src/gazebo_ros_properties.cpp.o\x1b[0m\n'}
[279.509791] (gazebo_ros) StdoutLine: {'line': b'[ 26%] \x1b[32mBuilding CXX object CMakeFiles/gazebo_ros_factory.dir/src/gazebo_ros_factory.cpp.o\x1b[0m\n'}
[279.518160] (gazebo_ros) StdoutLine: {'line': b'[ 28%] \x1b[32mBuilding CXX object CMakeFiles/gazebo_ros_init.dir/src/gazebo_ros_init.cpp.o\x1b[0m\n'}
[279.520646] (gazebo_ros) StdoutLine: {'line': b'[ 29%] \x1b[32mBuilding CXX object CMakeFiles/gazebo_ros_state.dir/src/gazebo_ros_state.cpp.o\x1b[0m\n'}
[279.526035] (gazebo_ros) StdoutLine: {'line': b'[ 31%] \x1b[32mBuilding CXX object CMakeFiles/gazebo_ros_force_system.dir/src/gazebo_ros_force_system.cpp.o\x1b[0m\n'}
[279.601091] (-) TimerEvent: {}
[279.702243] (-) TimerEvent: {}
[279.804082] (-) TimerEvent: {}
[279.906246] (-) TimerEvent: {}
[280.007189] (-) TimerEvent: {}
[280.108118] (-) TimerEvent: {}
[280.209140] (-) TimerEvent: {}
[280.310069] (-) TimerEvent: {}
[280.411000] (-) TimerEvent: {}
[280.511924] (-) TimerEvent: {}
[280.612928] (-) TimerEvent: {}
[280.714143] (-) TimerEvent: {}
[280.815070] (-) TimerEvent: {}
[280.916018] (-) TimerEvent: {}
[281.017026] (-) TimerEvent: {}
[281.117991] (-) TimerEvent: {}
[281.218956] (-) TimerEvent: {}
[281.319911] (-) TimerEvent: {}
[281.420987] (-) TimerEvent: {}
[281.521923] (-) TimerEvent: {}
[281.622854] (-) TimerEvent: {}
[281.723785] (-) TimerEvent: {}
[281.824772] (-) TimerEvent: {}
[281.925690] (-) TimerEvent: {}
[282.026626] (-) TimerEvent: {}
[282.127650] (-) TimerEvent: {}
[282.228699] (-) TimerEvent: {}
[282.329646] (-) TimerEvent: {}
[282.430914] (-) TimerEvent: {}
[282.531823] (-) TimerEvent: {}
[282.633180] (-) TimerEvent: {}
[282.734128] (-) TimerEvent: {}
[282.835216] (-) TimerEvent: {}
[282.936467] (-) TimerEvent: {}
[283.037488] (-) TimerEvent: {}
[283.138512] (-) TimerEvent: {}
[283.239458] (-) TimerEvent: {}
[283.340448] (-) TimerEvent: {}
[283.441422] (-) TimerEvent: {}
[283.542512] (-) TimerEvent: {}
[283.643605] (-) TimerEvent: {}
[283.745129] (-) TimerEvent: {}
[283.846289] (-) TimerEvent: {}
[283.947719] (-) TimerEvent: {}
[284.048867] (-) TimerEvent: {}
[284.150020] (-) TimerEvent: {}
[284.251191] (-) TimerEvent: {}
[284.352490] (-) TimerEvent: {}
[284.453577] (-) TimerEvent: {}
[284.554643] (-) TimerEvent: {}
[284.655912] (-) TimerEvent: {}
[284.757105] (-) TimerEvent: {}
[284.858251] (-) TimerEvent: {}
[284.959503] (-) TimerEvent: {}
[285.060890] (-) TimerEvent: {}
[285.162150] (-) TimerEvent: {}
[285.263676] (-) TimerEvent: {}
[285.364899] (-) TimerEvent: {}
[285.466000] (-) TimerEvent: {}
[285.567130] (-) TimerEvent: {}
[285.668532] (-) TimerEvent: {}
[285.769582] (-) TimerEvent: {}
[285.870630] (-) TimerEvent: {}
[285.971655] (-) TimerEvent: {}
[286.072718] (-) TimerEvent: {}
[286.173741] (-) TimerEvent: {}
[286.274727] (-) TimerEvent: {}
[286.375713] (-) TimerEvent: {}
[286.476994] (-) TimerEvent: {}
[286.494977] (gazebo_ros) StdoutLine: {'line': b'[ 31%] Built target gazebo_ros_eol_gui_autogen\n'}
[286.577282] (-) TimerEvent: {}
[286.618883] (gazebo_ros) StdoutLine: {'line': b'[ 32%] \x1b[32mBuilding CXX object test/CMakeFiles/args_init.dir/plugins/args_init.cpp.o\x1b[0m\n'}
[286.677522] (-) TimerEvent: {}
[286.778443] (-) TimerEvent: {}
[286.879392] (-) TimerEvent: {}
[286.980873] (-) TimerEvent: {}
[287.081913] (-) TimerEvent: {}
[287.182940] (-) TimerEvent: {}
[287.284010] (-) TimerEvent: {}
[287.385176] (-) TimerEvent: {}
[287.486328] (-) TimerEvent: {}
[287.587390] (-) TimerEvent: {}
[287.688429] (-) TimerEvent: {}
[287.789405] (-) TimerEvent: {}
[287.890451] (-) TimerEvent: {}
[287.991569] (-) TimerEvent: {}
[288.092921] (-) TimerEvent: {}
[288.194018] (-) TimerEvent: {}
[288.295074] (-) TimerEvent: {}
[288.396139] (-) TimerEvent: {}
[288.497632] (-) TimerEvent: {}
[288.598822] (-) TimerEvent: {}
[288.700091] (-) TimerEvent: {}
[288.801510] (-) TimerEvent: {}
[288.902597] (-) TimerEvent: {}
[289.003732] (-) TimerEvent: {}
[289.104855] (-) TimerEvent: {}
[289.206201] (-) TimerEvent: {}
[289.307590] (-) TimerEvent: {}
[289.408859] (-) TimerEvent: {}
[289.509999] (-) TimerEvent: {}
[289.611036] (-) TimerEvent: {}
[289.712280] (-) TimerEvent: {}
[289.813682] (-) TimerEvent: {}
[289.914874] (-) TimerEvent: {}
[290.016034] (-) TimerEvent: {}
[290.117346] (-) TimerEvent: {}
[290.218611] (-) TimerEvent: {}
[290.319890] (-) TimerEvent: {}
[290.421029] (-) TimerEvent: {}
[290.522143] (-) TimerEvent: {}
[290.623287] (-) TimerEvent: {}
[290.724551] (-) TimerEvent: {}
[290.825664] (-) TimerEvent: {}
[290.926875] (-) TimerEvent: {}
[291.028073] (-) TimerEvent: {}
[291.129292] (-) TimerEvent: {}
[291.230710] (-) TimerEvent: {}
[291.331935] (-) TimerEvent: {}
[291.433237] (-) TimerEvent: {}
[291.534465] (-) TimerEvent: {}
[291.635614] (-) TimerEvent: {}
[291.736900] (-) TimerEvent: {}
[291.838183] (-) TimerEvent: {}
[291.939383] (-) TimerEvent: {}
[292.040517] (-) TimerEvent: {}
[292.141679] (-) TimerEvent: {}
[292.242947] (-) TimerEvent: {}
[292.344219] (-) TimerEvent: {}
[292.445507] (-) TimerEvent: {}
[292.547240] (-) TimerEvent: {}
[292.648666] (-) TimerEvent: {}
[292.749689] (-) TimerEvent: {}
[292.850797] (-) TimerEvent: {}
[292.951884] (-) TimerEvent: {}
[293.053021] (-) TimerEvent: {}
[293.154018] (-) TimerEvent: {}
[293.255107] (-) TimerEvent: {}
[293.356204] (-) TimerEvent: {}
[293.457404] (-) TimerEvent: {}
[293.558493] (-) TimerEvent: {}
[293.659659] (-) TimerEvent: {}
[293.760898] (-) TimerEvent: {}
[293.862004] (-) TimerEvent: {}
[293.963050] (-) TimerEvent: {}
[294.065529] (-) TimerEvent: {}
[294.166715] (-) TimerEvent: {}
[294.267903] (-) TimerEvent: {}
[294.369021] (-) TimerEvent: {}
[294.470086] (-) TimerEvent: {}
[294.571205] (-) TimerEvent: {}
[294.672370] (-) TimerEvent: {}
[294.773389] (-) TimerEvent: {}
[294.874506] (-) TimerEvent: {}
[294.975585] (-) TimerEvent: {}
[295.077107] (-) TimerEvent: {}
[295.178150] (-) TimerEvent: {}
[295.279210] (-) TimerEvent: {}
[295.380533] (-) TimerEvent: {}
[295.481666] (-) TimerEvent: {}
[295.582701] (-) TimerEvent: {}
[295.683737] (-) TimerEvent: {}
[295.784867] (-) TimerEvent: {}
[295.885936] (-) TimerEvent: {}
[295.987141] (-) TimerEvent: {}
[296.088166] (-) TimerEvent: {}
[296.189242] (-) TimerEvent: {}
[296.290268] (-) TimerEvent: {}
[296.391337] (-) TimerEvent: {}
[296.492535] (-) TimerEvent: {}
[296.593608] (-) TimerEvent: {}
[296.694718] (-) TimerEvent: {}
[296.795774] (-) TimerEvent: {}
[296.897145] (-) TimerEvent: {}
[296.998297] (-) TimerEvent: {}
[297.099357] (-) TimerEvent: {}
[297.200545] (-) TimerEvent: {}
[297.301569] (-) TimerEvent: {}
[297.402668] (-) TimerEvent: {}
[297.503755] (-) TimerEvent: {}
[297.604924] (-) TimerEvent: {}
[297.706049] (-) TimerEvent: {}
[297.807193] (-) TimerEvent: {}
[297.908814] (-) TimerEvent: {}
[298.010499] (-) TimerEvent: {}
[298.111623] (-) TimerEvent: {}
[298.214077] (-) TimerEvent: {}
[298.315168] (-) TimerEvent: {}
[298.416349] (-) TimerEvent: {}
[298.517414] (-) TimerEvent: {}
[298.618506] (-) TimerEvent: {}
[298.719687] (-) TimerEvent: {}
[298.820864] (-) TimerEvent: {}
[298.921886] (-) TimerEvent: {}
[299.022915] (-) TimerEvent: {}
[299.125276] (-) TimerEvent: {}
[299.226366] (-) TimerEvent: {}
[299.327588] (-) TimerEvent: {}
[299.428727] (-) TimerEvent: {}
[299.529814] (-) TimerEvent: {}
[299.631199] (-) TimerEvent: {}
[299.732294] (-) TimerEvent: {}
[299.833339] (-) TimerEvent: {}
[299.934606] (-) TimerEvent: {}
[300.035731] (-) TimerEvent: {}
[300.136848] (-) TimerEvent: {}
[300.237910] (-) TimerEvent: {}
[300.338986] (-) TimerEvent: {}
[300.440014] (-) TimerEvent: {}
[300.541161] (-) TimerEvent: {}
[300.642242] (-) TimerEvent: {}
[300.743335] (-) TimerEvent: {}
[300.844510] (-) TimerEvent: {}
[300.945609] (-) TimerEvent: {}
[301.047018] (-) TimerEvent: {}
[301.148080] (-) TimerEvent: {}
[301.249243] (-) TimerEvent: {}
[301.350388] (-) TimerEvent: {}
[301.451499] (-) TimerEvent: {}
[301.552590] (-) TimerEvent: {}
[301.653681] (-) TimerEvent: {}
[301.754785] (-) TimerEvent: {}
[301.855819] (-) TimerEvent: {}
[301.957309] (-) TimerEvent: {}
[302.058393] (-) TimerEvent: {}
[302.159515] (-) TimerEvent: {}
[302.260625] (-) TimerEvent: {}
[302.361694] (-) TimerEvent: {}
[302.462792] (-) TimerEvent: {}
[302.564084] (-) TimerEvent: {}
[302.665204] (-) TimerEvent: {}
[302.766262] (-) TimerEvent: {}
[302.867364] (-) TimerEvent: {}
[302.968691] (-) TimerEvent: {}
[303.069826] (-) TimerEvent: {}
[303.170960] (-) TimerEvent: {}
[303.272057] (-) TimerEvent: {}
[303.373323] (-) TimerEvent: {}
[303.474410] (-) TimerEvent: {}
[303.575636] (-) TimerEvent: {}
[303.676884] (-) TimerEvent: {}
[303.777994] (-) TimerEvent: {}
[303.879088] (-) TimerEvent: {}
[303.980541] (-) TimerEvent: {}
[304.088552] (-) TimerEvent: {}
[304.189638] (-) TimerEvent: {}
[304.290734] (-) TimerEvent: {}
[304.391828] (-) TimerEvent: {}
[304.493121] (-) TimerEvent: {}
[304.594252] (-) TimerEvent: {}
[304.695395] (-) TimerEvent: {}
[304.796547] (-) TimerEvent: {}
[304.898390] (-) TimerEvent: {}
[304.999489] (-) TimerEvent: {}
[305.100636] (-) TimerEvent: {}
[305.201742] (-) TimerEvent: {}
[305.302957] (-) TimerEvent: {}
[305.404025] (-) TimerEvent: {}
[305.505172] (-) TimerEvent: {}
[305.606299] (-) TimerEvent: {}
[305.707478] (-) TimerEvent: {}
[305.808639] (-) TimerEvent: {}
[305.909776] (-) TimerEvent: {}
[306.010895] (-) TimerEvent: {}
[306.111989] (-) TimerEvent: {}
[306.213147] (-) TimerEvent: {}
[306.315312] (-) TimerEvent: {}
[306.416464] (-) TimerEvent: {}
[306.517513] (-) TimerEvent: {}
[306.618623] (-) TimerEvent: {}
[306.719781] (-) TimerEvent: {}
[306.820887] (-) TimerEvent: {}
[306.923015] (-) TimerEvent: {}
[307.028781] (-) TimerEvent: {}
[307.129854] (-) TimerEvent: {}
[307.231092] (-) TimerEvent: {}
[307.336625] (-) TimerEvent: {}
[307.438696] (-) TimerEvent: {}
[307.539783] (-) TimerEvent: {}
[307.640950] (-) TimerEvent: {}
[307.742156] (-) TimerEvent: {}
[307.843217] (-) TimerEvent: {}
[307.944410] (-) TimerEvent: {}
[308.045443] (-) TimerEvent: {}
[308.146498] (-) TimerEvent: {}
[308.247905] (-) TimerEvent: {}
[308.349165] (-) TimerEvent: {}
[308.450225] (-) TimerEvent: {}
[308.551302] (-) TimerEvent: {}
[308.652464] (-) TimerEvent: {}
[308.754312] (-) TimerEvent: {}
[308.855357] (-) TimerEvent: {}
[308.956474] (-) TimerEvent: {}
[309.057535] (-) TimerEvent: {}
[309.158608] (-) TimerEvent: {}
[309.259697] (-) TimerEvent: {}
[309.360816] (-) TimerEvent: {}
[309.461923] (-) TimerEvent: {}
[309.562956] (-) TimerEvent: {}
[309.664406] (-) TimerEvent: {}
[309.765453] (-) TimerEvent: {}
[309.866636] (-) TimerEvent: {}
[309.967711] (-) TimerEvent: {}
[310.068811] (-) TimerEvent: {}
[310.170956] (-) TimerEvent: {}
[310.272109] (-) TimerEvent: {}
[310.373296] (-) TimerEvent: {}
[310.474377] (-) TimerEvent: {}
[310.576487] (-) TimerEvent: {}
[310.677566] (-) TimerEvent: {}
[310.778636] (-) TimerEvent: {}
[310.879726] (-) TimerEvent: {}
[310.981237] (-) TimerEvent: {}
[311.082315] (-) TimerEvent: {}
[311.183405] (-) TimerEvent: {}
[311.284550] (-) TimerEvent: {}
[311.385618] (-) TimerEvent: {}
[311.486750] (-) TimerEvent: {}
[311.587847] (-) TimerEvent: {}
[311.689018] (-) TimerEvent: {}
[311.790061] (-) TimerEvent: {}
[311.891154] (-) TimerEvent: {}
[311.992368] (-) TimerEvent: {}
[312.093562] (-) TimerEvent: {}
[312.194760] (-) TimerEvent: {}
[312.295900] (-) TimerEvent: {}
[312.397506] (-) TimerEvent: {}
[312.498689] (-) TimerEvent: {}
[312.599846] (-) TimerEvent: {}
[312.701203] (-) TimerEvent: {}
[312.802337] (-) TimerEvent: {}
[312.903543] (-) TimerEvent: {}
[313.004855] (-) TimerEvent: {}
[313.105950] (-) TimerEvent: {}
[313.207128] (-) TimerEvent: {}
[313.308407] (-) TimerEvent: {}
[313.409596] (-) TimerEvent: {}
[313.510771] (-) TimerEvent: {}
[313.611869] (-) TimerEvent: {}
[313.713104] (-) TimerEvent: {}
[313.814548] (-) TimerEvent: {}
[313.915604] (-) TimerEvent: {}
[314.016795] (-) TimerEvent: {}
[314.117925] (-) TimerEvent: {}
[314.219003] (-) TimerEvent: {}
[314.320081] (-) TimerEvent: {}
[314.421239] (-) TimerEvent: {}
[314.522427] (-) TimerEvent: {}
[314.623660] (-) TimerEvent: {}
[314.742813] (-) TimerEvent: {}
[314.879708] (-) TimerEvent: {}
[314.980739] (-) TimerEvent: {}
[315.081683] (-) TimerEvent: {}
[315.182648] (-) TimerEvent: {}
[315.283573] (-) TimerEvent: {}
[315.384579] (-) TimerEvent: {}
[315.485581] (-) TimerEvent: {}
[315.586590] (-) TimerEvent: {}
[315.687531] (-) TimerEvent: {}
[315.788567] (-) TimerEvent: {}
[315.889539] (-) TimerEvent: {}
[315.990556] (-) TimerEvent: {}
[316.091650] (-) TimerEvent: {}
[316.192809] (-) TimerEvent: {}
[316.293834] (-) TimerEvent: {}
[316.394821] (-) TimerEvent: {}
[316.495940] (-) TimerEvent: {}
[316.597059] (-) TimerEvent: {}
[316.698045] (-) TimerEvent: {}
[316.799032] (-) TimerEvent: {}
[316.900068] (-) TimerEvent: {}
[317.001569] (-) TimerEvent: {}
[317.102600] (-) TimerEvent: {}
[317.203743] (-) TimerEvent: {}
[317.304873] (-) TimerEvent: {}
[317.405961] (-) TimerEvent: {}
[317.507151] (-) TimerEvent: {}
[317.608209] (-) TimerEvent: {}
[317.709333] (-) TimerEvent: {}
[317.810423] (-) TimerEvent: {}
[317.912391] (-) TimerEvent: {}
[318.013437] (-) TimerEvent: {}
[318.114498] (-) TimerEvent: {}
[318.215487] (-) TimerEvent: {}
[318.316825] (-) TimerEvent: {}
[318.417878] (-) TimerEvent: {}
[318.518943] (-) TimerEvent: {}
[318.620004] (-) TimerEvent: {}
[318.721206] (-) TimerEvent: {}
[318.822263] (-) TimerEvent: {}
[318.923279] (-) TimerEvent: {}
[319.024400] (-) TimerEvent: {}
[319.125488] (-) TimerEvent: {}
[319.226636] (-) TimerEvent: {}
[319.327700] (-) TimerEvent: {}
[319.429000] (-) TimerEvent: {}
[319.530345] (-) TimerEvent: {}
[319.631438] (-) TimerEvent: {}
[319.732637] (-) TimerEvent: {}
[319.833731] (-) TimerEvent: {}
[319.934850] (-) TimerEvent: {}
[320.040648] (-) TimerEvent: {}
[320.141762] (-) TimerEvent: {}
[320.242842] (-) TimerEvent: {}
[320.344084] (-) TimerEvent: {}
[320.445242] (-) TimerEvent: {}
[320.546378] (-) TimerEvent: {}
[320.647541] (-) TimerEvent: {}
[320.748775] (-) TimerEvent: {}
[320.849869] (-) TimerEvent: {}
[320.950991] (-) TimerEvent: {}
[321.052154] (-) TimerEvent: {}
[321.153424] (-) TimerEvent: {}
[321.254576] (-) TimerEvent: {}
[321.356952] (-) TimerEvent: {}
[321.458379] (-) TimerEvent: {}
[321.559669] (-) TimerEvent: {}
[321.660929] (-) TimerEvent: {}
[321.762016] (-) TimerEvent: {}
[321.864444] (-) TimerEvent: {}
[321.965442] (-) TimerEvent: {}
[322.066662] (-) TimerEvent: {}
[322.167853] (-) TimerEvent: {}
[322.269047] (-) TimerEvent: {}
[322.370129] (-) TimerEvent: {}
[322.471208] (-) TimerEvent: {}
[322.572515] (-) TimerEvent: {}
[322.673656] (-) TimerEvent: {}
[322.774774] (-) TimerEvent: {}
[322.875920] (-) TimerEvent: {}
[322.977080] (-) TimerEvent: {}
[323.078116] (-) TimerEvent: {}
[323.179124] (-) TimerEvent: {}
[323.280199] (-) TimerEvent: {}
[323.381377] (-) TimerEvent: {}
[323.482372] (-) TimerEvent: {}
[323.583374] (-) TimerEvent: {}
[323.684494] (-) TimerEvent: {}
[323.785529] (-) TimerEvent: {}
[323.886569] (-) TimerEvent: {}
[323.987695] (-) TimerEvent: {}
[324.088767] (-) TimerEvent: {}
[324.189887] (-) TimerEvent: {}
[324.291038] (-) TimerEvent: {}
[324.392205] (-) TimerEvent: {}
[324.493566] (-) TimerEvent: {}
[324.594606] (-) TimerEvent: {}
[324.695659] (-) TimerEvent: {}
[324.796887] (-) TimerEvent: {}
[324.897997] (-) TimerEvent: {}
[324.999108] (-) TimerEvent: {}
[325.100301] (-) TimerEvent: {}
[325.201490] (-) TimerEvent: {}
[325.302687] (-) TimerEvent: {}
[325.403832] (-) TimerEvent: {}
[325.505037] (-) TimerEvent: {}
[325.606299] (-) TimerEvent: {}
[325.707471] (-) TimerEvent: {}
[325.808690] (-) TimerEvent: {}
[325.909869] (-) TimerEvent: {}
[326.011073] (-) TimerEvent: {}
[326.112157] (-) TimerEvent: {}
[326.213416] (-) TimerEvent: {}
[326.314591] (-) TimerEvent: {}
[326.415793] (-) TimerEvent: {}
[326.517064] (-) TimerEvent: {}
[326.618248] (-) TimerEvent: {}
[326.719506] (-) TimerEvent: {}
[326.820713] (-) TimerEvent: {}
[326.921706] (-) TimerEvent: {}
[327.022789] (-) TimerEvent: {}
[327.123900] (-) TimerEvent: {}
[327.226430] (-) TimerEvent: {}
[327.327559] (-) TimerEvent: {}
[327.428759] (-) TimerEvent: {}
[327.529876] (-) TimerEvent: {}
[327.630938] (-) TimerEvent: {}
[327.731963] (-) TimerEvent: {}
[327.833113] (-) TimerEvent: {}
[327.934191] (-) TimerEvent: {}
[328.035105] (-) TimerEvent: {}
[328.136161] (-) TimerEvent: {}
[328.237375] (-) TimerEvent: {}
[328.338422] (-) TimerEvent: {}
[328.439492] (-) TimerEvent: {}
[328.540641] (-) TimerEvent: {}
[328.641752] (-) TimerEvent: {}
[328.742815] (-) TimerEvent: {}
[328.843918] (-) TimerEvent: {}
[328.945037] (-) TimerEvent: {}
[329.046168] (-) TimerEvent: {}
[329.147202] (-) TimerEvent: {}
[329.248845] (-) TimerEvent: {}
[329.351798] (-) TimerEvent: {}
[329.452896] (-) TimerEvent: {}
[329.554044] (-) TimerEvent: {}
[329.655156] (-) TimerEvent: {}
[329.756388] (-) TimerEvent: {}
[329.857531] (-) TimerEvent: {}
[329.958570] (-) TimerEvent: {}
[330.059685] (-) TimerEvent: {}
[330.160889] (-) TimerEvent: {}
[330.261955] (-) TimerEvent: {}
[330.363014] (-) TimerEvent: {}
[330.464097] (-) TimerEvent: {}
[330.566488] (-) TimerEvent: {}
[330.668149] (-) TimerEvent: {}
[330.769374] (-) TimerEvent: {}
[330.870494] (-) TimerEvent: {}
[330.971528] (-) TimerEvent: {}
[331.072658] (-) TimerEvent: {}
[331.173674] (-) TimerEvent: {}
[331.274735] (-) TimerEvent: {}
[331.375746] (-) TimerEvent: {}
[331.477234] (-) TimerEvent: {}
[331.578286] (-) TimerEvent: {}
[331.679369] (-) TimerEvent: {}
[331.780534] (-) TimerEvent: {}
[331.881525] (-) TimerEvent: {}
[331.982777] (-) TimerEvent: {}
[332.084342] (-) TimerEvent: {}
[332.185375] (-) TimerEvent: {}
[332.286423] (-) TimerEvent: {}
[332.387532] (-) TimerEvent: {}
[332.488613] (-) TimerEvent: {}
[332.589767] (-) TimerEvent: {}
[332.690833] (-) TimerEvent: {}
[332.791904] (-) TimerEvent: {}
[332.893093] (-) TimerEvent: {}
[332.994127] (-) TimerEvent: {}
[333.095191] (-) TimerEvent: {}
[333.196385] (-) TimerEvent: {}
[333.297451] (-) TimerEvent: {}
[333.398579] (-) TimerEvent: {}
[333.500139] (-) TimerEvent: {}
[333.601302] (-) TimerEvent: {}
[333.702379] (-) TimerEvent: {}
[333.803519] (-) TimerEvent: {}
[333.905135] (-) TimerEvent: {}
[334.006357] (-) TimerEvent: {}
[334.107760] (-) TimerEvent: {}
[334.209166] (-) TimerEvent: {}
[334.310216] (-) TimerEvent: {}
[334.411312] (-) TimerEvent: {}
[334.512508] (-) TimerEvent: {}
[334.613612] (-) TimerEvent: {}
[334.714717] (-) TimerEvent: {}
[334.815711] (-) TimerEvent: {}
[334.916881] (-) TimerEvent: {}
[335.017907] (-) TimerEvent: {}
[335.118976] (-) TimerEvent: {}
[335.220117] (-) TimerEvent: {}
[335.321275] (-) TimerEvent: {}
[335.422314] (-) TimerEvent: {}
[335.523451] (-) TimerEvent: {}
[335.624595] (-) TimerEvent: {}
[335.725670] (-) TimerEvent: {}
[335.826718] (-) TimerEvent: {}
[335.927772] (-) TimerEvent: {}
[336.028947] (-) TimerEvent: {}
[336.130045] (-) TimerEvent: {}
[336.231124] (-) TimerEvent: {}
[336.332199] (-) TimerEvent: {}
[336.433457] (-) TimerEvent: {}
[336.534610] (-) TimerEvent: {}
[336.635736] (-) TimerEvent: {}
[336.737046] (-) TimerEvent: {}
[336.838157] (-) TimerEvent: {}
[336.939206] (-) TimerEvent: {}
[337.040437] (-) TimerEvent: {}
[337.141529] (-) TimerEvent: {}
[337.242719] (-) TimerEvent: {}
[337.343862] (-) TimerEvent: {}
[337.445211] (-) TimerEvent: {}
[337.546309] (-) TimerEvent: {}
[337.647429] (-) TimerEvent: {}
[337.748627] (-) TimerEvent: {}
[337.849712] (-) TimerEvent: {}
[337.950851] (-) TimerEvent: {}
[338.051998] (-) TimerEvent: {}
[338.153206] (-) TimerEvent: {}
[338.254261] (-) TimerEvent: {}
[338.355649] (-) TimerEvent: {}
[338.457015] (-) TimerEvent: {}
[338.558215] (-) TimerEvent: {}
[338.659329] (-) TimerEvent: {}
[338.761302] (-) TimerEvent: {}
[338.862361] (-) TimerEvent: {}
[338.963404] (-) TimerEvent: {}
[339.065303] (-) TimerEvent: {}
[339.166419] (-) TimerEvent: {}
[339.267543] (-) TimerEvent: {}
[339.368880] (-) TimerEvent: {}
[339.470038] (-) TimerEvent: {}
[339.571147] (-) TimerEvent: {}
[339.672425] (-) TimerEvent: {}
[339.773483] (-) TimerEvent: {}
[339.874615] (-) TimerEvent: {}
[339.975752] (-) TimerEvent: {}
[340.076922] (-) TimerEvent: {}
[340.178050] (-) TimerEvent: {}
[340.279208] (-) TimerEvent: {}
[340.380413] (-) TimerEvent: {}
[340.481522] (-) TimerEvent: {}
[340.582764] (-) TimerEvent: {}
[340.683911] (-) TimerEvent: {}
[340.785070] (-) TimerEvent: {}
[340.886139] (-) TimerEvent: {}
[340.987319] (-) TimerEvent: {}
[341.088454] (-) TimerEvent: {}
[341.190593] (-) TimerEvent: {}
[341.291796] (-) TimerEvent: {}
[341.393229] (-) TimerEvent: {}
[341.494292] (-) TimerEvent: {}
[341.595345] (-) TimerEvent: {}
[341.696578] (-) TimerEvent: {}
[341.797698] (-) TimerEvent: {}
[341.898827] (-) TimerEvent: {}
[341.999931] (-) TimerEvent: {}
[342.101103] (-) TimerEvent: {}
[342.202233] (-) TimerEvent: {}
[342.303375] (-) TimerEvent: {}
[342.404518] (-) TimerEvent: {}
[342.505764] (-) TimerEvent: {}
[342.606975] (-) TimerEvent: {}
[342.708898] (-) TimerEvent: {}
[342.810002] (-) TimerEvent: {}
[342.911226] (-) TimerEvent: {}
[343.012558] (-) TimerEvent: {}
[343.113747] (-) TimerEvent: {}
[343.214888] (-) TimerEvent: {}
[343.316002] (-) TimerEvent: {}
[343.417163] (-) TimerEvent: {}
[343.518193] (-) TimerEvent: {}
[343.619727] (-) TimerEvent: {}
[343.720868] (-) TimerEvent: {}
[343.821918] (-) TimerEvent: {}
[343.922997] (-) TimerEvent: {}
[344.024372] (-) TimerEvent: {}
[344.125439] (-) TimerEvent: {}
[344.226571] (-) TimerEvent: {}
[344.327657] (-) TimerEvent: {}
[344.428874] (-) TimerEvent: {}
[344.530073] (-) TimerEvent: {}
[344.631144] (-) TimerEvent: {}
[344.732321] (-) TimerEvent: {}
[344.833460] (-) TimerEvent: {}
[344.934626] (-) TimerEvent: {}
[345.035886] (-) TimerEvent: {}
[345.080683] (gazebo_ros) StdoutLine: {'line': b'[ 34%] \x1b[32m\x1b[1mLinking CXX shared library libargs_init.so\x1b[0m\n'}
[345.136180] (-) TimerEvent: {}
[345.237375] (-) TimerEvent: {}
[345.338389] (-) TimerEvent: {}
[345.439438] (-) TimerEvent: {}
[345.540659] (-) TimerEvent: {}
[345.641847] (-) TimerEvent: {}
[345.743079] (-) TimerEvent: {}
[345.844193] (-) TimerEvent: {}
[345.945413] (-) TimerEvent: {}
[346.046600] (-) TimerEvent: {}
[346.147720] (-) TimerEvent: {}
[346.249027] (-) TimerEvent: {}
[346.350180] (-) TimerEvent: {}
[346.451343] (-) TimerEvent: {}
[346.552542] (-) TimerEvent: {}
[346.653637] (-) TimerEvent: {}
[346.754755] (-) TimerEvent: {}
[346.855916] (-) TimerEvent: {}
[346.957099] (-) TimerEvent: {}
[347.058186] (-) TimerEvent: {}
[347.159278] (-) TimerEvent: {}
[347.222317] (gazebo_ros) StdoutLine: {'line': b'[ 34%] Built target args_init\n'}
[347.259603] (-) TimerEvent: {}
[347.361945] (-) TimerEvent: {}
[347.463114] (-) TimerEvent: {}
[347.564315] (-) TimerEvent: {}
[347.665510] (-) TimerEvent: {}
[347.766745] (-) TimerEvent: {}
[347.867977] (-) TimerEvent: {}
[347.969157] (-) TimerEvent: {}
[348.070239] (-) TimerEvent: {}
[348.171385] (-) TimerEvent: {}
[348.272593] (-) TimerEvent: {}
[348.373735] (-) TimerEvent: {}
[348.474896] (-) TimerEvent: {}
[348.576069] (-) TimerEvent: {}
[348.677310] (-) TimerEvent: {}
[348.778457] (-) TimerEvent: {}
[348.879866] (-) TimerEvent: {}
[348.981310] (-) TimerEvent: {}
[349.082401] (-) TimerEvent: {}
[349.183625] (-) TimerEvent: {}
[349.284765] (-) TimerEvent: {}
[349.385827] (-) TimerEvent: {}
[349.486893] (-) TimerEvent: {}
[349.588059] (-) TimerEvent: {}
[349.689250] (-) TimerEvent: {}
[349.790402] (-) TimerEvent: {}
[349.892495] (-) TimerEvent: {}
[349.993639] (-) TimerEvent: {}
[350.094680] (-) TimerEvent: {}
[350.195715] (-) TimerEvent: {}
[350.296799] (-) TimerEvent: {}
[350.397904] (-) TimerEvent: {}
[350.498959] (-) TimerEvent: {}
[350.600063] (-) TimerEvent: {}
[350.701230] (-) TimerEvent: {}
[350.802288] (-) TimerEvent: {}
[350.903413] (-) TimerEvent: {}
[351.004576] (-) TimerEvent: {}
[351.105653] (-) TimerEvent: {}
[351.206647] (-) TimerEvent: {}
[351.307677] (-) TimerEvent: {}
[351.409984] (-) TimerEvent: {}
[351.511971] (-) TimerEvent: {}
[351.613051] (-) TimerEvent: {}
[351.715295] (-) TimerEvent: {}
[351.816414] (-) TimerEvent: {}
[351.917501] (-) TimerEvent: {}
[352.019500] (-) TimerEvent: {}
[352.120721] (-) TimerEvent: {}
[352.221893] (-) TimerEvent: {}
[352.323052] (-) TimerEvent: {}
[352.399473] (gazebo_ros) StdoutLine: {'line': b'[ 35%] \x1b[32mBuilding CXX object test/CMakeFiles/create_node_without_init.dir/plugins/create_node_without_init.cpp.o\x1b[0m\n'}
[352.423343] (-) TimerEvent: {}
[352.524547] (-) TimerEvent: {}
[352.625784] (-) TimerEvent: {}
[352.726870] (-) TimerEvent: {}
[352.828032] (-) TimerEvent: {}
[352.929189] (-) TimerEvent: {}
[353.030346] (-) TimerEvent: {}
[353.131467] (-) TimerEvent: {}
[353.232645] (-) TimerEvent: {}
[353.333779] (-) TimerEvent: {}
[353.434993] (-) TimerEvent: {}
[353.536177] (-) TimerEvent: {}
[353.637486] (-) TimerEvent: {}
[353.739732] (-) TimerEvent: {}
[353.840998] (-) TimerEvent: {}
[353.942088] (-) TimerEvent: {}
[354.043294] (-) TimerEvent: {}
[354.144507] (-) TimerEvent: {}
[354.245661] (-) TimerEvent: {}
[354.346837] (-) TimerEvent: {}
[354.449072] (-) TimerEvent: {}
[354.550205] (-) TimerEvent: {}
[354.651356] (-) TimerEvent: {}
[354.752556] (-) TimerEvent: {}
[354.853699] (-) TimerEvent: {}
[354.954910] (-) TimerEvent: {}
[355.056043] (-) TimerEvent: {}
[355.157164] (-) TimerEvent: {}
[355.258225] (-) TimerEvent: {}
[355.359379] (-) TimerEvent: {}
[355.460667] (-) TimerEvent: {}
[355.561960] (-) TimerEvent: {}
[355.663202] (-) TimerEvent: {}
[355.764525] (-) TimerEvent: {}
[355.865636] (-) TimerEvent: {}
[355.966899] (-) TimerEvent: {}
[356.068417] (-) TimerEvent: {}
[356.169794] (-) TimerEvent: {}
[356.270999] (-) TimerEvent: {}
[356.372205] (-) TimerEvent: {}
[356.473549] (-) TimerEvent: {}
[356.574841] (-) TimerEvent: {}
[356.676128] (-) TimerEvent: {}
[356.777923] (-) TimerEvent: {}
[356.879173] (-) TimerEvent: {}
[356.980606] (-) TimerEvent: {}
[357.081973] (-) TimerEvent: {}
[357.183514] (-) TimerEvent: {}
[357.284916] (-) TimerEvent: {}
[357.386294] (-) TimerEvent: {}
[357.487622] (-) TimerEvent: {}
[357.589050] (-) TimerEvent: {}
[357.690550] (-) TimerEvent: {}
[357.791946] (-) TimerEvent: {}
[357.893366] (-) TimerEvent: {}
[357.994641] (-) TimerEvent: {}
[358.096047] (-) TimerEvent: {}
[358.197449] (-) TimerEvent: {}
[358.298703] (-) TimerEvent: {}
[358.400154] (-) TimerEvent: {}
[358.502189] (-) TimerEvent: {}
[358.603462] (-) TimerEvent: {}
[358.704790] (-) TimerEvent: {}
[358.806077] (-) TimerEvent: {}
[358.907426] (-) TimerEvent: {}
[359.008837] (-) TimerEvent: {}
[359.110042] (-) TimerEvent: {}
[359.211207] (-) TimerEvent: {}
[359.312456] (-) TimerEvent: {}
[359.413655] (-) TimerEvent: {}
[359.514848] (-) TimerEvent: {}
[359.616501] (-) TimerEvent: {}
[359.717826] (-) TimerEvent: {}
[359.819195] (-) TimerEvent: {}
[359.920620] (-) TimerEvent: {}
[360.021904] (-) TimerEvent: {}
[360.123155] (-) TimerEvent: {}
[360.224586] (-) TimerEvent: {}
[360.326004] (-) TimerEvent: {}
[360.427209] (-) TimerEvent: {}
[360.528498] (-) TimerEvent: {}
[360.630685] (-) TimerEvent: {}
[360.732067] (-) TimerEvent: {}
[360.833528] (-) TimerEvent: {}
[360.934806] (-) TimerEvent: {}
[361.035993] (-) TimerEvent: {}
[361.137180] (-) TimerEvent: {}
[361.238440] (-) TimerEvent: {}
[361.339684] (-) TimerEvent: {}
[361.440951] (-) TimerEvent: {}
[361.542389] (-) TimerEvent: {}
[361.643855] (-) TimerEvent: {}
[361.745352] (-) TimerEvent: {}
[361.846615] (-) TimerEvent: {}
[361.947789] (-) TimerEvent: {}
[362.049290] (-) TimerEvent: {}
[362.150676] (-) TimerEvent: {}
[362.252044] (-) TimerEvent: {}
[362.353378] (-) TimerEvent: {}
[362.454546] (-) TimerEvent: {}
[362.555737] (-) TimerEvent: {}
[362.656980] (-) TimerEvent: {}
[362.758153] (-) TimerEvent: {}
[362.859497] (-) TimerEvent: {}
[362.960714] (-) TimerEvent: {}
[363.061906] (-) TimerEvent: {}
[363.163070] (-) TimerEvent: {}
[363.264357] (-) TimerEvent: {}
[363.365670] (-) TimerEvent: {}
[363.468092] (-) TimerEvent: {}
[363.569432] (-) TimerEvent: {}
[363.670694] (-) TimerEvent: {}
[363.772053] (-) TimerEvent: {}
[363.873405] (-) TimerEvent: {}
[363.974775] (-) TimerEvent: {}
[364.076135] (-) TimerEvent: {}
[364.177381] (-) TimerEvent: {}
[364.278663] (-) TimerEvent: {}
[364.379986] (-) TimerEvent: {}
[364.482383] (-) TimerEvent: {}
[364.583674] (-) TimerEvent: {}
[364.684933] (-) TimerEvent: {}
[364.786197] (-) TimerEvent: {}
[364.887454] (-) TimerEvent: {}
[364.988762] (-) TimerEvent: {}
[365.089990] (-) TimerEvent: {}
[365.191290] (-) TimerEvent: {}
[365.296062] (-) TimerEvent: {}
[365.397371] (-) TimerEvent: {}
[365.498636] (-) TimerEvent: {}
[365.599931] (-) TimerEvent: {}
[365.701262] (-) TimerEvent: {}
[365.803082] (-) TimerEvent: {}
[365.904425] (-) TimerEvent: {}
[366.005624] (-) TimerEvent: {}
[366.107096] (-) TimerEvent: {}
[366.208401] (-) TimerEvent: {}
[366.309563] (-) TimerEvent: {}
[366.411228] (-) TimerEvent: {}
[366.512534] (-) TimerEvent: {}
[366.540122] (gazebo_ros) StdoutLine: {'line': b'[ 37%] \x1b[32m\x1b[1mLinking CXX shared library libgazebo_ros_force_system.so\x1b[0m\n'}
[366.612778] (-) TimerEvent: {}
[366.713754] (-) TimerEvent: {}
[366.814747] (-) TimerEvent: {}
[366.916453] (-) TimerEvent: {}
[367.017589] (-) TimerEvent: {}
[367.119721] (-) TimerEvent: {}
[367.220889] (-) TimerEvent: {}
[367.322378] (-) TimerEvent: {}
[367.423419] (-) TimerEvent: {}
[367.524552] (-) TimerEvent: {}
[367.625752] (-) TimerEvent: {}
[367.726820] (-) TimerEvent: {}
[367.827896] (-) TimerEvent: {}
[367.928881] (-) TimerEvent: {}
[368.030059] (-) TimerEvent: {}
[368.130984] (-) TimerEvent: {}
[368.231992] (-) TimerEvent: {}
[368.333246] (-) TimerEvent: {}
[368.434236] (-) TimerEvent: {}
[368.535201] (-) TimerEvent: {}
[368.636205] (-) TimerEvent: {}
[368.737368] (-) TimerEvent: {}
[368.838431] (-) TimerEvent: {}
[368.939458] (-) TimerEvent: {}
[369.040472] (-) TimerEvent: {}
[369.141410] (-) TimerEvent: {}
[369.242463] (-) TimerEvent: {}
[369.343316] (-) TimerEvent: {}
[369.444142] (-) TimerEvent: {}
[369.546175] (-) TimerEvent: {}
[369.647156] (-) TimerEvent: {}
[369.748102] (-) TimerEvent: {}
[369.849053] (-) TimerEvent: {}
[369.949937] (-) TimerEvent: {}
[370.050856] (-) TimerEvent: {}
[370.145593] (gazebo_ros) StdoutLine: {'line': b'[ 37%] Built target gazebo_ros_force_system\n'}
[370.151071] (-) TimerEvent: {}
[370.252018] (-) TimerEvent: {}
[370.352998] (-) TimerEvent: {}
[370.454035] (-) TimerEvent: {}
[370.554941] (-) TimerEvent: {}
[370.655953] (-) TimerEvent: {}
[370.757007] (-) TimerEvent: {}
[370.857943] (-) TimerEvent: {}
[370.958939] (-) TimerEvent: {}
[371.059895] (-) TimerEvent: {}
[371.161048] (-) TimerEvent: {}
[371.262080] (-) TimerEvent: {}
[371.363132] (-) TimerEvent: {}
[371.465149] (-) TimerEvent: {}
[371.565992] (-) TimerEvent: {}
[371.663531] (gazebo_ros) StdoutLine: {'line': b'[ 39%] \x1b[32m\x1b[1mLinking CXX shared library libgazebo_ros_state.so\x1b[0m\n'}
[371.666263] (-) TimerEvent: {}
[371.767201] (-) TimerEvent: {}
[371.868341] (-) TimerEvent: {}
[371.969475] (-) TimerEvent: {}
[372.070669] (-) TimerEvent: {}
[372.171704] (-) TimerEvent: {}
[372.272950] (-) TimerEvent: {}
[372.374098] (-) TimerEvent: {}
[372.475537] (-) TimerEvent: {}
[372.580631] (-) TimerEvent: {}
[372.682845] (-) TimerEvent: {}
[372.784036] (-) TimerEvent: {}
[372.888827] (-) TimerEvent: {}
[372.990049] (-) TimerEvent: {}
[373.091294] (-) TimerEvent: {}
[373.193292] (-) TimerEvent: {}
[373.298702] (-) TimerEvent: {}
[373.318703] (gazebo_ros) StdoutLine: {'line': b'[ 40%] \x1b[32mBuilding CXX object test/CMakeFiles/multiple_nodes.dir/plugins/multiple_nodes.cpp.o\x1b[0m\n'}
[373.398972] (-) TimerEvent: {}
[373.499864] (-) TimerEvent: {}
[373.600859] (-) TimerEvent: {}
[373.701808] (-) TimerEvent: {}
[373.802662] (-) TimerEvent: {}
[373.903669] (-) TimerEvent: {}
[374.004578] (-) TimerEvent: {}
[374.105430] (-) TimerEvent: {}
[374.206339] (-) TimerEvent: {}
[374.307216] (-) TimerEvent: {}
[374.408203] (-) TimerEvent: {}
[374.509199] (-) TimerEvent: {}
[374.610176] (-) TimerEvent: {}
[374.711138] (-) TimerEvent: {}
[374.812079] (-) TimerEvent: {}
[374.913076] (-) TimerEvent: {}
[375.013970] (-) TimerEvent: {}
[375.115070] (-) TimerEvent: {}
[375.215984] (-) TimerEvent: {}
[375.262033] (gazebo_ros) StdoutLine: {'line': b'[ 40%] Built target gazebo_ros_state\n'}
[375.316318] (-) TimerEvent: {}
[375.417341] (-) TimerEvent: {}
[375.477930] (gazebo_ros) StdoutLine: {'line': b'[ 42%] \x1b[32mBuilding CXX object test/CMakeFiles/ros_world_plugin.dir/plugins/ros_world_plugin.cpp.o\x1b[0m\n'}
[375.517619] (-) TimerEvent: {}
[375.618607] (-) TimerEvent: {}
[375.719590] (-) TimerEvent: {}
[375.820589] (-) TimerEvent: {}
[375.884340] (gazebo_ros) StdoutLine: {'line': b'[ 43%] \x1b[32m\x1b[1mLinking CXX shared library libgazebo_ros_factory.so\x1b[0m\n'}
[375.920860] (-) TimerEvent: {}
[376.021827] (-) TimerEvent: {}
[376.122726] (-) TimerEvent: {}
[376.223733] (-) TimerEvent: {}
[376.324754] (-) TimerEvent: {}
[376.425687] (-) TimerEvent: {}
[376.526725] (-) TimerEvent: {}
[376.627753] (-) TimerEvent: {}
[376.728930] (-) TimerEvent: {}
[376.830048] (-) TimerEvent: {}
[376.931077] (-) TimerEvent: {}
[377.032479] (-) TimerEvent: {}
[377.133426] (-) TimerEvent: {}
[377.234470] (-) TimerEvent: {}
[377.335427] (-) TimerEvent: {}
[377.436539] (-) TimerEvent: {}
[377.537516] (-) TimerEvent: {}
[377.638621] (-) TimerEvent: {}
[377.739573] (-) TimerEvent: {}
[377.840630] (-) TimerEvent: {}
[377.941583] (-) TimerEvent: {}
[378.042870] (-) TimerEvent: {}
[378.143873] (-) TimerEvent: {}
[378.244910] (-) TimerEvent: {}
[378.345876] (-) TimerEvent: {}
[378.446804] (-) TimerEvent: {}
[378.547720] (-) TimerEvent: {}
[378.649023] (-) TimerEvent: {}
[378.749936] (-) TimerEvent: {}
[378.850899] (-) TimerEvent: {}
[378.952481] (-) TimerEvent: {}
[379.053476] (-) TimerEvent: {}
[379.154411] (-) TimerEvent: {}
[379.162408] (gazebo_ros) StdoutLine: {'line': b'[ 43%] Built target gazebo_ros_factory\n'}
[379.254742] (-) TimerEvent: {}
[379.301864] (gazebo_ros) StdoutLine: {'line': b'[ 45%] \x1b[32mBuilding CXX object test/CMakeFiles/sdf_node.dir/plugins/sdf_node.cpp.o\x1b[0m\n'}
[379.355041] (-) TimerEvent: {}
[379.456037] (-) TimerEvent: {}
[379.557144] (-) TimerEvent: {}
[379.658063] (-) TimerEvent: {}
[379.759062] (-) TimerEvent: {}
[379.860118] (-) TimerEvent: {}
[379.961232] (-) TimerEvent: {}
[380.062199] (-) TimerEvent: {}
[380.163141] (-) TimerEvent: {}
[380.264090] (-) TimerEvent: {}
[380.365340] (-) TimerEvent: {}
[380.466263] (-) TimerEvent: {}
[380.567200] (-) TimerEvent: {}
[380.668190] (-) TimerEvent: {}
[380.769180] (-) TimerEvent: {}
[380.870088] (-) TimerEvent: {}
[380.971038] (-) TimerEvent: {}
[381.003568] (gazebo_ros) StdoutLine: {'line': b'[ 46%] \x1b[32m\x1b[1mLinking CXX shared library libgazebo_ros_init.so\x1b[0m\n'}
[381.071325] (-) TimerEvent: {}
[381.172424] (-) TimerEvent: {}
[381.273863] (-) TimerEvent: {}
[381.374834] (-) TimerEvent: {}
[381.476027] (-) TimerEvent: {}
[381.577119] (-) TimerEvent: {}
[381.679343] (-) TimerEvent: {}
[381.780430] (-) TimerEvent: {}
[381.881765] (-) TimerEvent: {}
[381.982902] (-) TimerEvent: {}
[382.084017] (-) TimerEvent: {}
[382.185097] (-) TimerEvent: {}
[382.286157] (-) TimerEvent: {}
[382.387299] (-) TimerEvent: {}
[382.488826] (-) TimerEvent: {}
[382.590096] (-) TimerEvent: {}
[382.691265] (-) TimerEvent: {}
[382.792498] (-) TimerEvent: {}
[382.893759] (-) TimerEvent: {}
[382.994829] (-) TimerEvent: {}
[383.095951] (-) TimerEvent: {}
[383.196984] (-) TimerEvent: {}
[383.299549] (-) TimerEvent: {}
[383.400815] (-) TimerEvent: {}
[383.501930] (-) TimerEvent: {}
[383.603057] (-) TimerEvent: {}
[383.704139] (-) TimerEvent: {}
[383.805300] (-) TimerEvent: {}
[383.906520] (-) TimerEvent: {}
[384.007514] (-) TimerEvent: {}
[384.108517] (-) TimerEvent: {}
[384.210676] (-) TimerEvent: {}
[384.311714] (-) TimerEvent: {}
[384.412767] (-) TimerEvent: {}
[384.513782] (-) TimerEvent: {}
[384.615080] (-) TimerEvent: {}
[384.716151] (-) TimerEvent: {}
[384.817292] (-) TimerEvent: {}
[384.918315] (-) TimerEvent: {}
[385.019240] (-) TimerEvent: {}
[385.120461] (-) TimerEvent: {}
[385.204285] (gazebo_ros) StdoutLine: {'line': b'[ 46%] Built target gazebo_ros_init\n'}
[385.220559] (-) TimerEvent: {}
[385.321509] (-) TimerEvent: {}
[385.354437] (gazebo_ros) StdoutLine: {'line': b'[ 48%] \x1b[32mBuilding CXX object test/CMakeFiles/test_conversions.dir/test_conversions.cpp.o\x1b[0m\n'}
[385.421771] (-) TimerEvent: {}
[385.522726] (-) TimerEvent: {}
[385.623660] (-) TimerEvent: {}
[385.724667] (-) TimerEvent: {}
[385.825680] (-) TimerEvent: {}
[385.926647] (-) TimerEvent: {}
[386.027666] (-) TimerEvent: {}
[386.128766] (-) TimerEvent: {}
[386.229845] (-) TimerEvent: {}
[386.330897] (-) TimerEvent: {}
[386.432129] (-) TimerEvent: {}
[386.533157] (-) TimerEvent: {}
[386.634156] (-) TimerEvent: {}
[386.735108] (-) TimerEvent: {}
[386.836057] (-) TimerEvent: {}
[386.937102] (-) TimerEvent: {}
[387.038109] (-) TimerEvent: {}
[387.139211] (-) TimerEvent: {}
[387.240711] (-) TimerEvent: {}
[387.341752] (-) TimerEvent: {}
[387.442782] (-) TimerEvent: {}
[387.543770] (-) TimerEvent: {}
[387.644804] (-) TimerEvent: {}
[387.745809] (-) TimerEvent: {}
[387.846829] (-) TimerEvent: {}
[387.947941] (-) TimerEvent: {}
[388.050670] (-) TimerEvent: {}
[388.152865] (-) TimerEvent: {}
[388.255135] (-) TimerEvent: {}
[388.356163] (-) TimerEvent: {}
[388.457263] (-) TimerEvent: {}
[388.558268] (-) TimerEvent: {}
[388.659275] (-) TimerEvent: {}
[388.760383] (-) TimerEvent: {}
[388.861395] (-) TimerEvent: {}
[388.962505] (-) TimerEvent: {}
[389.063545] (-) TimerEvent: {}
[389.164600] (-) TimerEvent: {}
[389.265844] (-) TimerEvent: {}
[389.323726] (gazebo_ros) StdoutLine: {'line': b'[ 50%] \x1b[32m\x1b[1mLinking CXX shared library libgazebo_ros_properties.so\x1b[0m\n'}
[389.366091] (-) TimerEvent: {}
[389.467190] (-) TimerEvent: {}
[389.568436] (-) TimerEvent: {}
[389.669446] (-) TimerEvent: {}
[389.770534] (-) TimerEvent: {}
[389.871630] (-) TimerEvent: {}
[389.972733] (-) TimerEvent: {}
[390.073922] (-) TimerEvent: {}
[390.175036] (-) TimerEvent: {}
[390.276156] (-) TimerEvent: {}
[390.377524] (-) TimerEvent: {}
[390.478628] (-) TimerEvent: {}
[390.579767] (-) TimerEvent: {}
[390.681065] (-) TimerEvent: {}
[390.782250] (-) TimerEvent: {}
[390.883446] (-) TimerEvent: {}
[390.984570] (-) TimerEvent: {}
[391.085771] (-) TimerEvent: {}
[391.187992] (-) TimerEvent: {}
[391.289281] (-) TimerEvent: {}
[391.390422] (-) TimerEvent: {}
[391.491623] (-) TimerEvent: {}
[391.592891] (-) TimerEvent: {}
[391.694237] (-) TimerEvent: {}
[391.795503] (-) TimerEvent: {}
[391.896789] (-) TimerEvent: {}
[391.998113] (-) TimerEvent: {}
[392.099286] (-) TimerEvent: {}
[392.200707] (-) TimerEvent: {}
[392.301909] (-) TimerEvent: {}
[392.404114] (-) TimerEvent: {}
[392.505290] (-) TimerEvent: {}
[392.606409] (-) TimerEvent: {}
[392.707566] (-) TimerEvent: {}
[392.808719] (-) TimerEvent: {}
[392.909890] (-) TimerEvent: {}
[393.011025] (-) TimerEvent: {}
[393.112134] (-) TimerEvent: {}
[393.213359] (-) TimerEvent: {}
[393.314482] (-) TimerEvent: {}
[393.415648] (-) TimerEvent: {}
[393.517074] (-) TimerEvent: {}
[393.618197] (-) TimerEvent: {}
[393.719477] (-) TimerEvent: {}
[393.820735] (-) TimerEvent: {}
[393.826206] (gazebo_ros) StdoutLine: {'line': b'[ 50%] Built target gazebo_ros_properties\n'}
[393.921054] (-) TimerEvent: {}
[394.022171] (-) TimerEvent: {}
[394.123283] (-) TimerEvent: {}
[394.224379] (-) TimerEvent: {}
[394.326550] (-) TimerEvent: {}
[394.427790] (-) TimerEvent: {}
[394.529015] (-) TimerEvent: {}
[394.630242] (-) TimerEvent: {}
[394.732329] (-) TimerEvent: {}
[394.833570] (-) TimerEvent: {}
[394.934838] (-) TimerEvent: {}
[395.035972] (-) TimerEvent: {}
[395.137251] (-) TimerEvent: {}
[395.238294] (-) TimerEvent: {}
[395.339368] (-) TimerEvent: {}
[395.440583] (-) TimerEvent: {}
[395.541624] (-) TimerEvent: {}
[395.642624] (-) TimerEvent: {}
[395.743624] (-) TimerEvent: {}
[395.844796] (-) TimerEvent: {}
[395.946902] (-) TimerEvent: {}
[396.047962] (-) TimerEvent: {}
[396.149063] (-) TimerEvent: {}
[396.250132] (-) TimerEvent: {}
[396.351202] (-) TimerEvent: {}
[396.452361] (-) TimerEvent: {}
[396.553391] (-) TimerEvent: {}
[396.654543] (-) TimerEvent: {}
[396.755811] (-) TimerEvent: {}
[396.856898] (-) TimerEvent: {}
[396.957973] (-) TimerEvent: {}
[397.059113] (-) TimerEvent: {}
[397.160372] (-) TimerEvent: {}
[397.261486] (-) TimerEvent: {}
[397.362550] (-) TimerEvent: {}
[397.463742] (-) TimerEvent: {}
[397.564867] (-) TimerEvent: {}
[397.666350] (-) TimerEvent: {}
[397.767407] (-) TimerEvent: {}
[397.868509] (-) TimerEvent: {}
[397.969541] (-) TimerEvent: {}
[397.991617] (gazebo_ros) StdoutLine: {'line': b'[ 51%] \x1b[32mBuilding CXX object test/CMakeFiles/test_gazebo_ros_factory.dir/test_gazebo_ros_factory.cpp.o\x1b[0m\n'}
[398.069853] (-) TimerEvent: {}
[398.170880] (-) TimerEvent: {}
[398.271946] (-) TimerEvent: {}
[398.373091] (-) TimerEvent: {}
[398.474109] (-) TimerEvent: {}
[398.575219] (-) TimerEvent: {}
[398.676203] (-) TimerEvent: {}
[398.777348] (-) TimerEvent: {}
[398.878400] (-) TimerEvent: {}
[398.979462] (-) TimerEvent: {}
[399.080567] (-) TimerEvent: {}
[399.181568] (-) TimerEvent: {}
[399.282546] (-) TimerEvent: {}
[399.383623] (-) TimerEvent: {}
[399.484912] (-) TimerEvent: {}
[399.586029] (-) TimerEvent: {}
[399.687061] (-) TimerEvent: {}
[399.788208] (-) TimerEvent: {}
[399.889352] (-) TimerEvent: {}
[399.990430] (-) TimerEvent: {}
[400.091469] (-) TimerEvent: {}
[400.192660] (-) TimerEvent: {}
[400.293702] (-) TimerEvent: {}
[400.394729] (-) TimerEvent: {}
[400.495739] (-) TimerEvent: {}
[400.596841] (-) TimerEvent: {}
[400.697847] (-) TimerEvent: {}
[400.798832] (-) TimerEvent: {}
[400.899920] (-) TimerEvent: {}
[401.001011] (-) TimerEvent: {}
[401.102035] (-) TimerEvent: {}
[401.203102] (-) TimerEvent: {}
[401.304151] (-) TimerEvent: {}
[401.405341] (-) TimerEvent: {}
[401.506583] (-) TimerEvent: {}
[401.607634] (-) TimerEvent: {}
[401.708756] (-) TimerEvent: {}
[401.809830] (-) TimerEvent: {}
[401.911021] (-) TimerEvent: {}
[402.012188] (-) TimerEvent: {}
[402.114454] (-) TimerEvent: {}
[402.215519] (-) TimerEvent: {}
[402.316601] (-) TimerEvent: {}
[402.417683] (-) TimerEvent: {}
[402.518729] (-) TimerEvent: {}
[402.619789] (-) TimerEvent: {}
[402.721034] (-) TimerEvent: {}
[402.822124] (-) TimerEvent: {}
[402.923191] (-) TimerEvent: {}
[403.024295] (-) TimerEvent: {}
[403.125379] (-) TimerEvent: {}
[403.226436] (-) TimerEvent: {}
[403.327468] (-) TimerEvent: {}
[403.428534] (-) TimerEvent: {}
[403.529578] (-) TimerEvent: {}
[403.630647] (-) TimerEvent: {}
[403.731799] (-) TimerEvent: {}
[403.833088] (-) TimerEvent: {}
[403.934114] (-) TimerEvent: {}
[404.035332] (-) TimerEvent: {}
[404.136476] (-) TimerEvent: {}
[404.237515] (-) TimerEvent: {}
[404.338531] (-) TimerEvent: {}
[404.439595] (-) TimerEvent: {}
[404.540674] (-) TimerEvent: {}
[404.641765] (-) TimerEvent: {}
[404.742906] (-) TimerEvent: {}
[404.844979] (-) TimerEvent: {}
[404.946055] (-) TimerEvent: {}
[405.047069] (-) TimerEvent: {}
[405.148078] (-) TimerEvent: {}
[405.249187] (-) TimerEvent: {}
[405.350250] (-) TimerEvent: {}
[405.451317] (-) TimerEvent: {}
[405.552428] (-) TimerEvent: {}
[405.653425] (-) TimerEvent: {}
[405.754637] (-) TimerEvent: {}
[405.855796] (-) TimerEvent: {}
[405.957021] (-) TimerEvent: {}
[406.058255] (-) TimerEvent: {}
[406.159433] (-) TimerEvent: {}
[406.260629] (-) TimerEvent: {}
[406.361959] (-) TimerEvent: {}
[406.463075] (-) TimerEvent: {}
[406.564355] (-) TimerEvent: {}
[406.665630] (-) TimerEvent: {}
[406.768031] (-) TimerEvent: {}
[406.869278] (-) TimerEvent: {}
[406.970633] (-) TimerEvent: {}
[407.072618] (-) TimerEvent: {}
[407.173754] (-) TimerEvent: {}
[407.276038] (-) TimerEvent: {}
[407.377403] (-) TimerEvent: {}
[407.478617] (-) TimerEvent: {}
[407.579837] (-) TimerEvent: {}
[407.681005] (-) TimerEvent: {}
[407.782170] (-) TimerEvent: {}
[407.883332] (-) TimerEvent: {}
[407.984604] (-) TimerEvent: {}
[408.085708] (-) TimerEvent: {}
[408.186864] (-) TimerEvent: {}
[408.288050] (-) TimerEvent: {}
[408.389425] (-) TimerEvent: {}
[408.490790] (-) TimerEvent: {}
[408.592041] (-) TimerEvent: {}
[408.694992] (-) TimerEvent: {}
[408.796176] (-) TimerEvent: {}
[408.897441] (-) TimerEvent: {}
[408.998668] (-) TimerEvent: {}
[409.099797] (-) TimerEvent: {}
[409.201067] (-) TimerEvent: {}
[409.302256] (-) TimerEvent: {}
[409.332300] (gazebo_ros) StdoutLine: {'line': b'[ 53%] \x1b[32m\x1b[1mLinking CXX executable test_conversions\x1b[0m\n'}
[409.402517] (-) TimerEvent: {}
[409.503713] (-) TimerEvent: {}
[409.604948] (-) TimerEvent: {}
[409.706109] (-) TimerEvent: {}
[409.807236] (-) TimerEvent: {}
[409.908621] (-) TimerEvent: {}
[410.009882] (-) TimerEvent: {}
[410.111069] (-) TimerEvent: {}
[410.212336] (-) TimerEvent: {}
[410.313494] (-) TimerEvent: {}
[410.414705] (-) TimerEvent: {}
[410.515929] (-) TimerEvent: {}
[410.617252] (-) TimerEvent: {}
[410.718649] (-) TimerEvent: {}
[410.819921] (-) TimerEvent: {}
[410.921201] (-) TimerEvent: {}
[410.987140] (gazebo_ros) StdoutLine: {'line': b'[ 54%] \x1b[32m\x1b[1mLinking CXX shared library libcreate_node_without_init.so\x1b[0m\n'}
[411.021510] (-) TimerEvent: {}
[411.122731] (-) TimerEvent: {}
[411.223928] (-) TimerEvent: {}
[411.325298] (-) TimerEvent: {}
[411.426487] (-) TimerEvent: {}
[411.527713] (-) TimerEvent: {}
[411.629015] (-) TimerEvent: {}
[411.730277] (-) TimerEvent: {}
[411.832382] (-) TimerEvent: {}
[411.933616] (-) TimerEvent: {}
[412.034745] (-) TimerEvent: {}
[412.136011] (-) TimerEvent: {}
[412.237125] (-) TimerEvent: {}
[412.338249] (-) TimerEvent: {}
[412.439870] (-) TimerEvent: {}
[412.541184] (-) TimerEvent: {}
[412.642290] (-) TimerEvent: {}
[412.743389] (-) TimerEvent: {}
[412.844491] (-) TimerEvent: {}
[412.945572] (-) TimerEvent: {}
[413.046616] (-) TimerEvent: {}
[413.147703] (-) TimerEvent: {}
[413.248867] (-) TimerEvent: {}
[413.349935] (-) TimerEvent: {}
[413.409514] (gazebo_ros) StdoutLine: {'line': b'[ 54%] Built target create_node_without_init\n'}
[413.450271] (-) TimerEvent: {}
[413.551993] (-) TimerEvent: {}
[413.653256] (-) TimerEvent: {}
[413.754438] (-) TimerEvent: {}
[413.855504] (-) TimerEvent: {}
[413.956678] (-) TimerEvent: {}
[414.057797] (-) TimerEvent: {}
[414.155100] (gazebo_ros) StdoutLine: {'line': b'[ 54%] Built target test_conversions\n'}
[414.158068] (-) TimerEvent: {}
[414.259191] (-) TimerEvent: {}
[414.360383] (-) TimerEvent: {}
[414.463043] (-) TimerEvent: {}
[414.564327] (-) TimerEvent: {}
[414.665477] (-) TimerEvent: {}
[414.766570] (-) TimerEvent: {}
[414.867682] (-) TimerEvent: {}
[414.968810] (-) TimerEvent: {}
[415.069943] (-) TimerEvent: {}
[415.171073] (-) TimerEvent: {}
[415.272204] (-) TimerEvent: {}
[415.373395] (-) TimerEvent: {}
[415.474576] (-) TimerEvent: {}
[415.576361] (-) TimerEvent: {}
[415.677785] (-) TimerEvent: {}
[415.778984] (-) TimerEvent: {}
[415.880060] (-) TimerEvent: {}
[415.981179] (-) TimerEvent: {}
[416.082328] (-) TimerEvent: {}
[416.185428] (-) TimerEvent: {}
[416.286667] (-) TimerEvent: {}
[416.387825] (-) TimerEvent: {}
[416.489012] (-) TimerEvent: {}
[416.590158] (-) TimerEvent: {}
[416.691726] (-) TimerEvent: {}
[416.792846] (-) TimerEvent: {}
[416.893927] (-) TimerEvent: {}
[416.995068] (-) TimerEvent: {}
[417.097897] (-) TimerEvent: {}
[417.198973] (-) TimerEvent: {}
[417.300467] (-) TimerEvent: {}
[417.401559] (-) TimerEvent: {}
[417.502665] (-) TimerEvent: {}
[417.604858] (-) TimerEvent: {}
[417.705927] (-) TimerEvent: {}
[417.806981] (-) TimerEvent: {}
[417.908070] (-) TimerEvent: {}
[418.009231] (-) TimerEvent: {}
[418.110286] (-) TimerEvent: {}
[418.215304] (-) TimerEvent: {}
[418.319402] (-) TimerEvent: {}
[418.422918] (-) TimerEvent: {}
[418.524983] (-) TimerEvent: {}
[418.626476] (-) TimerEvent: {}
[418.731866] (-) TimerEvent: {}
[418.834945] (-) TimerEvent: {}
[418.936081] (-) TimerEvent: {}
[419.038280] (-) TimerEvent: {}
[419.139334] (-) TimerEvent: {}
[419.242213] (-) TimerEvent: {}
[419.345204] (-) TimerEvent: {}
[419.449121] (-) TimerEvent: {}
[419.553834] (-) TimerEvent: {}
[419.656997] (-) TimerEvent: {}
[419.758084] (-) TimerEvent: {}
[419.859326] (-) TimerEvent: {}
[419.960500] (-) TimerEvent: {}
[420.061837] (-) TimerEvent: {}
[420.164668] (-) TimerEvent: {}
[420.265869] (-) TimerEvent: {}
[420.367376] (-) TimerEvent: {}
[420.471451] (-) TimerEvent: {}
[420.576488] (-) TimerEvent: {}
[420.683805] (-) TimerEvent: {}
[420.791472] (-) TimerEvent: {}
[420.892533] (-) TimerEvent: {}
[420.993551] (-) TimerEvent: {}
[421.094679] (-) TimerEvent: {}
[421.195897] (-) TimerEvent: {}
[421.298511] (-) TimerEvent: {}
[421.403905] (-) TimerEvent: {}
[421.507233] (-) TimerEvent: {}
[421.609002] (-) TimerEvent: {}
[421.710242] (-) TimerEvent: {}
[421.815749] (-) TimerEvent: {}
[421.920774] (-) TimerEvent: {}
[422.021912] (-) TimerEvent: {}
[422.123087] (-) TimerEvent: {}
[422.224477] (-) TimerEvent: {}
[422.325640] (-) TimerEvent: {}
[422.426779] (-) TimerEvent: {}
[422.528065] (-) TimerEvent: {}
[422.629475] (-) TimerEvent: {}
[422.730683] (-) TimerEvent: {}
[422.831798] (-) TimerEvent: {}
[422.939610] (-) TimerEvent: {}
[423.045714] (-) TimerEvent: {}
[423.152690] (-) TimerEvent: {}
[423.258699] (-) TimerEvent: {}
[423.322552] (gazebo_ros) StdoutLine: {'line': b'[ 56%] \x1b[32mBuilding CXX object test/CMakeFiles/test_gazebo_ros_joint_effort.dir/test_gazebo_ros_joint_effort.cpp.o\x1b[0m\n'}
[423.359043] (-) TimerEvent: {}
[423.460166] (-) TimerEvent: {}
[423.561314] (-) TimerEvent: {}
[423.664152] (-) TimerEvent: {}
[423.771880] (-) TimerEvent: {}
[423.878404] (-) TimerEvent: {}
[423.986056] (-) TimerEvent: {}
[424.092160] (-) TimerEvent: {}
[424.198383] (-) TimerEvent: {}
[424.306529] (-) TimerEvent: {}
[424.424460] (-) TimerEvent: {}
[424.451890] (gazebo_ros) StdoutLine: {'line': b'[ 57%] \x1b[32mBuilding CXX object test/CMakeFiles/test_gazebo_ros_init.dir/test_gazebo_ros_init.cpp.o\x1b[0m\n'}
[424.524765] (-) TimerEvent: {}
[424.630794] (-) TimerEvent: {}
[424.733930] (-) TimerEvent: {}
[424.834885] (-) TimerEvent: {}
[424.935870] (-) TimerEvent: {}
[425.036922] (-) TimerEvent: {}
[425.137910] (-) TimerEvent: {}
[425.240564] (-) TimerEvent: {}
[425.341669] (-) TimerEvent: {}
[425.442810] (-) TimerEvent: {}
[425.543870] (-) TimerEvent: {}
[425.645133] (-) TimerEvent: {}
[425.746058] (-) TimerEvent: {}
[425.846991] (-) TimerEvent: {}
[425.947967] (-) TimerEvent: {}
[426.049428] (-) TimerEvent: {}
[426.150430] (-) TimerEvent: {}
[426.251470] (-) TimerEvent: {}
[426.360504] (-) TimerEvent: {}
[426.462636] (-) TimerEvent: {}
[426.563581] (-) TimerEvent: {}
[426.664669] (-) TimerEvent: {}
[426.770434] (-) TimerEvent: {}
[426.877521] (-) TimerEvent: {}
[426.984142] (-) TimerEvent: {}
[427.088836] (-) TimerEvent: {}
[427.193920] (-) TimerEvent: {}
[427.294842] (-) TimerEvent: {}
[427.395905] (-) TimerEvent: {}
[427.500386] (-) TimerEvent: {}
[427.601524] (-) TimerEvent: {}
[427.702564] (-) TimerEvent: {}
[427.803696] (-) TimerEvent: {}
[427.905083] (-) TimerEvent: {}
[428.006104] (-) TimerEvent: {}
[428.107167] (-) TimerEvent: {}
[428.208188] (-) TimerEvent: {}
[428.309196] (-) TimerEvent: {}
[428.410174] (-) TimerEvent: {}
[428.511148] (-) TimerEvent: {}
[428.604701] (gazebo_ros) StdoutLine: {'line': b'[ 59%] \x1b[32m\x1b[1mLinking CXX shared library libmultiple_nodes.so\x1b[0m\n'}
[428.611443] (-) TimerEvent: {}
[428.712458] (-) TimerEvent: {}
[428.813447] (-) TimerEvent: {}
[428.914482] (-) TimerEvent: {}
[429.015737] (-) TimerEvent: {}
[429.116764] (-) TimerEvent: {}
[429.217794] (-) TimerEvent: {}
[429.318862] (-) TimerEvent: {}
[429.419954] (-) TimerEvent: {}
[429.521011] (-) TimerEvent: {}
[429.622029] (-) TimerEvent: {}
[429.723044] (-) TimerEvent: {}
[429.824062] (-) TimerEvent: {}
[429.925097] (-) TimerEvent: {}
[430.026129] (-) TimerEvent: {}
[430.127102] (-) TimerEvent: {}
[430.228108] (-) TimerEvent: {}
[430.329149] (-) TimerEvent: {}
[430.431310] (-) TimerEvent: {}
[430.532840] (-) TimerEvent: {}
[430.633811] (-) TimerEvent: {}
[430.734751] (-) TimerEvent: {}
[430.789801] (gazebo_ros) StdoutLine: {'line': b'[ 60%] \x1b[32m\x1b[1mLinking CXX shared library libros_world_plugin.so\x1b[0m\n'}
[430.834980] (-) TimerEvent: {}
[430.927099] (gazebo_ros) StdoutLine: {'line': b'[ 60%] Built target multiple_nodes\n'}
[430.935230] (-) TimerEvent: {}
[431.036338] (-) TimerEvent: {}
[431.137349] (-) TimerEvent: {}
[431.238345] (-) TimerEvent: {}
[431.339530] (-) TimerEvent: {}
[431.440932] (-) TimerEvent: {}
[431.541943] (-) TimerEvent: {}
[431.643002] (-) TimerEvent: {}
[431.744135] (-) TimerEvent: {}
[431.845335] (-) TimerEvent: {}
[431.946304] (-) TimerEvent: {}
[432.047388] (-) TimerEvent: {}
[432.148650] (-) TimerEvent: {}
[432.249752] (-) TimerEvent: {}
[432.350773] (-) TimerEvent: {}
[432.451824] (-) TimerEvent: {}
[432.553786] (-) TimerEvent: {}
[432.654814] (-) TimerEvent: {}
[432.755954] (-) TimerEvent: {}
[432.838663] (gazebo_ros) StdoutLine: {'line': b'[ 60%] Built target ros_world_plugin\n'}
[432.856162] (-) TimerEvent: {}
[432.957353] (-) TimerEvent: {}
[433.058726] (-) TimerEvent: {}
[433.159748] (-) TimerEvent: {}
[433.260905] (-) TimerEvent: {}
[433.362263] (-) TimerEvent: {}
[433.463438] (-) TimerEvent: {}
[433.564699] (-) TimerEvent: {}
[433.666173] (-) TimerEvent: {}
[433.767258] (-) TimerEvent: {}
[433.869009] (-) TimerEvent: {}
[433.967158] (gazebo_ros) StdoutLine: {'line': b'[ 62%] \x1b[32m\x1b[1mLinking CXX shared library libsdf_node.so\x1b[0m\n'}
[433.969184] (-) TimerEvent: {}
[434.070155] (-) TimerEvent: {}
[434.171691] (-) TimerEvent: {}
[434.273044] (-) TimerEvent: {}
[434.374194] (-) TimerEvent: {}
[434.476347] (-) TimerEvent: {}
[434.577766] (-) TimerEvent: {}
[434.679413] (-) TimerEvent: {}
[434.780995] (-) TimerEvent: {}
[434.882426] (-) TimerEvent: {}
[434.984441] (-) TimerEvent: {}
[435.085783] (-) TimerEvent: {}
[435.187920] (-) TimerEvent: {}
[435.289563] (-) TimerEvent: {}
[435.390781] (-) TimerEvent: {}
[435.492011] (-) TimerEvent: {}
[435.593422] (-) TimerEvent: {}
[435.678250] (gazebo_ros) StdoutLine: {'line': b'[ 62%] Built target sdf_node\n'}
[435.693629] (-) TimerEvent: {}
[435.795515] (-) TimerEvent: {}
[435.896607] (-) TimerEvent: {}
[435.997832] (-) TimerEvent: {}
[436.098937] (-) TimerEvent: {}
[436.200153] (-) TimerEvent: {}
[436.301454] (-) TimerEvent: {}
[436.402647] (-) TimerEvent: {}
[436.504006] (-) TimerEvent: {}
[436.605388] (-) TimerEvent: {}
[436.706421] (-) TimerEvent: {}
[436.807421] (-) TimerEvent: {}
[436.908524] (-) TimerEvent: {}
[437.009601] (-) TimerEvent: {}
[437.110927] (-) TimerEvent: {}
[437.212086] (-) TimerEvent: {}
[437.313348] (-) TimerEvent: {}
[437.414633] (-) TimerEvent: {}
[437.515838] (-) TimerEvent: {}
[437.617354] (-) TimerEvent: {}
[437.718594] (-) TimerEvent: {}
[437.822069] (gazebo_ros) StdoutLine: {'line': b'[ 64%] \x1b[32mBuilding CXX object test/CMakeFiles/test_gazebo_ros_state.dir/test_gazebo_ros_state.cpp.o\x1b[0m\n'}
[437.822961] (-) TimerEvent: {}
[437.923941] (-) TimerEvent: {}
[438.025144] (-) TimerEvent: {}
[438.126435] (-) TimerEvent: {}
[438.227778] (-) TimerEvent: {}
[438.328832] (-) TimerEvent: {}
[438.429904] (-) TimerEvent: {}
[438.530996] (-) TimerEvent: {}
[438.632944] (-) TimerEvent: {}
[438.734052] (-) TimerEvent: {}
[438.835113] (-) TimerEvent: {}
[438.936202] (-) TimerEvent: {}
[439.037360] (-) TimerEvent: {}
[439.138512] (-) TimerEvent: {}
[439.239886] (-) TimerEvent: {}
[439.341165] (-) TimerEvent: {}
[439.442211] (-) TimerEvent: {}
[439.544000] (-) TimerEvent: {}
[439.645114] (-) TimerEvent: {}
[439.746186] (-) TimerEvent: {}
[439.847159] (-) TimerEvent: {}
[439.908829] (gazebo_ros) StdoutLine: {'line': b'[ 65%] \x1b[32mBuilding CXX object test/CMakeFiles/test_gazebo_ros_properties.dir/test_gazebo_ros_properties.cpp.o\x1b[0m\n'}
[439.947479] (-) TimerEvent: {}
[440.054172] (-) TimerEvent: {}
[440.159630] (-) TimerEvent: {}
[440.263560] (-) TimerEvent: {}
[440.371405] (-) TimerEvent: {}
[440.476838] (-) TimerEvent: {}
[440.582449] (-) TimerEvent: {}
[440.689035] (-) TimerEvent: {}
[440.794507] (-) TimerEvent: {}
[440.900366] (-) TimerEvent: {}
[441.005508] (-) TimerEvent: {}
[441.111381] (-) TimerEvent: {}
[441.217215] (-) TimerEvent: {}
[441.322929] (-) TimerEvent: {}
[441.433290] (-) TimerEvent: {}
[441.539451] (-) TimerEvent: {}
[441.645615] (-) TimerEvent: {}
[441.751917] (-) TimerEvent: {}
[441.857962] (-) TimerEvent: {}
[441.963769] (-) TimerEvent: {}
[441.995427] (gazebo_ros) StdoutLine: {'line': b'[ 67%] \x1b[32mBuilding CXX object test/CMakeFiles/test_gazebo_ros_link_wrench.dir/test_gazebo_ros_link_wrench.cpp.o\x1b[0m\n'}
[442.064043] (-) TimerEvent: {}
[442.170978] (-) TimerEvent: {}
[442.272976] (-) TimerEvent: {}
[442.375127] (-) TimerEvent: {}
[442.476182] (-) TimerEvent: {}
[442.577334] (-) TimerEvent: {}
[442.678442] (-) TimerEvent: {}
[442.779580] (-) TimerEvent: {}
[442.880684] (-) TimerEvent: {}
[442.981707] (-) TimerEvent: {}
[443.082749] (-) TimerEvent: {}
[443.184664] (-) TimerEvent: {}
[443.285753] (-) TimerEvent: {}
[443.386775] (-) TimerEvent: {}
[443.487833] (-) TimerEvent: {}
[443.589040] (-) TimerEvent: {}
[443.690164] (-) TimerEvent: {}
[443.791199] (-) TimerEvent: {}
[443.892348] (-) TimerEvent: {}
[443.993471] (-) TimerEvent: {}
[444.094505] (-) TimerEvent: {}
[444.195617] (-) TimerEvent: {}
[444.296712] (-) TimerEvent: {}
[444.397757] (-) TimerEvent: {}
[444.498868] (-) TimerEvent: {}
[444.601193] (-) TimerEvent: {}
[444.702389] (-) TimerEvent: {}
[444.803469] (-) TimerEvent: {}
[444.904551] (-) TimerEvent: {}
[445.005575] (-) TimerEvent: {}
[445.106685] (-) TimerEvent: {}
[445.207755] (-) TimerEvent: {}
[445.308900] (-) TimerEvent: {}
[445.410116] (-) TimerEvent: {}
[445.511169] (-) TimerEvent: {}
[445.612367] (-) TimerEvent: {}
[445.713485] (-) TimerEvent: {}
[445.814533] (-) TimerEvent: {}
[445.915739] (-) TimerEvent: {}
[446.016827] (-) TimerEvent: {}
[446.117931] (-) TimerEvent: {}
[446.218988] (-) TimerEvent: {}
[446.320122] (-) TimerEvent: {}
[446.421263] (-) TimerEvent: {}
[446.522465] (-) TimerEvent: {}
[446.623692] (-) TimerEvent: {}
[446.724940] (-) TimerEvent: {}
[446.829995] (-) TimerEvent: {}
[446.931047] (-) TimerEvent: {}
[447.032200] (-) TimerEvent: {}
[447.133337] (-) TimerEvent: {}
[447.234424] (-) TimerEvent: {}
[447.335482] (-) TimerEvent: {}
[447.436616] (-) TimerEvent: {}
[447.537604] (-) TimerEvent: {}
[447.638758] (-) TimerEvent: {}
[447.739923] (-) TimerEvent: {}
[447.841212] (-) TimerEvent: {}
[447.942455] (-) TimerEvent: {}
[448.044195] (-) TimerEvent: {}
[448.145432] (-) TimerEvent: {}
[448.246443] (-) TimerEvent: {}
[448.347470] (-) TimerEvent: {}
[448.448595] (-) TimerEvent: {}
[448.549635] (-) TimerEvent: {}
[448.650645] (-) TimerEvent: {}
[448.751661] (-) TimerEvent: {}
[448.852721] (-) TimerEvent: {}
[448.953705] (-) TimerEvent: {}
[449.054708] (-) TimerEvent: {}
[449.155750] (-) TimerEvent: {}
[449.256889] (-) TimerEvent: {}
[449.366195] (-) TimerEvent: {}
[449.467484] (-) TimerEvent: {}
[449.568689] (-) TimerEvent: {}
[449.670372] (-) TimerEvent: {}
[449.771481] (-) TimerEvent: {}
[449.872622] (-) TimerEvent: {}
[449.973743] (-) TimerEvent: {}
[450.074821] (-) TimerEvent: {}
[450.176015] (-) TimerEvent: {}
[450.277296] (-) TimerEvent: {}
[450.378412] (-) TimerEvent: {}
[450.479504] (-) TimerEvent: {}
[450.580936] (-) TimerEvent: {}
[450.681973] (-) TimerEvent: {}
[450.783092] (-) TimerEvent: {}
[450.884580] (-) TimerEvent: {}
[450.985658] (-) TimerEvent: {}
[451.086837] (-) TimerEvent: {}
[451.187951] (-) TimerEvent: {}
[451.289225] (-) TimerEvent: {}
[451.390333] (-) TimerEvent: {}
[451.491497] (-) TimerEvent: {}
[451.592819] (-) TimerEvent: {}
[451.694205] (-) TimerEvent: {}
[451.795568] (-) TimerEvent: {}
[451.896932] (-) TimerEvent: {}
[451.998176] (-) TimerEvent: {}
[452.099465] (-) TimerEvent: {}
[452.200763] (-) TimerEvent: {}
[452.301966] (-) TimerEvent: {}
[452.403220] (-) TimerEvent: {}
[452.504721] (-) TimerEvent: {}
[452.606022] (-) TimerEvent: {}
[452.707174] (-) TimerEvent: {}
[452.808566] (-) TimerEvent: {}
[452.909679] (-) TimerEvent: {}
[453.010836] (-) TimerEvent: {}
[453.112144] (-) TimerEvent: {}
[453.213705] (-) TimerEvent: {}
[453.315013] (-) TimerEvent: {}
[453.416563] (-) TimerEvent: {}
[453.518159] (-) TimerEvent: {}
[453.619325] (-) TimerEvent: {}
[453.720571] (-) TimerEvent: {}
[453.821675] (-) TimerEvent: {}
[453.922802] (-) TimerEvent: {}
[454.024032] (-) TimerEvent: {}
[454.125328] (-) TimerEvent: {}
[454.226579] (-) TimerEvent: {}
[454.328658] (-) TimerEvent: {}
[454.429862] (-) TimerEvent: {}
[454.531686] (-) TimerEvent: {}
[454.633886] (-) TimerEvent: {}
[454.735614] (-) TimerEvent: {}
[454.836853] (-) TimerEvent: {}
[454.938307] (-) TimerEvent: {}
[455.039660] (-) TimerEvent: {}
[455.141097] (-) TimerEvent: {}
[455.242298] (-) TimerEvent: {}
[455.343538] (-) TimerEvent: {}
[455.444794] (-) TimerEvent: {}
[455.545893] (-) TimerEvent: {}
[455.647144] (-) TimerEvent: {}
[455.748476] (-) TimerEvent: {}
[455.849597] (-) TimerEvent: {}
[455.950820] (-) TimerEvent: {}
[456.052647] (-) TimerEvent: {}
[456.153942] (-) TimerEvent: {}
[456.255264] (-) TimerEvent: {}
[456.356723] (-) TimerEvent: {}
[456.458283] (-) TimerEvent: {}
[456.559637] (-) TimerEvent: {}
[456.661410] (-) TimerEvent: {}
[456.762666] (-) TimerEvent: {}
[456.864056] (-) TimerEvent: {}
[456.965423] (-) TimerEvent: {}
[457.066501] (-) TimerEvent: {}
[457.167910] (-) TimerEvent: {}
[457.269327] (-) TimerEvent: {}
[457.370510] (-) TimerEvent: {}
[457.471874] (-) TimerEvent: {}
[457.573117] (-) TimerEvent: {}
[457.674221] (-) TimerEvent: {}
[457.775339] (-) TimerEvent: {}
[457.876727] (-) TimerEvent: {}
[457.977784] (-) TimerEvent: {}
[458.078894] (-) TimerEvent: {}
[458.180012] (-) TimerEvent: {}
[458.281168] (-) TimerEvent: {}
[458.382750] (-) TimerEvent: {}
[458.483872] (-) TimerEvent: {}
[458.585158] (-) TimerEvent: {}
[458.686481] (-) TimerEvent: {}
[458.787844] (-) TimerEvent: {}
[458.889262] (-) TimerEvent: {}
[458.990510] (-) TimerEvent: {}
[459.091807] (-) TimerEvent: {}
[459.193106] (-) TimerEvent: {}
[459.294551] (-) TimerEvent: {}
[459.395834] (-) TimerEvent: {}
[459.497328] (-) TimerEvent: {}
[459.598626] (-) TimerEvent: {}
[459.700033] (-) TimerEvent: {}
[459.802267] (-) TimerEvent: {}
[459.903602] (-) TimerEvent: {}
[460.004976] (-) TimerEvent: {}
[460.106367] (-) TimerEvent: {}
[460.207545] (-) TimerEvent: {}
[460.309388] (-) TimerEvent: {}
[460.410531] (-) TimerEvent: {}
[460.511842] (-) TimerEvent: {}
[460.613253] (-) TimerEvent: {}
[460.714636] (-) TimerEvent: {}
[460.815927] (-) TimerEvent: {}
[460.917569] (-) TimerEvent: {}
[461.018838] (-) TimerEvent: {}
[461.120106] (-) TimerEvent: {}
[461.221638] (-) TimerEvent: {}
[461.322947] (-) TimerEvent: {}
[461.424523] (-) TimerEvent: {}
[461.525863] (-) TimerEvent: {}
[461.627114] (-) TimerEvent: {}
[461.728716] (-) TimerEvent: {}
[461.829869] (-) TimerEvent: {}
[461.931101] (-) TimerEvent: {}
[462.032681] (-) TimerEvent: {}
[462.133906] (-) TimerEvent: {}
[462.235269] (-) TimerEvent: {}
[462.336572] (-) TimerEvent: {}
[462.437719] (-) TimerEvent: {}
[462.539084] (-) TimerEvent: {}
[462.640663] (-) TimerEvent: {}
[462.741901] (-) TimerEvent: {}
[462.843688] (-) TimerEvent: {}
[462.945154] (-) TimerEvent: {}
[463.046366] (-) TimerEvent: {}
[463.147748] (-) TimerEvent: {}
[463.249341] (-) TimerEvent: {}
[463.350815] (-) TimerEvent: {}
[463.452319] (-) TimerEvent: {}
[463.553574] (-) TimerEvent: {}
[463.654865] (-) TimerEvent: {}
[463.756080] (-) TimerEvent: {}
[463.857332] (-) TimerEvent: {}
[463.958491] (-) TimerEvent: {}
[464.059681] (-) TimerEvent: {}
[464.161034] (-) TimerEvent: {}
[464.262282] (-) TimerEvent: {}
[464.363608] (-) TimerEvent: {}
[464.464987] (-) TimerEvent: {}
[464.566264] (-) TimerEvent: {}
[464.667580] (-) TimerEvent: {}
[464.768921] (-) TimerEvent: {}
[464.870989] (-) TimerEvent: {}
[464.972326] (-) TimerEvent: {}
[465.074655] (-) TimerEvent: {}
[465.175810] (-) TimerEvent: {}
[465.277703] (-) TimerEvent: {}
[465.378840] (-) TimerEvent: {}
[465.480039] (-) TimerEvent: {}
[465.581342] (-) TimerEvent: {}
[465.682625] (-) TimerEvent: {}
[465.783869] (-) TimerEvent: {}
[465.885115] (-) TimerEvent: {}
[465.986370] (-) TimerEvent: {}
[466.087626] (-) TimerEvent: {}
[466.188872] (-) TimerEvent: {}
[466.290018] (-) TimerEvent: {}
[466.391287] (-) TimerEvent: {}
[466.498116] (-) TimerEvent: {}
[466.599516] (-) TimerEvent: {}
[466.700891] (-) TimerEvent: {}
[466.802798] (-) TimerEvent: {}
[466.904126] (-) TimerEvent: {}
[467.005642] (-) TimerEvent: {}
[467.107042] (-) TimerEvent: {}
[467.208487] (-) TimerEvent: {}
[467.309814] (-) TimerEvent: {}
[467.410960] (-) TimerEvent: {}
[467.512388] (-) TimerEvent: {}
[467.613573] (-) TimerEvent: {}
[467.714858] (-) TimerEvent: {}
[467.816166] (-) TimerEvent: {}
[467.917447] (-) TimerEvent: {}
[468.018592] (-) TimerEvent: {}
[468.119715] (-) TimerEvent: {}
[468.220975] (-) TimerEvent: {}
[468.322207] (-) TimerEvent: {}
[468.423396] (-) TimerEvent: {}
[468.524747] (-) TimerEvent: {}
[468.625855] (-) TimerEvent: {}
[468.726996] (-) TimerEvent: {}
[468.828392] (-) TimerEvent: {}
[468.930757] (-) TimerEvent: {}
[469.031987] (-) TimerEvent: {}
[469.133260] (-) TimerEvent: {}
[469.234345] (-) TimerEvent: {}
[469.335482] (-) TimerEvent: {}
[469.436738] (-) TimerEvent: {}
[469.537801] (-) TimerEvent: {}
[469.638924] (-) TimerEvent: {}
[469.740082] (-) TimerEvent: {}
[469.841285] (-) TimerEvent: {}
[469.944826] (-) TimerEvent: {}
[470.046001] (-) TimerEvent: {}
[470.147298] (-) TimerEvent: {}
[470.248636] (-) TimerEvent: {}
[470.349833] (-) TimerEvent: {}
[470.450951] (-) TimerEvent: {}
[470.552083] (-) TimerEvent: {}
[470.653272] (-) TimerEvent: {}
[470.754436] (-) TimerEvent: {}
[470.855645] (-) TimerEvent: {}
[470.956920] (-) TimerEvent: {}
[471.059245] (-) TimerEvent: {}
[471.160465] (-) TimerEvent: {}
[471.261683] (-) TimerEvent: {}
[471.362922] (-) TimerEvent: {}
[471.464143] (-) TimerEvent: {}
[471.565521] (-) TimerEvent: {}
[471.666649] (-) TimerEvent: {}
[471.767848] (-) TimerEvent: {}
[471.869896] (-) TimerEvent: {}
[471.971033] (-) TimerEvent: {}
[472.072169] (-) TimerEvent: {}
[472.173419] (-) TimerEvent: {}
[472.274619] (-) TimerEvent: {}
[472.375881] (-) TimerEvent: {}
[472.477199] (-) TimerEvent: {}
[472.578360] (-) TimerEvent: {}
[472.679537] (-) TimerEvent: {}
[472.780840] (-) TimerEvent: {}
[472.881983] (-) TimerEvent: {}
[472.983307] (-) TimerEvent: {}
[473.084743] (-) TimerEvent: {}
[473.185866] (-) TimerEvent: {}
[473.288619] (-) TimerEvent: {}
[473.389758] (-) TimerEvent: {}
[473.490940] (-) TimerEvent: {}
[473.592176] (-) TimerEvent: {}
[473.693340] (-) TimerEvent: {}
[473.794465] (-) TimerEvent: {}
[473.895514] (-) TimerEvent: {}
[473.996939] (-) TimerEvent: {}
[474.098202] (-) TimerEvent: {}
[474.199480] (-) TimerEvent: {}
[474.300830] (-) TimerEvent: {}
[474.402058] (-) TimerEvent: {}
[474.503199] (-) TimerEvent: {}
[474.604460] (-) TimerEvent: {}
[474.705618] (-) TimerEvent: {}
[474.806840] (-) TimerEvent: {}
[474.909078] (-) TimerEvent: {}
[475.010276] (-) TimerEvent: {}
[475.111551] (-) TimerEvent: {}
[475.212850] (-) TimerEvent: {}
[475.315251] (-) TimerEvent: {}
[475.417208] (-) TimerEvent: {}
[475.518264] (-) TimerEvent: {}
[475.619426] (-) TimerEvent: {}
[475.720679] (-) TimerEvent: {}
[475.822281] (-) TimerEvent: {}
[475.923367] (-) TimerEvent: {}
[476.024598] (-) TimerEvent: {}
[476.125727] (-) TimerEvent: {}
[476.227012] (-) TimerEvent: {}
[476.329348] (-) TimerEvent: {}
[476.430583] (-) TimerEvent: {}
[476.531790] (-) TimerEvent: {}
[476.633006] (-) TimerEvent: {}
[476.734127] (-) TimerEvent: {}
[476.835309] (-) TimerEvent: {}
[476.937015] (-) TimerEvent: {}
[477.038474] (-) TimerEvent: {}
[477.139706] (-) TimerEvent: {}
[477.241092] (-) TimerEvent: {}
[477.342281] (-) TimerEvent: {}
[477.443468] (-) TimerEvent: {}
[477.544668] (-) TimerEvent: {}
[477.645798] (-) TimerEvent: {}
[477.747007] (-) TimerEvent: {}
[477.848178] (-) TimerEvent: {}
[477.949439] (-) TimerEvent: {}
[478.050667] (-) TimerEvent: {}
[478.151838] (-) TimerEvent: {}
[478.253139] (-) TimerEvent: {}
[478.354357] (-) TimerEvent: {}
[478.455506] (-) TimerEvent: {}
[478.556772] (-) TimerEvent: {}
[478.657892] (-) TimerEvent: {}
[478.759114] (-) TimerEvent: {}
[478.861098] (-) TimerEvent: {}
[478.962235] (-) TimerEvent: {}
[479.063380] (-) TimerEvent: {}
[479.164625] (-) TimerEvent: {}
[479.265733] (-) TimerEvent: {}
[479.366824] (-) TimerEvent: {}
[479.467966] (-) TimerEvent: {}
[479.569120] (-) TimerEvent: {}
[479.670193] (-) TimerEvent: {}
[479.771290] (-) TimerEvent: {}
[479.872586] (-) TimerEvent: {}
[479.973837] (-) TimerEvent: {}
[480.075028] (-) TimerEvent: {}
[480.176196] (-) TimerEvent: {}
[480.277477] (-) TimerEvent: {}
[480.378670] (-) TimerEvent: {}
[480.479849] (-) TimerEvent: {}
[480.581070] (-) TimerEvent: {}
[480.682178] (-) TimerEvent: {}
[480.783239] (-) TimerEvent: {}
[480.884422] (-) TimerEvent: {}
[480.985563] (-) TimerEvent: {}
[481.086651] (-) TimerEvent: {}
[481.187762] (-) TimerEvent: {}
[481.288990] (-) TimerEvent: {}
[481.390135] (-) TimerEvent: {}
[481.491232] (-) TimerEvent: {}
[481.592481] (-) TimerEvent: {}
[481.693561] (-) TimerEvent: {}
[481.794680] (-) TimerEvent: {}
[481.895850] (-) TimerEvent: {}
[481.997650] (-) TimerEvent: {}
[482.098721] (-) TimerEvent: {}
[482.199913] (-) TimerEvent: {}
[482.301101] (-) TimerEvent: {}
[482.402349] (-) TimerEvent: {}
[482.503500] (-) TimerEvent: {}
[482.604671] (-) TimerEvent: {}
[482.706908] (-) TimerEvent: {}
[482.808196] (-) TimerEvent: {}
[482.909569] (-) TimerEvent: {}
[483.012560] (-) TimerEvent: {}
[483.113714] (-) TimerEvent: {}
[483.214895] (-) TimerEvent: {}
[483.316049] (-) TimerEvent: {}
[483.417329] (-) TimerEvent: {}
[483.518418] (-) TimerEvent: {}
[483.619521] (-) TimerEvent: {}
[483.720671] (-) TimerEvent: {}
[483.821856] (-) TimerEvent: {}
[483.922917] (-) TimerEvent: {}
[484.024443] (-) TimerEvent: {}
[484.125523] (-) TimerEvent: {}
[484.226691] (-) TimerEvent: {}
[484.328318] (-) TimerEvent: {}
[484.429479] (-) TimerEvent: {}
[484.530639] (-) TimerEvent: {}
[484.631782] (-) TimerEvent: {}
[484.733057] (-) TimerEvent: {}
[484.834272] (-) TimerEvent: {}
[484.935485] (-) TimerEvent: {}
[485.036804] (-) TimerEvent: {}
[485.137989] (-) TimerEvent: {}
[485.239208] (-) TimerEvent: {}
[485.340546] (-) TimerEvent: {}
[485.441756] (-) TimerEvent: {}
[485.542966] (-) TimerEvent: {}
[485.644208] (-) TimerEvent: {}
[485.745413] (-) TimerEvent: {}
[485.846651] (-) TimerEvent: {}
[485.947834] (-) TimerEvent: {}
[486.049096] (-) TimerEvent: {}
[486.150257] (-) TimerEvent: {}
[486.251368] (-) TimerEvent: {}
[486.352600] (-) TimerEvent: {}
[486.453783] (-) TimerEvent: {}
[486.555008] (-) TimerEvent: {}
[486.656385] (-) TimerEvent: {}
[486.757502] (-) TimerEvent: {}
[486.858780] (-) TimerEvent: {}
[486.960050] (-) TimerEvent: {}
[487.061297] (-) TimerEvent: {}
[487.162626] (-) TimerEvent: {}
[487.263889] (-) TimerEvent: {}
[487.365180] (-) TimerEvent: {}
[487.466427] (-) TimerEvent: {}
[487.567615] (-) TimerEvent: {}
[487.668872] (-) TimerEvent: {}
[487.770080] (-) TimerEvent: {}
[487.871299] (-) TimerEvent: {}
[487.972880] (-) TimerEvent: {}
[488.074643] (-) TimerEvent: {}
[488.175952] (-) TimerEvent: {}
[488.298649] (-) TimerEvent: {}
[488.400545] (-) TimerEvent: {}
[488.504526] (-) TimerEvent: {}
[488.608538] (-) TimerEvent: {}
[488.712538] (-) TimerEvent: {}
[488.816532] (-) TimerEvent: {}
[488.920508] (-) TimerEvent: {}
[489.024530] (-) TimerEvent: {}
[489.125647] (-) TimerEvent: {}
[489.226792] (-) TimerEvent: {}
[489.329240] (-) TimerEvent: {}
[489.430414] (-) TimerEvent: {}
[489.531674] (-) TimerEvent: {}
[489.632994] (-) TimerEvent: {}
[489.734212] (-) TimerEvent: {}
[489.835356] (-) TimerEvent: {}
[489.936576] (-) TimerEvent: {}
[490.037683] (-) TimerEvent: {}
[490.138863] (-) TimerEvent: {}
[490.240148] (-) TimerEvent: {}
[490.341485] (-) TimerEvent: {}
[490.442662] (-) TimerEvent: {}
[490.543930] (-) TimerEvent: {}
[490.645212] (-) TimerEvent: {}
[490.746362] (-) TimerEvent: {}
[490.847498] (-) TimerEvent: {}
[490.948956] (-) TimerEvent: {}
[491.050162] (-) TimerEvent: {}
[491.151474] (-) TimerEvent: {}
[491.252758] (-) TimerEvent: {}
[491.353937] (-) TimerEvent: {}
[491.455129] (-) TimerEvent: {}
[491.556497] (-) TimerEvent: {}
[491.657615] (-) TimerEvent: {}
[491.758892] (-) TimerEvent: {}
[491.861054] (-) TimerEvent: {}
[491.962164] (-) TimerEvent: {}
[492.063382] (-) TimerEvent: {}
[492.164716] (-) TimerEvent: {}
[492.265908] (-) TimerEvent: {}
[492.367154] (-) TimerEvent: {}
[492.468532] (-) TimerEvent: {}
[492.569792] (-) TimerEvent: {}
[492.671097] (-) TimerEvent: {}
[492.772489] (-) TimerEvent: {}
[492.873728] (-) TimerEvent: {}
[492.974998] (-) TimerEvent: {}
[493.076188] (-) TimerEvent: {}
[493.177487] (-) TimerEvent: {}
[493.278790] (-) TimerEvent: {}
[493.380041] (-) TimerEvent: {}
[493.481316] (-) TimerEvent: {}
[493.582530] (-) TimerEvent: {}
[493.684886] (-) TimerEvent: {}
[493.786030] (-) TimerEvent: {}
[493.887300] (-) TimerEvent: {}
[493.988520] (-) TimerEvent: {}
[494.089643] (-) TimerEvent: {}
[494.190790] (-) TimerEvent: {}
[494.292999] (-) TimerEvent: {}
[494.394142] (-) TimerEvent: {}
[494.495450] (-) TimerEvent: {}
[494.596648] (-) TimerEvent: {}
[494.697826] (-) TimerEvent: {}
[494.799019] (-) TimerEvent: {}
[494.900514] (-) TimerEvent: {}
[495.001687] (-) TimerEvent: {}
[495.102874] (-) TimerEvent: {}
[495.204693] (-) TimerEvent: {}
[495.305823] (-) TimerEvent: {}
[495.407107] (-) TimerEvent: {}
[495.508381] (-) TimerEvent: {}
[495.609594] (-) TimerEvent: {}
[495.710918] (-) TimerEvent: {}
[495.812041] (-) TimerEvent: {}
[495.913251] (-) TimerEvent: {}
[496.014368] (-) TimerEvent: {}
[496.115492] (-) TimerEvent: {}
[496.216638] (-) TimerEvent: {}
[496.317791] (-) TimerEvent: {}
[496.419275] (-) TimerEvent: {}
[496.520523] (-) TimerEvent: {}
[496.621647] (-) TimerEvent: {}
[496.722912] (-) TimerEvent: {}
[496.824906] (-) TimerEvent: {}
[496.926543] (-) TimerEvent: {}
[497.027934] (-) TimerEvent: {}
[497.129282] (-) TimerEvent: {}
[497.231010] (-) TimerEvent: {}
[497.332207] (-) TimerEvent: {}
[497.433638] (-) TimerEvent: {}
[497.534873] (-) TimerEvent: {}
[497.637243] (-) TimerEvent: {}
[497.738441] (-) TimerEvent: {}
[497.839678] (-) TimerEvent: {}
[497.941136] (-) TimerEvent: {}
[498.042507] (-) TimerEvent: {}
[498.143810] (-) TimerEvent: {}
[498.245042] (-) TimerEvent: {}
[498.346300] (-) TimerEvent: {}
[498.447520] (-) TimerEvent: {}
[498.548845] (-) TimerEvent: {}
[498.650041] (-) TimerEvent: {}
[498.751158] (-) TimerEvent: {}
[498.853273] (-) TimerEvent: {}
[498.954405] (-) TimerEvent: {}
[499.055589] (-) TimerEvent: {}
[499.156822] (-) TimerEvent: {}
[499.257982] (-) TimerEvent: {}
[499.359145] (-) TimerEvent: {}
[499.460350] (-) TimerEvent: {}
[499.561553] (-) TimerEvent: {}
[499.662709] (-) TimerEvent: {}
[499.763899] (-) TimerEvent: {}
[499.866024] (-) TimerEvent: {}
[499.967174] (-) TimerEvent: {}
[500.068389] (-) TimerEvent: {}
[500.169484] (-) TimerEvent: {}
[500.270590] (-) TimerEvent: {}
[500.371866] (-) TimerEvent: {}
[500.473126] (-) TimerEvent: {}
[500.574284] (-) TimerEvent: {}
[500.675563] (-) TimerEvent: {}
[500.777041] (-) TimerEvent: {}
[500.879311] (-) TimerEvent: {}
[500.980590] (-) TimerEvent: {}
[501.081723] (-) TimerEvent: {}
[501.182879] (-) TimerEvent: {}
[501.284003] (-) TimerEvent: {}
[501.385287] (-) TimerEvent: {}
[501.486483] (-) TimerEvent: {}
[501.587653] (-) TimerEvent: {}
[501.688835] (-) TimerEvent: {}
[501.789986] (-) TimerEvent: {}
[501.891246] (-) TimerEvent: {}
[501.992494] (-) TimerEvent: {}
[502.093638] (-) TimerEvent: {}
[502.194879] (-) TimerEvent: {}
[502.297136] (-) TimerEvent: {}
[502.398358] (-) TimerEvent: {}
[502.499516] (-) TimerEvent: {}
[502.601557] (-) TimerEvent: {}
[502.702624] (-) TimerEvent: {}
[502.803774] (-) TimerEvent: {}
[502.904950] (-) TimerEvent: {}
[503.006102] (-) TimerEvent: {}
[503.107504] (-) TimerEvent: {}
[503.208833] (-) TimerEvent: {}
[503.310056] (-) TimerEvent: {}
[503.411165] (-) TimerEvent: {}
[503.512405] (-) TimerEvent: {}
[503.613557] (-) TimerEvent: {}
[503.714759] (-) TimerEvent: {}
[503.815942] (-) TimerEvent: {}
[503.918222] (-) TimerEvent: {}
[504.019333] (-) TimerEvent: {}
[504.120576] (-) TimerEvent: {}
[504.221764] (-) TimerEvent: {}
[504.323033] (-) TimerEvent: {}
[504.424169] (-) TimerEvent: {}
[504.525451] (-) TimerEvent: {}
[504.626620] (-) TimerEvent: {}
[504.728867] (-) TimerEvent: {}
[504.831107] (-) TimerEvent: {}
[504.933428] (-) TimerEvent: {}
[505.034639] (-) TimerEvent: {}
[505.135886] (-) TimerEvent: {}
[505.237255] (-) TimerEvent: {}
[505.338429] (-) TimerEvent: {}
[505.439599] (-) TimerEvent: {}
[505.540918] (-) TimerEvent: {}
[505.642156] (-) TimerEvent: {}
[505.743435] (-) TimerEvent: {}
[505.844590] (-) TimerEvent: {}
[505.945869] (-) TimerEvent: {}
[506.047097] (-) TimerEvent: {}
[506.148404] (-) TimerEvent: {}
[506.249626] (-) TimerEvent: {}
[506.350808] (-) TimerEvent: {}
[506.451886] (-) TimerEvent: {}
[506.553144] (-) TimerEvent: {}
[506.654261] (-) TimerEvent: {}
[506.755518] (-) TimerEvent: {}
[506.856710] (-) TimerEvent: {}
[506.958048] (-) TimerEvent: {}
[507.059056] (-) TimerEvent: {}
[507.160200] (-) TimerEvent: {}
[507.261545] (-) TimerEvent: {}
[507.363730] (-) TimerEvent: {}
[507.464909] (-) TimerEvent: {}
[507.565996] (-) TimerEvent: {}
[507.667095] (-) TimerEvent: {}
[507.770142] (-) TimerEvent: {}
[507.871323] (-) TimerEvent: {}
[507.972608] (-) TimerEvent: {}
[508.073771] (-) TimerEvent: {}
[508.174962] (-) TimerEvent: {}
[508.276075] (-) TimerEvent: {}
[508.378001] (-) TimerEvent: {}
[508.479276] (-) TimerEvent: {}
[508.580551] (-) TimerEvent: {}
[508.681813] (-) TimerEvent: {}
[508.782944] (-) TimerEvent: {}
[508.884048] (-) TimerEvent: {}
[508.985224] (-) TimerEvent: {}
[509.086297] (-) TimerEvent: {}
[509.187356] (-) TimerEvent: {}
[509.288522] (-) TimerEvent: {}
[509.389591] (-) TimerEvent: {}
[509.490717] (-) TimerEvent: {}
[509.591847] (-) TimerEvent: {}
[509.693229] (-) TimerEvent: {}
[509.794368] (-) TimerEvent: {}
[509.895504] (-) TimerEvent: {}
[509.996586] (-) TimerEvent: {}
[510.097669] (-) TimerEvent: {}
[510.198801] (-) TimerEvent: {}
[510.300009] (-) TimerEvent: {}
[510.401116] (-) TimerEvent: {}
[510.502258] (-) TimerEvent: {}
[510.604619] (-) TimerEvent: {}
[510.706894] (-) TimerEvent: {}
[510.808071] (-) TimerEvent: {}
[510.909548] (-) TimerEvent: {}
[511.010854] (-) TimerEvent: {}
[511.112062] (-) TimerEvent: {}
[511.214347] (-) TimerEvent: {}
[511.315585] (-) TimerEvent: {}
[511.417049] (-) TimerEvent: {}
[511.518276] (-) TimerEvent: {}
[511.619376] (-) TimerEvent: {}
[511.720677] (-) TimerEvent: {}
[511.821866] (-) TimerEvent: {}
[511.922949] (-) TimerEvent: {}
[512.024072] (-) TimerEvent: {}
[512.125356] (-) TimerEvent: {}
[512.226542] (-) TimerEvent: {}
[512.328534] (-) TimerEvent: {}
[512.429642] (-) TimerEvent: {}
[512.530804] (-) TimerEvent: {}
[512.632686] (-) TimerEvent: {}
[512.733692] (-) TimerEvent: {}
[512.835893] (-) TimerEvent: {}
[512.937054] (-) TimerEvent: {}
[513.038068] (-) TimerEvent: {}
[513.139155] (-) TimerEvent: {}
[513.240379] (-) TimerEvent: {}
[513.341500] (-) TimerEvent: {}
[513.442877] (-) TimerEvent: {}
[513.543990] (-) TimerEvent: {}
[513.645180] (-) TimerEvent: {}
[513.746269] (-) TimerEvent: {}
[513.847340] (-) TimerEvent: {}
[513.948445] (-) TimerEvent: {}
[514.049500] (-) TimerEvent: {}
[514.150583] (-) TimerEvent: {}
[514.251706] (-) TimerEvent: {}
[514.352885] (-) TimerEvent: {}
[514.453973] (-) TimerEvent: {}
[514.554985] (-) TimerEvent: {}
[514.656029] (-) TimerEvent: {}
[514.758356] (-) TimerEvent: {}
[514.859421] (-) TimerEvent: {}
[514.960599] (-) TimerEvent: {}
[515.061717] (-) TimerEvent: {}
[515.162844] (-) TimerEvent: {}
[515.263952] (-) TimerEvent: {}
[515.365106] (-) TimerEvent: {}
[515.466178] (-) TimerEvent: {}
[515.567277] (-) TimerEvent: {}
[515.668653] (-) TimerEvent: {}
[515.770104] (-) TimerEvent: {}
[515.871219] (-) TimerEvent: {}
[515.972417] (-) TimerEvent: {}
[516.073419] (-) TimerEvent: {}
[516.174867] (-) TimerEvent: {}
[516.276971] (-) TimerEvent: {}
[516.378058] (-) TimerEvent: {}
[516.479133] (-) TimerEvent: {}
[516.580329] (-) TimerEvent: {}
[516.681399] (-) TimerEvent: {}
[516.782503] (-) TimerEvent: {}
[516.883580] (-) TimerEvent: {}
[516.984636] (-) TimerEvent: {}
[517.085664] (-) TimerEvent: {}
[517.186703] (-) TimerEvent: {}
[517.287740] (-) TimerEvent: {}
[517.388841] (-) TimerEvent: {}
[517.489919] (-) TimerEvent: {}
[517.590973] (-) TimerEvent: {}
[517.692017] (-) TimerEvent: {}
[517.793152] (-) TimerEvent: {}
[517.894171] (-) TimerEvent: {}
[517.995217] (-) TimerEvent: {}
[518.096311] (-) TimerEvent: {}
[518.197512] (-) TimerEvent: {}
[518.298669] (-) TimerEvent: {}
[518.399871] (-) TimerEvent: {}
[518.501184] (-) TimerEvent: {}
[518.602461] (-) TimerEvent: {}
[518.703595] (-) TimerEvent: {}
[518.804864] (-) TimerEvent: {}
[518.906004] (-) TimerEvent: {}
[519.007143] (-) TimerEvent: {}
[519.108439] (-) TimerEvent: {}
[519.209636] (-) TimerEvent: {}
[519.310743] (-) TimerEvent: {}
[519.411937] (-) TimerEvent: {}
[519.513141] (-) TimerEvent: {}
[519.614231] (-) TimerEvent: {}
[519.715312] (-) TimerEvent: {}
[519.816431] (-) TimerEvent: {}
[519.917564] (-) TimerEvent: {}
[520.018630] (-) TimerEvent: {}
[520.119687] (-) TimerEvent: {}
[520.222107] (-) TimerEvent: {}
[520.323297] (-) TimerEvent: {}
[520.424481] (-) TimerEvent: {}
[520.525660] (-) TimerEvent: {}
[520.626819] (-) TimerEvent: {}
[520.728060] (-) TimerEvent: {}
[520.829341] (-) TimerEvent: {}
[520.930571] (-) TimerEvent: {}
[521.031736] (-) TimerEvent: {}
[521.133053] (-) TimerEvent: {}
[521.234228] (-) TimerEvent: {}
[521.335298] (-) TimerEvent: {}
[521.436438] (-) TimerEvent: {}
[521.537554] (-) TimerEvent: {}
[521.638716] (-) TimerEvent: {}
[521.740070] (-) TimerEvent: {}
[521.841226] (-) TimerEvent: {}
[521.942648] (-) TimerEvent: {}
[522.045268] (-) TimerEvent: {}
[522.147644] (-) TimerEvent: {}
[522.250014] (-) TimerEvent: {}
[522.354023] (-) TimerEvent: {}
[522.455530] (-) TimerEvent: {}
[522.557380] (-) TimerEvent: {}
[522.658577] (-) TimerEvent: {}
[522.760149] (-) TimerEvent: {}
[522.861435] (-) TimerEvent: {}
[522.962540] (-) TimerEvent: {}
[523.063758] (-) TimerEvent: {}
[523.164884] (-) TimerEvent: {}
[523.267147] (-) TimerEvent: {}
[523.368333] (-) TimerEvent: {}
[523.469548] (-) TimerEvent: {}
[523.570879] (-) TimerEvent: {}
[523.672026] (-) TimerEvent: {}
[523.773263] (-) TimerEvent: {}
[523.875693] (-) TimerEvent: {}
[523.976934] (-) TimerEvent: {}
[524.078116] (-) TimerEvent: {}
[524.179333] (-) TimerEvent: {}
[524.280618] (-) TimerEvent: {}
[524.382922] (-) TimerEvent: {}
[524.485213] (-) TimerEvent: {}
[524.586369] (-) TimerEvent: {}
[524.687854] (-) TimerEvent: {}
[524.792488] (-) TimerEvent: {}
[524.895721] (-) TimerEvent: {}
[524.998548] (-) TimerEvent: {}
[525.100429] (-) TimerEvent: {}
[525.203233] (-) TimerEvent: {}
[525.306123] (-) TimerEvent: {}
[525.409765] (-) TimerEvent: {}
[525.515990] (-) TimerEvent: {}
[525.617138] (-) TimerEvent: {}
[525.718284] (-) TimerEvent: {}
[525.819451] (-) TimerEvent: {}
[525.920606] (-) TimerEvent: {}
[526.021663] (-) TimerEvent: {}
[526.122762] (-) TimerEvent: {}
[526.223860] (-) TimerEvent: {}
[526.328160] (-) TimerEvent: {}
[526.435539] (-) TimerEvent: {}
[526.538858] (-) TimerEvent: {}
[526.641660] (-) TimerEvent: {}
[526.745623] (-) TimerEvent: {}
[526.848022] (-) TimerEvent: {}
[526.949933] (-) TimerEvent: {}
[527.051977] (-) TimerEvent: {}
[527.153551] (-) TimerEvent: {}
[527.255404] (-) TimerEvent: {}
[527.360051] (-) TimerEvent: {}
[527.461249] (-) TimerEvent: {}
[527.562393] (-) TimerEvent: {}
[527.663517] (-) TimerEvent: {}
[527.764894] (-) TimerEvent: {}
[527.865993] (-) TimerEvent: {}
[527.967122] (-) TimerEvent: {}
[528.068326] (-) TimerEvent: {}
[528.169395] (-) TimerEvent: {}
[528.270546] (-) TimerEvent: {}
[528.371659] (-) TimerEvent: {}
[528.472804] (-) TimerEvent: {}
[528.574441] (-) TimerEvent: {}
[528.676801] (-) TimerEvent: {}
[528.778738] (-) TimerEvent: {}
[528.880957] (-) TimerEvent: {}
[528.984460] (-) TimerEvent: {}
[529.089747] (-) TimerEvent: {}
[529.191718] (-) TimerEvent: {}
[529.293256] (-) TimerEvent: {}
[529.394351] (-) TimerEvent: {}
[529.495499] (-) TimerEvent: {}
[529.596687] (-) TimerEvent: {}
[529.698440] (-) TimerEvent: {}
[529.801021] (-) TimerEvent: {}
[529.904598] (-) TimerEvent: {}
[530.007418] (-) TimerEvent: {}
[530.108930] (-) TimerEvent: {}
[530.210780] (-) TimerEvent: {}
[530.313206] (-) TimerEvent: {}
[530.414759] (-) TimerEvent: {}
[530.516366] (-) TimerEvent: {}
[530.617586] (-) TimerEvent: {}
[530.719244] (-) TimerEvent: {}
[530.820445] (-) TimerEvent: {}
[530.921992] (-) TimerEvent: {}
[531.023166] (-) TimerEvent: {}
[531.124478] (-) TimerEvent: {}
[531.226410] (-) TimerEvent: {}
[531.330158] (-) TimerEvent: {}
[531.431341] (-) TimerEvent: {}
[531.532508] (-) TimerEvent: {}
[531.633659] (-) TimerEvent: {}
[531.734807] (-) TimerEvent: {}
[531.835913] (-) TimerEvent: {}
[531.937105] (-) TimerEvent: {}
[532.038388] (-) TimerEvent: {}
[532.139500] (-) TimerEvent: {}
[532.240632] (-) TimerEvent: {}
[532.341849] (-) TimerEvent: {}
[532.444129] (-) TimerEvent: {}
[532.545422] (-) TimerEvent: {}
[532.647663] (-) TimerEvent: {}
[532.749250] (-) TimerEvent: {}
[532.850586] (-) TimerEvent: {}
[532.952534] (-) TimerEvent: {}
[533.053645] (-) TimerEvent: {}
[533.154740] (-) TimerEvent: {}
[533.255902] (-) TimerEvent: {}
[533.357425] (-) TimerEvent: {}
[533.459665] (-) TimerEvent: {}
[533.560927] (-) TimerEvent: {}
[533.662143] (-) TimerEvent: {}
[533.763323] (-) TimerEvent: {}
[533.864739] (-) TimerEvent: {}
[533.966264] (-) TimerEvent: {}
[534.067937] (-) TimerEvent: {}
[534.169404] (-) TimerEvent: {}
[534.270782] (-) TimerEvent: {}
[534.372134] (-) TimerEvent: {}
[534.473760] (-) TimerEvent: {}
[534.575099] (-) TimerEvent: {}
[534.676411] (-) TimerEvent: {}
[534.777517] (-) TimerEvent: {}
[534.878594] (-) TimerEvent: {}
[534.979671] (-) TimerEvent: {}
[535.081047] (-) TimerEvent: {}
[535.182823] (-) TimerEvent: {}
[535.283948] (-) TimerEvent: {}
[535.385359] (-) TimerEvent: {}
[535.486801] (-) TimerEvent: {}
[535.588612] (-) TimerEvent: {}
[535.689743] (-) TimerEvent: {}
[535.791136] (-) TimerEvent: {}
[535.892538] (-) TimerEvent: {}
[535.993667] (-) TimerEvent: {}
[536.094711] (-) TimerEvent: {}
[536.195857] (-) TimerEvent: {}
[536.297061] (-) TimerEvent: {}
[536.398936] (-) TimerEvent: {}
[536.500018] (-) TimerEvent: {}
[536.601249] (-) TimerEvent: {}
[536.702363] (-) TimerEvent: {}
[536.804150] (-) TimerEvent: {}
[536.905458] (-) TimerEvent: {}
[537.006610] (-) TimerEvent: {}
[537.107718] (-) TimerEvent: {}
[537.209173] (-) TimerEvent: {}
[537.311150] (-) TimerEvent: {}
[537.412975] (-) TimerEvent: {}
[537.516202] (-) TimerEvent: {}
[537.618091] (-) TimerEvent: {}
[537.719286] (-) TimerEvent: {}
[537.820530] (-) TimerEvent: {}
[537.921613] (-) TimerEvent: {}
[538.022869] (-) TimerEvent: {}
[538.124988] (-) TimerEvent: {}
[538.226576] (-) TimerEvent: {}
[538.328915] (-) TimerEvent: {}
[538.430872] (-) TimerEvent: {}
[538.532652] (-) TimerEvent: {}
[538.634029] (-) TimerEvent: {}
[538.735830] (-) TimerEvent: {}
[538.838092] (-) TimerEvent: {}
[538.939204] (-) TimerEvent: {}
[539.040703] (-) TimerEvent: {}
[539.142013] (-) TimerEvent: {}
[539.243731] (-) TimerEvent: {}
[539.345784] (-) TimerEvent: {}
[539.447478] (-) TimerEvent: {}
[539.548880] (-) TimerEvent: {}
[539.650089] (-) TimerEvent: {}
[539.751284] (-) TimerEvent: {}
[539.852526] (-) TimerEvent: {}
[539.953642] (-) TimerEvent: {}
[540.055241] (-) TimerEvent: {}
[540.157241] (-) TimerEvent: {}
[540.258392] (-) TimerEvent: {}
[540.359558] (-) TimerEvent: {}
[540.460716] (-) TimerEvent: {}
[540.561802] (-) TimerEvent: {}
[540.663042] (-) TimerEvent: {}
[540.764471] (-) TimerEvent: {}
[540.865852] (-) TimerEvent: {}
[540.968053] (-) TimerEvent: {}
[541.069892] (-) TimerEvent: {}
[541.171031] (-) TimerEvent: {}
[541.272132] (-) TimerEvent: {}
[541.373304] (-) TimerEvent: {}
[541.474319] (-) TimerEvent: {}
[541.575485] (-) TimerEvent: {}
[541.676672] (-) TimerEvent: {}
[541.777764] (-) TimerEvent: {}
[541.884673] (-) TimerEvent: {}
[541.988588] (-) TimerEvent: {}
[542.090354] (-) TimerEvent: {}
[542.191456] (-) TimerEvent: {}
[542.292525] (-) TimerEvent: {}
[542.393714] (-) TimerEvent: {}
[542.494886] (-) TimerEvent: {}
[542.596087] (-) TimerEvent: {}
[542.697302] (-) TimerEvent: {}
[542.798973] (-) TimerEvent: {}
[542.901043] (-) TimerEvent: {}
[543.002273] (-) TimerEvent: {}
[543.103570] (-) TimerEvent: {}
[543.205198] (-) TimerEvent: {}
[543.306397] (-) TimerEvent: {}
[543.407653] (-) TimerEvent: {}
[543.508991] (-) TimerEvent: {}
[543.610222] (-) TimerEvent: {}
[543.711406] (-) TimerEvent: {}
[543.812789] (-) TimerEvent: {}
[543.915043] (-) TimerEvent: {}
[544.017249] (-) TimerEvent: {}
[544.118684] (-) TimerEvent: {}
[544.220555] (-) TimerEvent: {}
[544.321824] (-) TimerEvent: {}
[544.423151] (-) TimerEvent: {}
[544.524767] (-) TimerEvent: {}
[544.626440] (-) TimerEvent: {}
[544.728132] (-) TimerEvent: {}
[544.829478] (-) TimerEvent: {}
[544.931708] (-) TimerEvent: {}
[545.033225] (-) TimerEvent: {}
[545.134820] (-) TimerEvent: {}
[545.237429] (-) TimerEvent: {}
[545.339050] (-) TimerEvent: {}
[545.441827] (-) TimerEvent: {}
[545.543001] (-) TimerEvent: {}
[545.644522] (-) TimerEvent: {}
[545.746204] (-) TimerEvent: {}
[545.847316] (-) TimerEvent: {}
[545.948514] (-) TimerEvent: {}
[546.049673] (-) TimerEvent: {}
[546.150811] (-) TimerEvent: {}
[546.251952] (-) TimerEvent: {}
[546.353295] (-) TimerEvent: {}
[546.454562] (-) TimerEvent: {}
[546.555655] (-) TimerEvent: {}
[546.656919] (-) TimerEvent: {}
[546.758309] (-) TimerEvent: {}
[546.860460] (-) TimerEvent: {}
[546.961584] (-) TimerEvent: {}
[547.062679] (-) TimerEvent: {}
[547.163758] (-) TimerEvent: {}
[547.265917] (-) TimerEvent: {}
[547.367044] (-) TimerEvent: {}
[547.468131] (-) TimerEvent: {}
[547.569193] (-) TimerEvent: {}
[547.670353] (-) TimerEvent: {}
[547.771462] (-) TimerEvent: {}
[547.872595] (-) TimerEvent: {}
[547.973697] (-) TimerEvent: {}
[548.074802] (-) TimerEvent: {}
[548.175976] (-) TimerEvent: {}
[548.292576] (-) TimerEvent: {}
[548.393626] (-) TimerEvent: {}
[548.494687] (-) TimerEvent: {}
[548.595744] (-) TimerEvent: {}
[548.696772] (-) TimerEvent: {}
[548.798966] (-) TimerEvent: {}
[548.900324] (-) TimerEvent: {}
[549.001414] (-) TimerEvent: {}
[549.102458] (-) TimerEvent: {}
[549.203524] (-) TimerEvent: {}
[549.304832] (-) TimerEvent: {}
[549.405886] (-) TimerEvent: {}
[549.506959] (-) TimerEvent: {}
[549.608055] (-) TimerEvent: {}
[549.709186] (-) TimerEvent: {}
[549.810218] (-) TimerEvent: {}
[549.911412] (-) TimerEvent: {}
[550.012542] (-) TimerEvent: {}
[550.113596] (-) TimerEvent: {}
[550.165498] (gazebo_ros) StdoutLine: {'line': b'[ 68%] \x1b[32m\x1b[1mLinking CXX executable test_gazebo_ros_factory\x1b[0m\n'}
[550.213917] (-) TimerEvent: {}
[550.315104] (-) TimerEvent: {}
[550.416375] (-) TimerEvent: {}
[550.518552] (-) TimerEvent: {}
[550.619601] (-) TimerEvent: {}
[550.720782] (-) TimerEvent: {}
[550.823009] (-) TimerEvent: {}
[550.924169] (-) TimerEvent: {}
[551.025337] (-) TimerEvent: {}
[551.126659] (-) TimerEvent: {}
[551.228359] (-) TimerEvent: {}
[551.329452] (-) TimerEvent: {}
[551.430584] (-) TimerEvent: {}
[551.531687] (-) TimerEvent: {}
[551.632945] (-) TimerEvent: {}
[551.733968] (-) TimerEvent: {}
[551.835722] (-) TimerEvent: {}
[551.936907] (-) TimerEvent: {}
[552.038022] (-) TimerEvent: {}
[552.139129] (-) TimerEvent: {}
[552.242522] (-) TimerEvent: {}
[552.343738] (-) TimerEvent: {}
[552.445058] (-) TimerEvent: {}
[552.546184] (-) TimerEvent: {}
[552.647416] (-) TimerEvent: {}
[552.748574] (-) TimerEvent: {}
[552.849740] (-) TimerEvent: {}
[552.950979] (-) TimerEvent: {}
[553.052173] (-) TimerEvent: {}
[553.154583] (-) TimerEvent: {}
[553.255782] (-) TimerEvent: {}
[553.357055] (-) TimerEvent: {}
[553.458168] (-) TimerEvent: {}
[553.559341] (-) TimerEvent: {}
[553.660534] (-) TimerEvent: {}
[553.761661] (-) TimerEvent: {}
[553.862864] (-) TimerEvent: {}
[553.964028] (-) TimerEvent: {}
[554.065199] (-) TimerEvent: {}
[554.166321] (-) TimerEvent: {}
[554.268628] (-) TimerEvent: {}
[554.369759] (-) TimerEvent: {}
[554.470850] (-) TimerEvent: {}
[554.572430] (-) TimerEvent: {}
[554.673518] (-) TimerEvent: {}
[554.774776] (-) TimerEvent: {}
[554.875881] (-) TimerEvent: {}
[554.977121] (-) TimerEvent: {}
[555.078238] (-) TimerEvent: {}
[555.179273] (-) TimerEvent: {}
[555.280446] (-) TimerEvent: {}
[555.381527] (-) TimerEvent: {}
[555.482524] (-) TimerEvent: {}
[555.583596] (-) TimerEvent: {}
[555.684725] (-) TimerEvent: {}
[555.785996] (-) TimerEvent: {}
[555.887180] (-) TimerEvent: {}
[555.988336] (-) TimerEvent: {}
[556.089431] (-) TimerEvent: {}
[556.190466] (-) TimerEvent: {}
[556.291834] (-) TimerEvent: {}
[556.393125] (-) TimerEvent: {}
[556.494252] (-) TimerEvent: {}
[556.595365] (-) TimerEvent: {}
[556.696488] (-) TimerEvent: {}
[556.797500] (-) TimerEvent: {}
[556.898510] (-) TimerEvent: {}
[557.000751] (-) TimerEvent: {}
[557.101826] (-) TimerEvent: {}
[557.202882] (-) TimerEvent: {}
[557.303923] (-) TimerEvent: {}
[557.405052] (-) TimerEvent: {}
[557.506095] (-) TimerEvent: {}
[557.607226] (-) TimerEvent: {}
[557.708421] (-) TimerEvent: {}
[557.809484] (-) TimerEvent: {}
[557.910650] (-) TimerEvent: {}
[558.011720] (-) TimerEvent: {}
[558.112842] (-) TimerEvent: {}
[558.213905] (-) TimerEvent: {}
[558.315078] (-) TimerEvent: {}
[558.416320] (-) TimerEvent: {}
[558.517457] (-) TimerEvent: {}
[558.618569] (-) TimerEvent: {}
[558.719738] (-) TimerEvent: {}
[558.821127] (-) TimerEvent: {}
[558.922275] (-) TimerEvent: {}
[559.023384] (-) TimerEvent: {}
[559.124942] (-) TimerEvent: {}
[559.226203] (-) TimerEvent: {}
[559.328595] (-) TimerEvent: {}
[559.429716] (-) TimerEvent: {}
[559.531044] (-) TimerEvent: {}
[559.632139] (-) TimerEvent: {}
[559.733352] (-) TimerEvent: {}
[559.834466] (-) TimerEvent: {}
[559.935603] (-) TimerEvent: {}
[560.036795] (-) TimerEvent: {}
[560.138113] (-) TimerEvent: {}
[560.239483] (-) TimerEvent: {}
[560.340686] (-) TimerEvent: {}
[560.441882] (-) TimerEvent: {}
[560.530278] (gazebo_ros) StdoutLine: {'line': b'[ 68%] Built target test_gazebo_ros_factory\n'}
[560.542223] (-) TimerEvent: {}
[560.643532] (-) TimerEvent: {}
[560.744965] (-) TimerEvent: {}
[560.846157] (-) TimerEvent: {}
[560.947345] (-) TimerEvent: {}
[561.048468] (-) TimerEvent: {}
[561.149538] (-) TimerEvent: {}
[561.250696] (-) TimerEvent: {}
[561.351779] (-) TimerEvent: {}
[561.452977] (-) TimerEvent: {}
[561.554113] (-) TimerEvent: {}
[561.655253] (-) TimerEvent: {}
[561.756510] (-) TimerEvent: {}
[561.857644] (-) TimerEvent: {}
[561.958938] (-) TimerEvent: {}
[562.060051] (-) TimerEvent: {}
[562.161259] (-) TimerEvent: {}
[562.262407] (-) TimerEvent: {}
[562.363549] (-) TimerEvent: {}
[562.464695] (-) TimerEvent: {}
[562.565752] (-) TimerEvent: {}
[562.666822] (-) TimerEvent: {}
[562.767903] (-) TimerEvent: {}
[562.869024] (-) TimerEvent: {}
[562.970498] (-) TimerEvent: {}
[563.071561] (-) TimerEvent: {}
[563.172774] (-) TimerEvent: {}
[563.273854] (-) TimerEvent: {}
[563.375058] (-) TimerEvent: {}
[563.476198] (-) TimerEvent: {}
[563.577435] (-) TimerEvent: {}
[563.678505] (-) TimerEvent: {}
[563.780200] (-) TimerEvent: {}
[563.881402] (-) TimerEvent: {}
[563.982662] (-) TimerEvent: {}
[564.083908] (-) TimerEvent: {}
[564.185603] (-) TimerEvent: {}
[564.287019] (-) TimerEvent: {}
[564.388137] (-) TimerEvent: {}
[564.489350] (-) TimerEvent: {}
[564.590519] (-) TimerEvent: {}
[564.691657] (-) TimerEvent: {}
[564.794086] (-) TimerEvent: {}
[564.895346] (-) TimerEvent: {}
[564.996572] (-) TimerEvent: {}
[565.097645] (-) TimerEvent: {}
[565.198857] (-) TimerEvent: {}
[565.300359] (-) TimerEvent: {}
[565.402070] (-) TimerEvent: {}
[565.503316] (-) TimerEvent: {}
[565.604597] (-) TimerEvent: {}
[565.705730] (-) TimerEvent: {}
[565.806858] (-) TimerEvent: {}
[565.908067] (-) TimerEvent: {}
[566.009264] (-) TimerEvent: {}
[566.110739] (-) TimerEvent: {}
[566.211803] (-) TimerEvent: {}
[566.313202] (-) TimerEvent: {}
[566.416161] (-) TimerEvent: {}
[566.517392] (-) TimerEvent: {}
[566.618604] (-) TimerEvent: {}
[566.719852] (-) TimerEvent: {}
[566.823735] (-) TimerEvent: {}
[566.925009] (-) TimerEvent: {}
[567.026169] (-) TimerEvent: {}
[567.127458] (-) TimerEvent: {}
[567.228833] (-) TimerEvent: {}
[567.330041] (-) TimerEvent: {}
[567.431656] (-) TimerEvent: {}
[567.533014] (-) TimerEvent: {}
[567.634323] (-) TimerEvent: {}
[567.735681] (-) TimerEvent: {}
[567.836941] (-) TimerEvent: {}
[567.937992] (-) TimerEvent: {}
[568.039043] (-) TimerEvent: {}
[568.140171] (-) TimerEvent: {}
[568.241491] (-) TimerEvent: {}
[568.342519] (-) TimerEvent: {}
[568.443599] (-) TimerEvent: {}
[568.544751] (-) TimerEvent: {}
[568.646465] (-) TimerEvent: {}
[568.747536] (-) TimerEvent: {}
[568.848616] (-) TimerEvent: {}
[568.949631] (-) TimerEvent: {}
[569.050659] (-) TimerEvent: {}
[569.151818] (-) TimerEvent: {}
[569.253020] (-) TimerEvent: {}
[569.354106] (-) TimerEvent: {}
[569.455222] (-) TimerEvent: {}
[569.556432] (-) TimerEvent: {}
[569.657568] (-) TimerEvent: {}
[569.758610] (-) TimerEvent: {}
[569.859727] (-) TimerEvent: {}
[569.960903] (-) TimerEvent: {}
[570.061974] (-) TimerEvent: {}
[570.163041] (-) TimerEvent: {}
[570.256028] (gazebo_ros) StdoutLine: {'line': b'[ 70%] \x1b[32m\x1b[1mLinking CXX executable test_gazebo_ros_init\x1b[0m\n'}
[570.263316] (-) TimerEvent: {}
[570.364467] (-) TimerEvent: {}
[570.465571] (-) TimerEvent: {}
[570.566723] (-) TimerEvent: {}
[570.669031] (-) TimerEvent: {}
[570.770012] (-) TimerEvent: {}
[570.871039] (-) TimerEvent: {}
[570.972138] (-) TimerEvent: {}
[571.073553] (-) TimerEvent: {}
[571.174841] (-) TimerEvent: {}
[571.276395] (-) TimerEvent: {}
[571.377643] (-) TimerEvent: {}
[571.478941] (-) TimerEvent: {}
[571.585714] (-) TimerEvent: {}
[571.689597] (-) TimerEvent: {}
[571.790887] (-) TimerEvent: {}
[571.904925] (-) TimerEvent: {}
[572.006245] (-) TimerEvent: {}
[572.111045] (-) TimerEvent: {}
[572.212911] (-) TimerEvent: {}
[572.314304] (-) TimerEvent: {}
[572.415583] (-) TimerEvent: {}
[572.485127] (gazebo_ros) StdoutLine: {'line': b'[ 71%] \x1b[32m\x1b[1mLinking CXX executable test_gazebo_ros_joint_effort\x1b[0m\n'}
[572.515926] (-) TimerEvent: {}
[572.617832] (-) TimerEvent: {}
[572.719178] (-) TimerEvent: {}
[572.820647] (-) TimerEvent: {}
[572.922416] (-) TimerEvent: {}
[573.026694] (-) TimerEvent: {}
[573.128419] (-) TimerEvent: {}
[573.230214] (-) TimerEvent: {}
[573.331547] (-) TimerEvent: {}
[573.437663] (-) TimerEvent: {}
[573.539023] (-) TimerEvent: {}
[573.640487] (-) TimerEvent: {}
[573.741760] (-) TimerEvent: {}
[573.843341] (-) TimerEvent: {}
[573.949619] (-) TimerEvent: {}
[574.051075] (-) TimerEvent: {}
[574.152390] (-) TimerEvent: {}
[574.257501] (-) TimerEvent: {}
[574.361484] (-) TimerEvent: {}
[574.462987] (-) TimerEvent: {}
[574.564401] (-) TimerEvent: {}
[574.670005] (-) TimerEvent: {}
[574.771429] (-) TimerEvent: {}
[574.875978] (-) TimerEvent: {}
[574.977342] (-) TimerEvent: {}
[575.078617] (-) TimerEvent: {}
[575.183284] (-) TimerEvent: {}
[575.285303] (-) TimerEvent: {}
[575.389806] (-) TimerEvent: {}
[575.490970] (-) TimerEvent: {}
[575.592171] (-) TimerEvent: {}
[575.693520] (-) TimerEvent: {}
[575.794781] (-) TimerEvent: {}
[575.896191] (-) TimerEvent: {}
[575.998247] (-) TimerEvent: {}
[576.106460] (-) TimerEvent: {}
[576.207741] (-) TimerEvent: {}
[576.309044] (-) TimerEvent: {}
[576.410273] (-) TimerEvent: {}
[576.511491] (-) TimerEvent: {}
[576.615283] (-) TimerEvent: {}
[576.716721] (-) TimerEvent: {}
[576.818035] (-) TimerEvent: {}
[576.923134] (-) TimerEvent: {}
[577.029036] (-) TimerEvent: {}
[577.134598] (-) TimerEvent: {}
[577.241173] (-) TimerEvent: {}
[577.331653] (gazebo_ros) StdoutLine: {'line': b'[ 71%] Built target test_gazebo_ros_init\n'}
[577.341469] (-) TimerEvent: {}
[577.448173] (-) TimerEvent: {}
[577.555332] (-) TimerEvent: {}
[577.661963] (-) TimerEvent: {}
[577.769336] (-) TimerEvent: {}
[577.875638] (-) TimerEvent: {}
[577.982704] (-) TimerEvent: {}
[578.092628] (-) TimerEvent: {}
[578.203414] (-) TimerEvent: {}
[578.310441] (-) TimerEvent: {}
[578.414289] (gazebo_ros) StdoutLine: {'line': b'[ 71%] Built target test_gazebo_ros_joint_effort\n'}
[578.415462] (-) TimerEvent: {}
[578.522420] (-) TimerEvent: {}
[578.624500] (-) TimerEvent: {}
[578.727539] (-) TimerEvent: {}
[578.829886] (-) TimerEvent: {}
[578.931084] (-) TimerEvent: {}
[579.032414] (-) TimerEvent: {}
[579.133562] (-) TimerEvent: {}
[579.235202] (-) TimerEvent: {}
[579.336446] (-) TimerEvent: {}
[579.437533] (-) TimerEvent: {}
[579.538698] (-) TimerEvent: {}
[579.639914] (-) TimerEvent: {}
[579.742310] (-) TimerEvent: {}
[579.844688] (-) TimerEvent: {}
[579.947158] (-) TimerEvent: {}
[580.048990] (-) TimerEvent: {}
[580.150693] (-) TimerEvent: {}
[580.252445] (-) TimerEvent: {}
[580.353522] (-) TimerEvent: {}
[580.454579] (-) TimerEvent: {}
[580.556394] (-) TimerEvent: {}
[580.657497] (-) TimerEvent: {}
[580.758585] (-) TimerEvent: {}
[580.859695] (-) TimerEvent: {}
[580.960903] (-) TimerEvent: {}
[581.061975] (-) TimerEvent: {}
[581.163118] (-) TimerEvent: {}
[581.264140] (-) TimerEvent: {}
[581.365528] (-) TimerEvent: {}
[581.466642] (-) TimerEvent: {}
[581.567943] (-) TimerEvent: {}
[581.669773] (-) TimerEvent: {}
[581.770880] (-) TimerEvent: {}
[581.872514] (-) TimerEvent: {}
[581.973748] (-) TimerEvent: {}
[582.074996] (-) TimerEvent: {}
[582.176196] (-) TimerEvent: {}
[582.278199] (-) TimerEvent: {}
[582.379414] (-) TimerEvent: {}
[582.481903] (-) TimerEvent: {}
[582.564550] (gazebo_ros) StdoutLine: {'line': b'[ 73%] \x1b[32mBuilding CXX object test/CMakeFiles/test_plugins.dir/test_plugins.cpp.o\x1b[0m\n'}
[582.582141] (-) TimerEvent: {}
[582.683166] (-) TimerEvent: {}
[582.784373] (-) TimerEvent: {}
[582.885408] (-) TimerEvent: {}
[582.986444] (-) TimerEvent: {}
[583.087467] (-) TimerEvent: {}
[583.188522] (-) TimerEvent: {}
[583.289690] (-) TimerEvent: {}
[583.390865] (-) TimerEvent: {}
[583.491921] (-) TimerEvent: {}
[583.593228] (-) TimerEvent: {}
[583.647749] (gazebo_ros) StdoutLine: {'line': b'[ 75%] \x1b[32mBuilding CXX object test/CMakeFiles/test_reject_duplicate_nodes.dir/test_reject_duplicate_nodes.cpp.o\x1b[0m\n'}
[583.693504] (-) TimerEvent: {}
[583.794623] (-) TimerEvent: {}
[583.895784] (-) TimerEvent: {}
[583.999043] (-) TimerEvent: {}
[584.100326] (-) TimerEvent: {}
[584.202100] (-) TimerEvent: {}
[584.303316] (-) TimerEvent: {}
[584.404490] (-) TimerEvent: {}
[584.505717] (-) TimerEvent: {}
[584.606970] (-) TimerEvent: {}
[584.708072] (-) TimerEvent: {}
[584.740323] (gazebo_ros) StdoutLine: {'line': b'[ 76%] \x1b[32mBuilding CXX object test/CMakeFiles/test_node.dir/test_node.cpp.o\x1b[0m\n'}
[584.808423] (-) TimerEvent: {}
[584.913053] (-) TimerEvent: {}
[585.017696] (-) TimerEvent: {}
[585.123974] (-) TimerEvent: {}
[585.230004] (-) TimerEvent: {}
[585.334696] (-) TimerEvent: {}
[585.439587] (-) TimerEvent: {}
[585.545805] (-) TimerEvent: {}
[585.647250] (-) TimerEvent: {}
[585.748316] (-) TimerEvent: {}
[585.849364] (-) TimerEvent: {}
[585.950457] (-) TimerEvent: {}
[586.051474] (-) TimerEvent: {}
[586.153028] (-) TimerEvent: {}
[586.254055] (-) TimerEvent: {}
[586.355065] (-) TimerEvent: {}
[586.456062] (-) TimerEvent: {}
[586.557143] (-) TimerEvent: {}
[586.658687] (-) TimerEvent: {}
[586.759870] (-) TimerEvent: {}
[586.861225] (-) TimerEvent: {}
[586.962362] (-) TimerEvent: {}
[587.063381] (-) TimerEvent: {}
[587.164889] (-) TimerEvent: {}
[587.265923] (-) TimerEvent: {}
[587.366988] (-) TimerEvent: {}
[587.474019] (-) TimerEvent: {}
[587.575143] (-) TimerEvent: {}
[587.676799] (-) TimerEvent: {}
[587.777934] (-) TimerEvent: {}
[587.879093] (-) TimerEvent: {}
[587.980376] (-) TimerEvent: {}
[588.081552] (-) TimerEvent: {}
[588.182779] (-) TimerEvent: {}
[588.285281] (-) TimerEvent: {}
[588.387428] (-) TimerEvent: {}
[588.489049] (-) TimerEvent: {}
[588.590240] (-) TimerEvent: {}
[588.691410] (-) TimerEvent: {}
[588.794191] (-) TimerEvent: {}
[588.895989] (-) TimerEvent: {}
[588.997355] (-) TimerEvent: {}
[589.098456] (-) TimerEvent: {}
[589.199577] (-) TimerEvent: {}
[589.289156] (gazebo_ros) StdoutLine: {'line': b'[ 78%] \x1b[32m\x1b[1mLinking CXX executable test_gazebo_ros_link_wrench\x1b[0m\n'}
[589.299864] (-) TimerEvent: {}
[589.401104] (-) TimerEvent: {}
[589.502210] (-) TimerEvent: {}
[589.603231] (-) TimerEvent: {}
[589.704346] (-) TimerEvent: {}
[589.805569] (-) TimerEvent: {}
[589.907214] (-) TimerEvent: {}
[590.008505] (-) TimerEvent: {}
[590.109675] (-) TimerEvent: {}
[590.210733] (-) TimerEvent: {}
[590.313294] (-) TimerEvent: {}
[590.414896] (-) TimerEvent: {}
[590.519358] (-) TimerEvent: {}
[590.622066] (-) TimerEvent: {}
[590.723361] (-) TimerEvent: {}
[590.825317] (-) TimerEvent: {}
[590.926869] (-) TimerEvent: {}
[591.028432] (-) TimerEvent: {}
[591.129636] (-) TimerEvent: {}
[591.230794] (-) TimerEvent: {}
[591.332165] (-) TimerEvent: {}
[591.436758] (-) TimerEvent: {}
[591.538107] (-) TimerEvent: {}
[591.641651] (-) TimerEvent: {}
[591.742947] (-) TimerEvent: {}
[591.846217] (-) TimerEvent: {}
[591.947994] (-) TimerEvent: {}
[592.049524] (-) TimerEvent: {}
[592.150724] (-) TimerEvent: {}
[592.251870] (-) TimerEvent: {}
[592.353109] (-) TimerEvent: {}
[592.454253] (-) TimerEvent: {}
[592.555393] (-) TimerEvent: {}
[592.656705] (-) TimerEvent: {}
[592.757976] (-) TimerEvent: {}
[592.859163] (-) TimerEvent: {}
[592.960421] (-) TimerEvent: {}
[593.061949] (-) TimerEvent: {}
[593.163437] (-) TimerEvent: {}
[593.264569] (-) TimerEvent: {}
[593.365665] (-) TimerEvent: {}
[593.466684] (-) TimerEvent: {}
[593.567775] (-) TimerEvent: {}
[593.669047] (-) TimerEvent: {}
[593.770153] (-) TimerEvent: {}
[593.871244] (-) TimerEvent: {}
[593.972773] (-) TimerEvent: {}
[594.073852] (-) TimerEvent: {}
[594.174989] (-) TimerEvent: {}
[594.276333] (-) TimerEvent: {}
[594.377380] (-) TimerEvent: {}
[594.478430] (-) TimerEvent: {}
[594.579572] (-) TimerEvent: {}
[594.680987] (-) TimerEvent: {}
[594.782137] (-) TimerEvent: {}
[594.883742] (-) TimerEvent: {}
[594.984821] (-) TimerEvent: {}
[595.085891] (-) TimerEvent: {}
[595.186969] (-) TimerEvent: {}
[595.288061] (-) TimerEvent: {}
[595.389225] (-) TimerEvent: {}
[595.491104] (-) TimerEvent: {}
[595.592329] (-) TimerEvent: {}
[595.693392] (-) TimerEvent: {}
[595.707434] (gazebo_ros) StdoutLine: {'line': b'[ 78%] Built target test_gazebo_ros_link_wrench\n'}
[595.793721] (-) TimerEvent: {}
[595.894782] (-) TimerEvent: {}
[595.995976] (-) TimerEvent: {}
[596.097081] (-) TimerEvent: {}
[596.198073] (-) TimerEvent: {}
[596.299462] (-) TimerEvent: {}
[596.400536] (-) TimerEvent: {}
[596.501839] (-) TimerEvent: {}
[596.602862] (-) TimerEvent: {}
[596.704124] (-) TimerEvent: {}
[596.805198] (-) TimerEvent: {}
[596.906253] (-) TimerEvent: {}
[597.007337] (-) TimerEvent: {}
[597.108430] (-) TimerEvent: {}
[597.209562] (-) TimerEvent: {}
[597.310632] (-) TimerEvent: {}
[597.411723] (-) TimerEvent: {}
[597.512883] (-) TimerEvent: {}
[597.614004] (-) TimerEvent: {}
[597.715176] (-) TimerEvent: {}
[597.816333] (-) TimerEvent: {}
[597.917411] (-) TimerEvent: {}
[598.018573] (-) TimerEvent: {}
[598.119641] (-) TimerEvent: {}
[598.220780] (-) TimerEvent: {}
[598.321859] (-) TimerEvent: {}
[598.422979] (-) TimerEvent: {}
[598.524097] (-) TimerEvent: {}
[598.625400] (-) TimerEvent: {}
[598.726765] (-) TimerEvent: {}
[598.828015] (-) TimerEvent: {}
[598.929332] (-) TimerEvent: {}
[599.030896] (-) TimerEvent: {}
[599.132372] (-) TimerEvent: {}
[599.233665] (-) TimerEvent: {}
[599.334847] (-) TimerEvent: {}
[599.436091] (-) TimerEvent: {}
[599.537683] (-) TimerEvent: {}
[599.638724] (-) TimerEvent: {}
[599.739832] (-) TimerEvent: {}
[599.841003] (-) TimerEvent: {}
[599.942121] (-) TimerEvent: {}
[600.043188] (-) TimerEvent: {}
[600.144494] (-) TimerEvent: {}
[600.245626] (-) TimerEvent: {}
[600.346969] (-) TimerEvent: {}
[600.448136] (-) TimerEvent: {}
[600.549425] (-) TimerEvent: {}
[600.650603] (-) TimerEvent: {}
[600.752666] (-) TimerEvent: {}
[600.853771] (-) TimerEvent: {}
[600.955968] (-) TimerEvent: {}
[601.057110] (-) TimerEvent: {}
[601.158206] (-) TimerEvent: {}
[601.259505] (-) TimerEvent: {}
[601.360698] (-) TimerEvent: {}
[601.461736] (-) TimerEvent: {}
[601.562895] (-) TimerEvent: {}
[601.664104] (-) TimerEvent: {}
[601.765193] (-) TimerEvent: {}
[601.866237] (-) TimerEvent: {}
[601.967191] (-) TimerEvent: {}
[602.068490] (-) TimerEvent: {}
[602.169693] (-) TimerEvent: {}
[602.270809] (-) TimerEvent: {}
[602.371903] (-) TimerEvent: {}
[602.473871] (-) TimerEvent: {}
[602.574965] (-) TimerEvent: {}
[602.676171] (-) TimerEvent: {}
[602.777489] (-) TimerEvent: {}
[602.878646] (-) TimerEvent: {}
[602.979709] (-) TimerEvent: {}
[603.081530] (-) TimerEvent: {}
[603.183756] (-) TimerEvent: {}
[603.284946] (-) TimerEvent: {}
[603.386008] (-) TimerEvent: {}
[603.487651] (-) TimerEvent: {}
[603.588775] (-) TimerEvent: {}
[603.689857] (-) TimerEvent: {}
[603.791110] (-) TimerEvent: {}
[603.892346] (-) TimerEvent: {}
[603.993530] (-) TimerEvent: {}
[604.094610] (-) TimerEvent: {}
[604.195697] (-) TimerEvent: {}
[604.296849] (-) TimerEvent: {}
[604.397973] (-) TimerEvent: {}
[604.499167] (-) TimerEvent: {}
[604.600458] (-) TimerEvent: {}
[604.701648] (-) TimerEvent: {}
[604.802786] (-) TimerEvent: {}
[604.904037] (-) TimerEvent: {}
[605.005272] (-) TimerEvent: {}
[605.106536] (-) TimerEvent: {}
[605.207811] (-) TimerEvent: {}
[605.309048] (-) TimerEvent: {}
[605.410327] (-) TimerEvent: {}
[605.511633] (-) TimerEvent: {}
[605.547195] (gazebo_ros) StdoutLine: {'line': b'[ 79%] \x1b[32m\x1b[1mLinking CXX executable test_gazebo_ros_properties\x1b[0m\n'}
[605.611895] (-) TimerEvent: {}
[605.713155] (-) TimerEvent: {}
[605.815361] (-) TimerEvent: {}
[605.916499] (-) TimerEvent: {}
[606.017594] (-) TimerEvent: {}
[606.118564] (-) TimerEvent: {}
[606.219665] (-) TimerEvent: {}
[606.320864] (-) TimerEvent: {}
[606.421989] (-) TimerEvent: {}
[606.523104] (-) TimerEvent: {}
[606.624320] (-) TimerEvent: {}
[606.725431] (-) TimerEvent: {}
[606.826637] (-) TimerEvent: {}
[606.927791] (-) TimerEvent: {}
[607.029014] (-) TimerEvent: {}
[607.130219] (-) TimerEvent: {}
[607.231424] (-) TimerEvent: {}
[607.332562] (-) TimerEvent: {}
[607.433626] (-) TimerEvent: {}
[607.534855] (-) TimerEvent: {}
[607.636625] (-) TimerEvent: {}
[607.742378] (-) TimerEvent: {}
[607.851464] (-) TimerEvent: {}
[607.910859] (gazebo_ros) StdoutLine: {'line': b'[ 81%] \x1b[32mBuilding CXX object test/CMakeFiles/test_qos.dir/test_qos.cpp.o\x1b[0m\n'}
[607.951763] (-) TimerEvent: {}
[608.053056] (-) TimerEvent: {}
[608.154110] (-) TimerEvent: {}
[608.255163] (-) TimerEvent: {}
[608.356148] (-) TimerEvent: {}
[608.457115] (-) TimerEvent: {}
[608.558052] (-) TimerEvent: {}
[608.659094] (-) TimerEvent: {}
[608.760029] (-) TimerEvent: {}
[608.861026] (-) TimerEvent: {}
[608.963075] (-) TimerEvent: {}
[609.064086] (-) TimerEvent: {}
[609.165051] (-) TimerEvent: {}
[609.265986] (-) TimerEvent: {}
[609.367066] (-) TimerEvent: {}
[609.468035] (-) TimerEvent: {}
[609.569119] (-) TimerEvent: {}
[609.670068] (-) TimerEvent: {}
[609.771142] (-) TimerEvent: {}
[609.872198] (-) TimerEvent: {}
[609.974620] (-) TimerEvent: {}
[610.075729] (-) TimerEvent: {}
[610.176952] (-) TimerEvent: {}
[610.278058] (-) TimerEvent: {}
[610.379136] (-) TimerEvent: {}
[610.481363] (-) TimerEvent: {}
[610.582437] (-) TimerEvent: {}
[610.684680] (-) TimerEvent: {}
[610.785751] (-) TimerEvent: {}
[610.886786] (-) TimerEvent: {}
[610.987879] (-) TimerEvent: {}
[611.089304] (-) TimerEvent: {}
[611.190536] (-) TimerEvent: {}
[611.291727] (-) TimerEvent: {}
[611.393037] (-) TimerEvent: {}
[611.494291] (-) TimerEvent: {}
[611.595473] (-) TimerEvent: {}
[611.696748] (-) TimerEvent: {}
[611.797905] (-) TimerEvent: {}
[611.899096] (-) TimerEvent: {}
[612.000297] (-) TimerEvent: {}
[612.101425] (-) TimerEvent: {}
[612.202628] (-) TimerEvent: {}
[612.303818] (-) TimerEvent: {}
[612.405197] (-) TimerEvent: {}
[612.506912] (-) TimerEvent: {}
[612.608158] (-) TimerEvent: {}
[612.709446] (-) TimerEvent: {}
[612.810502] (-) TimerEvent: {}
[612.907973] (gazebo_ros) StdoutLine: {'line': b'[ 81%] Built target test_gazebo_ros_properties\n'}
[612.910770] (-) TimerEvent: {}
[613.011909] (-) TimerEvent: {}
[613.059662] (gazebo_ros) StdoutLine: {'line': b'[ 82%] \x1b[32mBuilding CXX object test/CMakeFiles/test_sim_time.dir/test_sim_time.cpp.o\x1b[0m\n'}
[613.112376] (-) TimerEvent: {}
[613.213607] (-) TimerEvent: {}
[613.314751] (-) TimerEvent: {}
[613.415881] (-) TimerEvent: {}
[613.517080] (-) TimerEvent: {}
[613.618186] (-) TimerEvent: {}
[613.719297] (-) TimerEvent: {}
[613.820635] (-) TimerEvent: {}
[613.921913] (-) TimerEvent: {}
[614.023140] (-) TimerEvent: {}
[614.124291] (-) TimerEvent: {}
[614.235990] (-) TimerEvent: {}
[614.338082] (-) TimerEvent: {}
[614.439253] (-) TimerEvent: {}
[614.540419] (-) TimerEvent: {}
[614.641580] (-) TimerEvent: {}
[614.742683] (-) TimerEvent: {}
[614.843857] (-) TimerEvent: {}
[614.945135] (-) TimerEvent: {}
[615.056564] (-) TimerEvent: {}
[615.157657] (-) TimerEvent: {}
[615.259763] (-) TimerEvent: {}
[615.360834] (-) TimerEvent: {}
[615.461832] (-) TimerEvent: {}
[615.562858] (-) TimerEvent: {}
[615.663851] (-) TimerEvent: {}
[615.764836] (-) TimerEvent: {}
[615.865895] (-) TimerEvent: {}
[615.966915] (-) TimerEvent: {}
[616.067903] (-) TimerEvent: {}
[616.168977] (-) TimerEvent: {}
[616.269966] (-) TimerEvent: {}
[616.371017] (-) TimerEvent: {}
[616.472037] (-) TimerEvent: {}
[616.573275] (-) TimerEvent: {}
[616.674400] (-) TimerEvent: {}
[616.775475] (-) TimerEvent: {}
[616.876665] (-) TimerEvent: {}
[616.977728] (-) TimerEvent: {}
[617.078788] (-) TimerEvent: {}
[617.179898] (-) TimerEvent: {}
[617.281073] (-) TimerEvent: {}
[617.382167] (-) TimerEvent: {}
[617.483273] (-) TimerEvent: {}
[617.584881] (-) TimerEvent: {}
[617.686130] (-) TimerEvent: {}
[617.787199] (-) TimerEvent: {}
[617.888740] (-) TimerEvent: {}
[617.989840] (-) TimerEvent: {}
[618.090877] (-) TimerEvent: {}
[618.191990] (-) TimerEvent: {}
[618.293283] (-) TimerEvent: {}
[618.394521] (-) TimerEvent: {}
[618.495632] (-) TimerEvent: {}
[618.596846] (-) TimerEvent: {}
[618.698000] (-) TimerEvent: {}
[618.799129] (-) TimerEvent: {}
[618.900439] (-) TimerEvent: {}
[619.001675] (-) TimerEvent: {}
[619.102869] (-) TimerEvent: {}
[619.204021] (-) TimerEvent: {}
[619.305307] (-) TimerEvent: {}
[619.406501] (-) TimerEvent: {}
[619.507644] (-) TimerEvent: {}
[619.608866] (-) TimerEvent: {}
[619.710055] (-) TimerEvent: {}
[619.811315] (-) TimerEvent: {}
[619.912619] (-) TimerEvent: {}
[620.013783] (-) TimerEvent: {}
[620.114980] (-) TimerEvent: {}
[620.216027] (-) TimerEvent: {}
[620.317197] (-) TimerEvent: {}
[620.418384] (-) TimerEvent: {}
[620.519467] (-) TimerEvent: {}
[620.620684] (-) TimerEvent: {}
[620.721737] (-) TimerEvent: {}
[620.822867] (-) TimerEvent: {}
[620.923880] (-) TimerEvent: {}
[621.024893] (-) TimerEvent: {}
[621.125890] (-) TimerEvent: {}
[621.226928] (-) TimerEvent: {}
[621.328059] (-) TimerEvent: {}
[621.429176] (-) TimerEvent: {}
[621.530189] (-) TimerEvent: {}
[621.631399] (-) TimerEvent: {}
[621.734535] (-) TimerEvent: {}
[621.835797] (-) TimerEvent: {}
[621.937002] (-) TimerEvent: {}
[622.038208] (-) TimerEvent: {}
[622.139473] (-) TimerEvent: {}
[622.240609] (-) TimerEvent: {}
[622.341833] (-) TimerEvent: {}
[622.443028] (-) TimerEvent: {}
[622.544333] (-) TimerEvent: {}
[622.645454] (-) TimerEvent: {}
[622.746635] (-) TimerEvent: {}
[622.847798] (-) TimerEvent: {}
[622.949014] (-) TimerEvent: {}
[623.050291] (-) TimerEvent: {}
[623.151479] (-) TimerEvent: {}
[623.252768] (-) TimerEvent: {}
[623.353909] (-) TimerEvent: {}
[623.455170] (-) TimerEvent: {}
[623.556435] (-) TimerEvent: {}
[623.657666] (-) TimerEvent: {}
[623.758888] (-) TimerEvent: {}
[623.860073] (-) TimerEvent: {}
[623.961194] (-) TimerEvent: {}
[624.062264] (-) TimerEvent: {}
[624.163307] (-) TimerEvent: {}
[624.264560] (-) TimerEvent: {}
[624.365872] (-) TimerEvent: {}
[624.467177] (-) TimerEvent: {}
[624.568529] (-) TimerEvent: {}
[624.669739] (-) TimerEvent: {}
[624.772050] (-) TimerEvent: {}
[624.874549] (-) TimerEvent: {}
[624.976790] (-) TimerEvent: {}
[625.078358] (-) TimerEvent: {}
[625.179538] (-) TimerEvent: {}
[625.280737] (-) TimerEvent: {}
[625.381870] (-) TimerEvent: {}
[625.483098] (-) TimerEvent: {}
[625.584343] (-) TimerEvent: {}
[625.685487] (-) TimerEvent: {}
[625.786616] (-) TimerEvent: {}
[625.890115] (-) TimerEvent: {}
[625.992206] (-) TimerEvent: {}
[626.093423] (-) TimerEvent: {}
[626.194596] (-) TimerEvent: {}
[626.295826] (-) TimerEvent: {}
[626.397035] (-) TimerEvent: {}
[626.498175] (-) TimerEvent: {}
[626.599364] (-) TimerEvent: {}
[626.700537] (-) TimerEvent: {}
[626.801697] (-) TimerEvent: {}
[626.902807] (-) TimerEvent: {}
[627.004894] (-) TimerEvent: {}
[627.106020] (-) TimerEvent: {}
[627.207236] (-) TimerEvent: {}
[627.308444] (-) TimerEvent: {}
[627.409488] (-) TimerEvent: {}
[627.510572] (-) TimerEvent: {}
[627.616327] (-) TimerEvent: {}
[627.717841] (-) TimerEvent: {}
[627.820035] (-) TimerEvent: {}
[627.921293] (-) TimerEvent: {}
[628.022366] (-) TimerEvent: {}
[628.123491] (-) TimerEvent: {}
[628.224703] (-) TimerEvent: {}
[628.325780] (-) TimerEvent: {}
[628.426897] (-) TimerEvent: {}
[628.528055] (-) TimerEvent: {}
[628.629237] (-) TimerEvent: {}
[628.730322] (-) TimerEvent: {}
[628.831445] (-) TimerEvent: {}
[628.932607] (-) TimerEvent: {}
[629.034742] (-) TimerEvent: {}
[629.135903] (-) TimerEvent: {}
[629.237077] (-) TimerEvent: {}
[629.338173] (-) TimerEvent: {}
[629.439326] (-) TimerEvent: {}
[629.540552] (-) TimerEvent: {}
[629.641774] (-) TimerEvent: {}
[629.742934] (-) TimerEvent: {}
[629.844155] (-) TimerEvent: {}
[629.945737] (-) TimerEvent: {}
[630.046971] (-) TimerEvent: {}
[630.148213] (-) TimerEvent: {}
[630.249831] (-) TimerEvent: {}
[630.350970] (-) TimerEvent: {}
[630.452190] (-) TimerEvent: {}
[630.553397] (-) TimerEvent: {}
[630.654517] (-) TimerEvent: {}
[630.755682] (-) TimerEvent: {}
[630.856968] (-) TimerEvent: {}
[630.958101] (-) TimerEvent: {}
[631.059229] (-) TimerEvent: {}
[631.160480] (-) TimerEvent: {}
[631.261654] (-) TimerEvent: {}
[631.362801] (-) TimerEvent: {}
[631.463983] (-) TimerEvent: {}
[631.565268] (-) TimerEvent: {}
[631.666393] (-) TimerEvent: {}
[631.767585] (-) TimerEvent: {}
[631.868852] (-) TimerEvent: {}
[631.970008] (-) TimerEvent: {}
[632.071209] (-) TimerEvent: {}
[632.172429] (-) TimerEvent: {}
[632.273512] (-) TimerEvent: {}
[632.361347] (gazebo_ros) StdoutLine: {'line': b'[ 84%] \x1b[32m\x1b[1mLinking CXX executable test_gazebo_ros_state\x1b[0m\n'}
[632.373797] (-) TimerEvent: {}
[632.474869] (-) TimerEvent: {}
[632.576029] (-) TimerEvent: {}
[632.677242] (-) TimerEvent: {}
[632.778387] (-) TimerEvent: {}
[632.879501] (-) TimerEvent: {}
[632.980713] (-) TimerEvent: {}
[633.081917] (-) TimerEvent: {}
[633.183464] (-) TimerEvent: {}
[633.284713] (-) TimerEvent: {}
[633.385902] (-) TimerEvent: {}
[633.391713] (gazebo_ros) StdoutLine: {'line': b'[ 85%] \x1b[32m\x1b[1mLinking CXX executable test_qos\x1b[0m\n'}
[633.486229] (-) TimerEvent: {}
[633.587465] (-) TimerEvent: {}
[633.688788] (-) TimerEvent: {}
[633.790033] (-) TimerEvent: {}
[633.891301] (-) TimerEvent: {}
[633.992682] (-) TimerEvent: {}
[634.093950] (-) TimerEvent: {}
[634.195377] (-) TimerEvent: {}
[634.297863] (-) TimerEvent: {}
[634.399240] (-) TimerEvent: {}
[634.500601] (-) TimerEvent: {}
[634.601908] (-) TimerEvent: {}
[634.703244] (-) TimerEvent: {}
[634.804604] (-) TimerEvent: {}
[634.905630] (-) TimerEvent: {}
[635.006956] (-) TimerEvent: {}
[635.107992] (-) TimerEvent: {}
[635.209155] (-) TimerEvent: {}
[635.310261] (-) TimerEvent: {}
[635.411377] (-) TimerEvent: {}
[635.512515] (-) TimerEvent: {}
[635.613614] (-) TimerEvent: {}
[635.714784] (-) TimerEvent: {}
[635.725122] (gazebo_ros) StdoutLine: {'line': b'[ 87%] \x1b[32m\x1b[1mLinking CXX executable test_node\x1b[0m\n'}
[635.815116] (-) TimerEvent: {}
[635.916312] (-) TimerEvent: {}
[636.017297] (-) TimerEvent: {}
[636.118338] (-) TimerEvent: {}
[636.219463] (-) TimerEvent: {}
[636.293850] (gazebo_ros) StdoutLine: {'line': b'[ 89%] \x1b[32m\x1b[1mLinking CXX executable test_reject_duplicate_nodes\x1b[0m\n'}
[636.319785] (-) TimerEvent: {}
[636.421015] (-) TimerEvent: {}
[636.522310] (-) TimerEvent: {}
[636.623550] (-) TimerEvent: {}
[636.724839] (-) TimerEvent: {}
[636.825995] (-) TimerEvent: {}
[636.927327] (-) TimerEvent: {}
[637.028589] (-) TimerEvent: {}
[637.129779] (-) TimerEvent: {}
[637.231101] (-) TimerEvent: {}
[637.332429] (-) TimerEvent: {}
[637.433669] (-) TimerEvent: {}
[637.535069] (-) TimerEvent: {}
[637.636426] (-) TimerEvent: {}
[637.647301] (gazebo_ros) StdoutLine: {'line': b'[ 89%] Built target test_qos\n'}
[637.736763] (-) TimerEvent: {}
[637.838092] (-) TimerEvent: {}
[637.939531] (-) TimerEvent: {}
[638.041050] (-) TimerEvent: {}
[638.142844] (-) TimerEvent: {}
[638.244146] (-) TimerEvent: {}
[638.345551] (-) TimerEvent: {}
[638.446850] (-) TimerEvent: {}
[638.548164] (-) TimerEvent: {}
[638.649622] (-) TimerEvent: {}
[638.750937] (-) TimerEvent: {}
[638.852192] (-) TimerEvent: {}
[638.953639] (-) TimerEvent: {}
[639.054777] (-) TimerEvent: {}
[639.155951] (-) TimerEvent: {}
[639.257315] (-) TimerEvent: {}
[639.358483] (-) TimerEvent: {}
[639.460798] (-) TimerEvent: {}
[639.562091] (-) TimerEvent: {}
[639.663453] (-) TimerEvent: {}
[639.764670] (-) TimerEvent: {}
[639.865912] (-) TimerEvent: {}
[639.951091] (gazebo_ros) StdoutLine: {'line': b'[ 89%] Built target test_node\n'}
[639.966232] (-) TimerEvent: {}
[640.070069] (-) TimerEvent: {}
[640.176929] (-) TimerEvent: {}
[640.281091] (-) TimerEvent: {}
[640.392535] (-) TimerEvent: {}
[640.441030] (gazebo_ros) StdoutLine: {'line': b'[ 89%] Built target test_reject_duplicate_nodes\n'}
[640.492771] (-) TimerEvent: {}
[640.544949] (gazebo_ros) StdoutLine: {'line': b'[ 89%] Built target test_gazebo_ros_state\n'}
[640.593045] (-) TimerEvent: {}
[640.695490] (-) TimerEvent: {}
[640.797773] (-) TimerEvent: {}
[640.899947] (-) TimerEvent: {}
[641.001970] (-) TimerEvent: {}
[641.103945] (-) TimerEvent: {}
[641.205974] (-) TimerEvent: {}
[641.307583] (-) TimerEvent: {}
[641.410583] (-) TimerEvent: {}
[641.512882] (-) TimerEvent: {}
[641.615347] (-) TimerEvent: {}
[641.716460] (-) TimerEvent: {}
[641.817463] (-) TimerEvent: {}
[641.918476] (-) TimerEvent: {}
[642.019845] (-) TimerEvent: {}
[642.120893] (-) TimerEvent: {}
[642.221916] (-) TimerEvent: {}
[642.323007] (-) TimerEvent: {}
[642.424097] (-) TimerEvent: {}
[642.525305] (-) TimerEvent: {}
[642.626345] (-) TimerEvent: {}
[642.727331] (-) TimerEvent: {}
[642.768852] (gazebo_ros) StdoutLine: {'line': b'[ 90%] \x1b[32m\x1b[1mLinking CXX executable test_plugins\x1b[0m\n'}
[642.827686] (-) TimerEvent: {}
[642.929751] (-) TimerEvent: {}
[643.030718] (-) TimerEvent: {}
[643.132482] (-) TimerEvent: {}
[643.234165] (-) TimerEvent: {}
[643.335372] (-) TimerEvent: {}
[643.438199] (-) TimerEvent: {}
[643.540527] (-) TimerEvent: {}
[643.643405] (-) TimerEvent: {}
[643.745436] (-) TimerEvent: {}
[643.846743] (-) TimerEvent: {}
[643.947882] (-) TimerEvent: {}
[644.049285] (-) TimerEvent: {}
[644.150487] (-) TimerEvent: {}
[644.251759] (-) TimerEvent: {}
[644.353600] (-) TimerEvent: {}
[644.454723] (-) TimerEvent: {}
[644.556150] (-) TimerEvent: {}
[644.657242] (-) TimerEvent: {}
[644.758514] (-) TimerEvent: {}
[644.860884] (-) TimerEvent: {}
[644.962183] (-) TimerEvent: {}
[645.063666] (-) TimerEvent: {}
[645.165298] (-) TimerEvent: {}
[645.266518] (-) TimerEvent: {}
[645.367595] (-) TimerEvent: {}
[645.468811] (-) TimerEvent: {}
[645.516565] (gazebo_ros) StdoutLine: {'line': b'[ 90%] Built target test_plugins\n'}
[645.569052] (-) TimerEvent: {}
[645.631545] (gazebo_ros) StdoutLine: {'line': b'[ 92%] \x1b[32mBuilding CXX object CMakeFiles/gazebo_ros_eol_gui.dir/gazebo_ros_eol_gui_autogen/mocs_compilation.cpp.o\x1b[0m\n'}
[645.636073] (gazebo_ros) StdoutLine: {'line': b'[ 93%] \x1b[32mBuilding CXX object CMakeFiles/gazebo_ros_eol_gui.dir/src/gazebo_ros_eol_gui.cpp.o\x1b[0m\n'}
[645.669307] (-) TimerEvent: {}
[645.770307] (-) TimerEvent: {}
[645.871480] (-) TimerEvent: {}
[645.972813] (-) TimerEvent: {}
[646.073871] (-) TimerEvent: {}
[646.174872] (-) TimerEvent: {}
[646.275853] (-) TimerEvent: {}
[646.377036] (-) TimerEvent: {}
[646.478058] (-) TimerEvent: {}
[646.579109] (-) TimerEvent: {}
[646.680073] (-) TimerEvent: {}
[646.781168] (-) TimerEvent: {}
[646.882175] (-) TimerEvent: {}
[646.983268] (-) TimerEvent: {}
[647.084350] (-) TimerEvent: {}
[647.185378] (-) TimerEvent: {}
[647.286430] (-) TimerEvent: {}
[647.387313] (-) TimerEvent: {}
[647.488397] (-) TimerEvent: {}
[647.589400] (-) TimerEvent: {}
[647.690544] (-) TimerEvent: {}
[647.791551] (-) TimerEvent: {}
[647.892602] (-) TimerEvent: {}
[647.993567] (-) TimerEvent: {}
[648.094514] (-) TimerEvent: {}
[648.195510] (-) TimerEvent: {}
[648.296574] (-) TimerEvent: {}
[648.397556] (-) TimerEvent: {}
[648.498536] (-) TimerEvent: {}
[648.599473] (-) TimerEvent: {}
[648.700484] (-) TimerEvent: {}
[648.801391] (-) TimerEvent: {}
[648.902414] (-) TimerEvent: {}
[649.003363] (-) TimerEvent: {}
[649.104320] (-) TimerEvent: {}
[649.205301] (-) TimerEvent: {}
[649.306233] (-) TimerEvent: {}
[649.407140] (-) TimerEvent: {}
[649.508117] (-) TimerEvent: {}
[649.609142] (-) TimerEvent: {}
[649.710146] (-) TimerEvent: {}
[649.811008] (-) TimerEvent: {}
[649.911996] (-) TimerEvent: {}
[650.013063] (-) TimerEvent: {}
[650.114101] (-) TimerEvent: {}
[650.215107] (-) TimerEvent: {}
[650.316419] (-) TimerEvent: {}
[650.417458] (-) TimerEvent: {}
[650.518434] (-) TimerEvent: {}
[650.619469] (-) TimerEvent: {}
[650.720474] (-) TimerEvent: {}
[650.821482] (-) TimerEvent: {}
[650.922434] (-) TimerEvent: {}
[651.023258] (-) TimerEvent: {}
[651.124182] (-) TimerEvent: {}
[651.225361] (-) TimerEvent: {}
[651.326420] (-) TimerEvent: {}
[651.427379] (-) TimerEvent: {}
[651.528499] (-) TimerEvent: {}
[651.629463] (-) TimerEvent: {}
[651.730450] (-) TimerEvent: {}
[651.831442] (-) TimerEvent: {}
[651.932366] (-) TimerEvent: {}
[652.033271] (-) TimerEvent: {}
[652.134232] (-) TimerEvent: {}
[652.235206] (-) TimerEvent: {}
[652.336740] (-) TimerEvent: {}
[652.437763] (-) TimerEvent: {}
[652.538811] (-) TimerEvent: {}
[652.639853] (-) TimerEvent: {}
[652.740792] (-) TimerEvent: {}
[652.842277] (-) TimerEvent: {}
[652.944427] (-) TimerEvent: {}
[653.045420] (-) TimerEvent: {}
[653.146564] (-) TimerEvent: {}
[653.247466] (-) TimerEvent: {}
[653.348540] (-) TimerEvent: {}
[653.449512] (-) TimerEvent: {}
[653.550488] (-) TimerEvent: {}
[653.651526] (-) TimerEvent: {}
[653.752546] (-) TimerEvent: {}
[653.853790] (-) TimerEvent: {}
[653.954970] (-) TimerEvent: {}
[654.056202] (-) TimerEvent: {}
[654.158518] (-) TimerEvent: {}
[654.259518] (-) TimerEvent: {}
[654.360482] (-) TimerEvent: {}
[654.461482] (-) TimerEvent: {}
[654.562452] (-) TimerEvent: {}
[654.663499] (-) TimerEvent: {}
[654.764627] (-) TimerEvent: {}
[654.865724] (-) TimerEvent: {}
[654.966750] (-) TimerEvent: {}
[655.067662] (-) TimerEvent: {}
[655.168845] (-) TimerEvent: {}
[655.269810] (-) TimerEvent: {}
[655.370784] (-) TimerEvent: {}
[655.471784] (-) TimerEvent: {}
[655.572870] (-) TimerEvent: {}
[655.673890] (-) TimerEvent: {}
[655.775139] (-) TimerEvent: {}
[655.876152] (-) TimerEvent: {}
[655.977231] (-) TimerEvent: {}
[656.078285] (-) TimerEvent: {}
[656.179294] (-) TimerEvent: {}
[656.280432] (-) TimerEvent: {}
[656.381886] (-) TimerEvent: {}
[656.483192] (-) TimerEvent: {}
[656.584496] (-) TimerEvent: {}
[656.685577] (-) TimerEvent: {}
[656.786704] (-) TimerEvent: {}
[656.887803] (-) TimerEvent: {}
[656.991501] (-) TimerEvent: {}
[657.092597] (-) TimerEvent: {}
[657.194023] (-) TimerEvent: {}
[657.295122] (-) TimerEvent: {}
[657.396387] (-) TimerEvent: {}
[657.497592] (-) TimerEvent: {}
[657.598974] (-) TimerEvent: {}
[657.700198] (-) TimerEvent: {}
[657.802180] (-) TimerEvent: {}
[657.903974] (-) TimerEvent: {}
[658.007387] (-) TimerEvent: {}
[658.109743] (-) TimerEvent: {}
[658.211042] (-) TimerEvent: {}
[658.312354] (-) TimerEvent: {}
[658.413504] (-) TimerEvent: {}
[658.514743] (-) TimerEvent: {}
[658.615900] (-) TimerEvent: {}
[658.717189] (-) TimerEvent: {}
[658.818318] (-) TimerEvent: {}
[658.919499] (-) TimerEvent: {}
[659.020831] (-) TimerEvent: {}
[659.121810] (-) TimerEvent: {}
[659.222997] (-) TimerEvent: {}
[659.324102] (-) TimerEvent: {}
[659.425493] (-) TimerEvent: {}
[659.526811] (-) TimerEvent: {}
[659.628634] (-) TimerEvent: {}
[659.730507] (-) TimerEvent: {}
[659.831644] (-) TimerEvent: {}
[659.933099] (-) TimerEvent: {}
[660.034300] (-) TimerEvent: {}
[660.135588] (-) TimerEvent: {}
[660.236859] (-) TimerEvent: {}
[660.338665] (-) TimerEvent: {}
[660.439748] (-) TimerEvent: {}
[660.540867] (-) TimerEvent: {}
[660.641913] (-) TimerEvent: {}
[660.743002] (-) TimerEvent: {}
[660.844115] (-) TimerEvent: {}
[660.945559] (-) TimerEvent: {}
[661.046728] (-) TimerEvent: {}
[661.147822] (-) TimerEvent: {}
[661.249049] (-) TimerEvent: {}
[661.350166] (-) TimerEvent: {}
[661.452681] (-) TimerEvent: {}
[661.553933] (-) TimerEvent: {}
[661.655113] (-) TimerEvent: {}
[661.756148] (-) TimerEvent: {}
[661.857258] (-) TimerEvent: {}
[661.958512] (-) TimerEvent: {}
[662.059538] (-) TimerEvent: {}
[662.160800] (-) TimerEvent: {}
[662.261976] (-) TimerEvent: {}
[662.363193] (-) TimerEvent: {}
[662.464339] (-) TimerEvent: {}
[662.565667] (-) TimerEvent: {}
[662.666763] (-) TimerEvent: {}
[662.768124] (-) TimerEvent: {}
[662.869422] (-) TimerEvent: {}
[662.970564] (-) TimerEvent: {}
[663.071652] (-) TimerEvent: {}
[663.172975] (-) TimerEvent: {}
[663.274035] (-) TimerEvent: {}
[663.374995] (-) TimerEvent: {}
[663.476001] (-) TimerEvent: {}
[663.577096] (-) TimerEvent: {}
[663.678083] (-) TimerEvent: {}
[663.779134] (-) TimerEvent: {}
[663.831417] (gazebo_ros) StdoutLine: {'line': b'[ 95%] \x1b[32m\x1b[1mLinking CXX executable test_sim_time\x1b[0m\n'}
[663.879326] (-) TimerEvent: {}
[663.980433] (-) TimerEvent: {}
[664.081445] (-) TimerEvent: {}
[664.182424] (-) TimerEvent: {}
[664.283523] (-) TimerEvent: {}
[664.384609] (-) TimerEvent: {}
[664.485626] (-) TimerEvent: {}
[664.586712] (-) TimerEvent: {}
[664.687755] (-) TimerEvent: {}
[664.788898] (-) TimerEvent: {}
[664.890052] (-) TimerEvent: {}
[664.991066] (-) TimerEvent: {}
[665.092297] (-) TimerEvent: {}
[665.193405] (-) TimerEvent: {}
[665.294485] (-) TimerEvent: {}
[665.395555] (-) TimerEvent: {}
[665.496643] (-) TimerEvent: {}
[665.597735] (-) TimerEvent: {}
[665.698732] (-) TimerEvent: {}
[665.799729] (-) TimerEvent: {}
[665.900930] (-) TimerEvent: {}
[666.001991] (-) TimerEvent: {}
[666.103141] (-) TimerEvent: {}
[666.204137] (-) TimerEvent: {}
[666.305145] (-) TimerEvent: {}
[666.406081] (-) TimerEvent: {}
[666.414295] (gazebo_ros) StdoutLine: {'line': b'[ 95%] Built target test_sim_time\n'}
[666.506318] (-) TimerEvent: {}
[666.527943] (gazebo_ros) StdoutLine: {'line': b'[ 96%] \x1b[32mBuilding CXX object test/CMakeFiles/test_utils.dir/test_utils.cpp.o\x1b[0m\n'}
[666.606554] (-) TimerEvent: {}
[666.707562] (-) TimerEvent: {}
[666.808587] (-) TimerEvent: {}
[666.909585] (-) TimerEvent: {}
[667.010468] (-) TimerEvent: {}
[667.111495] (-) TimerEvent: {}
[667.212437] (-) TimerEvent: {}
[667.313329] (-) TimerEvent: {}
[667.414347] (-) TimerEvent: {}
[667.515360] (-) TimerEvent: {}
[667.616454] (-) TimerEvent: {}
[667.717504] (-) TimerEvent: {}
[667.818479] (-) TimerEvent: {}
[667.919451] (-) TimerEvent: {}
[668.020446] (-) TimerEvent: {}
[668.121475] (-) TimerEvent: {}
[668.222427] (-) TimerEvent: {}
[668.324552] (-) TimerEvent: {}
[668.425507] (-) TimerEvent: {}
[668.526576] (-) TimerEvent: {}
[668.627646] (-) TimerEvent: {}
[668.728839] (-) TimerEvent: {}
[668.830032] (-) TimerEvent: {}
[668.931141] (-) TimerEvent: {}
[669.032326] (-) TimerEvent: {}
[669.133518] (-) TimerEvent: {}
[669.236016] (-) TimerEvent: {}
[669.337251] (-) TimerEvent: {}
[669.438422] (-) TimerEvent: {}
[669.539565] (-) TimerEvent: {}
[669.640806] (-) TimerEvent: {}
[669.742097] (-) TimerEvent: {}
[669.843328] (-) TimerEvent: {}
[669.944600] (-) TimerEvent: {}
[670.045848] (-) TimerEvent: {}
[670.146960] (-) TimerEvent: {}
[670.248020] (-) TimerEvent: {}
[670.349251] (-) TimerEvent: {}
[670.450555] (-) TimerEvent: {}
[670.551793] (-) TimerEvent: {}
[670.653352] (-) TimerEvent: {}
[670.754458] (-) TimerEvent: {}
[670.855765] (-) TimerEvent: {}
[670.956917] (-) TimerEvent: {}
[671.058057] (-) TimerEvent: {}
[671.159207] (-) TimerEvent: {}
[671.260546] (-) TimerEvent: {}
[671.361740] (-) TimerEvent: {}
[671.462878] (-) TimerEvent: {}
[671.564111] (-) TimerEvent: {}
[671.665334] (-) TimerEvent: {}
[671.766632] (-) TimerEvent: {}
[671.867780] (-) TimerEvent: {}
[671.969064] (-) TimerEvent: {}
[672.071481] (-) TimerEvent: {}
[672.172480] (-) TimerEvent: {}
[672.273548] (-) TimerEvent: {}
[672.374621] (-) TimerEvent: {}
[672.475722] (-) TimerEvent: {}
[672.576870] (-) TimerEvent: {}
[672.678119] (-) TimerEvent: {}
[672.779297] (-) TimerEvent: {}
[672.880479] (-) TimerEvent: {}
[672.981559] (-) TimerEvent: {}
[673.082740] (-) TimerEvent: {}
[673.183981] (-) TimerEvent: {}
[673.285460] (-) TimerEvent: {}
[673.386638] (-) TimerEvent: {}
[673.487873] (-) TimerEvent: {}
[673.589797] (-) TimerEvent: {}
[673.690938] (-) TimerEvent: {}
[673.792024] (-) TimerEvent: {}
[673.893208] (-) TimerEvent: {}
[673.994318] (-) TimerEvent: {}
[674.095448] (-) TimerEvent: {}
[674.196518] (-) TimerEvent: {}
[674.297573] (-) TimerEvent: {}
[674.398660] (-) TimerEvent: {}
[674.499624] (-) TimerEvent: {}
[674.601157] (-) TimerEvent: {}
[674.702212] (-) TimerEvent: {}
[674.803235] (-) TimerEvent: {}
[674.904520] (-) TimerEvent: {}
[675.005742] (-) TimerEvent: {}
[675.106939] (-) TimerEvent: {}
[675.208094] (-) TimerEvent: {}
[675.309317] (-) TimerEvent: {}
[675.410501] (-) TimerEvent: {}
[675.512159] (-) TimerEvent: {}
[675.613320] (-) TimerEvent: {}
[675.714418] (-) TimerEvent: {}
[675.815564] (-) TimerEvent: {}
[675.916880] (-) TimerEvent: {}
[676.018114] (-) TimerEvent: {}
[676.119268] (-) TimerEvent: {}
[676.220506] (-) TimerEvent: {}
[676.321681] (-) TimerEvent: {}
[676.422863] (-) TimerEvent: {}
[676.524143] (-) TimerEvent: {}
[676.625445] (-) TimerEvent: {}
[676.726625] (-) TimerEvent: {}
[676.827879] (-) TimerEvent: {}
[676.929207] (-) TimerEvent: {}
[677.030316] (-) TimerEvent: {}
[677.131672] (-) TimerEvent: {}
[677.233165] (-) TimerEvent: {}
[677.334383] (-) TimerEvent: {}
[677.435711] (-) TimerEvent: {}
[677.537024] (-) TimerEvent: {}
[677.638250] (-) TimerEvent: {}
[677.739438] (-) TimerEvent: {}
[677.840746] (-) TimerEvent: {}
[677.941918] (-) TimerEvent: {}
[678.043120] (-) TimerEvent: {}
[678.144457] (-) TimerEvent: {}
[678.245604] (-) TimerEvent: {}
[678.346792] (-) TimerEvent: {}
[678.448029] (-) TimerEvent: {}
[678.549408] (-) TimerEvent: {}
[678.650570] (-) TimerEvent: {}
[678.751802] (-) TimerEvent: {}
[678.852987] (-) TimerEvent: {}
[678.954249] (-) TimerEvent: {}
[679.055605] (-) TimerEvent: {}
[679.156850] (-) TimerEvent: {}
[679.258037] (-) TimerEvent: {}
[679.359247] (-) TimerEvent: {}
[679.460466] (-) TimerEvent: {}
[679.561698] (-) TimerEvent: {}
[679.662923] (-) TimerEvent: {}
[679.764191] (-) TimerEvent: {}
[679.865506] (-) TimerEvent: {}
[679.966864] (-) TimerEvent: {}
[680.068534] (-) TimerEvent: {}
[680.169790] (-) TimerEvent: {}
[680.271085] (-) TimerEvent: {}
[680.372538] (-) TimerEvent: {}
[680.473703] (-) TimerEvent: {}
[680.574944] (-) TimerEvent: {}
[680.676511] (-) TimerEvent: {}
[680.777593] (-) TimerEvent: {}
[680.878800] (-) TimerEvent: {}
[680.980128] (-) TimerEvent: {}
[681.081636] (-) TimerEvent: {}
[681.182850] (-) TimerEvent: {}
[681.284032] (-) TimerEvent: {}
[681.385375] (-) TimerEvent: {}
[681.486707] (-) TimerEvent: {}
[681.587946] (-) TimerEvent: {}
[681.689244] (-) TimerEvent: {}
[681.790409] (-) TimerEvent: {}
[681.891628] (-) TimerEvent: {}
[681.992948] (-) TimerEvent: {}
[682.094117] (-) TimerEvent: {}
[682.195345] (-) TimerEvent: {}
[682.296606] (-) TimerEvent: {}
[682.397576] (-) TimerEvent: {}
[682.498474] (-) TimerEvent: {}
[682.599402] (-) TimerEvent: {}
[682.700372] (-) TimerEvent: {}
[682.801455] (-) TimerEvent: {}
[682.902447] (-) TimerEvent: {}
[683.003474] (-) TimerEvent: {}
[683.104475] (-) TimerEvent: {}
[683.205477] (-) TimerEvent: {}
[683.306549] (-) TimerEvent: {}
[683.407553] (-) TimerEvent: {}
[683.508677] (-) TimerEvent: {}
[683.609792] (-) TimerEvent: {}
[683.710847] (-) TimerEvent: {}
[683.811852] (-) TimerEvent: {}
[683.912918] (-) TimerEvent: {}
[684.013878] (-) TimerEvent: {}
[684.114806] (-) TimerEvent: {}
[684.215862] (-) TimerEvent: {}
[684.316910] (-) TimerEvent: {}
[684.417878] (-) TimerEvent: {}
[684.518885] (-) TimerEvent: {}
[684.619822] (-) TimerEvent: {}
[684.720964] (-) TimerEvent: {}
[684.821991] (-) TimerEvent: {}
[684.923031] (-) TimerEvent: {}
[685.024080] (-) TimerEvent: {}
[685.125200] (-) TimerEvent: {}
[685.226739] (-) TimerEvent: {}
[685.327891] (-) TimerEvent: {}
[685.429431] (-) TimerEvent: {}
[685.530423] (-) TimerEvent: {}
[685.631399] (-) TimerEvent: {}
[685.732452] (-) TimerEvent: {}
[685.833459] (-) TimerEvent: {}
[685.934473] (-) TimerEvent: {}
[686.035459] (-) TimerEvent: {}
[686.136529] (-) TimerEvent: {}
[686.237498] (-) TimerEvent: {}
[686.338380] (-) TimerEvent: {}
[686.439456] (-) TimerEvent: {}
[686.540616] (-) TimerEvent: {}
[686.641560] (-) TimerEvent: {}
[686.742496] (-) TimerEvent: {}
[686.843487] (-) TimerEvent: {}
[686.944664] (-) TimerEvent: {}
[687.045713] (-) TimerEvent: {}
[687.146670] (-) TimerEvent: {}
[687.247554] (-) TimerEvent: {}
[687.348578] (-) TimerEvent: {}
[687.449548] (-) TimerEvent: {}
[687.550593] (-) TimerEvent: {}
[687.651565] (-) TimerEvent: {}
[687.752647] (-) TimerEvent: {}
[687.853571] (-) TimerEvent: {}
[687.954606] (-) TimerEvent: {}
[688.055602] (-) TimerEvent: {}
[688.156722] (-) TimerEvent: {}
[688.257735] (-) TimerEvent: {}
[688.358654] (-) TimerEvent: {}
[688.459621] (-) TimerEvent: {}
[688.560694] (-) TimerEvent: {}
[688.661743] (-) TimerEvent: {}
[688.762795] (-) TimerEvent: {}
[688.863863] (-) TimerEvent: {}
[688.965132] (-) TimerEvent: {}
[689.066170] (-) TimerEvent: {}
[689.167478] (-) TimerEvent: {}
[689.268589] (-) TimerEvent: {}
[689.369542] (-) TimerEvent: {}
[689.470614] (-) TimerEvent: {}
[689.571644] (-) TimerEvent: {}
[689.672720] (-) TimerEvent: {}
[689.773707] (-) TimerEvent: {}
[689.874599] (-) TimerEvent: {}
[689.975640] (-) TimerEvent: {}
[690.076716] (-) TimerEvent: {}
[690.177695] (-) TimerEvent: {}
[690.278722] (-) TimerEvent: {}
[690.379798] (-) TimerEvent: {}
[690.480907] (-) TimerEvent: {}
[690.581916] (-) TimerEvent: {}
[690.682943] (-) TimerEvent: {}
[690.783941] (-) TimerEvent: {}
[690.885011] (-) TimerEvent: {}
[690.986117] (-) TimerEvent: {}
[691.087182] (-) TimerEvent: {}
[691.188176] (-) TimerEvent: {}
[691.289288] (-) TimerEvent: {}
[691.390370] (-) TimerEvent: {}
[691.491412] (-) TimerEvent: {}
[691.592578] (-) TimerEvent: {}
[691.693611] (-) TimerEvent: {}
[691.794636] (-) TimerEvent: {}
[691.895693] (-) TimerEvent: {}
[691.996815] (-) TimerEvent: {}
[692.097851] (-) TimerEvent: {}
[692.198899] (-) TimerEvent: {}
[692.299948] (-) TimerEvent: {}
[692.401044] (-) TimerEvent: {}
[692.502051] (-) TimerEvent: {}
[692.603114] (-) TimerEvent: {}
[692.704104] (-) TimerEvent: {}
[692.805225] (-) TimerEvent: {}
[692.906259] (-) TimerEvent: {}
[693.007206] (-) TimerEvent: {}
[693.108161] (-) TimerEvent: {}
[693.209245] (-) TimerEvent: {}
[693.310161] (-) TimerEvent: {}
[693.411083] (-) TimerEvent: {}
[693.512055] (-) TimerEvent: {}
[693.613156] (-) TimerEvent: {}
[693.714161] (-) TimerEvent: {}
[693.815123] (-) TimerEvent: {}
[693.916029] (-) TimerEvent: {}
[694.017155] (-) TimerEvent: {}
[694.118168] (-) TimerEvent: {}
[694.219206] (-) TimerEvent: {}
[694.320139] (-) TimerEvent: {}
[694.421228] (-) TimerEvent: {}
[694.522200] (-) TimerEvent: {}
[694.623196] (-) TimerEvent: {}
[694.724214] (-) TimerEvent: {}
[694.825280] (-) TimerEvent: {}
[694.926271] (-) TimerEvent: {}
[695.027277] (-) TimerEvent: {}
[695.128358] (-) TimerEvent: {}
[695.229383] (-) TimerEvent: {}
[695.330449] (-) TimerEvent: {}
[695.431531] (-) TimerEvent: {}
[695.532696] (-) TimerEvent: {}
[695.633740] (-) TimerEvent: {}
[695.734837] (-) TimerEvent: {}
[695.835818] (-) TimerEvent: {}
[695.936849] (-) TimerEvent: {}
[696.037839] (-) TimerEvent: {}
[696.138767] (-) TimerEvent: {}
[696.239704] (-) TimerEvent: {}
[696.340755] (-) TimerEvent: {}
[696.441747] (-) TimerEvent: {}
[696.542724] (-) TimerEvent: {}
[696.643748] (-) TimerEvent: {}
[696.744815] (-) TimerEvent: {}
[696.845718] (-) TimerEvent: {}
[696.946745] (-) TimerEvent: {}
[697.047693] (-) TimerEvent: {}
[697.149204] (-) TimerEvent: {}
[697.250214] (-) TimerEvent: {}
[697.351314] (-) TimerEvent: {}
[697.452403] (-) TimerEvent: {}
[697.553409] (-) TimerEvent: {}
[697.654392] (-) TimerEvent: {}
[697.755447] (-) TimerEvent: {}
[697.856779] (-) TimerEvent: {}
[697.957768] (-) TimerEvent: {}
[698.058790] (-) TimerEvent: {}
[698.159848] (-) TimerEvent: {}
[698.260986] (-) TimerEvent: {}
[698.362019] (-) TimerEvent: {}
[698.463097] (-) TimerEvent: {}
[698.564098] (-) TimerEvent: {}
[698.665274] (-) TimerEvent: {}
[698.766368] (-) TimerEvent: {}
[698.867368] (-) TimerEvent: {}
[698.968413] (-) TimerEvent: {}
[699.069312] (-) TimerEvent: {}
[699.170284] (-) TimerEvent: {}
[699.271217] (-) TimerEvent: {}
[699.372211] (-) TimerEvent: {}
[699.473282] (-) TimerEvent: {}
[699.574250] (-) TimerEvent: {}
[699.675190] (-) TimerEvent: {}
[699.776267] (-) TimerEvent: {}
[699.877278] (-) TimerEvent: {}
[699.978342] (-) TimerEvent: {}
[700.079321] (-) TimerEvent: {}
[700.180381] (-) TimerEvent: {}
[700.281260] (-) TimerEvent: {}
[700.382255] (-) TimerEvent: {}
[700.483330] (-) TimerEvent: {}
[700.524986] (gazebo_ros) StdoutLine: {'line': b'[ 98%] \x1b[32m\x1b[1mLinking CXX shared library libgazebo_ros_eol_gui.so\x1b[0m\n'}
[700.583593] (-) TimerEvent: {}
[700.684739] (-) TimerEvent: {}
[700.785891] (-) TimerEvent: {}
[700.887037] (-) TimerEvent: {}
[700.988003] (-) TimerEvent: {}
[701.089013] (-) TimerEvent: {}
[701.190076] (-) TimerEvent: {}
[701.291089] (-) TimerEvent: {}
[701.392120] (-) TimerEvent: {}
[701.493229] (-) TimerEvent: {}
[701.594421] (-) TimerEvent: {}
[701.695466] (-) TimerEvent: {}
[701.796585] (-) TimerEvent: {}
[701.897661] (-) TimerEvent: {}
[701.998704] (-) TimerEvent: {}
[702.099728] (-) TimerEvent: {}
[702.200862] (-) TimerEvent: {}
[702.301957] (-) TimerEvent: {}
[702.403012] (-) TimerEvent: {}
[702.504026] (-) TimerEvent: {}
[702.605127] (-) TimerEvent: {}
[702.706169] (-) TimerEvent: {}
[702.807470] (-) TimerEvent: {}
[702.909089] (-) TimerEvent: {}
[703.010291] (-) TimerEvent: {}
[703.111256] (-) TimerEvent: {}
[703.212472] (-) TimerEvent: {}
[703.313592] (-) TimerEvent: {}
[703.414733] (-) TimerEvent: {}
[703.515832] (-) TimerEvent: {}
[703.616828] (-) TimerEvent: {}
[703.717839] (-) TimerEvent: {}
[703.818880] (-) TimerEvent: {}
[703.920064] (-) TimerEvent: {}
[704.021275] (-) TimerEvent: {}
[704.041077] (gazebo_ros) StdoutLine: {'line': b'[ 98%] Built target gazebo_ros_eol_gui\n'}
[704.121523] (-) TimerEvent: {}
[704.222662] (-) TimerEvent: {}
[704.323982] (-) TimerEvent: {}
[704.425309] (-) TimerEvent: {}
[704.526625] (-) TimerEvent: {}
[704.627928] (-) TimerEvent: {}
[704.729206] (-) TimerEvent: {}
[704.830389] (-) TimerEvent: {}
[704.931635] (-) TimerEvent: {}
[705.032866] (-) TimerEvent: {}
[705.133999] (-) TimerEvent: {}
[705.235193] (-) TimerEvent: {}
[705.336462] (-) TimerEvent: {}
[705.437555] (-) TimerEvent: {}
[705.538784] (-) TimerEvent: {}
[705.639832] (-) TimerEvent: {}
[705.740947] (-) TimerEvent: {}
[705.842024] (-) TimerEvent: {}
[705.943130] (-) TimerEvent: {}
[706.044362] (-) TimerEvent: {}
[706.145486] (-) TimerEvent: {}
[706.246573] (-) TimerEvent: {}
[706.347744] (-) TimerEvent: {}
[706.449035] (-) TimerEvent: {}
[706.550282] (-) TimerEvent: {}
[706.651498] (-) TimerEvent: {}
[706.753094] (-) TimerEvent: {}
[706.854282] (-) TimerEvent: {}
[706.955408] (-) TimerEvent: {}
[707.056767] (-) TimerEvent: {}
[707.158050] (-) TimerEvent: {}
[707.259270] (-) TimerEvent: {}
[707.360150] (-) TimerEvent: {}
[707.461187] (-) TimerEvent: {}
[707.562112] (-) TimerEvent: {}
[707.663071] (-) TimerEvent: {}
[707.764080] (-) TimerEvent: {}
[707.865206] (-) TimerEvent: {}
[707.966228] (-) TimerEvent: {}
[708.067190] (-) TimerEvent: {}
[708.168176] (-) TimerEvent: {}
[708.269150] (-) TimerEvent: {}
[708.370401] (-) TimerEvent: {}
[708.471387] (-) TimerEvent: {}
[708.572411] (-) TimerEvent: {}
[708.673427] (-) TimerEvent: {}
[708.774514] (-) TimerEvent: {}
[708.875602] (-) TimerEvent: {}
[708.976715] (-) TimerEvent: {}
[709.077671] (-) TimerEvent: {}
[709.178750] (-) TimerEvent: {}
[709.279758] (-) TimerEvent: {}
[709.380805] (-) TimerEvent: {}
[709.481802] (-) TimerEvent: {}
[709.582813] (-) TimerEvent: {}
[709.683797] (-) TimerEvent: {}
[709.784900] (-) TimerEvent: {}
[709.885833] (-) TimerEvent: {}
[709.986980] (-) TimerEvent: {}
[710.087924] (-) TimerEvent: {}
[710.188959] (-) TimerEvent: {}
[710.290002] (-) TimerEvent: {}
[710.390991] (-) TimerEvent: {}
[710.492004] (-) TimerEvent: {}
[710.593044] (-) TimerEvent: {}
[710.694037] (-) TimerEvent: {}
[710.795027] (-) TimerEvent: {}
[710.896144] (-) TimerEvent: {}
[710.997431] (-) TimerEvent: {}
[711.098475] (-) TimerEvent: {}
[711.200453] (-) TimerEvent: {}
[711.301439] (-) TimerEvent: {}
[711.402460] (-) TimerEvent: {}
[711.503676] (-) TimerEvent: {}
[711.604838] (-) TimerEvent: {}
[711.705823] (-) TimerEvent: {}
[711.806868] (-) TimerEvent: {}
[711.855051] (gazebo_ros) StdoutLine: {'line': b'[100%] \x1b[32m\x1b[1mLinking CXX executable test_utils\x1b[0m\n'}
[711.907085] (-) TimerEvent: {}
[712.008095] (-) TimerEvent: {}
[712.109154] (-) TimerEvent: {}
[712.210207] (-) TimerEvent: {}
[712.311252] (-) TimerEvent: {}
[712.412385] (-) TimerEvent: {}
[712.513456] (-) TimerEvent: {}
[712.614523] (-) TimerEvent: {}
[712.715563] (-) TimerEvent: {}
[712.816717] (-) TimerEvent: {}
[712.917805] (-) TimerEvent: {}
[713.018914] (-) TimerEvent: {}
[713.120024] (-) TimerEvent: {}
[713.221004] (-) TimerEvent: {}
[713.321988] (-) TimerEvent: {}
[713.422994] (-) TimerEvent: {}
[713.523942] (-) TimerEvent: {}
[713.624963] (-) TimerEvent: {}
[713.725966] (-) TimerEvent: {}
[713.826907] (-) TimerEvent: {}
[713.927891] (-) TimerEvent: {}
[714.028821] (-) TimerEvent: {}
[714.129795] (-) TimerEvent: {}
[714.230804] (-) TimerEvent: {}
[714.331803] (-) TimerEvent: {}
[714.432917] (-) TimerEvent: {}
[714.533935] (-) TimerEvent: {}
[714.635015] (-) TimerEvent: {}
[714.736140] (-) TimerEvent: {}
[714.837280] (-) TimerEvent: {}
[714.938298] (-) TimerEvent: {}
[715.039309] (-) TimerEvent: {}
[715.140467] (-) TimerEvent: {}
[715.241546] (-) TimerEvent: {}
[715.342574] (-) TimerEvent: {}
[715.436456] (gazebo_ros) StdoutLine: {'line': b'[100%] Built target test_utils\n'}
[715.442728] (-) TimerEvent: {}
[715.511468] (gazebo_ros) CommandEnded: {'returncode': 0}
[715.520635] (gazebo_ros) JobProgress: {'identifier': 'gazebo_ros', 'progress': 'install'}
[715.529188] (gazebo_ros) Command: {'cmd': ['/usr/bin/cmake', '--install', '/opt/ros/gazebo_ros_build/build/gazebo_ros'], 'cwd': '/opt/ros/gazebo_ros_build/build/gazebo_ros', 'env': OrderedDict([('SUDO_GID', '1000'), ('MAIL', '/var/mail/root'), ('USER', 'root'), ('HOSTNAME', 'ubuntu'), ('SHLVL', '1'), ('LD_LIBRARY_PATH', '/opt/ros/gazebo_ros_build/install/lib:/opt/ros/humble/opt/rviz_ogre_vendor/lib:/opt/ros/humble/lib/aarch64-linux-gnu:/opt/ros/humble/lib'), ('HOME', '/root'), ('OLDPWD', '/opt/ros/gazebo_ros_build/src'), ('ROS_PYTHON_VERSION', '3'), ('SUDO_UID', '1000'), ('ROS_DISTRO', 'humble'), ('LOGNAME', 'root'), ('_', '/usr/bin/colcon'), ('ROS_VERSION', '2'), ('TERM', 'xterm'), ('ROS_LOCALHOST_ONLY', '0'), ('PATH', '/opt/ros/humble/bin:/usr/local/sbin:/usr/local/bin:/usr/sbin:/usr/bin:/sbin:/bin:/usr/games:/usr/local/games:/snap/bin'), ('DISPLAY', ':0'), ('LANG', 'C.UTF-8'), ('LS_COLORS', 'rs=0:di=01;34:ln=01;36:mh=00:pi=40;33:so=01;35:do=01;35:bd=40;33;01:cd=40;33;01:or=40;31;01:mi=00:su=37;41:sg=30;43:ca=30;41:tw=30;42:ow=34;42:st=37;44:ex=01;32:*.tar=01;31:*.tgz=01;31:*.arc=01;31:*.arj=01;31:*.taz=01;31:*.lha=01;31:*.lz4=01;31:*.lzh=01;31:*.lzma=01;31:*.tlz=01;31:*.txz=01;31:*.tzo=01;31:*.t7z=01;31:*.zip=01;31:*.z=01;31:*.dz=01;31:*.gz=01;31:*.lrz=01;31:*.lz=01;31:*.lzo=01;31:*.xz=01;31:*.zst=01;31:*.tzst=01;31:*.bz2=01;31:*.bz=01;31:*.tbz=01;31:*.tbz2=01;31:*.tz=01;31:*.deb=01;31:*.rpm=01;31:*.jar=01;31:*.war=01;31:*.ear=01;31:*.sar=01;31:*.rar=01;31:*.alz=01;31:*.ace=01;31:*.zoo=01;31:*.cpio=01;31:*.7z=01;31:*.rz=01;31:*.cab=01;31:*.wim=01;31:*.swm=01;31:*.dwm=01;31:*.esd=01;31:*.jpg=01;35:*.jpeg=01;35:*.mjpg=01;35:*.mjpeg=01;35:*.gif=01;35:*.bmp=01;35:*.pbm=01;35:*.pgm=01;35:*.ppm=01;35:*.tga=01;35:*.xbm=01;35:*.xpm=01;35:*.tif=01;35:*.tiff=01;35:*.png=01;35:*.svg=01;35:*.svgz=01;35:*.mng=01;35:*.pcx=01;35:*.mov=01;35:*.mpg=01;35:*.mpeg=01;35:*.m2v=01;35:*.mkv=01;35:*.webm=01;35:*.webp=01;35:*.ogm=01;35:*.mp4=01;35:*.m4v=01;35:*.mp4v=01;35:*.vob=01;35:*.qt=01;35:*.nuv=01;35:*.wmv=01;35:*.asf=01;35:*.rm=01;35:*.rmvb=01;35:*.flc=01;35:*.avi=01;35:*.fli=01;35:*.flv=01;35:*.gl=01;35:*.dl=01;35:*.xcf=01;35:*.xwd=01;35:*.yuv=01;35:*.cgm=01;35:*.emf=01;35:*.ogv=01;35:*.ogx=01;35:*.aac=00;36:*.au=00;36:*.flac=00;36:*.m4a=00;36:*.mid=00;36:*.midi=00;36:*.mka=00;36:*.mp3=00;36:*.mpc=00;36:*.ogg=00;36:*.ra=00;36:*.wav=00;36:*.oga=00;36:*.opus=00;36:*.spx=00;36:*.xspf=00;36:'), ('SUDO_COMMAND', '/usr/bin/su'), ('AMENT_PREFIX_PATH', '/opt/ros/gazebo_ros_build/install:/opt/ros/humble'), ('SHELL', '/bin/bash'), ('SUDO_USER', 'ultra'), ('PWD', '/opt/ros/gazebo_ros_build/build/gazebo_ros'), ('LC_ALL', 'C.UTF-8'), ('PYTHONPATH', '/opt/ros/gazebo_ros_build/install/local/lib/python3.10/dist-packages:/opt/ros/humble/lib/python3.10/site-packages:/opt/ros/humble/local/lib/python3.10/dist-packages'), ('COLCON', '1'), ('CMAKE_PREFIX_PATH', '/opt/ros/gazebo_ros_build/install:/opt/ros/humble')]), 'shell': False}
[715.542921] (-) TimerEvent: {}
[715.570719] (gazebo_ros) StdoutLine: {'line': b'-- Install configuration: ""\n'}
[715.573473] (gazebo_ros) StdoutLine: {'line': b'-- Installing: /opt/ros/gazebo_ros_build/install/share/gazebo_ros/environment/pythonpath.sh\n'}
[715.575380] (gazebo_ros) StdoutLine: {'line': b'-- Installing: /opt/ros/gazebo_ros_build/install/share/gazebo_ros/environment/pythonpath.dsv\n'}
[715.578105] (gazebo_ros) StdoutLine: {'line': b'-- Installing: /opt/ros/gazebo_ros_build/install/local/lib/python3.10/dist-packages/scripts-3.9.0-py3.10.egg-info\n'}
[715.578907] (gazebo_ros) StdoutLine: {'line': b'-- Installing: /opt/ros/gazebo_ros_build/install/local/lib/python3.10/dist-packages/scripts-3.9.0-py3.10.egg-info/dependency_links.txt\n'}
[715.580440] (gazebo_ros) StdoutLine: {'line': b'-- Installing: /opt/ros/gazebo_ros_build/install/local/lib/python3.10/dist-packages/scripts-3.9.0-py3.10.egg-info/top_level.txt\n'}
[715.582124] (gazebo_ros) StdoutLine: {'line': b'-- Installing: /opt/ros/gazebo_ros_build/install/local/lib/python3.10/dist-packages/scripts-3.9.0-py3.10.egg-info/SOURCES.txt\n'}
[715.583465] (gazebo_ros) StdoutLine: {'line': b'-- Installing: /opt/ros/gazebo_ros_build/install/local/lib/python3.10/dist-packages/scripts-3.9.0-py3.10.egg-info/PKG-INFO\n'}
[715.585280] (gazebo_ros) StdoutLine: {'line': b'-- Installing: /opt/ros/gazebo_ros_build/install/local/lib/python3.10/dist-packages/scripts\n'}
[715.585941] (gazebo_ros) StdoutLine: {'line': b'-- Installing: /opt/ros/gazebo_ros_build/install/local/lib/python3.10/dist-packages/scripts/spawn_entity.py\n'}
[715.587919] (gazebo_ros) StdoutLine: {'line': b'-- Installing: /opt/ros/gazebo_ros_build/install/local/lib/python3.10/dist-packages/scripts/gazebo_ros_paths.py\n'}
[715.589315] (gazebo_ros) StdoutLine: {'line': b'-- Installing: /opt/ros/gazebo_ros_build/install/local/lib/python3.10/dist-packages/scripts/__init__.py\n'}
[715.643185] (-) TimerEvent: {}
[715.744045] (-) TimerEvent: {}
[715.845057] (-) TimerEvent: {}
[715.856199] (gazebo_ros) StdoutLine: {'line': b"Listing '/opt/ros/gazebo_ros_build/install/local/lib/python3.10/dist-packages/scripts'...\n"}
[715.857232] (gazebo_ros) StdoutLine: {'line': b"Compiling '/opt/ros/gazebo_ros_build/install/local/lib/python3.10/dist-packages/scripts/__init__.py'...\n"}
[715.857750] (gazebo_ros) StdoutLine: {'line': b"Compiling '/opt/ros/gazebo_ros_build/install/local/lib/python3.10/dist-packages/scripts/gazebo_ros_paths.py'...\n"}
[715.858290] (gazebo_ros) StdoutLine: {'line': b"Compiling '/opt/ros/gazebo_ros_build/install/local/lib/python3.10/dist-packages/scripts/spawn_entity.py'...\n"}
[715.878448] (gazebo_ros) StdoutLine: {'line': b'-- Installing: /opt/ros/gazebo_ros_build/install/share/gazebo_ros/environment/library_path.sh\n'}
[715.880980] (gazebo_ros) StdoutLine: {'line': b'-- Installing: /opt/ros/gazebo_ros_build/install/share/gazebo_ros/environment/library_path.dsv\n'}
[715.883624] (gazebo_ros) StdoutLine: {'line': b'-- Installing: /opt/ros/gazebo_ros_build/install/share/ament_index/resource_index/package_run_dependencies/gazebo_ros\n'}
[715.885334] (gazebo_ros) StdoutLine: {'line': b'-- Installing: /opt/ros/gazebo_ros_build/install/share/ament_index/resource_index/parent_prefix_path/gazebo_ros\n'}
[715.891845] (gazebo_ros) StdoutLine: {'line': b'-- Installing: /opt/ros/gazebo_ros_build/install/share/gazebo_ros/environment/ament_prefix_path.sh\n'}
[715.893527] (gazebo_ros) StdoutLine: {'line': b'-- Installing: /opt/ros/gazebo_ros_build/install/share/gazebo_ros/environment/ament_prefix_path.dsv\n'}
[715.895079] (gazebo_ros) StdoutLine: {'line': b'-- Installing: /opt/ros/gazebo_ros_build/install/share/gazebo_ros/environment/path.sh\n'}
[715.896766] (gazebo_ros) StdoutLine: {'line': b'-- Installing: /opt/ros/gazebo_ros_build/install/share/gazebo_ros/environment/path.dsv\n'}
[715.898409] (gazebo_ros) StdoutLine: {'line': b'-- Installing: /opt/ros/gazebo_ros_build/install/share/gazebo_ros/local_setup.bash\n'}
[715.899854] (gazebo_ros) StdoutLine: {'line': b'-- Installing: /opt/ros/gazebo_ros_build/install/share/gazebo_ros/local_setup.sh\n'}
[715.902786] (gazebo_ros) StdoutLine: {'line': b'-- Installing: /opt/ros/gazebo_ros_build/install/share/gazebo_ros/local_setup.zsh\n'}
[715.904445] (gazebo_ros) StdoutLine: {'line': b'-- Installing: /opt/ros/gazebo_ros_build/install/share/gazebo_ros/local_setup.dsv\n'}
[715.905804] (gazebo_ros) StdoutLine: {'line': b'-- Installing: /opt/ros/gazebo_ros_build/install/share/gazebo_ros/package.dsv\n'}
[715.907636] (gazebo_ros) StdoutLine: {'line': b'-- Installing: /opt/ros/gazebo_ros_build/install/share/ament_index/resource_index/packages/gazebo_ros\n'}
[715.909357] (gazebo_ros) StdoutLine: {'line': b'-- Installing: /opt/ros/gazebo_ros_build/install/share/gazebo_ros/cmake/ament_cmake_export_libraries-extras.cmake\n'}
[715.911260] (gazebo_ros) StdoutLine: {'line': b'-- Installing: /opt/ros/gazebo_ros_build/install/share/gazebo_ros/cmake/ament_cmake_export_include_directories-extras.cmake\n'}
[715.912793] (gazebo_ros) StdoutLine: {'line': b'-- Installing: /opt/ros/gazebo_ros_build/install/share/gazebo_ros/cmake/ament_cmake_export_dependencies-extras.cmake\n'}
[715.914378] (gazebo_ros) StdoutLine: {'line': b'-- Installing: /opt/ros/gazebo_ros_build/install/share/gazebo_ros/cmake/gazebo_rosConfig.cmake\n'}
[715.915634] (gazebo_ros) StdoutLine: {'line': b'-- Installing: /opt/ros/gazebo_ros_build/install/share/gazebo_ros/cmake/gazebo_rosConfig-version.cmake\n'}
[715.917167] (gazebo_ros) StdoutLine: {'line': b'-- Installing: /opt/ros/gazebo_ros_build/install/share/gazebo_ros/package.xml\n'}
[715.918524] (gazebo_ros) StdoutLine: {'line': b'-- Up-to-date: /opt/ros/gazebo_ros_build/install/include\n'}
[715.919057] (gazebo_ros) StdoutLine: {'line': b'-- Installing: /opt/ros/gazebo_ros_build/install/include/gazebo_ros\n'}
[715.919655] (gazebo_ros) StdoutLine: {'line': b'-- Installing: /opt/ros/gazebo_ros_build/install/include/gazebo_ros/gazebo_ros_properties.hpp\n'}
[715.920798] (gazebo_ros) StdoutLine: {'line': b'-- Installing: /opt/ros/gazebo_ros_build/install/include/gazebo_ros/utils_visibility_control.h\n'}
[715.921751] (gazebo_ros) StdoutLine: {'line': b'-- Installing: /opt/ros/gazebo_ros_build/install/include/gazebo_ros/gazebo_ros_init.hpp\n'}
[715.922882] (gazebo_ros) StdoutLine: {'line': b'-- Installing: /opt/ros/gazebo_ros_build/install/include/gazebo_ros/gazebo_ros_state.hpp\n'}
[715.923955] (gazebo_ros) StdoutLine: {'line': b'-- Installing: /opt/ros/gazebo_ros_build/install/include/gazebo_ros/qos.hpp\n'}
[715.925018] (gazebo_ros) StdoutLine: {'line': b'-- Installing: /opt/ros/gazebo_ros_build/install/include/gazebo_ros/executor.hpp\n'}
[715.925827] (gazebo_ros) StdoutLine: {'line': b'-- Installing: /opt/ros/gazebo_ros_build/install/include/gazebo_ros/node.hpp\n'}
[715.926784] (gazebo_ros) StdoutLine: {'line': b'-- Installing: /opt/ros/gazebo_ros_build/install/include/gazebo_ros/node_visibility_control.h\n'}
[715.927641] (gazebo_ros) StdoutLine: {'line': b'-- Installing: /opt/ros/gazebo_ros_build/install/include/gazebo_ros/conversions\n'}
[715.928816] (gazebo_ros) StdoutLine: {'line': b'-- Installing: /opt/ros/gazebo_ros_build/install/include/gazebo_ros/conversions/generic.hpp\n'}
[715.930031] (gazebo_ros) StdoutLine: {'line': b'-- Installing: /opt/ros/gazebo_ros_build/install/include/gazebo_ros/conversions/builtin_interfaces.hpp\n'}
[715.931162] (gazebo_ros) StdoutLine: {'line': b'-- Installing: /opt/ros/gazebo_ros_build/install/include/gazebo_ros/conversions/gazebo_msgs.hpp\n'}
[715.932619] (gazebo_ros) StdoutLine: {'line': b'-- Installing: /opt/ros/gazebo_ros_build/install/include/gazebo_ros/conversions/sensor_msgs.hpp\n'}
[715.934031] (gazebo_ros) StdoutLine: {'line': b'-- Installing: /opt/ros/gazebo_ros_build/install/include/gazebo_ros/conversions/geometry_msgs.hpp\n'}
[715.935346] (gazebo_ros) StdoutLine: {'line': b'-- Installing: /opt/ros/gazebo_ros_build/install/include/gazebo_ros/gazebo_ros_factory.hpp\n'}
[715.936504] (gazebo_ros) StdoutLine: {'line': b'-- Installing: /opt/ros/gazebo_ros_build/install/include/gazebo_ros/gazebo_ros_force_system.hpp\n'}
[715.937844] (gazebo_ros) StdoutLine: {'line': b'-- Installing: /opt/ros/gazebo_ros_build/install/include/gazebo_ros/utils.hpp\n'}
[715.938797] (gazebo_ros) StdoutLine: {'line': b'-- Installing: /opt/ros/gazebo_ros_build/install/include/gazebo_ros/testing_utils.hpp\n'}
[715.940364] (gazebo_ros) StdoutLine: {'line': b'-- Installing: /opt/ros/gazebo_ros_build/install/lib/gazebo_ros/gazebo_ros_paths.py\n'}
[715.941615] (gazebo_ros) StdoutLine: {'line': b'-- Installing: /opt/ros/gazebo_ros_build/install/lib/libgazebo_ros_factory.so\n'}
[715.945165] (-) TimerEvent: {}
[715.986253] (gazebo_ros) StdoutLine: {'line': b'-- Set runtime path of "/opt/ros/gazebo_ros_build/install/lib/libgazebo_ros_factory.so" to ""\n'}
[715.987082] (gazebo_ros) StdoutLine: {'line': b'-- Installing: /opt/ros/gazebo_ros_build/install/lib/libgazebo_ros_force_system.so\n'}
[716.034986] (gazebo_ros) StdoutLine: {'line': b'-- Set runtime path of "/opt/ros/gazebo_ros_build/install/lib/libgazebo_ros_force_system.so" to ""\n'}
[716.035892] (gazebo_ros) StdoutLine: {'line': b'-- Installing: /opt/ros/gazebo_ros_build/install/lib/libgazebo_ros_init.so\n'}
[716.045328] (-) TimerEvent: {}
[716.081585] (gazebo_ros) StdoutLine: {'line': b'-- Set runtime path of "/opt/ros/gazebo_ros_build/install/lib/libgazebo_ros_init.so" to ""\n'}
[716.082605] (gazebo_ros) StdoutLine: {'line': b'-- Installing: /opt/ros/gazebo_ros_build/install/lib/libgazebo_ros_node.so\n'}
[716.110741] (gazebo_ros) StdoutLine: {'line': b'-- Set runtime path of "/opt/ros/gazebo_ros_build/install/lib/libgazebo_ros_node.so" to ""\n'}
[716.111648] (gazebo_ros) StdoutLine: {'line': b'-- Installing: /opt/ros/gazebo_ros_build/install/lib/libgazebo_ros_properties.so\n'}
[716.145588] (-) TimerEvent: {}
[716.177102] (gazebo_ros) StdoutLine: {'line': b'-- Set runtime path of "/opt/ros/gazebo_ros_build/install/lib/libgazebo_ros_properties.so" to ""\n'}
[716.177974] (gazebo_ros) StdoutLine: {'line': b'-- Installing: /opt/ros/gazebo_ros_build/install/lib/libgazebo_ros_state.so\n'}
[716.228305] (gazebo_ros) StdoutLine: {'line': b'-- Set runtime path of "/opt/ros/gazebo_ros_build/install/lib/libgazebo_ros_state.so" to ""\n'}
[716.229177] (gazebo_ros) StdoutLine: {'line': b'-- Installing: /opt/ros/gazebo_ros_build/install/lib/libgazebo_ros_utils.so\n'}
[716.245250] (gazebo_ros) StdoutLine: {'line': b'-- Set runtime path of "/opt/ros/gazebo_ros_build/install/lib/libgazebo_ros_utils.so" to ""\n'}
[716.245823] (-) TimerEvent: {}
[716.246300] (gazebo_ros) StdoutLine: {'line': b'-- Installing: /opt/ros/gazebo_ros_build/install/lib/libgazebo_ros_eol_gui.so\n'}
[716.260023] (gazebo_ros) StdoutLine: {'line': b'-- Set runtime path of "/opt/ros/gazebo_ros_build/install/lib/libgazebo_ros_eol_gui.so" to ""\n'}
[716.260780] (gazebo_ros) StdoutLine: {'line': b'-- Installing: /opt/ros/gazebo_ros_build/install/lib/gazebo_ros/spawn_entity.py\n'}
[716.261880] (gazebo_ros) StdoutLine: {'line': b'-- Installing: /opt/ros/gazebo_ros_build/install/share/gazebo_ros//launch\n'}
[716.262886] (gazebo_ros) StdoutLine: {'line': b'-- Installing: /opt/ros/gazebo_ros_build/install/share/gazebo_ros//launch/spawn_entity_demo.launch.py\n'}
[716.264419] (gazebo_ros) StdoutLine: {'line': b'-- Installing: /opt/ros/gazebo_ros_build/install/share/gazebo_ros//launch/gzserver.launch.py\n'}
[716.265902] (gazebo_ros) StdoutLine: {'line': b'-- Installing: /opt/ros/gazebo_ros_build/install/share/gazebo_ros//launch/gzclient.launch.py\n'}
[716.267466] (gazebo_ros) StdoutLine: {'line': b'-- Installing: /opt/ros/gazebo_ros_build/install/share/gazebo_ros//launch/gazebo.launch.py\n'}
[716.268461] (gazebo_ros) StdoutLine: {'line': b'-- Installing: /opt/ros/gazebo_ros_build/install/share/gazebo_ros//worlds\n'}
[716.269361] (gazebo_ros) StdoutLine: {'line': b'-- Installing: /opt/ros/gazebo_ros_build/install/share/gazebo_ros//worlds/empty.world\n'}
[716.270469] (gazebo_ros) StdoutLine: {'line': b'-- Installing: /opt/ros/gazebo_ros_build/install/share/gazebo_ros//worlds/gazebo_ros_state_demo.world\n'}
[716.271633] (gazebo_ros) StdoutLine: {'line': b'-- Installing: /opt/ros/gazebo_ros_build/install/share/gazebo_ros//worlds/gazebo_ros_properties_demo.world\n'}
[716.273332] (gazebo_ros) StdoutLine: {'line': b'-- Installing: /opt/ros/gazebo_ros_build/install/share/gazebo_ros//worlds/gazebo_ros_force_system_demo.world\n'}
[716.287638] (gazebo_ros) CommandEnded: {'returncode': 0}
[716.346077] (-) TimerEvent: {}
[716.400302] (gazebo_ros) JobEnded: {'identifier': 'gazebo_ros', 'rc': 0}
[716.407336] (gazebo_plugins) JobStarted: {'identifier': 'gazebo_plugins'}
[716.446384] (-) TimerEvent: {}
[716.495133] (gazebo_plugins) JobProgress: {'identifier': 'gazebo_plugins', 'progress': 'cmake'}
[716.498244] (gazebo_plugins) Command: {'cmd': ['/usr/bin/cmake', '/opt/ros/gazebo_ros_build/src/gazebo_plugins', '-DCMAKE_INSTALL_PREFIX=/opt/ros/gazebo_ros_build/install'], 'cwd': '/opt/ros/gazebo_ros_build/build/gazebo_plugins', 'env': OrderedDict([('SUDO_GID', '1000'), ('MAIL', '/var/mail/root'), ('USER', 'root'), ('HOSTNAME', 'ubuntu'), ('SHLVL', '1'), ('LD_LIBRARY_PATH', '/opt/ros/gazebo_ros_build/install/lib:/opt/ros/humble/opt/rviz_ogre_vendor/lib:/opt/ros/humble/lib/aarch64-linux-gnu:/opt/ros/humble/lib'), ('HOME', '/root'), ('OLDPWD', '/opt/ros/gazebo_ros_build/src'), ('ROS_PYTHON_VERSION', '3'), ('SUDO_UID', '1000'), ('ROS_DISTRO', 'humble'), ('LOGNAME', 'root'), ('_', '/usr/bin/colcon'), ('ROS_VERSION', '2'), ('TERM', 'xterm'), ('ROS_LOCALHOST_ONLY', '0'), ('PATH', '/opt/ros/humble/bin:/usr/local/sbin:/usr/local/bin:/usr/sbin:/usr/bin:/sbin:/bin:/usr/games:/usr/local/games:/snap/bin'), ('DISPLAY', ':0'), ('LANG', 'C.UTF-8'), ('LS_COLORS', 'rs=0:di=01;34:ln=01;36:mh=00:pi=40;33:so=01;35:do=01;35:bd=40;33;01:cd=40;33;01:or=40;31;01:mi=00:su=37;41:sg=30;43:ca=30;41:tw=30;42:ow=34;42:st=37;44:ex=01;32:*.tar=01;31:*.tgz=01;31:*.arc=01;31:*.arj=01;31:*.taz=01;31:*.lha=01;31:*.lz4=01;31:*.lzh=01;31:*.lzma=01;31:*.tlz=01;31:*.txz=01;31:*.tzo=01;31:*.t7z=01;31:*.zip=01;31:*.z=01;31:*.dz=01;31:*.gz=01;31:*.lrz=01;31:*.lz=01;31:*.lzo=01;31:*.xz=01;31:*.zst=01;31:*.tzst=01;31:*.bz2=01;31:*.bz=01;31:*.tbz=01;31:*.tbz2=01;31:*.tz=01;31:*.deb=01;31:*.rpm=01;31:*.jar=01;31:*.war=01;31:*.ear=01;31:*.sar=01;31:*.rar=01;31:*.alz=01;31:*.ace=01;31:*.zoo=01;31:*.cpio=01;31:*.7z=01;31:*.rz=01;31:*.cab=01;31:*.wim=01;31:*.swm=01;31:*.dwm=01;31:*.esd=01;31:*.jpg=01;35:*.jpeg=01;35:*.mjpg=01;35:*.mjpeg=01;35:*.gif=01;35:*.bmp=01;35:*.pbm=01;35:*.pgm=01;35:*.ppm=01;35:*.tga=01;35:*.xbm=01;35:*.xpm=01;35:*.tif=01;35:*.tiff=01;35:*.png=01;35:*.svg=01;35:*.svgz=01;35:*.mng=01;35:*.pcx=01;35:*.mov=01;35:*.mpg=01;35:*.mpeg=01;35:*.m2v=01;35:*.mkv=01;35:*.webm=01;35:*.webp=01;35:*.ogm=01;35:*.mp4=01;35:*.m4v=01;35:*.mp4v=01;35:*.vob=01;35:*.qt=01;35:*.nuv=01;35:*.wmv=01;35:*.asf=01;35:*.rm=01;35:*.rmvb=01;35:*.flc=01;35:*.avi=01;35:*.fli=01;35:*.flv=01;35:*.gl=01;35:*.dl=01;35:*.xcf=01;35:*.xwd=01;35:*.yuv=01;35:*.cgm=01;35:*.emf=01;35:*.ogv=01;35:*.ogx=01;35:*.aac=00;36:*.au=00;36:*.flac=00;36:*.m4a=00;36:*.mid=00;36:*.midi=00;36:*.mka=00;36:*.mp3=00;36:*.mpc=00;36:*.ogg=00;36:*.ra=00;36:*.wav=00;36:*.oga=00;36:*.opus=00;36:*.spx=00;36:*.xspf=00;36:'), ('SUDO_COMMAND', '/usr/bin/su'), ('AMENT_PREFIX_PATH', '/opt/ros/gazebo_ros_build/install:/opt/ros/humble'), ('SHELL', '/bin/bash'), ('SUDO_USER', 'ultra'), ('PWD', '/opt/ros/gazebo_ros_build/build/gazebo_plugins'), ('LC_ALL', 'C.UTF-8'), ('PYTHONPATH', '/opt/ros/gazebo_ros_build/install/local/lib/python3.10/dist-packages:/opt/ros/humble/lib/python3.10/site-packages:/opt/ros/humble/local/lib/python3.10/dist-packages'), ('COLCON', '1'), ('CMAKE_PREFIX_PATH', '/opt/ros/gazebo_ros_build/install:/opt/ros/humble')]), 'shell': False}
[716.546608] (-) TimerEvent: {}
[716.647664] (-) TimerEvent: {}
[716.748755] (-) TimerEvent: {}
[716.849797] (-) TimerEvent: {}
[716.919136] (gazebo_plugins) StdoutLine: {'line': b'-- The C compiler identification is GNU 11.4.0\n'}
[716.950002] (-) TimerEvent: {}
[717.050984] (-) TimerEvent: {}
[717.151994] (-) TimerEvent: {}
[717.241271] (gazebo_plugins) StdoutLine: {'line': b'-- The CXX compiler identification is GNU 11.4.0\n'}
[717.252186] (-) TimerEvent: {}
[717.291056] (gazebo_plugins) StdoutLine: {'line': b'-- Detecting C compiler ABI info\n'}
[717.352479] (-) TimerEvent: {}
[717.453646] (-) TimerEvent: {}
[717.554674] (-) TimerEvent: {}
[717.655742] (-) TimerEvent: {}
[717.688980] (gazebo_plugins) StdoutLine: {'line': b'-- Detecting C compiler ABI info - done\n'}
[717.737119] (gazebo_plugins) StdoutLine: {'line': b'-- Check for working C compiler: /usr/bin/cc - skipped\n'}
[717.739123] (gazebo_plugins) StdoutLine: {'line': b'-- Detecting C compile features\n'}
[717.742115] (gazebo_plugins) StdoutLine: {'line': b'-- Detecting C compile features - done\n'}
[717.755889] (-) TimerEvent: {}
[717.761473] (gazebo_plugins) StdoutLine: {'line': b'-- Detecting CXX compiler ABI info\n'}
[717.856182] (-) TimerEvent: {}
[717.957415] (-) TimerEvent: {}
[718.058437] (-) TimerEvent: {}
[718.159485] (-) TimerEvent: {}
[718.184148] (gazebo_plugins) StdoutLine: {'line': b'-- Detecting CXX compiler ABI info - done\n'}
[718.234645] (gazebo_plugins) StdoutLine: {'line': b'-- Check for working CXX compiler: /usr/bin/c++ - skipped\n'}
[718.236438] (gazebo_plugins) StdoutLine: {'line': b'-- Detecting CXX compile features\n'}
[718.239083] (gazebo_plugins) StdoutLine: {'line': b'-- Detecting CXX compile features - done\n'}
[718.259690] (-) TimerEvent: {}
[718.277727] (gazebo_plugins) StdoutLine: {'line': b'-- Found ament_cmake: 1.3.12 (/opt/ros/humble/share/ament_cmake/cmake)\n'}
[718.359889] (-) TimerEvent: {}
[718.460787] (-) TimerEvent: {}
[718.561689] (-) TimerEvent: {}
[718.662591] (-) TimerEvent: {}
[718.763464] (-) TimerEvent: {}
[718.864449] (-) TimerEvent: {}
[718.965325] (-) TimerEvent: {}
[719.066246] (-) TimerEvent: {}
[719.095422] (gazebo_plugins) StdoutLine: {'line': b'-- Found Python3: /usr/bin/python3 (found version "3.10.12") found components: Interpreter \n'}
[719.166462] (-) TimerEvent: {}
[719.267323] (-) TimerEvent: {}
[719.368215] (-) TimerEvent: {}
[719.469184] (-) TimerEvent: {}
[719.570158] (-) TimerEvent: {}
[719.671160] (-) TimerEvent: {}
[719.684971] (gazebo_plugins) StdoutLine: {'line': b'-- Found camera_info_manager: 3.1.12 (/opt/ros/humble/share/camera_info_manager/cmake)\n'}
[719.771388] (-) TimerEvent: {}
[719.872214] (-) TimerEvent: {}
[719.973201] (-) TimerEvent: {}
[720.055320] (gazebo_plugins) StdoutLine: {'line': b'-- Found rosidl_generator_c: 3.1.7 (/opt/ros/humble/share/rosidl_generator_c/cmake)\n'}
[720.073335] (-) TimerEvent: {}
[720.093834] (gazebo_plugins) StdoutLine: {'line': b'-- Found rosidl_adapter: 3.1.7 (/opt/ros/humble/share/rosidl_adapter/cmake)\n'}
[720.153937] (gazebo_plugins) StdoutLine: {'line': b'-- Found rosidl_generator_cpp: 3.1.7 (/opt/ros/humble/share/rosidl_generator_cpp/cmake)\n'}
[720.173489] (-) TimerEvent: {}
[720.252054] (gazebo_plugins) StdoutLine: {'line': b'-- Using all available rosidl_typesupport_c: rosidl_typesupport_fastrtps_c;rosidl_typesupport_introspection_c\n'}
[720.273673] (-) TimerEvent: {}
[720.369040] (gazebo_plugins) StdoutLine: {'line': b'-- Using all available rosidl_typesupport_cpp: rosidl_typesupport_fastrtps_cpp;rosidl_typesupport_introspection_cpp\n'}
[720.373825] (-) TimerEvent: {}
[720.474516] (-) TimerEvent: {}
[720.575462] (-) TimerEvent: {}
[720.665902] (gazebo_plugins) StdoutLine: {'line': b'-- Found rmw_implementation_cmake: 6.1.2 (/opt/ros/humble/share/rmw_implementation_cmake/cmake)\n'}
[720.675608] (-) TimerEvent: {}
[720.685968] (gazebo_plugins) StdoutLine: {'line': b'-- Found rmw_fastrtps_cpp: 6.2.8 (/opt/ros/humble/share/rmw_fastrtps_cpp/cmake)\n'}
[720.775850] (-) TimerEvent: {}
[720.876878] (-) TimerEvent: {}
[720.977837] (-) TimerEvent: {}
[721.078873] (-) TimerEvent: {}
[721.179866] (-) TimerEvent: {}
[721.235413] (gazebo_plugins) StdoutLine: {'line': b'-- Found OpenSSL: /usr/lib/aarch64-linux-gnu/libcrypto.so (found version "3.0.2")  \n'}
[721.280100] (-) TimerEvent: {}
[721.381424] (-) TimerEvent: {}
[721.392108] (gazebo_plugins) StdoutLine: {'line': b'-- Found FastRTPS: /opt/ros/humble/include  \n'}
[721.481649] (-) TimerEvent: {}
[721.582675] (-) TimerEvent: {}
[721.647468] (gazebo_plugins) StdoutLine: {'line': b"-- Using RMW implementation 'rmw_fastrtps_cpp' as default\n"}
[721.682960] (-) TimerEvent: {}
[721.718302] (gazebo_plugins) StdoutLine: {'line': b'-- Looking for pthread.h\n'}
[721.783252] (-) TimerEvent: {}
[721.884404] (-) TimerEvent: {}
[721.985318] (-) TimerEvent: {}
[722.086325] (-) TimerEvent: {}
[722.143505] (gazebo_plugins) StdoutLine: {'line': b'-- Looking for pthread.h - found\n'}
[722.145385] (gazebo_plugins) StdoutLine: {'line': b'-- Performing Test CMAKE_HAVE_LIBC_PTHREAD\n'}
[722.186584] (-) TimerEvent: {}
[722.287654] (-) TimerEvent: {}
[722.388741] (-) TimerEvent: {}
[722.489656] (-) TimerEvent: {}
[722.563893] (gazebo_plugins) StdoutLine: {'line': b'-- Performing Test CMAKE_HAVE_LIBC_PTHREAD - Success\n'}
[722.570716] (gazebo_plugins) StdoutLine: {'line': b'-- Found Threads: TRUE  \n'}
[722.589817] (-) TimerEvent: {}
[722.690623] (-) TimerEvent: {}
[722.791646] (-) TimerEvent: {}
[722.892686] (-) TimerEvent: {}
[722.993543] (-) TimerEvent: {}
[723.094512] (-) TimerEvent: {}
[723.118065] (gazebo_plugins) StdoutLine: {'line': b'-- Found gazebo_dev: 3.9.0 (/opt/ros/gazebo_ros_build/install/share/gazebo_dev/cmake)\n'}
[723.158032] (gazebo_plugins) StdoutLine: {'line': b'-- Found PkgConfig: /usr/bin/pkg-config (found version "0.29.2") \n'}
[723.165845] (gazebo_plugins) StdoutLine: {'line': b"-- Checking for module 'bullet>=2.82'\n"}
[723.194757] (-) TimerEvent: {}
[723.238853] (gazebo_plugins) StdoutLine: {'line': b'--   Found bullet, version 3.05\n'}
[723.295021] (-) TimerEvent: {}
[723.395956] (-) TimerEvent: {}
[723.497005] (-) TimerEvent: {}
[723.597971] (-) TimerEvent: {}
[723.698960] (-) TimerEvent: {}
[723.799878] (-) TimerEvent: {}
[723.819249] (gazebo_plugins) StdoutLine: {'line': b'-- Found fcl: /usr/include (found suitable version "0.7.0", minimum required is "0.5.0") \n'}
[723.900108] (-) TimerEvent: {}
[724.001181] (-) TimerEvent: {}
[724.073395] (gazebo_plugins) StdoutLine: {'line': b'-- Found assimp: /usr/include (found version "5.2.0") \n'}
[724.101334] (-) TimerEvent: {}
[724.202268] (-) TimerEvent: {}
[724.216521] (gazebo_plugins) StdoutLine: {'line': b'-- Found DART: /usr/include (Required is at least version "6.6") found components: dart \n'}
[724.302475] (-) TimerEvent: {}
[724.391995] (gazebo_plugins) StdoutLine: {'line': b'-- Found Boost: /usr/lib/aarch64-linux-gnu/cmake/Boost-1.74.0/BoostConfig.cmake (found suitable version "1.74.0", minimum required is "1.40.0") found components: thread system filesystem program_options regex iostreams date_time \n'}
[724.402648] (-) TimerEvent: {}
[724.472015] (gazebo_plugins) StdoutLine: {'line': b'-- Found Protobuf: /usr/lib/aarch64-linux-gnu/libprotobuf.so (found version "3.12.4") \n'}
[724.502854] (-) TimerEvent: {}
[724.509219] (gazebo_plugins) StdoutLine: {'line': b'-- Looking for ignition-math6 -- found version 6.15.1\n'}
[724.551625] (gazebo_plugins) StdoutLine: {'line': b'-- Searching for dependencies of ignition-math6\n'}
[724.560781] (gazebo_plugins) StdoutLine: {'line': b'-- Looking for OGRE...\n'}
[724.562853] (gazebo_plugins) StdoutLine: {'line': b'-- OGRE_PREFIX_WATCH changed.\n'}
[724.589763] (gazebo_plugins) StdoutLine: {'line': b"-- Checking for module 'OGRE'\n"}
[724.602980] (-) TimerEvent: {}
[724.653362] (gazebo_plugins) StdoutLine: {'line': b'--   Found OGRE, version 1.9.0\n'}
[724.703233] (-) TimerEvent: {}
[724.804114] (-) TimerEvent: {}
[724.816826] (gazebo_plugins) StdoutLine: {'line': b'-- Found Ogre Ghadamon (1.9.0)\n'}
[724.848862] (gazebo_plugins) StdoutLine: {'line': b'-- Found OGRE: optimized;/usr/lib/aarch64-linux-gnu/libOgreMain.so;debug;/usr/lib/aarch64-linux-gnu/libOgreMain.so\n'}
[724.895699] (gazebo_plugins) StdoutLine: {'line': b'-- Looking for OGRE_Paging...\n'}
[724.904358] (-) TimerEvent: {}
[724.915987] (gazebo_plugins) StdoutLine: {'line': b'-- Found OGRE_Paging: optimized;/usr/lib/aarch64-linux-gnu/libOgrePaging.so;debug;/usr/lib/aarch64-linux-gnu/libOgrePaging.so\n'}
[724.916814] (gazebo_plugins) StdoutLine: {'line': b'-- Looking for OGRE_Terrain...\n'}
[724.934532] (gazebo_plugins) StdoutLine: {'line': b'-- Found OGRE_Terrain: optimized;/usr/lib/aarch64-linux-gnu/libOgreTerrain.so;debug;/usr/lib/aarch64-linux-gnu/libOgreTerrain.so\n'}
[724.935641] (gazebo_plugins) StdoutLine: {'line': b'-- Looking for OGRE_Property...\n'}
[724.954456] (gazebo_plugins) StdoutLine: {'line': b'-- Found OGRE_Property: optimized;/usr/lib/aarch64-linux-gnu/libOgreProperty.so;debug;/usr/lib/aarch64-linux-gnu/libOgreProperty.so\n'}
[724.955223] (gazebo_plugins) StdoutLine: {'line': b'-- Looking for OGRE_RTShaderSystem...\n'}
[724.974204] (gazebo_plugins) StdoutLine: {'line': b'-- Found OGRE_RTShaderSystem: optimized;/usr/lib/aarch64-linux-gnu/libOgreRTShaderSystem.so;debug;/usr/lib/aarch64-linux-gnu/libOgreRTShaderSystem.so\n'}
[724.974859] (gazebo_plugins) StdoutLine: {'line': b'-- Looking for OGRE_Volume...\n'}
[724.993474] (gazebo_plugins) StdoutLine: {'line': b'-- Found OGRE_Volume: optimized;/usr/lib/aarch64-linux-gnu/libOgreVolume.so;debug;/usr/lib/aarch64-linux-gnu/libOgreVolume.so\n'}
[724.994141] (gazebo_plugins) StdoutLine: {'line': b'-- Looking for OGRE_Overlay...\n'}
[725.004549] (-) TimerEvent: {}
[725.012294] (gazebo_plugins) StdoutLine: {'line': b'-- Found OGRE_Overlay: optimized;/usr/lib/aarch64-linux-gnu/libOgreOverlay.so;debug;/usr/lib/aarch64-linux-gnu/libOgreOverlay.so\n'}
[725.104770] (-) TimerEvent: {}
[725.205703] (-) TimerEvent: {}
[725.306658] (-) TimerEvent: {}
[725.407620] (-) TimerEvent: {}
[725.495223] (gazebo_plugins) StdoutLine: {'line': b'-- Looking for ignition-math6 -- found version 6.15.1\n'}
[725.507794] (-) TimerEvent: {}
[725.511933] (gazebo_plugins) StdoutLine: {'line': b'-- Looking for ignition-transport8 -- found version 8.2.1\n'}
[725.514558] (gazebo_plugins) StdoutLine: {'line': b'-- Searching for dependencies of ignition-transport8\n'}
[725.608023] (-) TimerEvent: {}
[725.623573] (gazebo_plugins) StdoutLine: {'line': b'-- Found Protobuf: /usr/lib/aarch64-linux-gnu/libprotobuf.so (found suitable version "3.12.4", minimum required is "3") \n'}
[725.701696] (gazebo_plugins) StdoutLine: {'line': b'-- Config-file not installed for ZeroMQ -- checking for pkg-config\n'}
[725.708155] (-) TimerEvent: {}
[725.727433] (gazebo_plugins) StdoutLine: {'line': b"-- Checking for module 'libzmq >= 4'\n"}
[725.804559] (gazebo_plugins) StdoutLine: {'line': b'--   Found libzmq , version 4.3.4\n'}
[725.808522] (-) TimerEvent: {}
[725.909437] (-) TimerEvent: {}
[726.006047] (gazebo_plugins) StdoutLine: {'line': b'-- Found ZeroMQ: TRUE (Required is at least version "4") \n'}
[726.009530] (-) TimerEvent: {}
[726.038201] (gazebo_plugins) StdoutLine: {'line': b"-- Checking for module 'uuid'\n"}
[726.102173] (gazebo_plugins) StdoutLine: {'line': b'--   Found uuid, version 2.37.2\n'}
[726.109682] (-) TimerEvent: {}
[726.210627] (-) TimerEvent: {}
[726.270046] (gazebo_plugins) StdoutLine: {'line': b'-- Found UUID: TRUE  \n'}
[726.288477] (gazebo_plugins) StdoutLine: {'line': b'-- Looking for ignition-msgs5 -- found version 5.8.1\n'}
[726.291378] (gazebo_plugins) StdoutLine: {'line': b'-- Searching for dependencies of ignition-msgs5\n'}
[726.310846] (-) TimerEvent: {}
[726.407250] (gazebo_plugins) StdoutLine: {'line': b'-- Looking for ignition-math6 -- found version 6.15.1\n'}
[726.410969] (-) TimerEvent: {}
[726.434939] (gazebo_plugins) StdoutLine: {'line': b"-- Checking for module 'tinyxml2'\n"}
[726.500495] (gazebo_plugins) StdoutLine: {'line': b'--   Found tinyxml2, version 9.0.0\n'}
[726.511212] (-) TimerEvent: {}
[726.612187] (-) TimerEvent: {}
[726.675584] (gazebo_plugins) StdoutLine: {'line': b'-- Looking for ignition-msgs5 -- found version 5.8.1\n'}
[726.692610] (gazebo_plugins) StdoutLine: {'line': b'-- Looking for ignition-common3 -- found version 3.14.0\n'}
[726.695321] (gazebo_plugins) StdoutLine: {'line': b'-- Searching for dependencies of ignition-common3\n'}
[726.697772] (gazebo_plugins) StdoutLine: {'line': b'-- Looking for dlfcn.h - found\n'}
[726.700061] (gazebo_plugins) StdoutLine: {'line': b'-- Looking for libdl - found\n'}
[726.706989] (gazebo_plugins) StdoutLine: {'line': b'-- Found DL: TRUE  \n'}
[726.712467] (-) TimerEvent: {}
[726.769070] (gazebo_plugins) StdoutLine: {'line': b'-- Found tinyobjloader: /usr/lib/aarch64-linux-gnu/cmake/tinyobjloader/tinyobjloader-config.cmake (found version "2.0.0") \n'}
[726.772566] (gazebo_plugins) StdoutLine: {'line': b'-- Searching for <ignition-common3> component [graphics]\n'}
[726.790401] (gazebo_plugins) StdoutLine: {'line': b'-- Looking for ignition-common3-graphics -- found version 3.14.0\n'}
[726.793195] (gazebo_plugins) StdoutLine: {'line': b'-- Searching for dependencies of ignition-common3-graphics\n'}
[726.794944] (gazebo_plugins) StdoutLine: {'line': b'-- Looking for ignition-math6 -- found version 6.15.1\n'}
[726.812613] (-) TimerEvent: {}
[726.816601] (gazebo_plugins) StdoutLine: {'line': b'-- Looking for ignition-fuel_tools4 -- found version 4.4.0\n'}
[726.818975] (gazebo_plugins) StdoutLine: {'line': b'-- Searching for dependencies of ignition-fuel_tools4\n'}
[726.912950] (-) TimerEvent: {}
[727.014016] (-) TimerEvent: {}
[727.114853] (-) TimerEvent: {}
[727.215869] (-) TimerEvent: {}
[727.235684] (gazebo_plugins) StdoutLine: {'line': b'-- Found CURL: /usr/lib/aarch64-linux-gnu/libcurl.so (found version "7.81.0")  \n'}
[727.289256] (gazebo_plugins) StdoutLine: {'line': b"-- Checking for module 'jsoncpp'\n"}
[727.316107] (-) TimerEvent: {}
[727.361550] (gazebo_plugins) StdoutLine: {'line': b'--   Found jsoncpp, version 1.9.5\n'}
[727.416390] (-) TimerEvent: {}
[727.517659] (-) TimerEvent: {}
[727.533979] (gazebo_plugins) StdoutLine: {'line': b'-- Found JSONCPP: TRUE  \n'}
[727.565417] (gazebo_plugins) StdoutLine: {'line': b"-- Checking for module 'libzip'\n"}
[727.617847] (-) TimerEvent: {}
[727.631843] (gazebo_plugins) StdoutLine: {'line': b'--   Found libzip, version 1.7.3\n'}
[727.718202] (-) TimerEvent: {}
[727.804798] (gazebo_plugins) StdoutLine: {'line': b'-- Found ZIP: TRUE  \n'}
[727.807193] (gazebo_plugins) StdoutLine: {'line': b'-- Looking for ignition-common3 -- found version 3.14.0\n'}
[727.808973] (gazebo_plugins) StdoutLine: {'line': b'-- Looking for ignition-math6 -- found version 6.15.1\n'}
[727.811056] (gazebo_plugins) StdoutLine: {'line': b'-- Looking for ignition-msgs5 -- found version 5.8.1\n'}
[727.818256] (-) TimerEvent: {}
[727.836872] (gazebo_plugins) StdoutLine: {'line': b'-- Gazebo version: 11.10\n'}
[727.838800] (gazebo_plugins) StdoutLine: {'line': b"-- Checking for module 'tbb'\n"}
[727.912495] (gazebo_plugins) StdoutLine: {'line': b'--   Found tbb, version 2021.5.0\n'}
[727.918471] (-) TimerEvent: {}
[728.019230] (-) TimerEvent: {}
[728.086901] (gazebo_plugins) StdoutLine: {'line': b'-- Found gazebo_msgs: 3.9.0 (/opt/ros/gazebo_ros_build/install/share/gazebo_msgs/cmake)\n'}
[728.119445] (-) TimerEvent: {}
[728.220668] (-) TimerEvent: {}
[728.308381] (gazebo_plugins) StdoutLine: {'line': b'-- Found gazebo_ros: 3.9.0 (/opt/ros/gazebo_ros_build/install/share/gazebo_ros/cmake)\n'}
[728.320827] (-) TimerEvent: {}
[728.336024] (gazebo_plugins) StdoutLine: {'line': b'-- Found image_transport: 3.1.12 (/opt/ros/humble/share/image_transport/cmake)\n'}
[728.421106] (-) TimerEvent: {}
[728.522050] (-) TimerEvent: {}
[728.561747] (gazebo_plugins) StdoutLine: {'line': b'-- Found cv_bridge: 3.2.1 (/opt/ros/humble/share/cv_bridge/cmake)\n'}
[728.622263] (-) TimerEvent: {}
[728.639676] (gazebo_plugins) StdoutLine: {'line': b'-- Found nav_msgs: 4.9.0 (/opt/ros/humble/share/nav_msgs/cmake)\n'}
[728.722474] (-) TimerEvent: {}
[728.746340] (gazebo_plugins) StdoutLine: {'line': b'-- Found std_srvs: 4.9.0 (/opt/ros/humble/share/std_srvs/cmake)\n'}
[728.818125] (gazebo_plugins) StdoutLine: {'line': b'-- Found tf2: 0.25.16 (/opt/ros/humble/share/tf2/cmake)\n'}
[728.822586] (-) TimerEvent: {}
[728.847713] (gazebo_plugins) StdoutLine: {'line': b'-- Found tf2_geometry_msgs: 0.25.16 (/opt/ros/humble/share/tf2_geometry_msgs/cmake)\n'}
[728.902285] (gazebo_plugins) StdoutLine: {'line': b'-- Found eigen3_cmake_module: 0.1.1 (/opt/ros/humble/share/eigen3_cmake_module/cmake)\n'}
[728.909203] (gazebo_plugins) StdoutLine: {'line': b'-- Found Eigen3: TRUE (found version "3.4.0") \n'}
[728.909976] (gazebo_plugins) StdoutLine: {'line': b'-- Ensuring Eigen3 include directory is part of orocos-kdl CMake target\n'}
[728.922797] (-) TimerEvent: {}
[729.023706] (-) TimerEvent: {}
[729.124771] (-) TimerEvent: {}
[729.225753] (-) TimerEvent: {}
[729.326743] (-) TimerEvent: {}
[729.427725] (-) TimerEvent: {}
[729.528831] (-) TimerEvent: {}
[729.629914] (-) TimerEvent: {}
[729.730866] (-) TimerEvent: {}
[729.831928] (-) TimerEvent: {}
[729.926548] (gazebo_plugins) StdoutLine: {'line': b'-- Found ament_cmake_gtest: 1.3.12 (/opt/ros/humble/share/ament_cmake_gtest/cmake)\n'}
[729.932077] (-) TimerEvent: {}
[729.993108] (gazebo_plugins) StdoutLine: {'line': b"-- Found gtest sources under '/opt/ros/humble/src/gtest_vendor': C++ tests using 'Google Test' will be built\n"}
[730.032436] (-) TimerEvent: {}
[730.133667] (-) TimerEvent: {}
[730.234857] (-) TimerEvent: {}
[730.336161] (-) TimerEvent: {}
[730.437356] (-) TimerEvent: {}
[730.538337] (-) TimerEvent: {}
[730.639376] (-) TimerEvent: {}
[730.740528] (-) TimerEvent: {}
[730.801918] (gazebo_plugins) StdoutLine: {'line': b'-- Found ament_lint_auto: 0.12.14 (/opt/ros/humble/share/ament_lint_auto/cmake)\n'}
[730.840725] (-) TimerEvent: {}
[730.941651] (-) TimerEvent: {}
[731.042583] (-) TimerEvent: {}
[731.143527] (-) TimerEvent: {}
[731.244708] (-) TimerEvent: {}
[731.344097] (gazebo_plugins) StdoutLine: {'line': b"-- Added test 'copyright' to check source files copyright and LICENSE\n"}
[731.344962] (-) TimerEvent: {}
[731.399648] (gazebo_plugins) StdoutLine: {'line': b"-- Added test 'cppcheck' to perform static code analysis on C / C++ code\n"}
[731.418922] (gazebo_plugins) StdoutLine: {'line': b'-- Configured cppcheck include dirs: /opt/ros/gazebo_ros_build/src/gazebo_plugins/include\n'}
[731.419723] (gazebo_plugins) StdoutLine: {'line': b'-- Configured cppcheck exclude dirs and/or files: \n'}
[731.427897] (gazebo_plugins) StdoutLine: {'line': b"-- Added test 'flake8' to check Python code syntax and style conventions\n"}
[731.441674] (gazebo_plugins) StdoutLine: {'line': b"-- Added test 'lint_cmake' to check CMake code style\n"}
[731.445108] (-) TimerEvent: {}
[731.449941] (gazebo_plugins) StdoutLine: {'line': b"-- Added test 'pep257' to check Python code against some of the docstring style conventions in PEP 257\n"}
[731.498890] (gazebo_plugins) StdoutLine: {'line': b"-- Added test 'uncrustify' to check C / C++ code style\n"}
[731.499689] (gazebo_plugins) StdoutLine: {'line': b'-- Configured uncrustify additional arguments: \n'}
[731.507506] (gazebo_plugins) StdoutLine: {'line': b"-- Added test 'xmllint' to check XML markup files\n"}
[731.523739] (gazebo_plugins) StdoutLine: {'line': b'-- Configuring done\n'}
[731.545309] (-) TimerEvent: {}
[731.646235] (-) TimerEvent: {}
[731.747257] (-) TimerEvent: {}
[731.848211] (-) TimerEvent: {}
[731.949305] (-) TimerEvent: {}
[732.050182] (-) TimerEvent: {}
[732.151132] (-) TimerEvent: {}
[732.252133] (-) TimerEvent: {}
[732.353168] (-) TimerEvent: {}
[732.454276] (-) TimerEvent: {}
[732.555276] (-) TimerEvent: {}
[732.656173] (-) TimerEvent: {}
[732.757204] (-) TimerEvent: {}
[732.858227] (-) TimerEvent: {}
[732.959210] (-) TimerEvent: {}
[733.060190] (-) TimerEvent: {}
[733.161262] (-) TimerEvent: {}
[733.262211] (-) TimerEvent: {}
[733.363184] (-) TimerEvent: {}
[733.464303] (-) TimerEvent: {}
[733.565276] (-) TimerEvent: {}
[733.666212] (-) TimerEvent: {}
[733.767198] (-) TimerEvent: {}
[733.868049] (-) TimerEvent: {}
[733.969098] (-) TimerEvent: {}
[734.070039] (-) TimerEvent: {}
[734.171202] (-) TimerEvent: {}
[734.272174] (-) TimerEvent: {}
[734.373208] (-) TimerEvent: {}
[734.474171] (-) TimerEvent: {}
[734.575156] (-) TimerEvent: {}
[734.676125] (-) TimerEvent: {}
[734.777190] (-) TimerEvent: {}
[734.878168] (-) TimerEvent: {}
[734.979132] (-) TimerEvent: {}
[735.080086] (-) TimerEvent: {}
[735.181165] (-) TimerEvent: {}
[735.282094] (-) TimerEvent: {}
[735.383038] (-) TimerEvent: {}
[735.484010] (-) TimerEvent: {}
[735.585152] (-) TimerEvent: {}
[735.686537] (-) TimerEvent: {}
[735.787545] (-) TimerEvent: {}
[735.888907] (-) TimerEvent: {}
[735.989866] (-) TimerEvent: {}
[736.090875] (-) TimerEvent: {}
[736.191831] (-) TimerEvent: {}
[736.292866] (-) TimerEvent: {}
[736.393790] (-) TimerEvent: {}
[736.494738] (-) TimerEvent: {}
[736.595749] (-) TimerEvent: {}
[736.696849] (-) TimerEvent: {}
[736.797870] (-) TimerEvent: {}
[736.898901] (-) TimerEvent: {}
[736.999863] (-) TimerEvent: {}
[737.100870] (-) TimerEvent: {}
[737.166759] (gazebo_plugins) StdoutLine: {'line': b'-- Generating done\n'}
[737.201419] (-) TimerEvent: {}
[737.302332] (-) TimerEvent: {}
[737.403308] (-) TimerEvent: {}
[737.504191] (-) TimerEvent: {}
[737.605214] (-) TimerEvent: {}
[737.706172] (-) TimerEvent: {}
[737.724290] (gazebo_plugins) StdoutLine: {'line': b'-- Build files have been written to: /opt/ros/gazebo_ros_build/build/gazebo_plugins\n'}
[737.806390] (-) TimerEvent: {}
[737.841204] (gazebo_plugins) CommandEnded: {'returncode': 0}
[737.846970] (gazebo_plugins) JobProgress: {'identifier': 'gazebo_plugins', 'progress': 'build'}
[737.851207] (gazebo_plugins) Command: {'cmd': ['/usr/bin/cmake', '--build', '/opt/ros/gazebo_ros_build/build/gazebo_plugins', '--', '-j6', '-l6'], 'cwd': '/opt/ros/gazebo_ros_build/build/gazebo_plugins', 'env': OrderedDict([('SUDO_GID', '1000'), ('MAIL', '/var/mail/root'), ('USER', 'root'), ('HOSTNAME', 'ubuntu'), ('SHLVL', '1'), ('LD_LIBRARY_PATH', '/opt/ros/gazebo_ros_build/install/lib:/opt/ros/humble/opt/rviz_ogre_vendor/lib:/opt/ros/humble/lib/aarch64-linux-gnu:/opt/ros/humble/lib'), ('HOME', '/root'), ('OLDPWD', '/opt/ros/gazebo_ros_build/src'), ('ROS_PYTHON_VERSION', '3'), ('SUDO_UID', '1000'), ('ROS_DISTRO', 'humble'), ('LOGNAME', 'root'), ('_', '/usr/bin/colcon'), ('ROS_VERSION', '2'), ('TERM', 'xterm'), ('ROS_LOCALHOST_ONLY', '0'), ('PATH', '/opt/ros/humble/bin:/usr/local/sbin:/usr/local/bin:/usr/sbin:/usr/bin:/sbin:/bin:/usr/games:/usr/local/games:/snap/bin'), ('DISPLAY', ':0'), ('LANG', 'C.UTF-8'), ('LS_COLORS', 'rs=0:di=01;34:ln=01;36:mh=00:pi=40;33:so=01;35:do=01;35:bd=40;33;01:cd=40;33;01:or=40;31;01:mi=00:su=37;41:sg=30;43:ca=30;41:tw=30;42:ow=34;42:st=37;44:ex=01;32:*.tar=01;31:*.tgz=01;31:*.arc=01;31:*.arj=01;31:*.taz=01;31:*.lha=01;31:*.lz4=01;31:*.lzh=01;31:*.lzma=01;31:*.tlz=01;31:*.txz=01;31:*.tzo=01;31:*.t7z=01;31:*.zip=01;31:*.z=01;31:*.dz=01;31:*.gz=01;31:*.lrz=01;31:*.lz=01;31:*.lzo=01;31:*.xz=01;31:*.zst=01;31:*.tzst=01;31:*.bz2=01;31:*.bz=01;31:*.tbz=01;31:*.tbz2=01;31:*.tz=01;31:*.deb=01;31:*.rpm=01;31:*.jar=01;31:*.war=01;31:*.ear=01;31:*.sar=01;31:*.rar=01;31:*.alz=01;31:*.ace=01;31:*.zoo=01;31:*.cpio=01;31:*.7z=01;31:*.rz=01;31:*.cab=01;31:*.wim=01;31:*.swm=01;31:*.dwm=01;31:*.esd=01;31:*.jpg=01;35:*.jpeg=01;35:*.mjpg=01;35:*.mjpeg=01;35:*.gif=01;35:*.bmp=01;35:*.pbm=01;35:*.pgm=01;35:*.ppm=01;35:*.tga=01;35:*.xbm=01;35:*.xpm=01;35:*.tif=01;35:*.tiff=01;35:*.png=01;35:*.svg=01;35:*.svgz=01;35:*.mng=01;35:*.pcx=01;35:*.mov=01;35:*.mpg=01;35:*.mpeg=01;35:*.m2v=01;35:*.mkv=01;35:*.webm=01;35:*.webp=01;35:*.ogm=01;35:*.mp4=01;35:*.m4v=01;35:*.mp4v=01;35:*.vob=01;35:*.qt=01;35:*.nuv=01;35:*.wmv=01;35:*.asf=01;35:*.rm=01;35:*.rmvb=01;35:*.flc=01;35:*.avi=01;35:*.fli=01;35:*.flv=01;35:*.gl=01;35:*.dl=01;35:*.xcf=01;35:*.xwd=01;35:*.yuv=01;35:*.cgm=01;35:*.emf=01;35:*.ogv=01;35:*.ogx=01;35:*.aac=00;36:*.au=00;36:*.flac=00;36:*.m4a=00;36:*.mid=00;36:*.midi=00;36:*.mka=00;36:*.mp3=00;36:*.mpc=00;36:*.ogg=00;36:*.ra=00;36:*.wav=00;36:*.oga=00;36:*.opus=00;36:*.spx=00;36:*.xspf=00;36:'), ('SUDO_COMMAND', '/usr/bin/su'), ('AMENT_PREFIX_PATH', '/opt/ros/gazebo_ros_build/install:/opt/ros/humble'), ('SHELL', '/bin/bash'), ('SUDO_USER', 'ultra'), ('PWD', '/opt/ros/gazebo_ros_build/build/gazebo_plugins'), ('LC_ALL', 'C.UTF-8'), ('PYTHONPATH', '/opt/ros/gazebo_ros_build/install/local/lib/python3.10/dist-packages:/opt/ros/humble/lib/python3.10/site-packages:/opt/ros/humble/local/lib/python3.10/dist-packages'), ('COLCON', '1'), ('CMAKE_PREFIX_PATH', '/opt/ros/gazebo_ros_build/install:/opt/ros/humble')]), 'shell': False}
[737.906635] (-) TimerEvent: {}
[738.007558] (-) TimerEvent: {}
[738.108721] (-) TimerEvent: {}
[738.184900] (gazebo_plugins) StdoutLine: {'line': b'[  1%] \x1b[32mBuilding CXX object CMakeFiles/gazebo_ros_joint_state_publisher.dir/src/gazebo_ros_joint_state_publisher.cpp.o\x1b[0m\n'}
[738.186990] (gazebo_plugins) StdoutLine: {'line': b'[  2%] \x1b[32mBuilding CXX object CMakeFiles/gazebo_ros_force.dir/src/gazebo_ros_force.cpp.o\x1b[0m\n'}
[738.189765] (gazebo_plugins) StdoutLine: {'line': b'[  4%] \x1b[32mBuilding CXX object CMakeFiles/gazebo_ros_template.dir/src/gazebo_ros_template.cpp.o\x1b[0m\n'}
[738.192940] (gazebo_plugins) StdoutLine: {'line': b'[  3%] \x1b[32mBuilding CXX object CMakeFiles/multi_camera_plugin.dir/src/multi_camera_plugin.cpp.o\x1b[0m\n'}
[738.193799] (gazebo_plugins) StdoutLine: {'line': b'[  5%] \x1b[32mBuilding CXX object CMakeFiles/gazebo_ros_diff_drive.dir/src/gazebo_ros_diff_drive.cpp.o\x1b[0m\n'}
[738.203407] (gazebo_plugins) StdoutLine: {'line': b'[  6%] \x1b[32mBuilding CXX object CMakeFiles/gazebo_ros_imu_sensor.dir/src/gazebo_ros_imu_sensor.cpp.o\x1b[0m\n'}
[738.208909] (-) TimerEvent: {}
[738.309827] (-) TimerEvent: {}
[738.410714] (-) TimerEvent: {}
[738.511671] (-) TimerEvent: {}
[738.612839] (-) TimerEvent: {}
[738.713733] (-) TimerEvent: {}
[738.814658] (-) TimerEvent: {}
[738.916047] (-) TimerEvent: {}
[739.017049] (-) TimerEvent: {}
[739.118012] (-) TimerEvent: {}
[739.219006] (-) TimerEvent: {}
[739.319942] (-) TimerEvent: {}
[739.421003] (-) TimerEvent: {}
[739.522017] (-) TimerEvent: {}
[739.622992] (-) TimerEvent: {}
[739.723983] (-) TimerEvent: {}
[739.825062] (-) TimerEvent: {}
[739.926044] (-) TimerEvent: {}
[740.026984] (-) TimerEvent: {}
[740.128033] (-) TimerEvent: {}
[740.229082] (-) TimerEvent: {}
[740.330110] (-) TimerEvent: {}
[740.431042] (-) TimerEvent: {}
[740.532043] (-) TimerEvent: {}
[740.633349] (-) TimerEvent: {}
[740.734336] (-) TimerEvent: {}
[740.835304] (-) TimerEvent: {}
[740.936429] (-) TimerEvent: {}
[741.037362] (-) TimerEvent: {}
[741.138339] (-) TimerEvent: {}
[741.239279] (-) TimerEvent: {}
[741.340362] (-) TimerEvent: {}
[741.441351] (-) TimerEvent: {}
[741.542434] (-) TimerEvent: {}
[741.643384] (-) TimerEvent: {}
[741.744703] (-) TimerEvent: {}
[741.845744] (-) TimerEvent: {}
[741.946739] (-) TimerEvent: {}
[742.047784] (-) TimerEvent: {}
[742.149152] (-) TimerEvent: {}
[742.250216] (-) TimerEvent: {}
[742.351321] (-) TimerEvent: {}
[742.452423] (-) TimerEvent: {}
[742.553396] (-) TimerEvent: {}
[742.654453] (-) TimerEvent: {}
[742.755472] (-) TimerEvent: {}
[742.856563] (-) TimerEvent: {}
[742.957599] (-) TimerEvent: {}
[743.058669] (-) TimerEvent: {}
[743.159740] (-) TimerEvent: {}
[743.260917] (-) TimerEvent: {}
[743.361961] (-) TimerEvent: {}
[743.463171] (-) TimerEvent: {}
[743.564784] (-) TimerEvent: {}
[743.665898] (-) TimerEvent: {}
[743.766962] (-) TimerEvent: {}
[743.868111] (-) TimerEvent: {}
[743.969331] (-) TimerEvent: {}
[744.070504] (-) TimerEvent: {}
[744.171712] (-) TimerEvent: {}
[744.273019] (-) TimerEvent: {}
[744.374074] (-) TimerEvent: {}
[744.475489] (-) TimerEvent: {}
[744.576717] (-) TimerEvent: {}
[744.677890] (-) TimerEvent: {}
[744.779119] (-) TimerEvent: {}
[744.880569] (-) TimerEvent: {}
[744.981678] (-) TimerEvent: {}
[745.083807] (-) TimerEvent: {}
[745.184909] (-) TimerEvent: {}
[745.285883] (-) TimerEvent: {}
[745.386866] (-) TimerEvent: {}
[745.487860] (-) TimerEvent: {}
[745.588936] (-) TimerEvent: {}
[745.689973] (-) TimerEvent: {}
[745.791041] (-) TimerEvent: {}
[745.892192] (-) TimerEvent: {}
[745.993449] (-) TimerEvent: {}
[746.094604] (-) TimerEvent: {}
[746.196798] (-) TimerEvent: {}
[746.297854] (-) TimerEvent: {}
[746.399024] (-) TimerEvent: {}
[746.500267] (-) TimerEvent: {}
[746.601388] (-) TimerEvent: {}
[746.702631] (-) TimerEvent: {}
[746.803833] (-) TimerEvent: {}
[746.908550] (-) TimerEvent: {}
[747.009757] (-) TimerEvent: {}
[747.110973] (-) TimerEvent: {}
[747.212364] (-) TimerEvent: {}
[747.313644] (-) TimerEvent: {}
[747.414909] (-) TimerEvent: {}
[747.516147] (-) TimerEvent: {}
[747.618294] (-) TimerEvent: {}
[747.719724] (-) TimerEvent: {}
[747.821397] (-) TimerEvent: {}
[747.922610] (-) TimerEvent: {}
[748.023722] (-) TimerEvent: {}
[748.125020] (-) TimerEvent: {}
[748.226403] (-) TimerEvent: {}
[748.327663] (-) TimerEvent: {}
[748.428945] (-) TimerEvent: {}
[748.530253] (-) TimerEvent: {}
[748.632189] (-) TimerEvent: {}
[748.733540] (-) TimerEvent: {}
[748.834816] (-) TimerEvent: {}
[748.936182] (-) TimerEvent: {}
[749.038291] (-) TimerEvent: {}
[749.139804] (-) TimerEvent: {}
[749.245976] (-) TimerEvent: {}
[749.347277] (-) TimerEvent: {}
[749.449184] (-) TimerEvent: {}
[749.550667] (-) TimerEvent: {}
[749.652015] (-) TimerEvent: {}
[749.753367] (-) TimerEvent: {}
[749.854404] (-) TimerEvent: {}
[749.955476] (-) TimerEvent: {}
[750.056719] (-) TimerEvent: {}
[750.157756] (-) TimerEvent: {}
[750.258783] (-) TimerEvent: {}
[750.359850] (-) TimerEvent: {}
[750.461011] (-) TimerEvent: {}
[750.562148] (-) TimerEvent: {}
[750.663360] (-) TimerEvent: {}
[750.764535] (-) TimerEvent: {}
[750.865522] (-) TimerEvent: {}
[750.966534] (-) TimerEvent: {}
[751.067605] (-) TimerEvent: {}
[751.168631] (-) TimerEvent: {}
[751.269572] (-) TimerEvent: {}
[751.370566] (-) TimerEvent: {}
[751.471683] (-) TimerEvent: {}
[751.572936] (-) TimerEvent: {}
[751.673921] (-) TimerEvent: {}
[751.774948] (-) TimerEvent: {}
[751.876452] (-) TimerEvent: {}
[751.977577] (-) TimerEvent: {}
[752.078646] (-) TimerEvent: {}
[752.179748] (-) TimerEvent: {}
[752.281049] (-) TimerEvent: {}
[752.382122] (-) TimerEvent: {}
[752.484045] (-) TimerEvent: {}
[752.585225] (-) TimerEvent: {}
[752.687293] (-) TimerEvent: {}
[752.788451] (-) TimerEvent: {}
[752.889467] (-) TimerEvent: {}
[752.990514] (-) TimerEvent: {}
[753.091506] (-) TimerEvent: {}
[753.192606] (-) TimerEvent: {}
[753.293595] (-) TimerEvent: {}
[753.394588] (-) TimerEvent: {}
[753.495607] (-) TimerEvent: {}
[753.596641] (-) TimerEvent: {}
[753.697583] (-) TimerEvent: {}
[753.798580] (-) TimerEvent: {}
[753.899649] (-) TimerEvent: {}
[754.000827] (-) TimerEvent: {}
[754.102045] (-) TimerEvent: {}
[754.203852] (-) TimerEvent: {}
[754.304882] (-) TimerEvent: {}
[754.405889] (-) TimerEvent: {}
[754.506845] (-) TimerEvent: {}
[754.607924] (-) TimerEvent: {}
[754.709172] (-) TimerEvent: {}
[754.810227] (-) TimerEvent: {}
[754.911292] (-) TimerEvent: {}
[755.012408] (-) TimerEvent: {}
[755.113518] (-) TimerEvent: {}
[755.214560] (-) TimerEvent: {}
[755.315624] (-) TimerEvent: {}
[755.416820] (-) TimerEvent: {}
[755.517842] (-) TimerEvent: {}
[755.618817] (-) TimerEvent: {}
[755.719789] (-) TimerEvent: {}
[755.820920] (-) TimerEvent: {}
[755.921878] (-) TimerEvent: {}
[756.022928] (-) TimerEvent: {}
[756.124036] (-) TimerEvent: {}
[756.225142] (-) TimerEvent: {}
[756.326370] (-) TimerEvent: {}
[756.427506] (-) TimerEvent: {}
[756.528891] (-) TimerEvent: {}
[756.630024] (-) TimerEvent: {}
[756.731110] (-) TimerEvent: {}
[756.832451] (-) TimerEvent: {}
[756.933628] (-) TimerEvent: {}
[757.034782] (-) TimerEvent: {}
[757.135950] (-) TimerEvent: {}
[757.238488] (-) TimerEvent: {}
[757.339668] (-) TimerEvent: {}
[757.440844] (-) TimerEvent: {}
[757.541983] (-) TimerEvent: {}
[757.643057] (-) TimerEvent: {}
[757.744184] (-) TimerEvent: {}
[757.845699] (-) TimerEvent: {}
[757.946749] (-) TimerEvent: {}
[758.047874] (-) TimerEvent: {}
[758.149095] (-) TimerEvent: {}
[758.250167] (-) TimerEvent: {}
[758.351239] (-) TimerEvent: {}
[758.452406] (-) TimerEvent: {}
[758.553495] (-) TimerEvent: {}
[758.654637] (-) TimerEvent: {}
[758.755983] (-) TimerEvent: {}
[758.857265] (-) TimerEvent: {}
[758.958415] (-) TimerEvent: {}
[759.059459] (-) TimerEvent: {}
[759.160597] (-) TimerEvent: {}
[759.261666] (-) TimerEvent: {}
[759.362657] (-) TimerEvent: {}
[759.463842] (-) TimerEvent: {}
[759.565141] (-) TimerEvent: {}
[759.666332] (-) TimerEvent: {}
[759.767546] (-) TimerEvent: {}
[759.868871] (-) TimerEvent: {}
[759.970035] (-) TimerEvent: {}
[760.071276] (-) TimerEvent: {}
[760.172512] (-) TimerEvent: {}
[760.275708] (-) TimerEvent: {}
[760.377026] (-) TimerEvent: {}
[760.478103] (-) TimerEvent: {}
[760.579200] (-) TimerEvent: {}
[760.680455] (-) TimerEvent: {}
[760.781612] (-) TimerEvent: {}
[760.882706] (-) TimerEvent: {}
[760.983695] (-) TimerEvent: {}
[761.084966] (-) TimerEvent: {}
[761.186181] (-) TimerEvent: {}
[761.287343] (-) TimerEvent: {}
[761.388553] (-) TimerEvent: {}
[761.490097] (-) TimerEvent: {}
[761.592627] (-) TimerEvent: {}
[761.693673] (-) TimerEvent: {}
[761.794767] (-) TimerEvent: {}
[761.896499] (-) TimerEvent: {}
[761.997486] (-) TimerEvent: {}
[762.098443] (-) TimerEvent: {}
[762.199478] (-) TimerEvent: {}
[762.300575] (-) TimerEvent: {}
[762.401645] (-) TimerEvent: {}
[762.502763] (-) TimerEvent: {}
[762.603916] (-) TimerEvent: {}
[762.705173] (-) TimerEvent: {}
[762.806493] (-) TimerEvent: {}
[762.907610] (-) TimerEvent: {}
[763.008967] (-) TimerEvent: {}
[763.110014] (-) TimerEvent: {}
[763.211972] (-) TimerEvent: {}
[763.313249] (-) TimerEvent: {}
[763.414477] (-) TimerEvent: {}
[763.515642] (-) TimerEvent: {}
[763.616943] (-) TimerEvent: {}
[763.718022] (-) TimerEvent: {}
[763.819209] (-) TimerEvent: {}
[763.921040] (-) TimerEvent: {}
[764.022277] (-) TimerEvent: {}
[764.123644] (-) TimerEvent: {}
[764.225420] (-) TimerEvent: {}
[764.327196] (-) TimerEvent: {}
[764.429174] (-) TimerEvent: {}
[764.530726] (-) TimerEvent: {}
[764.631935] (-) TimerEvent: {}
[764.733155] (-) TimerEvent: {}
[764.834156] (-) TimerEvent: {}
[764.935332] (-) TimerEvent: {}
[765.036957] (-) TimerEvent: {}
[765.138059] (-) TimerEvent: {}
[765.239107] (-) TimerEvent: {}
[765.340152] (-) TimerEvent: {}
[765.441290] (-) TimerEvent: {}
[765.542343] (-) TimerEvent: {}
[765.644089] (-) TimerEvent: {}
[765.745227] (-) TimerEvent: {}
[765.846292] (-) TimerEvent: {}
[765.947355] (-) TimerEvent: {}
[766.048543] (-) TimerEvent: {}
[766.149616] (-) TimerEvent: {}
[766.250648] (-) TimerEvent: {}
[766.351693] (-) TimerEvent: {}
[766.452819] (-) TimerEvent: {}
[766.555026] (-) TimerEvent: {}
[766.656114] (-) TimerEvent: {}
[766.757222] (-) TimerEvent: {}
[766.858302] (-) TimerEvent: {}
[766.959347] (-) TimerEvent: {}
[767.060583] (-) TimerEvent: {}
[767.161592] (-) TimerEvent: {}
[767.262610] (-) TimerEvent: {}
[767.363617] (-) TimerEvent: {}
[767.464718] (-) TimerEvent: {}
[767.565853] (-) TimerEvent: {}
[767.667054] (-) TimerEvent: {}
[767.768419] (-) TimerEvent: {}
[767.869550] (-) TimerEvent: {}
[767.970581] (-) TimerEvent: {}
[768.072105] (-) TimerEvent: {}
[768.173406] (-) TimerEvent: {}
[768.274557] (-) TimerEvent: {}
[768.375729] (-) TimerEvent: {}
[768.477044] (-) TimerEvent: {}
[768.578308] (-) TimerEvent: {}
[768.679517] (-) TimerEvent: {}
[768.780899] (-) TimerEvent: {}
[768.881968] (-) TimerEvent: {}
[768.983580] (-) TimerEvent: {}
[769.084639] (-) TimerEvent: {}
[769.185732] (-) TimerEvent: {}
[769.286842] (-) TimerEvent: {}
[769.388452] (-) TimerEvent: {}
[769.489578] (-) TimerEvent: {}
[769.590755] (-) TimerEvent: {}
[769.692031] (-) TimerEvent: {}
[769.793299] (-) TimerEvent: {}
[769.894409] (-) TimerEvent: {}
[769.995515] (-) TimerEvent: {}
[770.096651] (-) TimerEvent: {}
[770.197774] (-) TimerEvent: {}
[770.298923] (-) TimerEvent: {}
[770.400117] (-) TimerEvent: {}
[770.501311] (-) TimerEvent: {}
[770.602525] (-) TimerEvent: {}
[770.704621] (-) TimerEvent: {}
[770.805698] (-) TimerEvent: {}
[770.906855] (-) TimerEvent: {}
[771.008031] (-) TimerEvent: {}
[771.109286] (-) TimerEvent: {}
[771.210400] (-) TimerEvent: {}
[771.312429] (-) TimerEvent: {}
[771.413611] (-) TimerEvent: {}
[771.514749] (-) TimerEvent: {}
[771.615777] (-) TimerEvent: {}
[771.717038] (-) TimerEvent: {}
[771.819331] (-) TimerEvent: {}
[771.920632] (-) TimerEvent: {}
[772.023144] (-) TimerEvent: {}
[772.124421] (-) TimerEvent: {}
[772.225537] (-) TimerEvent: {}
[772.326697] (-) TimerEvent: {}
[772.428885] (-) TimerEvent: {}
[772.529957] (-) TimerEvent: {}
[772.630993] (-) TimerEvent: {}
[772.732129] (-) TimerEvent: {}
[772.833270] (-) TimerEvent: {}
[772.935422] (-) TimerEvent: {}
[773.036572] (-) TimerEvent: {}
[773.137565] (-) TimerEvent: {}
[773.238670] (-) TimerEvent: {}
[773.339777] (-) TimerEvent: {}
[773.440916] (-) TimerEvent: {}
[773.542087] (-) TimerEvent: {}
[773.643255] (-) TimerEvent: {}
[773.744383] (-) TimerEvent: {}
[773.845406] (-) TimerEvent: {}
[773.946588] (-) TimerEvent: {}
[774.047684] (-) TimerEvent: {}
[774.148899] (-) TimerEvent: {}
[774.249958] (-) TimerEvent: {}
[774.351046] (-) TimerEvent: {}
[774.452106] (-) TimerEvent: {}
[774.553453] (-) TimerEvent: {}
[774.654584] (-) TimerEvent: {}
[774.755711] (-) TimerEvent: {}
[774.857074] (-) TimerEvent: {}
[774.958139] (-) TimerEvent: {}
[775.060479] (-) TimerEvent: {}
[775.161544] (-) TimerEvent: {}
[775.263844] (-) TimerEvent: {}
[775.365042] (-) TimerEvent: {}
[775.466189] (-) TimerEvent: {}
[775.567245] (-) TimerEvent: {}
[775.668376] (-) TimerEvent: {}
[775.769588] (-) TimerEvent: {}
[775.870688] (-) TimerEvent: {}
[775.972622] (-) TimerEvent: {}
[776.073683] (-) TimerEvent: {}
[776.174766] (-) TimerEvent: {}
[776.275935] (-) TimerEvent: {}
[776.377158] (-) TimerEvent: {}
[776.479285] (-) TimerEvent: {}
[776.580457] (-) TimerEvent: {}
[776.681563] (-) TimerEvent: {}
[776.783553] (-) TimerEvent: {}
[776.884729] (-) TimerEvent: {}
[776.985867] (-) TimerEvent: {}
[777.087028] (-) TimerEvent: {}
[777.188056] (-) TimerEvent: {}
[777.289214] (-) TimerEvent: {}
[777.390544] (-) TimerEvent: {}
[777.491668] (-) TimerEvent: {}
[777.592863] (-) TimerEvent: {}
[777.693946] (-) TimerEvent: {}
[777.795080] (-) TimerEvent: {}
[777.896208] (-) TimerEvent: {}
[777.997353] (-) TimerEvent: {}
[778.098561] (-) TimerEvent: {}
[778.199782] (-) TimerEvent: {}
[778.301021] (-) TimerEvent: {}
[778.402109] (-) TimerEvent: {}
[778.503194] (-) TimerEvent: {}
[778.604331] (-) TimerEvent: {}
[778.705351] (-) TimerEvent: {}
[778.806423] (-) TimerEvent: {}
[778.907468] (-) TimerEvent: {}
[779.008551] (-) TimerEvent: {}
[779.109620] (-) TimerEvent: {}
[779.210827] (-) TimerEvent: {}
[779.311880] (-) TimerEvent: {}
[779.413047] (-) TimerEvent: {}
[779.514441] (-) TimerEvent: {}
[779.615501] (-) TimerEvent: {}
[779.716638] (-) TimerEvent: {}
[779.817768] (-) TimerEvent: {}
[779.918865] (-) TimerEvent: {}
[780.019945] (-) TimerEvent: {}
[780.121062] (-) TimerEvent: {}
[780.222225] (-) TimerEvent: {}
[780.323312] (-) TimerEvent: {}
[780.424460] (-) TimerEvent: {}
[780.525584] (-) TimerEvent: {}
[780.626671] (-) TimerEvent: {}
[780.727878] (-) TimerEvent: {}
[780.829043] (-) TimerEvent: {}
[780.930199] (-) TimerEvent: {}
[781.031301] (-) TimerEvent: {}
[781.132433] (-) TimerEvent: {}
[781.233505] (-) TimerEvent: {}
[781.335244] (-) TimerEvent: {}
[781.436427] (-) TimerEvent: {}
[781.537438] (-) TimerEvent: {}
[781.638515] (-) TimerEvent: {}
[781.739728] (-) TimerEvent: {}
[781.840911] (-) TimerEvent: {}
[781.941898] (-) TimerEvent: {}
[782.042860] (-) TimerEvent: {}
[782.143868] (-) TimerEvent: {}
[782.245073] (-) TimerEvent: {}
[782.346197] (-) TimerEvent: {}
[782.447294] (-) TimerEvent: {}
[782.548566] (-) TimerEvent: {}
[782.649726] (-) TimerEvent: {}
[782.750871] (-) TimerEvent: {}
[782.852218] (-) TimerEvent: {}
[782.953500] (-) TimerEvent: {}
[783.054681] (-) TimerEvent: {}
[783.156084] (-) TimerEvent: {}
[783.257282] (-) TimerEvent: {}
[783.358379] (-) TimerEvent: {}
[783.459508] (-) TimerEvent: {}
[783.560778] (-) TimerEvent: {}
[783.662880] (-) TimerEvent: {}
[783.763927] (-) TimerEvent: {}
[783.865115] (-) TimerEvent: {}
[783.966124] (-) TimerEvent: {}
[784.067734] (-) TimerEvent: {}
[784.169087] (-) TimerEvent: {}
[784.270129] (-) TimerEvent: {}
[784.371253] (-) TimerEvent: {}
[784.472384] (-) TimerEvent: {}
[784.573471] (-) TimerEvent: {}
[784.674552] (-) TimerEvent: {}
[784.775559] (-) TimerEvent: {}
[784.876655] (-) TimerEvent: {}
[784.977743] (-) TimerEvent: {}
[785.078850] (-) TimerEvent: {}
[785.179950] (-) TimerEvent: {}
[785.281131] (-) TimerEvent: {}
[785.382270] (-) TimerEvent: {}
[785.483489] (-) TimerEvent: {}
[785.584551] (-) TimerEvent: {}
[785.685604] (-) TimerEvent: {}
[785.786739] (-) TimerEvent: {}
[785.887877] (-) TimerEvent: {}
[785.989156] (-) TimerEvent: {}
[786.090278] (-) TimerEvent: {}
[786.191388] (-) TimerEvent: {}
[786.293840] (-) TimerEvent: {}
[786.395019] (-) TimerEvent: {}
[786.496547] (-) TimerEvent: {}
[786.597780] (-) TimerEvent: {}
[786.699123] (-) TimerEvent: {}
[786.800455] (-) TimerEvent: {}
[786.901708] (-) TimerEvent: {}
[787.002853] (-) TimerEvent: {}
[787.104078] (-) TimerEvent: {}
[787.205471] (-) TimerEvent: {}
[787.306685] (-) TimerEvent: {}
[787.407976] (-) TimerEvent: {}
[787.509276] (-) TimerEvent: {}
[787.610491] (-) TimerEvent: {}
[787.711717] (-) TimerEvent: {}
[787.812970] (-) TimerEvent: {}
[787.914321] (-) TimerEvent: {}
[788.015560] (-) TimerEvent: {}
[788.116782] (-) TimerEvent: {}
[788.217852] (-) TimerEvent: {}
[788.318960] (-) TimerEvent: {}
[788.420182] (-) TimerEvent: {}
[788.521408] (-) TimerEvent: {}
[788.622551] (-) TimerEvent: {}
[788.723735] (-) TimerEvent: {}
[788.824926] (-) TimerEvent: {}
[788.926116] (-) TimerEvent: {}
[789.027245] (-) TimerEvent: {}
[789.128437] (-) TimerEvent: {}
[789.229498] (-) TimerEvent: {}
[789.330564] (-) TimerEvent: {}
[789.431637] (-) TimerEvent: {}
[789.532814] (-) TimerEvent: {}
[789.633919] (-) TimerEvent: {}
[789.735079] (-) TimerEvent: {}
[789.836292] (-) TimerEvent: {}
[789.937286] (-) TimerEvent: {}
[790.038435] (-) TimerEvent: {}
[790.139478] (-) TimerEvent: {}
[790.240633] (-) TimerEvent: {}
[790.341712] (-) TimerEvent: {}
[790.442970] (-) TimerEvent: {}
[790.545481] (-) TimerEvent: {}
[790.646714] (-) TimerEvent: {}
[790.748038] (-) TimerEvent: {}
[790.849183] (-) TimerEvent: {}
[790.950348] (-) TimerEvent: {}
[791.052557] (-) TimerEvent: {}
[791.153726] (-) TimerEvent: {}
[791.254725] (-) TimerEvent: {}
[791.355768] (-) TimerEvent: {}
[791.456874] (-) TimerEvent: {}
[791.558020] (-) TimerEvent: {}
[791.659182] (-) TimerEvent: {}
[791.760618] (-) TimerEvent: {}
[791.861894] (-) TimerEvent: {}
[791.965300] (-) TimerEvent: {}
[792.066618] (-) TimerEvent: {}
[792.169005] (-) TimerEvent: {}
[792.270148] (-) TimerEvent: {}
[792.371445] (-) TimerEvent: {}
[792.472586] (-) TimerEvent: {}
[792.573727] (-) TimerEvent: {}
[792.674978] (-) TimerEvent: {}
[792.776161] (-) TimerEvent: {}
[792.877444] (-) TimerEvent: {}
[792.978621] (-) TimerEvent: {}
[793.079973] (-) TimerEvent: {}
[793.181358] (-) TimerEvent: {}
[793.282541] (-) TimerEvent: {}
[793.385044] (-) TimerEvent: {}
[793.486409] (-) TimerEvent: {}
[793.587674] (-) TimerEvent: {}
[793.688984] (-) TimerEvent: {}
[793.790243] (-) TimerEvent: {}
[793.891627] (-) TimerEvent: {}
[793.992978] (-) TimerEvent: {}
[794.094293] (-) TimerEvent: {}
[794.195564] (-) TimerEvent: {}
[794.296974] (-) TimerEvent: {}
[794.398133] (-) TimerEvent: {}
[794.499471] (-) TimerEvent: {}
[794.600894] (-) TimerEvent: {}
[794.702309] (-) TimerEvent: {}
[794.803582] (-) TimerEvent: {}
[794.905051] (-) TimerEvent: {}
[795.006306] (-) TimerEvent: {}
[795.107558] (-) TimerEvent: {}
[795.208938] (-) TimerEvent: {}
[795.310198] (-) TimerEvent: {}
[795.411603] (-) TimerEvent: {}
[795.513028] (-) TimerEvent: {}
[795.614332] (-) TimerEvent: {}
[795.715640] (-) TimerEvent: {}
[795.816936] (-) TimerEvent: {}
[795.918049] (-) TimerEvent: {}
[796.019263] (-) TimerEvent: {}
[796.120594] (-) TimerEvent: {}
[796.221860] (-) TimerEvent: {}
[796.323161] (-) TimerEvent: {}
[796.424611] (-) TimerEvent: {}
[796.526013] (-) TimerEvent: {}
[796.627177] (-) TimerEvent: {}
[796.728410] (-) TimerEvent: {}
[796.829681] (-) TimerEvent: {}
[796.931058] (-) TimerEvent: {}
[797.032431] (-) TimerEvent: {}
[797.133669] (-) TimerEvent: {}
[797.234842] (-) TimerEvent: {}
[797.336146] (-) TimerEvent: {}
[797.437487] (-) TimerEvent: {}
[797.538720] (-) TimerEvent: {}
[797.639910] (-) TimerEvent: {}
[797.741236] (-) TimerEvent: {}
[797.842520] (-) TimerEvent: {}
[797.943711] (-) TimerEvent: {}
[798.045349] (-) TimerEvent: {}
[798.146666] (-) TimerEvent: {}
[798.247971] (-) TimerEvent: {}
[798.349249] (-) TimerEvent: {}
[798.450477] (-) TimerEvent: {}
[798.551717] (-) TimerEvent: {}
[798.652893] (-) TimerEvent: {}
[798.754117] (-) TimerEvent: {}
[798.855301] (-) TimerEvent: {}
[798.956573] (-) TimerEvent: {}
[799.057876] (-) TimerEvent: {}
[799.159018] (-) TimerEvent: {}
[799.260117] (-) TimerEvent: {}
[799.361264] (-) TimerEvent: {}
[799.462369] (-) TimerEvent: {}
[799.563474] (-) TimerEvent: {}
[799.664599] (-) TimerEvent: {}
[799.765686] (-) TimerEvent: {}
[799.866804] (-) TimerEvent: {}
[799.967909] (-) TimerEvent: {}
[800.069033] (-) TimerEvent: {}
[800.170135] (-) TimerEvent: {}
[800.271484] (-) TimerEvent: {}
[800.372705] (-) TimerEvent: {}
[800.473839] (-) TimerEvent: {}
[800.575105] (-) TimerEvent: {}
[800.676352] (-) TimerEvent: {}
[800.777425] (-) TimerEvent: {}
[800.878558] (-) TimerEvent: {}
[800.979670] (-) TimerEvent: {}
[801.081039] (-) TimerEvent: {}
[801.182112] (-) TimerEvent: {}
[801.283191] (-) TimerEvent: {}
[801.384473] (-) TimerEvent: {}
[801.485680] (-) TimerEvent: {}
[801.586938] (-) TimerEvent: {}
[801.688292] (-) TimerEvent: {}
[801.789515] (-) TimerEvent: {}
[801.890785] (-) TimerEvent: {}
[801.992061] (-) TimerEvent: {}
[802.093268] (-) TimerEvent: {}
[802.194541] (-) TimerEvent: {}
[802.295700] (-) TimerEvent: {}
[802.396870] (-) TimerEvent: {}
[802.498138] (-) TimerEvent: {}
[802.600556] (-) TimerEvent: {}
[802.702959] (-) TimerEvent: {}
[802.804183] (-) TimerEvent: {}
[802.905513] (-) TimerEvent: {}
[803.006691] (-) TimerEvent: {}
[803.107943] (-) TimerEvent: {}
[803.209263] (-) TimerEvent: {}
[803.310373] (-) TimerEvent: {}
[803.411447] (-) TimerEvent: {}
[803.512555] (-) TimerEvent: {}
[803.613772] (-) TimerEvent: {}
[803.715058] (-) TimerEvent: {}
[803.816437] (-) TimerEvent: {}
[803.917659] (-) TimerEvent: {}
[804.018879] (-) TimerEvent: {}
[804.120046] (-) TimerEvent: {}
[804.221229] (-) TimerEvent: {}
[804.322460] (-) TimerEvent: {}
[804.423679] (-) TimerEvent: {}
[804.524919] (-) TimerEvent: {}
[804.626166] (-) TimerEvent: {}
[804.727440] (-) TimerEvent: {}
[804.828719] (-) TimerEvent: {}
[804.929944] (-) TimerEvent: {}
[805.031159] (-) TimerEvent: {}
[805.132544] (-) TimerEvent: {}
[805.233760] (-) TimerEvent: {}
[805.335077] (-) TimerEvent: {}
[805.436173] (-) TimerEvent: {}
[805.537401] (-) TimerEvent: {}
[805.638594] (-) TimerEvent: {}
[805.739820] (-) TimerEvent: {}
[805.841147] (-) TimerEvent: {}
[805.942334] (-) TimerEvent: {}
[806.043616] (-) TimerEvent: {}
[806.144926] (-) TimerEvent: {}
[806.246132] (-) TimerEvent: {}
[806.347233] (-) TimerEvent: {}
[806.448441] (-) TimerEvent: {}
[806.549618] (-) TimerEvent: {}
[806.650803] (-) TimerEvent: {}
[806.753115] (-) TimerEvent: {}
[806.854216] (-) TimerEvent: {}
[806.955281] (-) TimerEvent: {}
[807.056487] (-) TimerEvent: {}
[807.148811] (gazebo_plugins) StdoutLine: {'line': b'[  8%] \x1b[32m\x1b[1mLinking CXX shared library libgazebo_ros_template.so\x1b[0m\n'}
[807.156786] (-) TimerEvent: {}
[807.258010] (-) TimerEvent: {}
[807.359192] (-) TimerEvent: {}
[807.460535] (-) TimerEvent: {}
[807.561710] (-) TimerEvent: {}
[807.662954] (-) TimerEvent: {}
[807.764337] (-) TimerEvent: {}
[807.865654] (-) TimerEvent: {}
[807.966902] (-) TimerEvent: {}
[808.068897] (-) TimerEvent: {}
[808.171179] (-) TimerEvent: {}
[808.272292] (-) TimerEvent: {}
[808.373451] (-) TimerEvent: {}
[808.474588] (-) TimerEvent: {}
[808.576019] (-) TimerEvent: {}
[808.677402] (-) TimerEvent: {}
[808.778645] (-) TimerEvent: {}
[808.879877] (-) TimerEvent: {}
[808.984359] (-) TimerEvent: {}
[809.085432] (-) TimerEvent: {}
[809.094176] (gazebo_plugins) StdoutLine: {'line': b'[  8%] Built target gazebo_ros_template\n'}
[809.185749] (-) TimerEvent: {}
[809.239772] (gazebo_plugins) StdoutLine: {'line': b'[  9%] \x1b[32mBuilding CXX object CMakeFiles/gazebo_ros_gps_sensor.dir/src/gazebo_ros_gps_sensor.cpp.o\x1b[0m\n'}
[809.286071] (-) TimerEvent: {}
[809.387374] (-) TimerEvent: {}
[809.488737] (-) TimerEvent: {}
[809.589945] (-) TimerEvent: {}
[809.691098] (-) TimerEvent: {}
[809.792467] (-) TimerEvent: {}
[809.893648] (-) TimerEvent: {}
[809.994937] (-) TimerEvent: {}
[810.096954] (-) TimerEvent: {}
[810.198160] (-) TimerEvent: {}
[810.299337] (-) TimerEvent: {}
[810.400591] (-) TimerEvent: {}
[810.501783] (-) TimerEvent: {}
[810.603000] (-) TimerEvent: {}
[810.704976] (-) TimerEvent: {}
[810.806114] (-) TimerEvent: {}
[810.907250] (-) TimerEvent: {}
[811.008427] (-) TimerEvent: {}
[811.109524] (-) TimerEvent: {}
[811.210593] (-) TimerEvent: {}
[811.311802] (-) TimerEvent: {}
[811.413040] (-) TimerEvent: {}
[811.514191] (-) TimerEvent: {}
[811.615285] (-) TimerEvent: {}
[811.716435] (-) TimerEvent: {}
[811.817479] (-) TimerEvent: {}
[811.918649] (-) TimerEvent: {}
[812.019771] (-) TimerEvent: {}
[812.121022] (-) TimerEvent: {}
[812.222098] (-) TimerEvent: {}
[812.323213] (-) TimerEvent: {}
[812.424510] (-) TimerEvent: {}
[812.525722] (-) TimerEvent: {}
[812.626787] (-) TimerEvent: {}
[812.727824] (-) TimerEvent: {}
[812.828979] (-) TimerEvent: {}
[812.930153] (-) TimerEvent: {}
[813.031350] (-) TimerEvent: {}
[813.132614] (-) TimerEvent: {}
[813.233651] (-) TimerEvent: {}
[813.334679] (-) TimerEvent: {}
[813.435709] (-) TimerEvent: {}
[813.536803] (-) TimerEvent: {}
[813.637923] (-) TimerEvent: {}
[813.739093] (-) TimerEvent: {}
[813.840205] (-) TimerEvent: {}
[813.941446] (-) TimerEvent: {}
[814.042645] (-) TimerEvent: {}
[814.143820] (-) TimerEvent: {}
[814.245112] (-) TimerEvent: {}
[814.346243] (-) TimerEvent: {}
[814.447289] (-) TimerEvent: {}
[814.548483] (-) TimerEvent: {}
[814.649529] (-) TimerEvent: {}
[814.750611] (-) TimerEvent: {}
[814.851740] (-) TimerEvent: {}
[814.953079] (-) TimerEvent: {}
[815.054361] (-) TimerEvent: {}
[815.155514] (-) TimerEvent: {}
[815.256923] (-) TimerEvent: {}
[815.358123] (-) TimerEvent: {}
[815.459378] (-) TimerEvent: {}
[815.505634] (gazebo_plugins) StdoutLine: {'line': b'[ 10%] \x1b[32m\x1b[1mLinking CXX shared library libgazebo_ros_joint_state_publisher.so\x1b[0m\n'}
[815.559679] (-) TimerEvent: {}
[815.660957] (-) TimerEvent: {}
[815.762087] (-) TimerEvent: {}
[815.863251] (-) TimerEvent: {}
[815.964549] (-) TimerEvent: {}
[816.065774] (-) TimerEvent: {}
[816.166995] (-) TimerEvent: {}
[816.268400] (-) TimerEvent: {}
[816.369426] (-) TimerEvent: {}
[816.470453] (-) TimerEvent: {}
[816.571662] (-) TimerEvent: {}
[816.672937] (-) TimerEvent: {}
[816.774217] (-) TimerEvent: {}
[816.875532] (-) TimerEvent: {}
[816.976923] (-) TimerEvent: {}
[817.078099] (-) TimerEvent: {}
[817.179489] (-) TimerEvent: {}
[817.281301] (-) TimerEvent: {}
[817.382538] (-) TimerEvent: {}
[817.483732] (-) TimerEvent: {}
[817.584950] (-) TimerEvent: {}
[817.686119] (-) TimerEvent: {}
[817.787311] (-) TimerEvent: {}
[817.888539] (-) TimerEvent: {}
[817.989646] (-) TimerEvent: {}
[818.090759] (-) TimerEvent: {}
[818.158736] (gazebo_plugins) StdoutLine: {'line': b'[ 10%] Built target gazebo_ros_joint_state_publisher\n'}
[818.191068] (-) TimerEvent: {}
[818.292295] (-) TimerEvent: {}
[818.393449] (-) TimerEvent: {}
[818.494518] (-) TimerEvent: {}
[818.595758] (-) TimerEvent: {}
[818.697128] (-) TimerEvent: {}
[818.798349] (-) TimerEvent: {}
[818.899647] (-) TimerEvent: {}
[819.000924] (-) TimerEvent: {}
[819.102125] (-) TimerEvent: {}
[819.203293] (-) TimerEvent: {}
[819.304531] (-) TimerEvent: {}
[819.405679] (-) TimerEvent: {}
[819.507494] (-) TimerEvent: {}
[819.608682] (-) TimerEvent: {}
[819.713104] (-) TimerEvent: {}
[819.776818] (gazebo_plugins) StdoutLine: {'line': b'[ 11%] \x1b[32m\x1b[1mLinking CXX shared library libgazebo_ros_imu_sensor.so\x1b[0m\n'}
[819.813349] (-) TimerEvent: {}
[819.921366] (-) TimerEvent: {}
[820.023140] (-) TimerEvent: {}
[820.129840] (-) TimerEvent: {}
[820.236097] (-) TimerEvent: {}
[820.337940] (-) TimerEvent: {}
[820.447128] (-) TimerEvent: {}
[820.553822] (-) TimerEvent: {}
[820.660484] (-) TimerEvent: {}
[820.767986] (-) TimerEvent: {}
[820.875390] (-) TimerEvent: {}
[820.982080] (-) TimerEvent: {}
[821.087020] (-) TimerEvent: {}
[821.192809] (-) TimerEvent: {}
[821.300115] (-) TimerEvent: {}
[821.407191] (-) TimerEvent: {}
[821.514823] (-) TimerEvent: {}
[821.622092] (-) TimerEvent: {}
[821.728183] (-) TimerEvent: {}
[821.833158] (-) TimerEvent: {}
[821.939508] (-) TimerEvent: {}
[822.045400] (-) TimerEvent: {}
[822.153555] (-) TimerEvent: {}
[822.165135] (gazebo_plugins) StdoutLine: {'line': b'[ 11%] Built target gazebo_ros_imu_sensor\n'}
[822.253882] (-) TimerEvent: {}
[822.360005] (-) TimerEvent: {}
[822.461392] (-) TimerEvent: {}
[822.564591] (-) TimerEvent: {}
[822.665699] (-) TimerEvent: {}
[822.766938] (-) TimerEvent: {}
[822.868823] (-) TimerEvent: {}
[822.969939] (-) TimerEvent: {}
[823.072050] (-) TimerEvent: {}
[823.173510] (-) TimerEvent: {}
[823.275191] (-) TimerEvent: {}
[823.376549] (-) TimerEvent: {}
[823.477587] (-) TimerEvent: {}
[823.578806] (-) TimerEvent: {}
[823.680370] (-) TimerEvent: {}
[823.781455] (-) TimerEvent: {}
[823.882531] (-) TimerEvent: {}
[823.983532] (-) TimerEvent: {}
[824.084842] (-) TimerEvent: {}
[824.185979] (-) TimerEvent: {}
[824.287156] (-) TimerEvent: {}
[824.388370] (-) TimerEvent: {}
[824.489525] (-) TimerEvent: {}
[824.590723] (-) TimerEvent: {}
[824.691901] (-) TimerEvent: {}
[824.793282] (-) TimerEvent: {}
[824.894660] (-) TimerEvent: {}
[824.996193] (-) TimerEvent: {}
[825.097620] (-) TimerEvent: {}
[825.199058] (-) TimerEvent: {}
[825.239723] (gazebo_plugins) StdoutLine: {'line': b'[ 12%] \x1b[32m\x1b[1mLinking CXX shared library libmulti_camera_plugin.so\x1b[0m\n'}
[825.299367] (-) TimerEvent: {}
[825.400937] (-) TimerEvent: {}
[825.502235] (-) TimerEvent: {}
[825.603874] (-) TimerEvent: {}
[825.706084] (-) TimerEvent: {}
[825.807743] (-) TimerEvent: {}
[825.909349] (-) TimerEvent: {}
[826.010490] (-) TimerEvent: {}
[826.111787] (-) TimerEvent: {}
[826.213383] (-) TimerEvent: {}
[826.315934] (-) TimerEvent: {}
[826.417403] (-) TimerEvent: {}
[826.425173] (gazebo_plugins) StdoutLine: {'line': b'[ 12%] Built target multi_camera_plugin\n'}
[826.517697] (-) TimerEvent: {}
[826.619095] (-) TimerEvent: {}
[826.720422] (-) TimerEvent: {}
[826.821633] (-) TimerEvent: {}
[826.923015] (-) TimerEvent: {}
[827.024390] (-) TimerEvent: {}
[827.125566] (-) TimerEvent: {}
[827.226877] (-) TimerEvent: {}
[827.327831] (-) TimerEvent: {}
[827.428961] (-) TimerEvent: {}
[827.530178] (-) TimerEvent: {}
[827.631450] (-) TimerEvent: {}
[827.732945] (-) TimerEvent: {}
[827.834166] (-) TimerEvent: {}
[827.935210] (-) TimerEvent: {}
[828.036548] (-) TimerEvent: {}
[828.138261] (-) TimerEvent: {}
[828.239443] (-) TimerEvent: {}
[828.340732] (-) TimerEvent: {}
[828.441903] (-) TimerEvent: {}
[828.542831] (-) TimerEvent: {}
[828.567156] (gazebo_plugins) StdoutLine: {'line': b'[ 13%] \x1b[32mBuilding CXX object CMakeFiles/gazebo_ros_tricycle_drive.dir/src/gazebo_ros_tricycle_drive.cpp.o\x1b[0m\n'}
[828.643142] (-) TimerEvent: {}
[828.745457] (-) TimerEvent: {}
[828.848549] (-) TimerEvent: {}
[828.954707] (-) TimerEvent: {}
[829.055669] (-) TimerEvent: {}
[829.156898] (-) TimerEvent: {}
[829.258071] (-) TimerEvent: {}
[829.359185] (-) TimerEvent: {}
[829.460158] (-) TimerEvent: {}
[829.561387] (-) TimerEvent: {}
[829.663552] (-) TimerEvent: {}
[829.764591] (-) TimerEvent: {}
[829.865724] (-) TimerEvent: {}
[829.966814] (-) TimerEvent: {}
[830.067839] (-) TimerEvent: {}
[830.168853] (-) TimerEvent: {}
[830.269837] (-) TimerEvent: {}
[830.370908] (-) TimerEvent: {}
[830.472026] (-) TimerEvent: {}
[830.573146] (-) TimerEvent: {}
[830.656488] (gazebo_plugins) StdoutLine: {'line': b'[ 15%] \x1b[32mBuilding CXX object CMakeFiles/gazebo_ros_p3d.dir/src/gazebo_ros_p3d.cpp.o\x1b[0m\n'}
[830.673448] (-) TimerEvent: {}
[830.774964] (-) TimerEvent: {}
[830.875991] (-) TimerEvent: {}
[830.977073] (-) TimerEvent: {}
[831.078162] (-) TimerEvent: {}
[831.179200] (-) TimerEvent: {}
[831.280441] (-) TimerEvent: {}
[831.381434] (-) TimerEvent: {}
[831.482593] (-) TimerEvent: {}
[831.583680] (-) TimerEvent: {}
[831.684754] (-) TimerEvent: {}
[831.785832] (-) TimerEvent: {}
[831.887193] (-) TimerEvent: {}
[831.988352] (-) TimerEvent: {}
[832.090318] (-) TimerEvent: {}
[832.191328] (-) TimerEvent: {}
[832.292497] (-) TimerEvent: {}
[832.393698] (-) TimerEvent: {}
[832.495338] (-) TimerEvent: {}
[832.596533] (-) TimerEvent: {}
[832.697761] (-) TimerEvent: {}
[832.786497] (gazebo_plugins) StdoutLine: {'line': b'[ 16%] \x1b[32mBuilding CXX object CMakeFiles/gazebo_ros_ray_sensor.dir/src/gazebo_ros_ray_sensor.cpp.o\x1b[0m\n'}
[832.798052] (-) TimerEvent: {}
[832.899100] (-) TimerEvent: {}
[833.000183] (-) TimerEvent: {}
[833.101333] (-) TimerEvent: {}
[833.202466] (-) TimerEvent: {}
[833.303657] (-) TimerEvent: {}
[833.404778] (-) TimerEvent: {}
[833.505863] (-) TimerEvent: {}
[833.604582] (gazebo_plugins) StdoutLine: {'line': b'[ 17%] \x1b[32m\x1b[1mLinking CXX shared library libgazebo_ros_force.so\x1b[0m\n'}
[833.606070] (-) TimerEvent: {}
[833.707124] (-) TimerEvent: {}
[833.808711] (-) TimerEvent: {}
[833.909922] (-) TimerEvent: {}
[834.011172] (-) TimerEvent: {}
[834.112414] (-) TimerEvent: {}
[834.213579] (-) TimerEvent: {}
[834.314732] (-) TimerEvent: {}
[834.416207] (-) TimerEvent: {}
[834.517502] (-) TimerEvent: {}
[834.618957] (-) TimerEvent: {}
[834.720507] (-) TimerEvent: {}
[834.821665] (-) TimerEvent: {}
[834.923145] (-) TimerEvent: {}
[835.025600] (-) TimerEvent: {}
[835.128944] (-) TimerEvent: {}
[835.230476] (-) TimerEvent: {}
[835.331590] (-) TimerEvent: {}
[835.435954] (-) TimerEvent: {}
[835.539522] (-) TimerEvent: {}
[835.640974] (-) TimerEvent: {}
[835.742444] (-) TimerEvent: {}
[835.845964] (-) TimerEvent: {}
[835.949476] (-) TimerEvent: {}
[836.055964] (-) TimerEvent: {}
[836.159528] (-) TimerEvent: {}
[836.261001] (-) TimerEvent: {}
[836.364541] (-) TimerEvent: {}
[836.468299] (-) TimerEvent: {}
[836.574614] (-) TimerEvent: {}
[836.675937] (-) TimerEvent: {}
[836.779475] (-) TimerEvent: {}
[836.883086] (-) TimerEvent: {}
[836.983548] (gazebo_plugins) StdoutLine: {'line': b'[ 17%] Built target gazebo_ros_force\n'}
[836.984955] (-) TimerEvent: {}
[837.086079] (-) TimerEvent: {}
[837.146589] (gazebo_plugins) StdoutLine: {'line': b'[ 18%] \x1b[32mBuilding CXX object CMakeFiles/gazebo_ros_video.dir/src/gazebo_ros_video.cpp.o\x1b[0m\n'}
[837.186368] (-) TimerEvent: {}
[837.287789] (-) TimerEvent: {}
[837.389216] (-) TimerEvent: {}
[837.492772] (-) TimerEvent: {}
[837.594674] (-) TimerEvent: {}
[837.696868] (-) TimerEvent: {}
[837.798310] (-) TimerEvent: {}
[837.899771] (-) TimerEvent: {}
[838.001191] (-) TimerEvent: {}
[838.102729] (-) TimerEvent: {}
[838.204202] (-) TimerEvent: {}
[838.305741] (-) TimerEvent: {}
[838.407049] (-) TimerEvent: {}
[838.508700] (-) TimerEvent: {}
[838.611854] (-) TimerEvent: {}
[838.713412] (-) TimerEvent: {}
[838.816059] (-) TimerEvent: {}
[838.917646] (-) TimerEvent: {}
[839.019182] (-) TimerEvent: {}
[839.120667] (-) TimerEvent: {}
[839.221819] (-) TimerEvent: {}
[839.323126] (-) TimerEvent: {}
[839.424503] (-) TimerEvent: {}
[839.525744] (-) TimerEvent: {}
[839.627205] (-) TimerEvent: {}
[839.728404] (-) TimerEvent: {}
[839.829582] (-) TimerEvent: {}
[839.930704] (-) TimerEvent: {}
[840.031947] (-) TimerEvent: {}
[840.133325] (-) TimerEvent: {}
[840.234564] (-) TimerEvent: {}
[840.335851] (-) TimerEvent: {}
[840.437080] (-) TimerEvent: {}
[840.538258] (-) TimerEvent: {}
[840.639411] (-) TimerEvent: {}
[840.740706] (-) TimerEvent: {}
[840.841998] (-) TimerEvent: {}
[840.943520] (-) TimerEvent: {}
[841.044824] (-) TimerEvent: {}
[841.146097] (-) TimerEvent: {}
[841.248087] (-) TimerEvent: {}
[841.351102] (-) TimerEvent: {}
[841.452398] (-) TimerEvent: {}
[841.553377] (-) TimerEvent: {}
[841.654467] (-) TimerEvent: {}
[841.755655] (-) TimerEvent: {}
[841.856998] (-) TimerEvent: {}
[841.958196] (-) TimerEvent: {}
[842.059524] (-) TimerEvent: {}
[842.160723] (-) TimerEvent: {}
[842.261840] (-) TimerEvent: {}
[842.363093] (-) TimerEvent: {}
[842.464525] (-) TimerEvent: {}
[842.565727] (-) TimerEvent: {}
[842.666955] (-) TimerEvent: {}
[842.768429] (-) TimerEvent: {}
[842.869808] (-) TimerEvent: {}
[842.971200] (-) TimerEvent: {}
[843.073186] (-) TimerEvent: {}
[843.174651] (-) TimerEvent: {}
[843.276145] (-) TimerEvent: {}
[843.378376] (-) TimerEvent: {}
[843.480207] (-) TimerEvent: {}
[843.581418] (-) TimerEvent: {}
[843.682732] (-) TimerEvent: {}
[843.783981] (-) TimerEvent: {}
[843.885293] (-) TimerEvent: {}
[843.986495] (-) TimerEvent: {}
[844.087587] (-) TimerEvent: {}
[844.188767] (-) TimerEvent: {}
[844.289835] (-) TimerEvent: {}
[844.391024] (-) TimerEvent: {}
[844.492336] (-) TimerEvent: {}
[844.593495] (-) TimerEvent: {}
[844.694588] (-) TimerEvent: {}
[844.795762] (-) TimerEvent: {}
[844.897010] (-) TimerEvent: {}
[844.998194] (-) TimerEvent: {}
[845.042303] (gazebo_plugins) StdoutLine: {'line': b'[ 19%] \x1b[32m\x1b[1mLinking CXX shared library libgazebo_ros_diff_drive.so\x1b[0m\n'}
[845.098468] (-) TimerEvent: {}
[845.199618] (-) TimerEvent: {}
[845.300860] (-) TimerEvent: {}
[845.402525] (-) TimerEvent: {}
[845.503698] (-) TimerEvent: {}
[845.605096] (-) TimerEvent: {}
[845.706148] (-) TimerEvent: {}
[845.807232] (-) TimerEvent: {}
[845.908508] (-) TimerEvent: {}
[846.009768] (-) TimerEvent: {}
[846.110865] (-) TimerEvent: {}
[846.212008] (-) TimerEvent: {}
[846.313342] (-) TimerEvent: {}
[846.414563] (-) TimerEvent: {}
[846.515813] (-) TimerEvent: {}
[846.617209] (-) TimerEvent: {}
[846.718533] (-) TimerEvent: {}
[846.820038] (-) TimerEvent: {}
[846.921298] (-) TimerEvent: {}
[847.022548] (-) TimerEvent: {}
[847.123807] (-) TimerEvent: {}
[847.225249] (-) TimerEvent: {}
[847.326465] (-) TimerEvent: {}
[847.429734] (-) TimerEvent: {}
[847.530963] (-) TimerEvent: {}
[847.632182] (-) TimerEvent: {}
[847.734639] (-) TimerEvent: {}
[847.835783] (-) TimerEvent: {}
[847.937126] (-) TimerEvent: {}
[848.038226] (-) TimerEvent: {}
[848.139305] (-) TimerEvent: {}
[848.240648] (-) TimerEvent: {}
[848.341704] (-) TimerEvent: {}
[848.442795] (-) TimerEvent: {}
[848.543904] (-) TimerEvent: {}
[848.645183] (-) TimerEvent: {}
[848.746277] (-) TimerEvent: {}
[848.847416] (-) TimerEvent: {}
[848.948687] (-) TimerEvent: {}
[849.049760] (-) TimerEvent: {}
[849.150908] (-) TimerEvent: {}
[849.251926] (-) TimerEvent: {}
[849.353007] (-) TimerEvent: {}
[849.454147] (-) TimerEvent: {}
[849.555255] (-) TimerEvent: {}
[849.596362] (gazebo_plugins) StdoutLine: {'line': b'[ 19%] Built target gazebo_ros_diff_drive\n'}
[849.655588] (-) TimerEvent: {}
[849.735084] (gazebo_plugins) StdoutLine: {'line': b'[ 20%] \x1b[32mBuilding CXX object CMakeFiles/gazebo_ros_ft_sensor.dir/src/gazebo_ros_ft_sensor.cpp.o\x1b[0m\n'}
[849.755873] (-) TimerEvent: {}
[849.856943] (-) TimerEvent: {}
[849.958126] (-) TimerEvent: {}
[850.059429] (-) TimerEvent: {}
[850.160989] (-) TimerEvent: {}
[850.262326] (-) TimerEvent: {}
[850.363840] (-) TimerEvent: {}
[850.465614] (-) TimerEvent: {}
[850.566908] (-) TimerEvent: {}
[850.669131] (-) TimerEvent: {}
[850.772538] (-) TimerEvent: {}
[850.873923] (-) TimerEvent: {}
[850.974914] (-) TimerEvent: {}
[851.076762] (-) TimerEvent: {}
[851.177715] (-) TimerEvent: {}
[851.278708] (-) TimerEvent: {}
[851.379740] (-) TimerEvent: {}
[851.481967] (-) TimerEvent: {}
[851.582903] (-) TimerEvent: {}
[851.683818] (-) TimerEvent: {}
[851.784736] (-) TimerEvent: {}
[851.885626] (-) TimerEvent: {}
[851.986567] (-) TimerEvent: {}
[852.087456] (-) TimerEvent: {}
[852.188416] (-) TimerEvent: {}
[852.289337] (-) TimerEvent: {}
[852.390253] (-) TimerEvent: {}
[852.491905] (-) TimerEvent: {}
[852.592896] (-) TimerEvent: {}
[852.693830] (-) TimerEvent: {}
[852.794745] (-) TimerEvent: {}
[852.895641] (-) TimerEvent: {}
[852.996586] (-) TimerEvent: {}
[853.097813] (-) TimerEvent: {}
[853.198778] (-) TimerEvent: {}
[853.299757] (-) TimerEvent: {}
[853.400766] (-) TimerEvent: {}
[853.501690] (-) TimerEvent: {}
[853.602641] (-) TimerEvent: {}
[853.703630] (-) TimerEvent: {}
[853.804804] (-) TimerEvent: {}
[853.905877] (-) TimerEvent: {}
[854.006879] (-) TimerEvent: {}
[854.107786] (-) TimerEvent: {}
[854.208766] (-) TimerEvent: {}
[854.309733] (-) TimerEvent: {}
[854.410620] (-) TimerEvent: {}
[854.511604] (-) TimerEvent: {}
[854.612634] (-) TimerEvent: {}
[854.713550] (-) TimerEvent: {}
[854.814528] (-) TimerEvent: {}
[854.915459] (-) TimerEvent: {}
[855.016608] (-) TimerEvent: {}
[855.117758] (-) TimerEvent: {}
[855.218807] (-) TimerEvent: {}
[855.319765] (-) TimerEvent: {}
[855.420762] (-) TimerEvent: {}
[855.521683] (-) TimerEvent: {}
[855.622606] (-) TimerEvent: {}
[855.723602] (-) TimerEvent: {}
[855.824558] (-) TimerEvent: {}
[855.925442] (-) TimerEvent: {}
[856.026450] (-) TimerEvent: {}
[856.127350] (-) TimerEvent: {}
[856.228401] (-) TimerEvent: {}
[856.329300] (-) TimerEvent: {}
[856.430273] (-) TimerEvent: {}
[856.531209] (-) TimerEvent: {}
[856.632352] (-) TimerEvent: {}
[856.733273] (-) TimerEvent: {}
[856.834347] (-) TimerEvent: {}
[856.935242] (-) TimerEvent: {}
[857.036139] (-) TimerEvent: {}
[857.137188] (-) TimerEvent: {}
[857.238170] (-) TimerEvent: {}
[857.339150] (-) TimerEvent: {}
[857.440130] (-) TimerEvent: {}
[857.541673] (-) TimerEvent: {}
[857.642634] (-) TimerEvent: {}
[857.743611] (-) TimerEvent: {}
[857.844649] (-) TimerEvent: {}
[857.945641] (-) TimerEvent: {}
[858.046570] (-) TimerEvent: {}
[858.147616] (-) TimerEvent: {}
[858.249318] (-) TimerEvent: {}
[858.350345] (-) TimerEvent: {}
[858.451417] (-) TimerEvent: {}
[858.552450] (-) TimerEvent: {}
[858.653470] (-) TimerEvent: {}
[858.754442] (-) TimerEvent: {}
[858.855401] (-) TimerEvent: {}
[858.956585] (-) TimerEvent: {}
[859.057540] (-) TimerEvent: {}
[859.158509] (-) TimerEvent: {}
[859.259487] (-) TimerEvent: {}
[859.360532] (-) TimerEvent: {}
[859.462068] (-) TimerEvent: {}
[859.563026] (-) TimerEvent: {}
[859.664208] (-) TimerEvent: {}
[859.766864] (-) TimerEvent: {}
[859.867776] (-) TimerEvent: {}
[859.968787] (-) TimerEvent: {}
[860.069734] (-) TimerEvent: {}
[860.170745] (-) TimerEvent: {}
[860.271706] (-) TimerEvent: {}
[860.372808] (-) TimerEvent: {}
[860.474205] (-) TimerEvent: {}
[860.575650] (-) TimerEvent: {}
[860.676730] (-) TimerEvent: {}
[860.777709] (-) TimerEvent: {}
[860.878634] (-) TimerEvent: {}
[860.979856] (-) TimerEvent: {}
[861.081843] (-) TimerEvent: {}
[861.182847] (-) TimerEvent: {}
[861.283919] (-) TimerEvent: {}
[861.385153] (-) TimerEvent: {}
[861.486198] (-) TimerEvent: {}
[861.587254] (-) TimerEvent: {}
[861.688197] (-) TimerEvent: {}
[861.789689] (-) TimerEvent: {}
[861.890699] (-) TimerEvent: {}
[861.991654] (-) TimerEvent: {}
[862.092718] (-) TimerEvent: {}
[862.193708] (-) TimerEvent: {}
[862.294716] (-) TimerEvent: {}
[862.395686] (-) TimerEvent: {}
[862.496641] (-) TimerEvent: {}
[862.597617] (-) TimerEvent: {}
[862.698615] (-) TimerEvent: {}
[862.799656] (-) TimerEvent: {}
[862.900760] (-) TimerEvent: {}
[863.001819] (-) TimerEvent: {}
[863.102896] (-) TimerEvent: {}
[863.203842] (-) TimerEvent: {}
[863.304981] (-) TimerEvent: {}
[863.405891] (-) TimerEvent: {}
[863.506889] (-) TimerEvent: {}
[863.607909] (-) TimerEvent: {}
[863.709020] (-) TimerEvent: {}
[863.810138] (-) TimerEvent: {}
[863.911156] (-) TimerEvent: {}
[864.012292] (-) TimerEvent: {}
[864.113273] (-) TimerEvent: {}
[864.214274] (-) TimerEvent: {}
[864.315326] (-) TimerEvent: {}
[864.416333] (-) TimerEvent: {}
[864.517319] (-) TimerEvent: {}
[864.618411] (-) TimerEvent: {}
[864.719406] (-) TimerEvent: {}
[864.820542] (-) TimerEvent: {}
[864.921611] (-) TimerEvent: {}
[865.022697] (-) TimerEvent: {}
[865.123705] (-) TimerEvent: {}
[865.224821] (-) TimerEvent: {}
[865.325851] (-) TimerEvent: {}
[865.427069] (-) TimerEvent: {}
[865.528101] (-) TimerEvent: {}
[865.629273] (-) TimerEvent: {}
[865.730251] (-) TimerEvent: {}
[865.831355] (-) TimerEvent: {}
[865.932480] (-) TimerEvent: {}
[866.033616] (-) TimerEvent: {}
[866.134651] (-) TimerEvent: {}
[866.235624] (-) TimerEvent: {}
[866.336688] (-) TimerEvent: {}
[866.437769] (-) TimerEvent: {}
[866.538881] (-) TimerEvent: {}
[866.639936] (-) TimerEvent: {}
[866.741023] (-) TimerEvent: {}
[866.842073] (-) TimerEvent: {}
[866.945623] (-) TimerEvent: {}
[867.047730] (-) TimerEvent: {}
[867.148972] (-) TimerEvent: {}
[867.249965] (-) TimerEvent: {}
[867.351067] (-) TimerEvent: {}
[867.452114] (-) TimerEvent: {}
[867.553257] (-) TimerEvent: {}
[867.655433] (-) TimerEvent: {}
[867.756515] (-) TimerEvent: {}
[867.857613] (-) TimerEvent: {}
[867.959808] (-) TimerEvent: {}
[868.060993] (-) TimerEvent: {}
[868.162007] (-) TimerEvent: {}
[868.263003] (-) TimerEvent: {}
[868.364042] (-) TimerEvent: {}
[868.465174] (-) TimerEvent: {}
[868.566214] (-) TimerEvent: {}
[868.667247] (-) TimerEvent: {}
[868.769136] (-) TimerEvent: {}
[868.870172] (-) TimerEvent: {}
[868.971275] (-) TimerEvent: {}
[869.072313] (-) TimerEvent: {}
[869.173317] (-) TimerEvent: {}
[869.274336] (-) TimerEvent: {}
[869.375431] (-) TimerEvent: {}
[869.476957] (-) TimerEvent: {}
[869.578022] (-) TimerEvent: {}
[869.679092] (-) TimerEvent: {}
[869.780190] (-) TimerEvent: {}
[869.881252] (-) TimerEvent: {}
[869.982241] (-) TimerEvent: {}
[870.083716] (-) TimerEvent: {}
[870.184824] (-) TimerEvent: {}
[870.285854] (-) TimerEvent: {}
[870.386857] (-) TimerEvent: {}
[870.487807] (-) TimerEvent: {}
[870.588922] (-) TimerEvent: {}
[870.690357] (-) TimerEvent: {}
[870.791403] (-) TimerEvent: {}
[870.892639] (-) TimerEvent: {}
[870.993699] (-) TimerEvent: {}
[871.094670] (-) TimerEvent: {}
[871.195675] (-) TimerEvent: {}
[871.296801] (-) TimerEvent: {}
[871.397772] (-) TimerEvent: {}
[871.498824] (-) TimerEvent: {}
[871.600004] (-) TimerEvent: {}
[871.701156] (-) TimerEvent: {}
[871.802286] (-) TimerEvent: {}
[871.904195] (-) TimerEvent: {}
[872.005315] (-) TimerEvent: {}
[872.106322] (-) TimerEvent: {}
[872.207313] (-) TimerEvent: {}
[872.308788] (-) TimerEvent: {}
[872.409859] (-) TimerEvent: {}
[872.512014] (-) TimerEvent: {}
[872.613210] (-) TimerEvent: {}
[872.714248] (-) TimerEvent: {}
[872.815249] (-) TimerEvent: {}
[872.916972] (-) TimerEvent: {}
[873.017950] (-) TimerEvent: {}
[873.118946] (-) TimerEvent: {}
[873.220083] (-) TimerEvent: {}
[873.321210] (-) TimerEvent: {}
[873.422275] (-) TimerEvent: {}
[873.523322] (-) TimerEvent: {}
[873.624405] (-) TimerEvent: {}
[873.725873] (-) TimerEvent: {}
[873.826889] (-) TimerEvent: {}
[873.927893] (-) TimerEvent: {}
[874.029200] (-) TimerEvent: {}
[874.130202] (-) TimerEvent: {}
[874.231230] (-) TimerEvent: {}
[874.332407] (-) TimerEvent: {}
[874.433545] (-) TimerEvent: {}
[874.534570] (-) TimerEvent: {}
[874.635589] (-) TimerEvent: {}
[874.737299] (-) TimerEvent: {}
[874.838598] (-) TimerEvent: {}
[874.940075] (-) TimerEvent: {}
[875.041176] (-) TimerEvent: {}
[875.142199] (-) TimerEvent: {}
[875.243126] (-) TimerEvent: {}
[875.345278] (-) TimerEvent: {}
[875.446436] (-) TimerEvent: {}
[875.547994] (-) TimerEvent: {}
[875.649132] (-) TimerEvent: {}
[875.750204] (-) TimerEvent: {}
[875.851167] (-) TimerEvent: {}
[875.952159] (-) TimerEvent: {}
[876.053296] (-) TimerEvent: {}
[876.154357] (-) TimerEvent: {}
[876.255353] (-) TimerEvent: {}
[876.356547] (-) TimerEvent: {}
[876.457551] (-) TimerEvent: {}
[876.558621] (-) TimerEvent: {}
[876.659681] (-) TimerEvent: {}
[876.760705] (-) TimerEvent: {}
[876.861755] (-) TimerEvent: {}
[876.962832] (-) TimerEvent: {}
[877.063856] (-) TimerEvent: {}
[877.164964] (-) TimerEvent: {}
[877.267250] (-) TimerEvent: {}
[877.368554] (-) TimerEvent: {}
[877.469642] (-) TimerEvent: {}
[877.570613] (-) TimerEvent: {}
[877.671665] (-) TimerEvent: {}
[877.772851] (-) TimerEvent: {}
[877.873975] (-) TimerEvent: {}
[877.975033] (-) TimerEvent: {}
[878.076358] (-) TimerEvent: {}
[878.177393] (-) TimerEvent: {}
[878.278426] (-) TimerEvent: {}
[878.379549] (-) TimerEvent: {}
[878.480794] (-) TimerEvent: {}
[878.581916] (-) TimerEvent: {}
[878.683031] (-) TimerEvent: {}
[878.784097] (-) TimerEvent: {}
[878.885309] (-) TimerEvent: {}
[878.986375] (-) TimerEvent: {}
[879.087474] (-) TimerEvent: {}
[879.188696] (-) TimerEvent: {}
[879.289880] (-) TimerEvent: {}
[879.391031] (-) TimerEvent: {}
[879.492220] (-) TimerEvent: {}
[879.593589] (-) TimerEvent: {}
[879.695460] (-) TimerEvent: {}
[879.796544] (-) TimerEvent: {}
[879.897724] (-) TimerEvent: {}
[879.998770] (-) TimerEvent: {}
[880.099971] (-) TimerEvent: {}
[880.201207] (-) TimerEvent: {}
[880.302412] (-) TimerEvent: {}
[880.403626] (-) TimerEvent: {}
[880.504785] (-) TimerEvent: {}
[880.605881] (-) TimerEvent: {}
[880.707056] (-) TimerEvent: {}
[880.808317] (-) TimerEvent: {}
[880.909358] (-) TimerEvent: {}
[881.010463] (-) TimerEvent: {}
[881.111554] (-) TimerEvent: {}
[881.212742] (-) TimerEvent: {}
[881.313854] (-) TimerEvent: {}
[881.414991] (-) TimerEvent: {}
[881.517120] (-) TimerEvent: {}
[881.618429] (-) TimerEvent: {}
[881.722788] (-) TimerEvent: {}
[881.823963] (-) TimerEvent: {}
[881.925292] (-) TimerEvent: {}
[882.026387] (-) TimerEvent: {}
[882.127505] (-) TimerEvent: {}
[882.228618] (-) TimerEvent: {}
[882.329941] (-) TimerEvent: {}
[882.431067] (-) TimerEvent: {}
[882.532156] (-) TimerEvent: {}
[882.633337] (-) TimerEvent: {}
[882.734397] (-) TimerEvent: {}
[882.835606] (-) TimerEvent: {}
[882.936925] (-) TimerEvent: {}
[883.038000] (-) TimerEvent: {}
[883.139189] (-) TimerEvent: {}
[883.240562] (-) TimerEvent: {}
[883.341672] (-) TimerEvent: {}
[883.442982] (-) TimerEvent: {}
[883.544164] (-) TimerEvent: {}
[883.645573] (-) TimerEvent: {}
[883.746809] (-) TimerEvent: {}
[883.847949] (-) TimerEvent: {}
[883.949067] (-) TimerEvent: {}
[884.050200] (-) TimerEvent: {}
[884.151358] (-) TimerEvent: {}
[884.252512] (-) TimerEvent: {}
[884.353584] (-) TimerEvent: {}
[884.454673] (-) TimerEvent: {}
[884.555786] (-) TimerEvent: {}
[884.657026] (-) TimerEvent: {}
[884.757987] (-) TimerEvent: {}
[884.859080] (-) TimerEvent: {}
[884.960723] (-) TimerEvent: {}
[885.063209] (-) TimerEvent: {}
[885.164341] (-) TimerEvent: {}
[885.265557] (-) TimerEvent: {}
[885.366766] (-) TimerEvent: {}
[885.467990] (-) TimerEvent: {}
[885.569208] (-) TimerEvent: {}
[885.671444] (-) TimerEvent: {}
[885.772613] (-) TimerEvent: {}
[885.873717] (-) TimerEvent: {}
[885.974784] (-) TimerEvent: {}
[886.075925] (-) TimerEvent: {}
[886.177271] (-) TimerEvent: {}
[886.278390] (-) TimerEvent: {}
[886.379453] (-) TimerEvent: {}
[886.480614] (-) TimerEvent: {}
[886.581786] (-) TimerEvent: {}
[886.682994] (-) TimerEvent: {}
[886.784164] (-) TimerEvent: {}
[886.843911] (gazebo_plugins) StdoutLine: {'line': b'[ 22%] \x1b[32m\x1b[1mLinking CXX shared library libgazebo_ros_gps_sensor.so\x1b[0m\n'}
[886.884541] (-) TimerEvent: {}
[886.985626] (-) TimerEvent: {}
[887.086722] (-) TimerEvent: {}
[887.187836] (-) TimerEvent: {}
[887.288995] (-) TimerEvent: {}
[887.390091] (-) TimerEvent: {}
[887.491216] (-) TimerEvent: {}
[887.592471] (-) TimerEvent: {}
[887.694745] (-) TimerEvent: {}
[887.795897] (-) TimerEvent: {}
[887.897044] (-) TimerEvent: {}
[887.998266] (-) TimerEvent: {}
[888.103389] (-) TimerEvent: {}
[888.204631] (-) TimerEvent: {}
[888.305799] (-) TimerEvent: {}
[888.406990] (-) TimerEvent: {}
[888.508483] (-) TimerEvent: {}
[888.609760] (-) TimerEvent: {}
[888.710899] (-) TimerEvent: {}
[888.812044] (-) TimerEvent: {}
[888.913228] (-) TimerEvent: {}
[889.016304] (-) TimerEvent: {}
[889.118608] (-) TimerEvent: {}
[889.219755] (-) TimerEvent: {}
[889.321002] (-) TimerEvent: {}
[889.422182] (-) TimerEvent: {}
[889.523253] (-) TimerEvent: {}
[889.624401] (-) TimerEvent: {}
[889.649914] (gazebo_plugins) StdoutLine: {'line': b'[ 22%] Built target gazebo_ros_gps_sensor\n'}
[889.724662] (-) TimerEvent: {}
[889.825825] (-) TimerEvent: {}
[889.927050] (-) TimerEvent: {}
[890.028163] (-) TimerEvent: {}
[890.129477] (-) TimerEvent: {}
[890.230636] (-) TimerEvent: {}
[890.339563] (-) TimerEvent: {}
[890.440784] (-) TimerEvent: {}
[890.542043] (-) TimerEvent: {}
[890.643179] (-) TimerEvent: {}
[890.744830] (-) TimerEvent: {}
[890.846304] (-) TimerEvent: {}
[890.953069] (-) TimerEvent: {}
[891.054172] (-) TimerEvent: {}
[891.155478] (-) TimerEvent: {}
[891.257015] (-) TimerEvent: {}
[891.358921] (-) TimerEvent: {}
[891.460606] (-) TimerEvent: {}
[891.564711] (-) TimerEvent: {}
[891.665960] (-) TimerEvent: {}
[891.770972] (-) TimerEvent: {}
[891.872378] (-) TimerEvent: {}
[891.973825] (-) TimerEvent: {}
[892.075003] (-) TimerEvent: {}
[892.176096] (-) TimerEvent: {}
[892.277577] (-) TimerEvent: {}
[892.378714] (-) TimerEvent: {}
[892.479874] (-) TimerEvent: {}
[892.581236] (-) TimerEvent: {}
[892.687334] (-) TimerEvent: {}
[892.791606] (-) TimerEvent: {}
[892.847111] (gazebo_plugins) StdoutLine: {'line': b'[ 23%] \x1b[32mBuilding CXX object CMakeFiles/gazebo_ros_bumper.dir/src/gazebo_ros_bumper.cpp.o\x1b[0m\n'}
[892.891880] (-) TimerEvent: {}
[892.992956] (-) TimerEvent: {}
[893.095343] (-) TimerEvent: {}
[893.196518] (-) TimerEvent: {}
[893.297820] (-) TimerEvent: {}
[893.398835] (-) TimerEvent: {}
[893.500009] (-) TimerEvent: {}
[893.601273] (-) TimerEvent: {}
[893.702392] (-) TimerEvent: {}
[893.803509] (-) TimerEvent: {}
[893.904731] (-) TimerEvent: {}
[894.006013] (-) TimerEvent: {}
[894.107247] (-) TimerEvent: {}
[894.209507] (-) TimerEvent: {}
[894.310666] (-) TimerEvent: {}
[894.411828] (-) TimerEvent: {}
[894.513140] (-) TimerEvent: {}
[894.614348] (-) TimerEvent: {}
[894.715652] (-) TimerEvent: {}
[894.817061] (-) TimerEvent: {}
[894.918225] (-) TimerEvent: {}
[895.021770] (-) TimerEvent: {}
[895.122938] (-) TimerEvent: {}
[895.224167] (-) TimerEvent: {}
[895.325464] (-) TimerEvent: {}
[895.426657] (-) TimerEvent: {}
[895.527916] (-) TimerEvent: {}
[895.629229] (-) TimerEvent: {}
[895.733180] (-) TimerEvent: {}
[895.834410] (-) TimerEvent: {}
[895.935719] (-) TimerEvent: {}
[896.037380] (-) TimerEvent: {}
[896.138663] (-) TimerEvent: {}
[896.239904] (-) TimerEvent: {}
[896.341186] (-) TimerEvent: {}
[896.442353] (-) TimerEvent: {}
[896.543616] (-) TimerEvent: {}
[896.644978] (-) TimerEvent: {}
[896.747053] (-) TimerEvent: {}
[896.849066] (-) TimerEvent: {}
[896.950814] (-) TimerEvent: {}
[897.052017] (-) TimerEvent: {}
[897.153201] (-) TimerEvent: {}
[897.254265] (-) TimerEvent: {}
[897.355737] (-) TimerEvent: {}
[897.457006] (-) TimerEvent: {}
[897.558216] (-) TimerEvent: {}
[897.659482] (-) TimerEvent: {}
[897.760956] (-) TimerEvent: {}
[897.862196] (-) TimerEvent: {}
[897.964803] (-) TimerEvent: {}
[898.066109] (-) TimerEvent: {}
[898.167788] (-) TimerEvent: {}
[898.269225] (-) TimerEvent: {}
[898.370440] (-) TimerEvent: {}
[898.471655] (-) TimerEvent: {}
[898.572922] (-) TimerEvent: {}
[898.674008] (-) TimerEvent: {}
[898.775324] (-) TimerEvent: {}
[898.879039] (-) TimerEvent: {}
[898.980314] (-) TimerEvent: {}
[899.081479] (-) TimerEvent: {}
[899.182656] (-) TimerEvent: {}
[899.283796] (-) TimerEvent: {}
[899.385785] (-) TimerEvent: {}
[899.486912] (-) TimerEvent: {}
[899.588009] (-) TimerEvent: {}
[899.689136] (-) TimerEvent: {}
[899.790148] (-) TimerEvent: {}
[899.891290] (-) TimerEvent: {}
[899.992402] (-) TimerEvent: {}
[900.093543] (-) TimerEvent: {}
[900.194592] (-) TimerEvent: {}
[900.295647] (-) TimerEvent: {}
[900.396809] (-) TimerEvent: {}
[900.497919] (-) TimerEvent: {}
[900.599084] (-) TimerEvent: {}
[900.700361] (-) TimerEvent: {}
[900.801460] (-) TimerEvent: {}
[900.902742] (-) TimerEvent: {}
[901.003822] (-) TimerEvent: {}
[901.105011] (-) TimerEvent: {}
[901.206119] (-) TimerEvent: {}
[901.307211] (-) TimerEvent: {}
[901.408310] (-) TimerEvent: {}
[901.509307] (-) TimerEvent: {}
[901.610404] (-) TimerEvent: {}
[901.711525] (-) TimerEvent: {}
[901.812705] (-) TimerEvent: {}
[901.913871] (-) TimerEvent: {}
[902.015124] (-) TimerEvent: {}
[902.116496] (-) TimerEvent: {}
[902.217592] (-) TimerEvent: {}
[902.318768] (-) TimerEvent: {}
[902.420635] (-) TimerEvent: {}
[902.521693] (-) TimerEvent: {}
[902.624467] (-) TimerEvent: {}
[902.725635] (-) TimerEvent: {}
[902.826708] (-) TimerEvent: {}
[902.927815] (-) TimerEvent: {}
[903.028937] (-) TimerEvent: {}
[903.129986] (-) TimerEvent: {}
[903.230995] (-) TimerEvent: {}
[903.331978] (-) TimerEvent: {}
[903.433293] (-) TimerEvent: {}
[903.534322] (-) TimerEvent: {}
[903.635409] (-) TimerEvent: {}
[903.736460] (-) TimerEvent: {}
[903.837450] (-) TimerEvent: {}
[903.938435] (-) TimerEvent: {}
[904.040363] (-) TimerEvent: {}
[904.141610] (-) TimerEvent: {}
[904.242746] (-) TimerEvent: {}
[904.343904] (-) TimerEvent: {}
[904.445041] (-) TimerEvent: {}
[904.546057] (-) TimerEvent: {}
[904.647101] (-) TimerEvent: {}
[904.748195] (-) TimerEvent: {}
[904.849361] (-) TimerEvent: {}
[904.950381] (-) TimerEvent: {}
[905.051453] (-) TimerEvent: {}
[905.152766] (-) TimerEvent: {}
[905.253947] (-) TimerEvent: {}
[905.354996] (-) TimerEvent: {}
[905.456106] (-) TimerEvent: {}
[905.557299] (-) TimerEvent: {}
[905.658391] (-) TimerEvent: {}
[905.759467] (-) TimerEvent: {}
[905.860637] (-) TimerEvent: {}
[905.961667] (-) TimerEvent: {}
[906.063800] (-) TimerEvent: {}
[906.164898] (-) TimerEvent: {}
[906.266031] (-) TimerEvent: {}
[906.367360] (-) TimerEvent: {}
[906.468622] (-) TimerEvent: {}
[906.569695] (-) TimerEvent: {}
[906.670783] (-) TimerEvent: {}
[906.771856] (-) TimerEvent: {}
[906.872974] (-) TimerEvent: {}
[906.973986] (-) TimerEvent: {}
[907.075098] (-) TimerEvent: {}
[907.176159] (-) TimerEvent: {}
[907.277385] (-) TimerEvent: {}
[907.378376] (-) TimerEvent: {}
[907.479406] (-) TimerEvent: {}
[907.580485] (-) TimerEvent: {}
[907.681555] (-) TimerEvent: {}
[907.782602] (-) TimerEvent: {}
[907.883770] (-) TimerEvent: {}
[907.984901] (-) TimerEvent: {}
[908.086051] (-) TimerEvent: {}
[908.187087] (-) TimerEvent: {}
[908.288085] (-) TimerEvent: {}
[908.389324] (-) TimerEvent: {}
[908.490463] (-) TimerEvent: {}
[908.591559] (-) TimerEvent: {}
[908.692707] (-) TimerEvent: {}
[908.793799] (-) TimerEvent: {}
[908.894858] (-) TimerEvent: {}
[908.995925] (-) TimerEvent: {}
[909.096939] (-) TimerEvent: {}
[909.197921] (-) TimerEvent: {}
[909.298960] (-) TimerEvent: {}
[909.399976] (-) TimerEvent: {}
[909.501965] (-) TimerEvent: {}
[909.603146] (-) TimerEvent: {}
[909.704134] (-) TimerEvent: {}
[909.805199] (-) TimerEvent: {}
[909.906308] (-) TimerEvent: {}
[910.007523] (-) TimerEvent: {}
[910.108825] (-) TimerEvent: {}
[910.209987] (-) TimerEvent: {}
[910.311111] (-) TimerEvent: {}
[910.412432] (-) TimerEvent: {}
[910.513490] (-) TimerEvent: {}
[910.614670] (-) TimerEvent: {}
[910.715723] (-) TimerEvent: {}
[910.816932] (-) TimerEvent: {}
[910.917975] (-) TimerEvent: {}
[911.018979] (-) TimerEvent: {}
[911.120855] (-) TimerEvent: {}
[911.221862] (-) TimerEvent: {}
[911.322912] (-) TimerEvent: {}
[911.423979] (-) TimerEvent: {}
[911.525083] (-) TimerEvent: {}
[911.626043] (-) TimerEvent: {}
[911.727021] (-) TimerEvent: {}
[911.828110] (-) TimerEvent: {}
[911.929259] (-) TimerEvent: {}
[912.030348] (-) TimerEvent: {}
[912.131653] (-) TimerEvent: {}
[912.232925] (-) TimerEvent: {}
[912.333905] (-) TimerEvent: {}
[912.434907] (-) TimerEvent: {}
[912.535888] (-) TimerEvent: {}
[912.636976] (-) TimerEvent: {}
[912.737956] (-) TimerEvent: {}
[912.838952] (-) TimerEvent: {}
[912.940014] (-) TimerEvent: {}
[913.041243] (-) TimerEvent: {}
[913.142341] (-) TimerEvent: {}
[913.243409] (-) TimerEvent: {}
[913.344555] (-) TimerEvent: {}
[913.445696] (-) TimerEvent: {}
[913.546775] (-) TimerEvent: {}
[913.647822] (-) TimerEvent: {}
[913.749054] (-) TimerEvent: {}
[913.850073] (-) TimerEvent: {}
[913.951071] (-) TimerEvent: {}
[914.052105] (-) TimerEvent: {}
[914.153352] (-) TimerEvent: {}
[914.254406] (-) TimerEvent: {}
[914.355386] (-) TimerEvent: {}
[914.456423] (-) TimerEvent: {}
[914.557431] (-) TimerEvent: {}
[914.658452] (-) TimerEvent: {}
[914.759627] (-) TimerEvent: {}
[914.860705] (-) TimerEvent: {}
[914.961820] (-) TimerEvent: {}
[915.062878] (-) TimerEvent: {}
[915.163909] (-) TimerEvent: {}
[915.265057] (-) TimerEvent: {}
[915.366061] (-) TimerEvent: {}
[915.467115] (-) TimerEvent: {}
[915.568373] (-) TimerEvent: {}
[915.669395] (-) TimerEvent: {}
[915.770359] (-) TimerEvent: {}
[915.871419] (-) TimerEvent: {}
[915.972571] (-) TimerEvent: {}
[916.073665] (-) TimerEvent: {}
[916.174707] (-) TimerEvent: {}
[916.275805] (-) TimerEvent: {}
[916.376831] (-) TimerEvent: {}
[916.477863] (-) TimerEvent: {}
[916.578863] (-) TimerEvent: {}
[916.679923] (-) TimerEvent: {}
[916.781015] (-) TimerEvent: {}
[916.882062] (-) TimerEvent: {}
[916.983068] (-) TimerEvent: {}
[917.084094] (-) TimerEvent: {}
[917.097578] (gazebo_plugins) StdoutLine: {'line': b'[ 24%] \x1b[32m\x1b[1mLinking CXX shared library libgazebo_ros_p3d.so\x1b[0m\n'}
[917.184479] (-) TimerEvent: {}
[917.285514] (-) TimerEvent: {}
[917.386559] (-) TimerEvent: {}
[917.487534] (-) TimerEvent: {}
[917.588735] (-) TimerEvent: {}
[917.689916] (-) TimerEvent: {}
[917.791116] (-) TimerEvent: {}
[917.892581] (-) TimerEvent: {}
[917.993663] (-) TimerEvent: {}
[918.094730] (-) TimerEvent: {}
[918.195910] (-) TimerEvent: {}
[918.297138] (-) TimerEvent: {}
[918.398179] (-) TimerEvent: {}
[918.499284] (-) TimerEvent: {}
[918.600505] (-) TimerEvent: {}
[918.701609] (-) TimerEvent: {}
[918.802672] (-) TimerEvent: {}
[918.903777] (-) TimerEvent: {}
[919.005109] (-) TimerEvent: {}
[919.106208] (-) TimerEvent: {}
[919.207368] (-) TimerEvent: {}
[919.308505] (-) TimerEvent: {}
[919.409578] (-) TimerEvent: {}
[919.510727] (-) TimerEvent: {}
[919.611861] (-) TimerEvent: {}
[919.713019] (-) TimerEvent: {}
[919.814030] (-) TimerEvent: {}
[919.915003] (-) TimerEvent: {}
[920.016036] (-) TimerEvent: {}
[920.117082] (-) TimerEvent: {}
[920.218109] (-) TimerEvent: {}
[920.319217] (-) TimerEvent: {}
[920.420537] (-) TimerEvent: {}
[920.521543] (-) TimerEvent: {}
[920.622516] (-) TimerEvent: {}
[920.723582] (-) TimerEvent: {}
[920.758483] (gazebo_plugins) StdoutLine: {'line': b'[ 24%] Built target gazebo_ros_p3d\n'}
[920.823890] (-) TimerEvent: {}
[920.925129] (-) TimerEvent: {}
[921.026313] (-) TimerEvent: {}
[921.127409] (-) TimerEvent: {}
[921.228882] (-) TimerEvent: {}
[921.329907] (-) TimerEvent: {}
[921.430962] (-) TimerEvent: {}
[921.531992] (-) TimerEvent: {}
[921.633148] (-) TimerEvent: {}
[921.734261] (-) TimerEvent: {}
[921.835488] (-) TimerEvent: {}
[921.936670] (-) TimerEvent: {}
[922.037706] (-) TimerEvent: {}
[922.138714] (-) TimerEvent: {}
[922.239872] (-) TimerEvent: {}
[922.341031] (-) TimerEvent: {}
[922.442120] (-) TimerEvent: {}
[922.543288] (-) TimerEvent: {}
[922.644442] (-) TimerEvent: {}
[922.745494] (-) TimerEvent: {}
[922.846521] (-) TimerEvent: {}
[922.947633] (-) TimerEvent: {}
[923.048798] (-) TimerEvent: {}
[923.149975] (-) TimerEvent: {}
[923.251006] (-) TimerEvent: {}
[923.352012] (-) TimerEvent: {}
[923.453217] (-) TimerEvent: {}
[923.554390] (-) TimerEvent: {}
[923.655552] (-) TimerEvent: {}
[923.756635] (-) TimerEvent: {}
[923.857751] (-) TimerEvent: {}
[923.962154] (-) TimerEvent: {}
[924.063481] (-) TimerEvent: {}
[924.164688] (-) TimerEvent: {}
[924.265759] (-) TimerEvent: {}
[924.366824] (-) TimerEvent: {}
[924.467953] (-) TimerEvent: {}
[924.569077] (-) TimerEvent: {}
[924.670186] (-) TimerEvent: {}
[924.771308] (-) TimerEvent: {}
[924.872477] (-) TimerEvent: {}
[924.973496] (-) TimerEvent: {}
[925.074621] (-) TimerEvent: {}
[925.176298] (-) TimerEvent: {}
[925.277407] (-) TimerEvent: {}
[925.378721] (-) TimerEvent: {}
[925.480065] (-) TimerEvent: {}
[925.581263] (-) TimerEvent: {}
[925.682362] (-) TimerEvent: {}
[925.783526] (-) TimerEvent: {}
[925.884544] (-) TimerEvent: {}
[925.986315] (-) TimerEvent: {}
[926.087409] (-) TimerEvent: {}
[926.188568] (-) TimerEvent: {}
[926.289597] (-) TimerEvent: {}
[926.390596] (-) TimerEvent: {}
[926.491761] (-) TimerEvent: {}
[926.592876] (-) TimerEvent: {}
[926.693908] (-) TimerEvent: {}
[926.795740] (-) TimerEvent: {}
[926.897117] (-) TimerEvent: {}
[926.998186] (-) TimerEvent: {}
[927.099319] (-) TimerEvent: {}
[927.200517] (-) TimerEvent: {}
[927.301569] (-) TimerEvent: {}
[927.404144] (-) TimerEvent: {}
[927.505363] (-) TimerEvent: {}
[927.606518] (-) TimerEvent: {}
[927.707670] (-) TimerEvent: {}
[927.808933] (-) TimerEvent: {}
[927.910127] (-) TimerEvent: {}
[928.011963] (-) TimerEvent: {}
[928.113145] (-) TimerEvent: {}
[928.214237] (-) TimerEvent: {}
[928.315715] (-) TimerEvent: {}
[928.402218] (gazebo_plugins) StdoutLine: {'line': b'[ 25%] \x1b[32m\x1b[1mLinking CXX shared library libgazebo_ros_ft_sensor.so\x1b[0m\n'}
[928.416059] (-) TimerEvent: {}
[928.517205] (-) TimerEvent: {}
[928.618299] (-) TimerEvent: {}
[928.719403] (-) TimerEvent: {}
[928.820650] (-) TimerEvent: {}
[928.921742] (-) TimerEvent: {}
[929.023003] (-) TimerEvent: {}
[929.125364] (-) TimerEvent: {}
[929.226498] (-) TimerEvent: {}
[929.327690] (-) TimerEvent: {}
[929.428976] (-) TimerEvent: {}
[929.530218] (-) TimerEvent: {}
[929.631478] (-) TimerEvent: {}
[929.732704] (-) TimerEvent: {}
[929.833983] (-) TimerEvent: {}
[929.935061] (-) TimerEvent: {}
[930.036478] (-) TimerEvent: {}
[930.137585] (-) TimerEvent: {}
[930.238833] (-) TimerEvent: {}
[930.339998] (-) TimerEvent: {}
[930.441163] (-) TimerEvent: {}
[930.542416] (-) TimerEvent: {}
[930.643485] (-) TimerEvent: {}
[930.744801] (-) TimerEvent: {}
[930.845935] (-) TimerEvent: {}
[930.897128] (gazebo_plugins) StdoutLine: {'line': b'[ 25%] Built target gazebo_ros_ft_sensor\n'}
[930.946193] (-) TimerEvent: {}
[931.047372] (-) TimerEvent: {}
[931.148534] (-) TimerEvent: {}
[931.249689] (-) TimerEvent: {}
[931.350844] (-) TimerEvent: {}
[931.452043] (-) TimerEvent: {}
[931.553251] (-) TimerEvent: {}
[931.654468] (-) TimerEvent: {}
[931.755616] (-) TimerEvent: {}
[931.856924] (-) TimerEvent: {}
[931.958173] (-) TimerEvent: {}
[932.059216] (-) TimerEvent: {}
[932.160514] (-) TimerEvent: {}
[932.261627] (-) TimerEvent: {}
[932.362759] (-) TimerEvent: {}
[932.451215] (gazebo_plugins) StdoutLine: {'line': b'[ 26%] \x1b[32m\x1b[1mLinking CXX shared library libgazebo_ros_ray_sensor.so\x1b[0m\n'}
[932.463372] (-) TimerEvent: {}
[932.567152] (-) TimerEvent: {}
[932.672959] (-) TimerEvent: {}
[932.778134] (-) TimerEvent: {}
[932.885062] (-) TimerEvent: {}
[932.992885] (-) TimerEvent: {}
[933.098512] (-) TimerEvent: {}
[933.203742] (-) TimerEvent: {}
[933.309382] (-) TimerEvent: {}
[933.414569] (-) TimerEvent: {}
[933.521185] (-) TimerEvent: {}
[933.627160] (-) TimerEvent: {}
[933.729521] (-) TimerEvent: {}
[933.832742] (-) TimerEvent: {}
[933.934128] (-) TimerEvent: {}
[934.035486] (-) TimerEvent: {}
[934.136912] (-) TimerEvent: {}
[934.238070] (-) TimerEvent: {}
[934.339325] (-) TimerEvent: {}
[934.441252] (-) TimerEvent: {}
[934.542542] (-) TimerEvent: {}
[934.643693] (-) TimerEvent: {}
[934.744893] (-) TimerEvent: {}
[934.846051] (-) TimerEvent: {}
[934.947381] (-) TimerEvent: {}
[935.048568] (-) TimerEvent: {}
[935.149832] (-) TimerEvent: {}
[935.251073] (-) TimerEvent: {}
[935.352305] (-) TimerEvent: {}
[935.453407] (-) TimerEvent: {}
[935.554579] (-) TimerEvent: {}
[935.565728] (gazebo_plugins) StdoutLine: {'line': b'[ 26%] Built target gazebo_ros_ray_sensor\n'}
[935.654811] (-) TimerEvent: {}
[935.756003] (-) TimerEvent: {}
[935.857353] (-) TimerEvent: {}
[935.958413] (-) TimerEvent: {}
[936.059574] (-) TimerEvent: {}
[936.161107] (-) TimerEvent: {}
[936.262206] (-) TimerEvent: {}
[936.363236] (-) TimerEvent: {}
[936.464358] (-) TimerEvent: {}
[936.565434] (-) TimerEvent: {}
[936.666662] (-) TimerEvent: {}
[936.767863] (-) TimerEvent: {}
[936.869056] (-) TimerEvent: {}
[936.970110] (-) TimerEvent: {}
[937.071170] (-) TimerEvent: {}
[937.173581] (-) TimerEvent: {}
[937.274584] (-) TimerEvent: {}
[937.375696] (-) TimerEvent: {}
[937.476888] (-) TimerEvent: {}
[937.578000] (-) TimerEvent: {}
[937.679060] (-) TimerEvent: {}
[937.780143] (-) TimerEvent: {}
[937.881289] (-) TimerEvent: {}
[937.982296] (-) TimerEvent: {}
[938.083352] (-) TimerEvent: {}
[938.184574] (-) TimerEvent: {}
[938.285798] (-) TimerEvent: {}
[938.387040] (-) TimerEvent: {}
[938.488320] (-) TimerEvent: {}
[938.589441] (-) TimerEvent: {}
[938.690728] (-) TimerEvent: {}
[938.696502] (gazebo_plugins) StdoutLine: {'line': b'[ 27%] \x1b[32m\x1b[1mLinking CXX shared library libgazebo_ros_tricycle_drive.so\x1b[0m\n'}
[938.790971] (-) TimerEvent: {}
[938.892131] (-) TimerEvent: {}
[938.993387] (-) TimerEvent: {}
[939.094457] (-) TimerEvent: {}
[939.195553] (-) TimerEvent: {}
[939.297220] (-) TimerEvent: {}
[939.398342] (-) TimerEvent: {}
[939.499606] (-) TimerEvent: {}
[939.601021] (-) TimerEvent: {}
[939.702157] (-) TimerEvent: {}
[939.803409] (-) TimerEvent: {}
[939.904612] (-) TimerEvent: {}
[940.006011] (-) TimerEvent: {}
[940.107711] (-) TimerEvent: {}
[940.208974] (-) TimerEvent: {}
[940.310154] (-) TimerEvent: {}
[940.411376] (-) TimerEvent: {}
[940.512822] (-) TimerEvent: {}
[940.614151] (-) TimerEvent: {}
[940.715368] (-) TimerEvent: {}
[940.817771] (-) TimerEvent: {}
[940.920905] (-) TimerEvent: {}
[941.023176] (-) TimerEvent: {}
[941.124931] (-) TimerEvent: {}
[941.226268] (-) TimerEvent: {}
[941.328032] (-) TimerEvent: {}
[941.429168] (-) TimerEvent: {}
[941.530516] (-) TimerEvent: {}
[941.632131] (-) TimerEvent: {}
[941.733663] (-) TimerEvent: {}
[941.835050] (-) TimerEvent: {}
[941.936210] (-) TimerEvent: {}
[942.037407] (-) TimerEvent: {}
[942.138516] (-) TimerEvent: {}
[942.239646] (-) TimerEvent: {}
[942.342898] (-) TimerEvent: {}
[942.445093] (-) TimerEvent: {}
[942.501859] (gazebo_plugins) StdoutLine: {'line': b'[ 27%] Built target gazebo_ros_tricycle_drive\n'}
[942.545382] (-) TimerEvent: {}
[942.646581] (-) TimerEvent: {}
[942.747613] (-) TimerEvent: {}
[942.848940] (-) TimerEvent: {}
[942.949947] (-) TimerEvent: {}
[943.050928] (-) TimerEvent: {}
[943.151960] (-) TimerEvent: {}
[943.253046] (-) TimerEvent: {}
[943.354070] (-) TimerEvent: {}
[943.455071] (-) TimerEvent: {}
[943.556305] (-) TimerEvent: {}
[943.614491] (gazebo_plugins) StdoutLine: {'line': b'[ 29%] \x1b[32mBuilding CXX object CMakeFiles/gazebo_ros_elevator.dir/src/gazebo_ros_elevator.cpp.o\x1b[0m\n'}
[943.656545] (-) TimerEvent: {}
[943.757838] (-) TimerEvent: {}
[943.858781] (-) TimerEvent: {}
[943.959827] (-) TimerEvent: {}
[944.061048] (-) TimerEvent: {}
[944.162098] (-) TimerEvent: {}
[944.263231] (-) TimerEvent: {}
[944.364372] (-) TimerEvent: {}
[944.465480] (-) TimerEvent: {}
[944.566572] (-) TimerEvent: {}
[944.667683] (-) TimerEvent: {}
[944.693399] (gazebo_plugins) StdoutLine: {'line': b'[ 30%] \x1b[32mBuilding CXX object CMakeFiles/gazebo_ros_ackermann_drive.dir/src/gazebo_ros_ackermann_drive.cpp.o\x1b[0m\n'}
[944.767920] (-) TimerEvent: {}
[944.869004] (-) TimerEvent: {}
[944.970103] (-) TimerEvent: {}
[945.071105] (-) TimerEvent: {}
[945.174948] (-) TimerEvent: {}
[945.275974] (-) TimerEvent: {}
[945.377074] (-) TimerEvent: {}
[945.481524] (-) TimerEvent: {}
[945.585726] (-) TimerEvent: {}
[945.688635] (-) TimerEvent: {}
[945.773897] (gazebo_plugins) StdoutLine: {'line': b'[ 31%] \x1b[32mBuilding CXX object CMakeFiles/gazebo_ros_hand_of_god.dir/src/gazebo_ros_hand_of_god.cpp.o\x1b[0m\n'}
[945.788915] (-) TimerEvent: {}
[945.891859] (-) TimerEvent: {}
[945.995930] (-) TimerEvent: {}
[946.102765] (-) TimerEvent: {}
[946.208580] (-) TimerEvent: {}
[946.313799] (-) TimerEvent: {}
[946.417869] (-) TimerEvent: {}
[946.523625] (-) TimerEvent: {}
[946.630615] (-) TimerEvent: {}
[946.731845] (-) TimerEvent: {}
[946.833694] (-) TimerEvent: {}
[946.867082] (gazebo_plugins) StdoutLine: {'line': b'[ 32%] \x1b[32mBuilding CXX object CMakeFiles/gazebo_ros_harness.dir/src/gazebo_ros_harness.cpp.o\x1b[0m\n'}
[946.933936] (-) TimerEvent: {}
[947.038724] (-) TimerEvent: {}
[947.142087] (-) TimerEvent: {}
[947.247291] (-) TimerEvent: {}
[947.351637] (-) TimerEvent: {}
[947.454888] (-) TimerEvent: {}
[947.558829] (-) TimerEvent: {}
[947.661547] (-) TimerEvent: {}
[947.762523] (-) TimerEvent: {}
[947.863789] (-) TimerEvent: {}
[947.964854] (-) TimerEvent: {}
[948.065868] (-) TimerEvent: {}
[948.167134] (-) TimerEvent: {}
[948.268128] (-) TimerEvent: {}
[948.369643] (-) TimerEvent: {}
[948.470607] (-) TimerEvent: {}
[948.571500] (-) TimerEvent: {}
[948.672528] (-) TimerEvent: {}
[948.773457] (-) TimerEvent: {}
[948.874456] (-) TimerEvent: {}
[948.975857] (-) TimerEvent: {}
[949.076903] (-) TimerEvent: {}
[949.177872] (-) TimerEvent: {}
[949.278847] (-) TimerEvent: {}
[949.379799] (-) TimerEvent: {}
[949.480860] (-) TimerEvent: {}
[949.582717] (-) TimerEvent: {}
[949.684009] (-) TimerEvent: {}
[949.785093] (-) TimerEvent: {}
[949.886081] (-) TimerEvent: {}
[949.987076] (-) TimerEvent: {}
[950.088603] (-) TimerEvent: {}
[950.189650] (-) TimerEvent: {}
[950.290701] (-) TimerEvent: {}
[950.392758] (-) TimerEvent: {}
[950.493835] (-) TimerEvent: {}
[950.595576] (-) TimerEvent: {}
[950.696625] (-) TimerEvent: {}
[950.797720] (-) TimerEvent: {}
[950.898711] (-) TimerEvent: {}
[950.999698] (-) TimerEvent: {}
[951.101525] (-) TimerEvent: {}
[951.202801] (-) TimerEvent: {}
[951.304038] (-) TimerEvent: {}
[951.405060] (-) TimerEvent: {}
[951.506024] (-) TimerEvent: {}
[951.607082] (-) TimerEvent: {}
[951.708038] (-) TimerEvent: {}
[951.809061] (-) TimerEvent: {}
[951.910526] (-) TimerEvent: {}
[952.014191] (-) TimerEvent: {}
[952.115150] (-) TimerEvent: {}
[952.217216] (-) TimerEvent: {}
[952.319141] (-) TimerEvent: {}
[952.420311] (-) TimerEvent: {}
[952.521278] (-) TimerEvent: {}
[952.624351] (-) TimerEvent: {}
[952.725362] (-) TimerEvent: {}
[952.826772] (-) TimerEvent: {}
[952.927885] (-) TimerEvent: {}
[953.029563] (-) TimerEvent: {}
[953.130547] (-) TimerEvent: {}
[953.231494] (-) TimerEvent: {}
[953.332513] (-) TimerEvent: {}
[953.433607] (-) TimerEvent: {}
[953.534619] (-) TimerEvent: {}
[953.635650] (-) TimerEvent: {}
[953.736905] (-) TimerEvent: {}
[953.838274] (-) TimerEvent: {}
[953.939385] (-) TimerEvent: {}
[954.041015] (-) TimerEvent: {}
[954.141990] (-) TimerEvent: {}
[954.243065] (-) TimerEvent: {}
[954.345122] (-) TimerEvent: {}
[954.446190] (-) TimerEvent: {}
[954.547327] (-) TimerEvent: {}
[954.648550] (-) TimerEvent: {}
[954.750054] (-) TimerEvent: {}
[954.851140] (-) TimerEvent: {}
[954.952196] (-) TimerEvent: {}
[955.053415] (-) TimerEvent: {}
[955.154922] (-) TimerEvent: {}
[955.256061] (-) TimerEvent: {}
[955.357795] (-) TimerEvent: {}
[955.458803] (-) TimerEvent: {}
[955.559853] (-) TimerEvent: {}
[955.661250] (-) TimerEvent: {}
[955.762368] (-) TimerEvent: {}
[955.863362] (-) TimerEvent: {}
[955.964720] (-) TimerEvent: {}
[956.065810] (-) TimerEvent: {}
[956.166991] (-) TimerEvent: {}
[956.268158] (-) TimerEvent: {}
[956.369274] (-) TimerEvent: {}
[956.470459] (-) TimerEvent: {}
[956.572204] (-) TimerEvent: {}
[956.673266] (-) TimerEvent: {}
[956.774335] (-) TimerEvent: {}
[956.875398] (-) TimerEvent: {}
[956.977158] (-) TimerEvent: {}
[957.078221] (-) TimerEvent: {}
[957.179152] (-) TimerEvent: {}
[957.280101] (-) TimerEvent: {}
[957.381847] (-) TimerEvent: {}
[957.482817] (-) TimerEvent: {}
[957.583847] (-) TimerEvent: {}
[957.684950] (-) TimerEvent: {}
[957.786846] (-) TimerEvent: {}
[957.887842] (-) TimerEvent: {}
[957.990465] (-) TimerEvent: {}
[958.091442] (-) TimerEvent: {}
[958.192502] (-) TimerEvent: {}
[958.294541] (-) TimerEvent: {}
[958.395602] (-) TimerEvent: {}
[958.496847] (-) TimerEvent: {}
[958.597868] (-) TimerEvent: {}
[958.698805] (-) TimerEvent: {}
[958.799848] (-) TimerEvent: {}
[958.901046] (-) TimerEvent: {}
[959.002078] (-) TimerEvent: {}
[959.103221] (-) TimerEvent: {}
[959.204327] (-) TimerEvent: {}
[959.305375] (-) TimerEvent: {}
[959.406403] (-) TimerEvent: {}
[959.507411] (-) TimerEvent: {}
[959.608487] (-) TimerEvent: {}
[959.709513] (-) TimerEvent: {}
[959.811062] (-) TimerEvent: {}
[959.912136] (-) TimerEvent: {}
[960.013362] (-) TimerEvent: {}
[960.115372] (-) TimerEvent: {}
[960.216539] (-) TimerEvent: {}
[960.317614] (-) TimerEvent: {}
[960.418749] (-) TimerEvent: {}
[960.519762] (-) TimerEvent: {}
[960.620896] (-) TimerEvent: {}
[960.721943] (-) TimerEvent: {}
[960.822879] (-) TimerEvent: {}
[960.923894] (-) TimerEvent: {}
[961.025113] (-) TimerEvent: {}
[961.126405] (-) TimerEvent: {}
[961.227391] (-) TimerEvent: {}
[961.328512] (-) TimerEvent: {}
[961.429500] (-) TimerEvent: {}
[961.531065] (-) TimerEvent: {}
[961.632132] (-) TimerEvent: {}
[961.733764] (-) TimerEvent: {}
[961.834834] (-) TimerEvent: {}
[961.935834] (-) TimerEvent: {}
[962.036965] (-) TimerEvent: {}
[962.137959] (-) TimerEvent: {}
[962.238967] (-) TimerEvent: {}
[962.340148] (-) TimerEvent: {}
[962.441436] (-) TimerEvent: {}
[962.542436] (-) TimerEvent: {}
[962.643555] (-) TimerEvent: {}
[962.744599] (-) TimerEvent: {}
[962.845879] (-) TimerEvent: {}
[962.946865] (-) TimerEvent: {}
[963.048964] (-) TimerEvent: {}
[963.149973] (-) TimerEvent: {}
[963.252180] (-) TimerEvent: {}
[963.353205] (-) TimerEvent: {}
[963.454678] (-) TimerEvent: {}
[963.555703] (-) TimerEvent: {}
[963.656907] (-) TimerEvent: {}
[963.758663] (-) TimerEvent: {}
[963.859654] (-) TimerEvent: {}
[963.960743] (-) TimerEvent: {}
[964.061807] (-) TimerEvent: {}
[964.162760] (-) TimerEvent: {}
[964.263778] (-) TimerEvent: {}
[964.364971] (-) TimerEvent: {}
[964.465927] (-) TimerEvent: {}
[964.567036] (-) TimerEvent: {}
[964.668106] (-) TimerEvent: {}
[964.769240] (-) TimerEvent: {}
[964.870316] (-) TimerEvent: {}
[964.971431] (-) TimerEvent: {}
[965.072531] (-) TimerEvent: {}
[965.173700] (-) TimerEvent: {}
[965.274767] (-) TimerEvent: {}
[965.375837] (-) TimerEvent: {}
[965.476926] (-) TimerEvent: {}
[965.577834] (-) TimerEvent: {}
[965.678869] (-) TimerEvent: {}
[965.781097] (-) TimerEvent: {}
[965.882103] (-) TimerEvent: {}
[965.983133] (-) TimerEvent: {}
[966.084161] (-) TimerEvent: {}
[966.185286] (-) TimerEvent: {}
[966.286290] (-) TimerEvent: {}
[966.387249] (-) TimerEvent: {}
[966.488473] (-) TimerEvent: {}
[966.589560] (-) TimerEvent: {}
[966.690523] (-) TimerEvent: {}
[966.791593] (-) TimerEvent: {}
[966.892685] (-) TimerEvent: {}
[966.993614] (-) TimerEvent: {}
[967.095213] (-) TimerEvent: {}
[967.196411] (-) TimerEvent: {}
[967.297392] (-) TimerEvent: {}
[967.399169] (-) TimerEvent: {}
[967.500299] (-) TimerEvent: {}
[967.601278] (-) TimerEvent: {}
[967.702330] (-) TimerEvent: {}
[967.803462] (-) TimerEvent: {}
[967.904544] (-) TimerEvent: {}
[968.005614] (-) TimerEvent: {}
[968.106690] (-) TimerEvent: {}
[968.207703] (-) TimerEvent: {}
[968.308808] (-) TimerEvent: {}
[968.409938] (-) TimerEvent: {}
[968.510948] (-) TimerEvent: {}
[968.611999] (-) TimerEvent: {}
[968.713254] (-) TimerEvent: {}
[968.814392] (-) TimerEvent: {}
[968.916433] (-) TimerEvent: {}
[969.017554] (-) TimerEvent: {}
[969.118490] (-) TimerEvent: {}
[969.220568] (-) TimerEvent: {}
[969.321554] (-) TimerEvent: {}
[969.422717] (-) TimerEvent: {}
[969.523788] (-) TimerEvent: {}
[969.624839] (-) TimerEvent: {}
[969.726539] (-) TimerEvent: {}
[969.827592] (-) TimerEvent: {}
[969.928791] (-) TimerEvent: {}
[970.029888] (-) TimerEvent: {}
[970.130890] (-) TimerEvent: {}
[970.231928] (-) TimerEvent: {}
[970.332983] (-) TimerEvent: {}
[970.434082] (-) TimerEvent: {}
[970.535126] (-) TimerEvent: {}
[970.636107] (-) TimerEvent: {}
[970.738458] (-) TimerEvent: {}
[970.839587] (-) TimerEvent: {}
[970.940762] (-) TimerEvent: {}
[971.042658] (-) TimerEvent: {}
[971.143591] (-) TimerEvent: {}
[971.244646] (-) TimerEvent: {}
[971.345638] (-) TimerEvent: {}
[971.446657] (-) TimerEvent: {}
[971.547627] (-) TimerEvent: {}
[971.648634] (-) TimerEvent: {}
[971.749599] (-) TimerEvent: {}
[971.850566] (-) TimerEvent: {}
[971.951642] (-) TimerEvent: {}
[972.052699] (-) TimerEvent: {}
[972.154855] (-) TimerEvent: {}
[972.255858] (-) TimerEvent: {}
[972.357515] (-) TimerEvent: {}
[972.458469] (-) TimerEvent: {}
[972.559422] (-) TimerEvent: {}
[972.660576] (-) TimerEvent: {}
[972.761603] (-) TimerEvent: {}
[972.862620] (-) TimerEvent: {}
[972.963749] (-) TimerEvent: {}
[973.064733] (-) TimerEvent: {}
[973.165963] (-) TimerEvent: {}
[973.267020] (-) TimerEvent: {}
[973.368072] (-) TimerEvent: {}
[973.469330] (-) TimerEvent: {}
[973.570499] (-) TimerEvent: {}
[973.671703] (-) TimerEvent: {}
[973.773037] (-) TimerEvent: {}
[973.874259] (-) TimerEvent: {}
[973.975624] (-) TimerEvent: {}
[974.076775] (-) TimerEvent: {}
[974.177767] (-) TimerEvent: {}
[974.278807] (-) TimerEvent: {}
[974.356053] (gazebo_plugins) StdoutLine: {'line': b'[ 33%] \x1b[32m\x1b[1mLinking CXX shared library libgazebo_ros_bumper.so\x1b[0m\n'}
[974.379108] (-) TimerEvent: {}
[974.480098] (-) TimerEvent: {}
[974.581119] (-) TimerEvent: {}
[974.682073] (-) TimerEvent: {}
[974.784205] (-) TimerEvent: {}
[974.885316] (-) TimerEvent: {}
[974.986398] (-) TimerEvent: {}
[975.087710] (-) TimerEvent: {}
[975.188830] (-) TimerEvent: {}
[975.289839] (-) TimerEvent: {}
[975.390849] (-) TimerEvent: {}
[975.491827] (-) TimerEvent: {}
[975.592937] (-) TimerEvent: {}
[975.694016] (-) TimerEvent: {}
[975.795230] (-) TimerEvent: {}
[975.896409] (-) TimerEvent: {}
[975.997525] (-) TimerEvent: {}
[976.098845] (-) TimerEvent: {}
[976.201233] (-) TimerEvent: {}
[976.302336] (-) TimerEvent: {}
[976.403424] (-) TimerEvent: {}
[976.504499] (-) TimerEvent: {}
[976.605670] (-) TimerEvent: {}
[976.706732] (-) TimerEvent: {}
[976.807790] (-) TimerEvent: {}
[976.908918] (-) TimerEvent: {}
[977.010038] (-) TimerEvent: {}
[977.111112] (-) TimerEvent: {}
[977.212196] (-) TimerEvent: {}
[977.313319] (-) TimerEvent: {}
[977.414357] (-) TimerEvent: {}
[977.476708] (gazebo_plugins) StdoutLine: {'line': b'[ 33%] Built target gazebo_ros_bumper\n'}
[977.514661] (-) TimerEvent: {}
[977.615809] (-) TimerEvent: {}
[977.717027] (-) TimerEvent: {}
[977.818049] (-) TimerEvent: {}
[977.918983] (-) TimerEvent: {}
[978.020101] (-) TimerEvent: {}
[978.121272] (-) TimerEvent: {}
[978.222390] (-) TimerEvent: {}
[978.323517] (-) TimerEvent: {}
[978.424755] (-) TimerEvent: {}
[978.526330] (-) TimerEvent: {}
[978.627357] (-) TimerEvent: {}
[978.728553] (-) TimerEvent: {}
[978.829630] (-) TimerEvent: {}
[978.931493] (-) TimerEvent: {}
[979.032880] (-) TimerEvent: {}
[979.134209] (-) TimerEvent: {}
[979.235253] (-) TimerEvent: {}
[979.336519] (-) TimerEvent: {}
[979.437737] (-) TimerEvent: {}
[979.538994] (-) TimerEvent: {}
[979.640421] (-) TimerEvent: {}
[979.742736] (-) TimerEvent: {}
[979.843944] (-) TimerEvent: {}
[979.945244] (-) TimerEvent: {}
[980.046468] (-) TimerEvent: {}
[980.154477] (-) TimerEvent: {}
[980.255733] (-) TimerEvent: {}
[980.357017] (-) TimerEvent: {}
[980.458294] (-) TimerEvent: {}
[980.563267] (-) TimerEvent: {}
[980.664558] (-) TimerEvent: {}
[980.765824] (-) TimerEvent: {}
[980.872565] (-) TimerEvent: {}
[980.979127] (-) TimerEvent: {}
[981.086012] (-) TimerEvent: {}
[981.192603] (-) TimerEvent: {}
[981.298617] (-) TimerEvent: {}
[981.405230] (-) TimerEvent: {}
[981.512086] (-) TimerEvent: {}
[981.619340] (-) TimerEvent: {}
[981.726468] (-) TimerEvent: {}
[981.833149] (-) TimerEvent: {}
[981.939820] (-) TimerEvent: {}
[982.047040] (-) TimerEvent: {}
[982.153742] (-) TimerEvent: {}
[982.260978] (-) TimerEvent: {}
[982.367046] (-) TimerEvent: {}
[982.473558] (-) TimerEvent: {}
[982.578957] (-) TimerEvent: {}
[982.684623] (-) TimerEvent: {}
[982.792111] (-) TimerEvent: {}
[982.899532] (-) TimerEvent: {}
[983.005238] (-) TimerEvent: {}
[983.106350] (-) TimerEvent: {}
[983.214705] (-) TimerEvent: {}
[983.320950] (-) TimerEvent: {}
[983.428171] (-) TimerEvent: {}
[983.535397] (-) TimerEvent: {}
[983.643018] (-) TimerEvent: {}
[983.750236] (-) TimerEvent: {}
[983.858697] (-) TimerEvent: {}
[983.965466] (-) TimerEvent: {}
[984.072592] (-) TimerEvent: {}
[984.179175] (-) TimerEvent: {}
[984.286452] (-) TimerEvent: {}
[984.393238] (-) TimerEvent: {}
[984.500331] (-) TimerEvent: {}
[984.605982] (-) TimerEvent: {}
[984.711615] (-) TimerEvent: {}
[984.817955] (-) TimerEvent: {}
[984.923817] (-) TimerEvent: {}
[985.030666] (-) TimerEvent: {}
[985.137250] (-) TimerEvent: {}
[985.246536] (-) TimerEvent: {}
[985.352915] (-) TimerEvent: {}
[985.460616] (-) TimerEvent: {}
[985.570041] (-) TimerEvent: {}
[985.676384] (-) TimerEvent: {}
[985.782740] (-) TimerEvent: {}
[985.888959] (-) TimerEvent: {}
[985.999060] (-) TimerEvent: {}
[986.106127] (-) TimerEvent: {}
[986.212794] (-) TimerEvent: {}
[986.317811] (-) TimerEvent: {}
[986.423333] (-) TimerEvent: {}
[986.529426] (-) TimerEvent: {}
[986.636425] (-) TimerEvent: {}
[986.739657] (-) TimerEvent: {}
[986.845825] (-) TimerEvent: {}
[986.960593] (-) TimerEvent: {}
[987.061568] (-) TimerEvent: {}
[987.162565] (-) TimerEvent: {}
[987.270229] (-) TimerEvent: {}
[987.371845] (-) TimerEvent: {}
[987.473800] (-) TimerEvent: {}
[987.578323] (-) TimerEvent: {}
[987.684212] (-) TimerEvent: {}
[987.791164] (-) TimerEvent: {}
[987.896456] (-) TimerEvent: {}
[988.002763] (-) TimerEvent: {}
[988.108107] (-) TimerEvent: {}
[988.213866] (-) TimerEvent: {}
[988.333557] (-) TimerEvent: {}
[988.435046] (-) TimerEvent: {}
[988.536329] (-) TimerEvent: {}
[988.637534] (-) TimerEvent: {}
[988.738808] (-) TimerEvent: {}
[988.845148] (-) TimerEvent: {}
[988.950248] (-) TimerEvent: {}
[989.057230] (-) TimerEvent: {}
[989.164678] (-) TimerEvent: {}
[989.265890] (-) TimerEvent: {}
[989.367084] (-) TimerEvent: {}
[989.468508] (-) TimerEvent: {}
[989.569652] (-) TimerEvent: {}
[989.670891] (-) TimerEvent: {}
[989.772170] (-) TimerEvent: {}
[989.824719] (gazebo_plugins) StdoutLine: {'line': b'[ 34%] \x1b[32m\x1b[1mLinking CXX shared library libgazebo_ros_video.so\x1b[0m\n'}
[989.872564] (-) TimerEvent: {}
[989.974156] (-) TimerEvent: {}
[990.075070] (-) TimerEvent: {}
[990.176113] (-) TimerEvent: {}
[990.277170] (-) TimerEvent: {}
[990.378118] (-) TimerEvent: {}
[990.479211] (-) TimerEvent: {}
[990.580362] (-) TimerEvent: {}
[990.681435] (-) TimerEvent: {}
[990.782542] (-) TimerEvent: {}
[990.883682] (-) TimerEvent: {}
[990.984828] (-) TimerEvent: {}
[991.085951] (-) TimerEvent: {}
[991.187002] (-) TimerEvent: {}
[991.288031] (-) TimerEvent: {}
[991.389362] (-) TimerEvent: {}
[991.490361] (-) TimerEvent: {}
[991.591899] (-) TimerEvent: {}
[991.693060] (-) TimerEvent: {}
[991.794086] (-) TimerEvent: {}
[991.895251] (-) TimerEvent: {}
[991.996410] (-) TimerEvent: {}
[992.097390] (-) TimerEvent: {}
[992.198373] (-) TimerEvent: {}
[992.299544] (-) TimerEvent: {}
[992.400700] (-) TimerEvent: {}
[992.501670] (-) TimerEvent: {}
[992.603085] (-) TimerEvent: {}
[992.704161] (-) TimerEvent: {}
[992.806222] (-) TimerEvent: {}
[992.907294] (-) TimerEvent: {}
[993.008472] (-) TimerEvent: {}
[993.109529] (-) TimerEvent: {}
[993.210611] (-) TimerEvent: {}
[993.311760] (-) TimerEvent: {}
[993.412954] (-) TimerEvent: {}
[993.513999] (-) TimerEvent: {}
[993.615063] (-) TimerEvent: {}
[993.716010] (-) TimerEvent: {}
[993.817036] (-) TimerEvent: {}
[993.918041] (-) TimerEvent: {}
[993.943788] (gazebo_plugins) StdoutLine: {'line': b'[ 34%] Built target gazebo_ros_video\n'}
[994.018323] (-) TimerEvent: {}
[994.119779] (-) TimerEvent: {}
[994.220945] (-) TimerEvent: {}
[994.322263] (-) TimerEvent: {}
[994.423249] (-) TimerEvent: {}
[994.524722] (-) TimerEvent: {}
[994.625907] (-) TimerEvent: {}
[994.727041] (-) TimerEvent: {}
[994.828545] (-) TimerEvent: {}
[994.932955] (-) TimerEvent: {}
[995.034176] (-) TimerEvent: {}
[995.135302] (-) TimerEvent: {}
[995.236494] (-) TimerEvent: {}
[995.337735] (-) TimerEvent: {}
[995.438896] (-) TimerEvent: {}
[995.540060] (-) TimerEvent: {}
[995.641577] (-) TimerEvent: {}
[995.742661] (-) TimerEvent: {}
[995.843816] (-) TimerEvent: {}
[995.945128] (-) TimerEvent: {}
[996.046258] (-) TimerEvent: {}
[996.147455] (-) TimerEvent: {}
[996.248891] (-) TimerEvent: {}
[996.350032] (-) TimerEvent: {}
[996.451252] (-) TimerEvent: {}
[996.552609] (-) TimerEvent: {}
[996.653675] (-) TimerEvent: {}
[996.754812] (-) TimerEvent: {}
[996.855926] (-) TimerEvent: {}
[996.957126] (-) TimerEvent: {}
[997.058295] (-) TimerEvent: {}
[997.159288] (-) TimerEvent: {}
[997.260425] (-) TimerEvent: {}
[997.361613] (-) TimerEvent: {}
[997.468801] (-) TimerEvent: {}
[997.570036] (-) TimerEvent: {}
[997.671216] (-) TimerEvent: {}
[997.772553] (-) TimerEvent: {}
[997.873645] (-) TimerEvent: {}
[997.974691] (-) TimerEvent: {}
[998.075936] (-) TimerEvent: {}
[998.177646] (-) TimerEvent: {}
[998.279044] (-) TimerEvent: {}
[998.380084] (-) TimerEvent: {}
[998.481284] (-) TimerEvent: {}
[998.582349] (-) TimerEvent: {}
[998.683451] (-) TimerEvent: {}
[998.784731] (-) TimerEvent: {}
[998.885856] (-) TimerEvent: {}
[998.987311] (-) TimerEvent: {}
[999.088444] (-) TimerEvent: {}
[999.190203] (-) TimerEvent: {}
[999.291252] (-) TimerEvent: {}
[999.392450] (-) TimerEvent: {}
[999.493591] (-) TimerEvent: {}
[999.594859] (-) TimerEvent: {}
[999.696145] (-) TimerEvent: {}
[999.797538] (-) TimerEvent: {}
[999.898796] (-) TimerEvent: {}
[1000.000030] (-) TimerEvent: {}
[1000.106452] (-) TimerEvent: {}
[1000.208487] (-) TimerEvent: {}
[1000.310361] (-) TimerEvent: {}
[1000.414252] (-) TimerEvent: {}
[1000.516346] (-) TimerEvent: {}
[1000.618020] (-) TimerEvent: {}
[1000.719044] (-) TimerEvent: {}
[1000.820184] (-) TimerEvent: {}
[1000.922246] (-) TimerEvent: {}
[1001.023975] (-) TimerEvent: {}
[1001.125205] (-) TimerEvent: {}
[1001.232536] (-) TimerEvent: {}
[1001.334357] (-) TimerEvent: {}
[1001.436106] (-) TimerEvent: {}
[1001.537389] (-) TimerEvent: {}
[1001.639309] (-) TimerEvent: {}
[1001.740727] (-) TimerEvent: {}
[1001.842026] (-) TimerEvent: {}
[1001.943303] (-) TimerEvent: {}
[1002.044500] (-) TimerEvent: {}
[1002.145729] (-) TimerEvent: {}
[1002.247000] (-) TimerEvent: {}
[1002.348323] (-) TimerEvent: {}
[1002.449558] (-) TimerEvent: {}
[1002.555346] (-) TimerEvent: {}
[1002.656508] (-) TimerEvent: {}
[1002.757645] (-) TimerEvent: {}
[1002.859157] (-) TimerEvent: {}
[1002.960421] (-) TimerEvent: {}
[1003.061520] (-) TimerEvent: {}
[1003.162637] (-) TimerEvent: {}
[1003.263779] (-) TimerEvent: {}
[1003.364925] (-) TimerEvent: {}
[1003.466195] (-) TimerEvent: {}
[1003.567219] (-) TimerEvent: {}
[1003.668484] (-) TimerEvent: {}
[1003.769646] (-) TimerEvent: {}
[1003.870889] (-) TimerEvent: {}
[1003.972106] (-) TimerEvent: {}
[1004.073432] (-) TimerEvent: {}
[1004.174817] (-) TimerEvent: {}
[1004.275939] (-) TimerEvent: {}
[1004.377210] (-) TimerEvent: {}
[1004.478380] (-) TimerEvent: {}
[1004.579635] (-) TimerEvent: {}
[1004.680933] (-) TimerEvent: {}
[1004.782182] (-) TimerEvent: {}
[1004.883316] (-) TimerEvent: {}
[1004.984524] (-) TimerEvent: {}
[1005.085668] (-) TimerEvent: {}
[1005.186925] (-) TimerEvent: {}
[1005.288101] (-) TimerEvent: {}
[1005.389345] (-) TimerEvent: {}
[1005.490583] (-) TimerEvent: {}
[1005.592187] (-) TimerEvent: {}
[1005.693485] (-) TimerEvent: {}
[1005.795171] (-) TimerEvent: {}
[1005.896501] (-) TimerEvent: {}
[1005.997967] (-) TimerEvent: {}
[1006.099091] (-) TimerEvent: {}
[1006.200438] (-) TimerEvent: {}
[1006.301688] (-) TimerEvent: {}
[1006.402889] (-) TimerEvent: {}
[1006.504103] (-) TimerEvent: {}
[1006.605414] (-) TimerEvent: {}
[1006.706623] (-) TimerEvent: {}
[1006.808157] (-) TimerEvent: {}
[1006.909397] (-) TimerEvent: {}
[1007.010545] (-) TimerEvent: {}
[1007.111801] (-) TimerEvent: {}
[1007.213076] (-) TimerEvent: {}
[1007.314322] (-) TimerEvent: {}
[1007.415569] (-) TimerEvent: {}
[1007.516904] (-) TimerEvent: {}
[1007.618146] (-) TimerEvent: {}
[1007.719381] (-) TimerEvent: {}
[1007.820671] (-) TimerEvent: {}
[1007.921889] (-) TimerEvent: {}
[1008.023074] (-) TimerEvent: {}
[1008.112675] (gazebo_plugins) StdoutLine: {'line': b'[ 36%] \x1b[32mBuilding CXX object CMakeFiles/gazebo_ros_joint_pose_trajectory.dir/src/gazebo_ros_joint_pose_trajectory.cpp.o\x1b[0m\n'}
[1008.123383] (-) TimerEvent: {}
[1008.224767] (-) TimerEvent: {}
[1008.325914] (-) TimerEvent: {}
[1008.427084] (-) TimerEvent: {}
[1008.528433] (-) TimerEvent: {}
[1008.629605] (-) TimerEvent: {}
[1008.735547] (-) TimerEvent: {}
[1008.840989] (-) TimerEvent: {}
[1008.947236] (-) TimerEvent: {}
[1009.048860] (-) TimerEvent: {}
[1009.150035] (-) TimerEvent: {}
[1009.232473] (gazebo_plugins) StdoutLine: {'line': b'[ 37%] \x1b[32mBuilding CXX object CMakeFiles/gazebo_ros_vacuum_gripper.dir/src/gazebo_ros_vacuum_gripper.cpp.o\x1b[0m\n'}
[1009.250268] (-) TimerEvent: {}
[1009.351553] (-) TimerEvent: {}
[1009.452892] (-) TimerEvent: {}
[1009.554008] (-) TimerEvent: {}
[1009.655327] (-) TimerEvent: {}
[1009.756975] (-) TimerEvent: {}
[1009.858196] (-) TimerEvent: {}
[1009.959413] (-) TimerEvent: {}
[1010.060665] (-) TimerEvent: {}
[1010.161995] (-) TimerEvent: {}
[1010.263191] (-) TimerEvent: {}
[1010.364513] (-) TimerEvent: {}
[1010.465875] (-) TimerEvent: {}
[1010.567158] (-) TimerEvent: {}
[1010.668480] (-) TimerEvent: {}
[1010.769773] (-) TimerEvent: {}
[1010.870977] (-) TimerEvent: {}
[1010.972296] (-) TimerEvent: {}
[1011.073680] (-) TimerEvent: {}
[1011.174829] (-) TimerEvent: {}
[1011.276504] (-) TimerEvent: {}
[1011.377692] (-) TimerEvent: {}
[1011.478909] (-) TimerEvent: {}
[1011.580175] (-) TimerEvent: {}
[1011.681491] (-) TimerEvent: {}
[1011.782728] (-) TimerEvent: {}
[1011.884048] (-) TimerEvent: {}
[1011.985357] (-) TimerEvent: {}
[1012.086598] (-) TimerEvent: {}
[1012.187817] (-) TimerEvent: {}
[1012.289410] (-) TimerEvent: {}
[1012.390626] (-) TimerEvent: {}
[1012.491853] (-) TimerEvent: {}
[1012.593312] (-) TimerEvent: {}
[1012.694564] (-) TimerEvent: {}
[1012.795726] (-) TimerEvent: {}
[1012.897066] (-) TimerEvent: {}
[1012.998207] (-) TimerEvent: {}
[1013.099308] (-) TimerEvent: {}
[1013.200503] (-) TimerEvent: {}
[1013.301644] (-) TimerEvent: {}
[1013.403904] (-) TimerEvent: {}
[1013.505252] (-) TimerEvent: {}
[1013.606395] (-) TimerEvent: {}
[1013.707556] (-) TimerEvent: {}
[1013.808697] (-) TimerEvent: {}
[1013.909789] (-) TimerEvent: {}
[1014.011023] (-) TimerEvent: {}
[1014.112352] (-) TimerEvent: {}
[1014.213449] (-) TimerEvent: {}
[1014.314609] (-) TimerEvent: {}
[1014.415732] (-) TimerEvent: {}
[1014.516865] (-) TimerEvent: {}
[1014.617986] (-) TimerEvent: {}
[1014.719159] (-) TimerEvent: {}
[1014.820429] (-) TimerEvent: {}
[1014.921490] (-) TimerEvent: {}
[1015.022660] (-) TimerEvent: {}
[1015.123938] (-) TimerEvent: {}
[1015.225189] (-) TimerEvent: {}
[1015.326507] (-) TimerEvent: {}
[1015.427680] (-) TimerEvent: {}
[1015.530529] (-) TimerEvent: {}
[1015.632430] (-) TimerEvent: {}
[1015.733639] (-) TimerEvent: {}
[1015.834826] (-) TimerEvent: {}
[1015.936039] (-) TimerEvent: {}
[1016.037399] (-) TimerEvent: {}
[1016.138591] (-) TimerEvent: {}
[1016.239904] (-) TimerEvent: {}
[1016.341379] (-) TimerEvent: {}
[1016.442459] (-) TimerEvent: {}
[1016.543553] (-) TimerEvent: {}
[1016.644636] (-) TimerEvent: {}
[1016.745859] (-) TimerEvent: {}
[1016.847981] (-) TimerEvent: {}
[1016.949167] (-) TimerEvent: {}
[1017.050281] (-) TimerEvent: {}
[1017.151341] (-) TimerEvent: {}
[1017.252520] (-) TimerEvent: {}
[1017.353680] (-) TimerEvent: {}
[1017.454786] (-) TimerEvent: {}
[1017.557088] (-) TimerEvent: {}
[1017.658262] (-) TimerEvent: {}
[1017.759391] (-) TimerEvent: {}
[1017.860728] (-) TimerEvent: {}
[1017.961908] (-) TimerEvent: {}
[1018.063068] (-) TimerEvent: {}
[1018.164459] (-) TimerEvent: {}
[1018.265756] (-) TimerEvent: {}
[1018.367016] (-) TimerEvent: {}
[1018.468464] (-) TimerEvent: {}
[1018.569656] (-) TimerEvent: {}
[1018.670731] (-) TimerEvent: {}
[1018.771976] (-) TimerEvent: {}
[1018.874254] (-) TimerEvent: {}
[1018.976517] (-) TimerEvent: {}
[1019.078300] (-) TimerEvent: {}
[1019.179970] (-) TimerEvent: {}
[1019.281470] (-) TimerEvent: {}
[1019.382686] (-) TimerEvent: {}
[1019.483920] (-) TimerEvent: {}
[1019.585218] (-) TimerEvent: {}
[1019.686265] (-) TimerEvent: {}
[1019.787633] (-) TimerEvent: {}
[1019.889035] (-) TimerEvent: {}
[1019.990308] (-) TimerEvent: {}
[1020.091547] (-) TimerEvent: {}
[1020.192765] (-) TimerEvent: {}
[1020.293895] (-) TimerEvent: {}
[1020.395107] (-) TimerEvent: {}
[1020.496448] (-) TimerEvent: {}
[1020.597581] (-) TimerEvent: {}
[1020.698621] (-) TimerEvent: {}
[1020.799731] (-) TimerEvent: {}
[1020.900885] (-) TimerEvent: {}
[1021.002007] (-) TimerEvent: {}
[1021.103132] (-) TimerEvent: {}
[1021.204316] (-) TimerEvent: {}
[1021.305490] (-) TimerEvent: {}
[1021.406555] (-) TimerEvent: {}
[1021.508787] (-) TimerEvent: {}
[1021.610463] (-) TimerEvent: {}
[1021.711425] (-) TimerEvent: {}
[1021.812448] (-) TimerEvent: {}
[1021.913412] (-) TimerEvent: {}
[1022.014377] (-) TimerEvent: {}
[1022.115315] (-) TimerEvent: {}
[1022.228488] (-) TimerEvent: {}
[1022.329415] (-) TimerEvent: {}
[1022.430378] (-) TimerEvent: {}
[1022.531355] (-) TimerEvent: {}
[1022.632427] (-) TimerEvent: {}
[1022.733390] (-) TimerEvent: {}
[1022.834331] (-) TimerEvent: {}
[1022.935368] (-) TimerEvent: {}
[1023.036391] (-) TimerEvent: {}
[1023.137366] (-) TimerEvent: {}
[1023.238334] (-) TimerEvent: {}
[1023.339318] (-) TimerEvent: {}
[1023.440407] (-) TimerEvent: {}
[1023.541445] (-) TimerEvent: {}
[1023.642530] (-) TimerEvent: {}
[1023.743659] (-) TimerEvent: {}
[1023.844917] (-) TimerEvent: {}
[1023.945945] (-) TimerEvent: {}
[1024.046928] (-) TimerEvent: {}
[1024.143463] (gazebo_plugins) StdoutLine: {'line': b'[ 38%] \x1b[32m\x1b[1mLinking CXX shared library libgazebo_ros_elevator.so\x1b[0m\n'}
[1024.147272] (-) TimerEvent: {}
[1024.248334] (-) TimerEvent: {}
[1024.349359] (-) TimerEvent: {}
[1024.450404] (-) TimerEvent: {}
[1024.551453] (-) TimerEvent: {}
[1024.652514] (-) TimerEvent: {}
[1024.753552] (-) TimerEvent: {}
[1024.854571] (-) TimerEvent: {}
[1024.955766] (-) TimerEvent: {}
[1025.057001] (-) TimerEvent: {}
[1025.158130] (-) TimerEvent: {}
[1025.259185] (-) TimerEvent: {}
[1025.360214] (-) TimerEvent: {}
[1025.461344] (-) TimerEvent: {}
[1025.562366] (-) TimerEvent: {}
[1025.663420] (-) TimerEvent: {}
[1025.765193] (-) TimerEvent: {}
[1025.866222] (-) TimerEvent: {}
[1025.967270] (-) TimerEvent: {}
[1026.068539] (-) TimerEvent: {}
[1026.169701] (-) TimerEvent: {}
[1026.270811] (-) TimerEvent: {}
[1026.371947] (-) TimerEvent: {}
[1026.473218] (-) TimerEvent: {}
[1026.574306] (-) TimerEvent: {}
[1026.675508] (-) TimerEvent: {}
[1026.776718] (-) TimerEvent: {}
[1026.877888] (-) TimerEvent: {}
[1026.979047] (-) TimerEvent: {}
[1027.080132] (-) TimerEvent: {}
[1027.181305] (-) TimerEvent: {}
[1027.282644] (-) TimerEvent: {}
[1027.383780] (-) TimerEvent: {}
[1027.484836] (-) TimerEvent: {}
[1027.585914] (-) TimerEvent: {}
[1027.687009] (-) TimerEvent: {}
[1027.690890] (gazebo_plugins) StdoutLine: {'line': b'[ 38%] Built target gazebo_ros_elevator\n'}
[1027.787328] (-) TimerEvent: {}
[1027.845487] (gazebo_plugins) StdoutLine: {'line': b'[ 39%] \x1b[32mBuilding CXX object CMakeFiles/gazebo_ros_planar_move.dir/src/gazebo_ros_planar_move.cpp.o\x1b[0m\n'}
[1027.887647] (-) TimerEvent: {}
[1027.950733] (gazebo_plugins) StdoutLine: {'line': b'[ 40%] \x1b[32m\x1b[1mLinking CXX shared library libgazebo_ros_hand_of_god.so\x1b[0m\n'}
[1027.987945] (-) TimerEvent: {}
[1028.089236] (-) TimerEvent: {}
[1028.190316] (-) TimerEvent: {}
[1028.292490] (-) TimerEvent: {}
[1028.393582] (-) TimerEvent: {}
[1028.494759] (-) TimerEvent: {}
[1028.595868] (-) TimerEvent: {}
[1028.697185] (-) TimerEvent: {}
[1028.798592] (-) TimerEvent: {}
[1028.899885] (-) TimerEvent: {}
[1029.001269] (-) TimerEvent: {}
[1029.102641] (-) TimerEvent: {}
[1029.203948] (-) TimerEvent: {}
[1029.306450] (-) TimerEvent: {}
[1029.407770] (-) TimerEvent: {}
[1029.509197] (-) TimerEvent: {}
[1029.610550] (-) TimerEvent: {}
[1029.711993] (-) TimerEvent: {}
[1029.813390] (-) TimerEvent: {}
[1029.914692] (-) TimerEvent: {}
[1030.015774] (-) TimerEvent: {}
[1030.116943] (-) TimerEvent: {}
[1030.218056] (-) TimerEvent: {}
[1030.319283] (-) TimerEvent: {}
[1030.420500] (-) TimerEvent: {}
[1030.521639] (-) TimerEvent: {}
[1030.622883] (-) TimerEvent: {}
[1030.724093] (-) TimerEvent: {}
[1030.825602] (-) TimerEvent: {}
[1030.926824] (-) TimerEvent: {}
[1031.027972] (-) TimerEvent: {}
[1031.035212] (gazebo_plugins) StdoutLine: {'line': b'[ 40%] Built target gazebo_ros_hand_of_god\n'}
[1031.128339] (-) TimerEvent: {}
[1031.230634] (-) TimerEvent: {}
[1031.331633] (-) TimerEvent: {}
[1031.332623] (gazebo_plugins) StdoutLine: {'line': b'[ 41%] \x1b[32mBuilding CXX object CMakeFiles/gazebo_ros_projector.dir/src/gazebo_ros_projector.cpp.o\x1b[0m\n'}
[1031.431965] (-) TimerEvent: {}
[1031.533107] (-) TimerEvent: {}
[1031.634107] (-) TimerEvent: {}
[1031.735023] (-) TimerEvent: {}
[1031.836009] (-) TimerEvent: {}
[1031.937384] (-) TimerEvent: {}
[1032.038387] (-) TimerEvent: {}
[1032.139346] (-) TimerEvent: {}
[1032.240644] (-) TimerEvent: {}
[1032.341645] (-) TimerEvent: {}
[1032.442646] (-) TimerEvent: {}
[1032.543650] (-) TimerEvent: {}
[1032.644947] (-) TimerEvent: {}
[1032.745925] (-) TimerEvent: {}
[1032.846890] (-) TimerEvent: {}
[1032.947923] (-) TimerEvent: {}
[1033.048998] (-) TimerEvent: {}
[1033.150044] (-) TimerEvent: {}
[1033.251051] (-) TimerEvent: {}
[1033.352853] (-) TimerEvent: {}
[1033.453788] (-) TimerEvent: {}
[1033.554766] (-) TimerEvent: {}
[1033.655794] (-) TimerEvent: {}
[1033.757066] (-) TimerEvent: {}
[1033.858044] (-) TimerEvent: {}
[1033.959038] (-) TimerEvent: {}
[1034.060043] (-) TimerEvent: {}
[1034.161241] (-) TimerEvent: {}
[1034.262407] (-) TimerEvent: {}
[1034.363434] (-) TimerEvent: {}
[1034.464511] (-) TimerEvent: {}
[1034.565541] (-) TimerEvent: {}
[1034.666622] (-) TimerEvent: {}
[1034.767599] (-) TimerEvent: {}
[1034.868641] (-) TimerEvent: {}
[1034.969592] (-) TimerEvent: {}
[1035.070577] (-) TimerEvent: {}
[1035.171600] (-) TimerEvent: {}
[1035.272851] (-) TimerEvent: {}
[1035.373923] (-) TimerEvent: {}
[1035.475010] (-) TimerEvent: {}
[1035.576136] (-) TimerEvent: {}
[1035.677453] (-) TimerEvent: {}
[1035.778545] (-) TimerEvent: {}
[1035.879690] (-) TimerEvent: {}
[1035.981083] (-) TimerEvent: {}
[1036.082870] (-) TimerEvent: {}
[1036.184457] (-) TimerEvent: {}
[1036.286192] (-) TimerEvent: {}
[1036.387913] (-) TimerEvent: {}
[1036.489140] (-) TimerEvent: {}
[1036.590110] (-) TimerEvent: {}
[1036.691194] (-) TimerEvent: {}
[1036.792210] (-) TimerEvent: {}
[1036.893310] (-) TimerEvent: {}
[1036.994437] (-) TimerEvent: {}
[1037.095436] (-) TimerEvent: {}
[1037.196559] (-) TimerEvent: {}
[1037.297518] (-) TimerEvent: {}
[1037.398816] (-) TimerEvent: {}
[1037.500662] (-) TimerEvent: {}
[1037.602412] (-) TimerEvent: {}
[1037.704196] (-) TimerEvent: {}
[1037.806100] (-) TimerEvent: {}
[1037.907934] (-) TimerEvent: {}
[1038.010136] (-) TimerEvent: {}
[1038.113865] (-) TimerEvent: {}
[1038.232613] (-) TimerEvent: {}
[1038.333783] (-) TimerEvent: {}
[1038.434919] (-) TimerEvent: {}
[1038.536125] (-) TimerEvent: {}
[1038.637352] (-) TimerEvent: {}
[1038.739644] (-) TimerEvent: {}
[1038.842061] (-) TimerEvent: {}
[1038.944764] (-) TimerEvent: {}
[1039.046517] (-) TimerEvent: {}
[1039.149684] (-) TimerEvent: {}
[1039.251719] (-) TimerEvent: {}
[1039.353759] (-) TimerEvent: {}
[1039.455428] (-) TimerEvent: {}
[1039.557225] (-) TimerEvent: {}
[1039.659138] (-) TimerEvent: {}
[1039.761223] (-) TimerEvent: {}
[1039.863298] (-) TimerEvent: {}
[1039.965469] (-) TimerEvent: {}
[1040.067610] (-) TimerEvent: {}
[1040.171483] (-) TimerEvent: {}
[1040.273744] (-) TimerEvent: {}
[1040.375448] (-) TimerEvent: {}
[1040.476682] (-) TimerEvent: {}
[1040.577839] (-) TimerEvent: {}
[1040.679040] (-) TimerEvent: {}
[1040.780823] (-) TimerEvent: {}
[1040.881855] (-) TimerEvent: {}
[1040.983018] (-) TimerEvent: {}
[1041.084397] (-) TimerEvent: {}
[1041.185660] (-) TimerEvent: {}
[1041.286888] (-) TimerEvent: {}
[1041.388323] (-) TimerEvent: {}
[1041.489588] (-) TimerEvent: {}
[1041.590816] (-) TimerEvent: {}
[1041.692009] (-) TimerEvent: {}
[1041.793294] (-) TimerEvent: {}
[1041.894502] (-) TimerEvent: {}
[1041.995692] (-) TimerEvent: {}
[1042.097022] (-) TimerEvent: {}
[1042.199467] (-) TimerEvent: {}
[1042.300814] (-) TimerEvent: {}
[1042.401993] (-) TimerEvent: {}
[1042.504584] (-) TimerEvent: {}
[1042.605773] (-) TimerEvent: {}
[1042.706999] (-) TimerEvent: {}
[1042.808480] (-) TimerEvent: {}
[1042.909710] (-) TimerEvent: {}
[1043.010824] (-) TimerEvent: {}
[1043.112118] (-) TimerEvent: {}
[1043.213480] (-) TimerEvent: {}
[1043.315358] (-) TimerEvent: {}
[1043.416733] (-) TimerEvent: {}
[1043.517969] (-) TimerEvent: {}
[1043.619210] (-) TimerEvent: {}
[1043.720614] (-) TimerEvent: {}
[1043.821824] (-) TimerEvent: {}
[1043.923202] (-) TimerEvent: {}
[1044.024470] (-) TimerEvent: {}
[1044.125699] (-) TimerEvent: {}
[1044.226941] (-) TimerEvent: {}
[1044.328602] (-) TimerEvent: {}
[1044.430332] (-) TimerEvent: {}
[1044.531412] (-) TimerEvent: {}
[1044.632781] (-) TimerEvent: {}
[1044.734391] (-) TimerEvent: {}
[1044.835586] (-) TimerEvent: {}
[1044.936828] (-) TimerEvent: {}
[1045.038047] (-) TimerEvent: {}
[1045.139261] (-) TimerEvent: {}
[1045.241575] (-) TimerEvent: {}
[1045.342826] (-) TimerEvent: {}
[1045.444111] (-) TimerEvent: {}
[1045.545671] (-) TimerEvent: {}
[1045.646913] (-) TimerEvent: {}
[1045.748036] (-) TimerEvent: {}
[1045.849132] (-) TimerEvent: {}
[1045.950299] (-) TimerEvent: {}
[1046.051376] (-) TimerEvent: {}
[1046.152651] (-) TimerEvent: {}
[1046.253799] (-) TimerEvent: {}
[1046.355962] (-) TimerEvent: {}
[1046.457226] (-) TimerEvent: {}
[1046.558385] (-) TimerEvent: {}
[1046.659518] (-) TimerEvent: {}
[1046.760632] (-) TimerEvent: {}
[1046.861795] (-) TimerEvent: {}
[1046.962903] (-) TimerEvent: {}
[1047.064008] (-) TimerEvent: {}
[1047.165132] (-) TimerEvent: {}
[1047.267430] (-) TimerEvent: {}
[1047.368649] (-) TimerEvent: {}
[1047.469821] (-) TimerEvent: {}
[1047.571030] (-) TimerEvent: {}
[1047.672397] (-) TimerEvent: {}
[1047.774637] (-) TimerEvent: {}
[1047.878549] (-) TimerEvent: {}
[1047.982634] (-) TimerEvent: {}
[1048.086520] (-) TimerEvent: {}
[1048.190458] (-) TimerEvent: {}
[1048.295646] (-) TimerEvent: {}
[1048.399278] (-) TimerEvent: {}
[1048.503111] (-) TimerEvent: {}
[1048.604111] (-) TimerEvent: {}
[1048.708028] (-) TimerEvent: {}
[1048.810403] (-) TimerEvent: {}
[1048.912637] (-) TimerEvent: {}
[1049.015931] (-) TimerEvent: {}
[1049.118096] (-) TimerEvent: {}
[1049.222356] (-) TimerEvent: {}
[1049.325895] (-) TimerEvent: {}
[1049.429825] (-) TimerEvent: {}
[1049.533282] (-) TimerEvent: {}
[1049.636862] (-) TimerEvent: {}
[1049.740948] (-) TimerEvent: {}
[1049.844829] (-) TimerEvent: {}
[1049.948463] (-) TimerEvent: {}
[1050.052497] (-) TimerEvent: {}
[1050.157323] (-) TimerEvent: {}
[1050.260777] (-) TimerEvent: {}
[1050.361871] (-) TimerEvent: {}
[1050.462825] (-) TimerEvent: {}
[1050.563822] (-) TimerEvent: {}
[1050.664942] (-) TimerEvent: {}
[1050.766655] (-) TimerEvent: {}
[1050.867623] (-) TimerEvent: {}
[1050.968653] (-) TimerEvent: {}
[1051.070027] (-) TimerEvent: {}
[1051.171056] (-) TimerEvent: {}
[1051.272012] (-) TimerEvent: {}
[1051.372996] (-) TimerEvent: {}
[1051.474267] (-) TimerEvent: {}
[1051.575351] (-) TimerEvent: {}
[1051.676924] (-) TimerEvent: {}
[1051.777865] (-) TimerEvent: {}
[1051.878937] (-) TimerEvent: {}
[1051.979968] (-) TimerEvent: {}
[1052.080988] (-) TimerEvent: {}
[1052.181936] (-) TimerEvent: {}
[1052.282999] (-) TimerEvent: {}
[1052.384459] (-) TimerEvent: {}
[1052.485437] (-) TimerEvent: {}
[1052.586464] (-) TimerEvent: {}
[1052.687471] (-) TimerEvent: {}
[1052.788490] (-) TimerEvent: {}
[1052.889446] (-) TimerEvent: {}
[1052.990596] (-) TimerEvent: {}
[1053.091689] (-) TimerEvent: {}
[1053.192739] (-) TimerEvent: {}
[1053.294822] (-) TimerEvent: {}
[1053.395698] (-) TimerEvent: {}
[1053.496714] (-) TimerEvent: {}
[1053.597651] (-) TimerEvent: {}
[1053.698597] (-) TimerEvent: {}
[1053.799598] (-) TimerEvent: {}
[1053.900924] (-) TimerEvent: {}
[1054.001946] (-) TimerEvent: {}
[1054.102927] (-) TimerEvent: {}
[1054.205192] (-) TimerEvent: {}
[1054.306196] (-) TimerEvent: {}
[1054.407167] (-) TimerEvent: {}
[1054.508212] (-) TimerEvent: {}
[1054.609280] (-) TimerEvent: {}
[1054.710223] (-) TimerEvent: {}
[1054.811190] (-) TimerEvent: {}
[1054.912823] (-) TimerEvent: {}
[1055.013945] (-) TimerEvent: {}
[1055.114971] (-) TimerEvent: {}
[1055.215950] (-) TimerEvent: {}
[1055.317495] (-) TimerEvent: {}
[1055.418517] (-) TimerEvent: {}
[1055.519507] (-) TimerEvent: {}
[1055.620483] (-) TimerEvent: {}
[1055.721490] (-) TimerEvent: {}
[1055.822862] (-) TimerEvent: {}
[1055.923823] (-) TimerEvent: {}
[1056.025007] (-) TimerEvent: {}
[1056.126069] (-) TimerEvent: {}
[1056.227196] (-) TimerEvent: {}
[1056.328132] (-) TimerEvent: {}
[1056.429223] (-) TimerEvent: {}
[1056.530301] (-) TimerEvent: {}
[1056.631337] (-) TimerEvent: {}
[1056.732592] (-) TimerEvent: {}
[1056.833671] (-) TimerEvent: {}
[1056.935200] (-) TimerEvent: {}
[1057.036557] (-) TimerEvent: {}
[1057.137585] (-) TimerEvent: {}
[1057.238546] (-) TimerEvent: {}
[1057.339567] (-) TimerEvent: {}
[1057.440633] (-) TimerEvent: {}
[1057.541662] (-) TimerEvent: {}
[1057.643014] (-) TimerEvent: {}
[1057.744512] (-) TimerEvent: {}
[1057.845634] (-) TimerEvent: {}
[1057.946507] (-) TimerEvent: {}
[1058.047530] (-) TimerEvent: {}
[1058.148608] (-) TimerEvent: {}
[1058.249636] (-) TimerEvent: {}
[1058.280202] (gazebo_plugins) StdoutLine: {'line': b'[ 43%] \x1b[32m\x1b[1mLinking CXX shared library libgazebo_ros_harness.so\x1b[0m\n'}
[1058.349947] (-) TimerEvent: {}
[1058.451106] (-) TimerEvent: {}
[1058.552331] (-) TimerEvent: {}
[1058.653469] (-) TimerEvent: {}
[1058.754525] (-) TimerEvent: {}
[1058.855552] (-) TimerEvent: {}
[1058.956703] (-) TimerEvent: {}
[1059.057905] (-) TimerEvent: {}
[1059.159029] (-) TimerEvent: {}
[1059.260289] (-) TimerEvent: {}
[1059.361397] (-) TimerEvent: {}
[1059.463521] (-) TimerEvent: {}
[1059.564911] (-) TimerEvent: {}
[1059.666239] (-) TimerEvent: {}
[1059.767493] (-) TimerEvent: {}
[1059.868880] (-) TimerEvent: {}
[1059.970263] (-) TimerEvent: {}
[1060.072170] (-) TimerEvent: {}
[1060.173539] (-) TimerEvent: {}
[1060.275227] (-) TimerEvent: {}
[1060.376785] (-) TimerEvent: {}
[1060.478040] (-) TimerEvent: {}
[1060.579129] (-) TimerEvent: {}
[1060.680214] (-) TimerEvent: {}
[1060.781557] (-) TimerEvent: {}
[1060.882756] (-) TimerEvent: {}
[1060.985330] (-) TimerEvent: {}
[1061.086493] (-) TimerEvent: {}
[1061.187666] (-) TimerEvent: {}
[1061.288807] (-) TimerEvent: {}
[1061.390085] (-) TimerEvent: {}
[1061.491345] (-) TimerEvent: {}
[1061.592954] (-) TimerEvent: {}
[1061.612928] (gazebo_plugins) StdoutLine: {'line': b'[ 44%] \x1b[32m\x1b[1mLinking CXX shared library libgazebo_ros_ackermann_drive.so\x1b[0m\n'}
[1061.704599] (-) TimerEvent: {}
[1061.806317] (-) TimerEvent: {}
[1061.908076] (-) TimerEvent: {}
[1062.010541] (-) TimerEvent: {}
[1062.112940] (-) TimerEvent: {}
[1062.215507] (-) TimerEvent: {}
[1062.316499] (-) TimerEvent: {}
[1062.421411] (-) TimerEvent: {}
[1062.438735] (gazebo_plugins) StdoutLine: {'line': b'[ 44%] Built target gazebo_ros_harness\n'}
[1062.521773] (-) TimerEvent: {}
[1062.622951] (-) TimerEvent: {}
[1062.724673] (-) TimerEvent: {}
[1062.827055] (-) TimerEvent: {}
[1062.928333] (-) TimerEvent: {}
[1063.029659] (-) TimerEvent: {}
[1063.130918] (-) TimerEvent: {}
[1063.232355] (-) TimerEvent: {}
[1063.333639] (-) TimerEvent: {}
[1063.435605] (-) TimerEvent: {}
[1063.538046] (-) TimerEvent: {}
[1063.639253] (-) TimerEvent: {}
[1063.740519] (-) TimerEvent: {}
[1063.841662] (-) TimerEvent: {}
[1063.943267] (-) TimerEvent: {}
[1064.044547] (-) TimerEvent: {}
[1064.145619] (-) TimerEvent: {}
[1064.246804] (-) TimerEvent: {}
[1064.347993] (-) TimerEvent: {}
[1064.449325] (-) TimerEvent: {}
[1064.550508] (-) TimerEvent: {}
[1064.651727] (-) TimerEvent: {}
[1064.753786] (-) TimerEvent: {}
[1064.854978] (-) TimerEvent: {}
[1064.956134] (-) TimerEvent: {}
[1065.057323] (-) TimerEvent: {}
[1065.158360] (-) TimerEvent: {}
[1065.259854] (-) TimerEvent: {}
[1065.361080] (-) TimerEvent: {}
[1065.462207] (-) TimerEvent: {}
[1065.563309] (-) TimerEvent: {}
[1065.664503] (-) TimerEvent: {}
[1065.765557] (-) TimerEvent: {}
[1065.866482] (-) TimerEvent: {}
[1065.926370] (gazebo_plugins) StdoutLine: {'line': b'[ 44%] Built target gazebo_ros_ackermann_drive\n'}
[1065.966829] (-) TimerEvent: {}
[1066.067936] (-) TimerEvent: {}
[1066.169181] (-) TimerEvent: {}
[1066.270294] (-) TimerEvent: {}
[1066.371283] (-) TimerEvent: {}
[1066.472451] (-) TimerEvent: {}
[1066.573498] (-) TimerEvent: {}
[1066.674631] (-) TimerEvent: {}
[1066.775622] (-) TimerEvent: {}
[1066.876619] (-) TimerEvent: {}
[1066.977689] (-) TimerEvent: {}
[1067.078742] (-) TimerEvent: {}
[1067.179851] (-) TimerEvent: {}
[1067.281004] (-) TimerEvent: {}
[1067.382098] (-) TimerEvent: {}
[1067.483115] (-) TimerEvent: {}
[1067.584148] (-) TimerEvent: {}
[1067.685368] (-) TimerEvent: {}
[1067.786463] (-) TimerEvent: {}
[1067.887651] (-) TimerEvent: {}
[1067.988815] (-) TimerEvent: {}
[1068.089996] (-) TimerEvent: {}
[1068.191138] (-) TimerEvent: {}
[1068.292147] (-) TimerEvent: {}
[1068.393359] (-) TimerEvent: {}
[1068.494366] (-) TimerEvent: {}
[1068.595456] (-) TimerEvent: {}
[1068.696616] (-) TimerEvent: {}
[1068.797778] (-) TimerEvent: {}
[1068.898931] (-) TimerEvent: {}
[1068.999981] (-) TimerEvent: {}
[1069.101141] (-) TimerEvent: {}
[1069.202270] (-) TimerEvent: {}
[1069.303425] (-) TimerEvent: {}
[1069.404607] (-) TimerEvent: {}
[1069.505726] (-) TimerEvent: {}
[1069.606899] (-) TimerEvent: {}
[1069.708022] (-) TimerEvent: {}
[1069.809244] (-) TimerEvent: {}
[1069.910329] (-) TimerEvent: {}
[1070.011512] (-) TimerEvent: {}
[1070.112571] (-) TimerEvent: {}
[1070.213600] (-) TimerEvent: {}
[1070.314753] (-) TimerEvent: {}
[1070.415837] (-) TimerEvent: {}
[1070.517184] (-) TimerEvent: {}
[1070.618207] (-) TimerEvent: {}
[1070.719202] (-) TimerEvent: {}
[1070.820359] (-) TimerEvent: {}
[1070.921427] (-) TimerEvent: {}
[1071.022564] (-) TimerEvent: {}
[1071.123693] (-) TimerEvent: {}
[1071.224874] (-) TimerEvent: {}
[1071.326326] (-) TimerEvent: {}
[1071.427353] (-) TimerEvent: {}
[1071.528570] (-) TimerEvent: {}
[1071.629604] (-) TimerEvent: {}
[1071.730655] (-) TimerEvent: {}
[1071.831690] (-) TimerEvent: {}
[1071.932918] (-) TimerEvent: {}
[1072.033994] (-) TimerEvent: {}
[1072.135135] (-) TimerEvent: {}
[1072.236158] (-) TimerEvent: {}
[1072.337339] (-) TimerEvent: {}
[1072.438372] (-) TimerEvent: {}
[1072.539476] (-) TimerEvent: {}
[1072.640684] (-) TimerEvent: {}
[1072.741837] (-) TimerEvent: {}
[1072.842912] (-) TimerEvent: {}
[1072.944132] (-) TimerEvent: {}
[1073.045355] (-) TimerEvent: {}
[1073.146422] (-) TimerEvent: {}
[1073.247537] (-) TimerEvent: {}
[1073.348570] (-) TimerEvent: {}
[1073.449659] (-) TimerEvent: {}
[1073.550762] (-) TimerEvent: {}
[1073.651881] (-) TimerEvent: {}
[1073.753037] (-) TimerEvent: {}
[1073.854148] (-) TimerEvent: {}
[1073.955245] (-) TimerEvent: {}
[1074.056366] (-) TimerEvent: {}
[1074.157348] (-) TimerEvent: {}
[1074.258417] (-) TimerEvent: {}
[1074.359570] (-) TimerEvent: {}
[1074.460601] (-) TimerEvent: {}
[1074.561663] (-) TimerEvent: {}
[1074.662731] (-) TimerEvent: {}
[1074.763945] (-) TimerEvent: {}
[1074.865201] (-) TimerEvent: {}
[1074.966294] (-) TimerEvent: {}
[1075.067418] (-) TimerEvent: {}
[1075.168545] (-) TimerEvent: {}
[1075.269540] (-) TimerEvent: {}
[1075.370588] (-) TimerEvent: {}
[1075.471558] (-) TimerEvent: {}
[1075.572699] (-) TimerEvent: {}
[1075.673856] (-) TimerEvent: {}
[1075.775074] (-) TimerEvent: {}
[1075.876377] (-) TimerEvent: {}
[1075.977522] (-) TimerEvent: {}
[1076.078801] (-) TimerEvent: {}
[1076.179869] (-) TimerEvent: {}
[1076.281019] (-) TimerEvent: {}
[1076.382136] (-) TimerEvent: {}
[1076.483272] (-) TimerEvent: {}
[1076.584423] (-) TimerEvent: {}
[1076.685507] (-) TimerEvent: {}
[1076.786518] (-) TimerEvent: {}
[1076.887600] (-) TimerEvent: {}
[1076.988764] (-) TimerEvent: {}
[1077.089823] (-) TimerEvent: {}
[1077.191032] (-) TimerEvent: {}
[1077.292199] (-) TimerEvent: {}
[1077.393388] (-) TimerEvent: {}
[1077.494442] (-) TimerEvent: {}
[1077.595584] (-) TimerEvent: {}
[1077.696854] (-) TimerEvent: {}
[1077.797986] (-) TimerEvent: {}
[1077.899237] (-) TimerEvent: {}
[1078.000554] (-) TimerEvent: {}
[1078.101718] (-) TimerEvent: {}
[1078.202904] (-) TimerEvent: {}
[1078.304018] (-) TimerEvent: {}
[1078.405141] (-) TimerEvent: {}
[1078.506257] (-) TimerEvent: {}
[1078.607358] (-) TimerEvent: {}
[1078.708503] (-) TimerEvent: {}
[1078.809801] (-) TimerEvent: {}
[1078.910979] (-) TimerEvent: {}
[1079.012177] (-) TimerEvent: {}
[1079.113388] (-) TimerEvent: {}
[1079.214608] (-) TimerEvent: {}
[1079.315781] (-) TimerEvent: {}
[1079.416930] (-) TimerEvent: {}
[1079.518078] (-) TimerEvent: {}
[1079.619255] (-) TimerEvent: {}
[1079.720554] (-) TimerEvent: {}
[1079.821666] (-) TimerEvent: {}
[1079.922783] (-) TimerEvent: {}
[1080.023934] (-) TimerEvent: {}
[1080.125114] (-) TimerEvent: {}
[1080.226232] (-) TimerEvent: {}
[1080.327484] (-) TimerEvent: {}
[1080.428544] (-) TimerEvent: {}
[1080.529767] (-) TimerEvent: {}
[1080.630869] (-) TimerEvent: {}
[1080.731957] (-) TimerEvent: {}
[1080.833163] (-) TimerEvent: {}
[1080.934282] (-) TimerEvent: {}
[1081.035353] (-) TimerEvent: {}
[1081.136563] (-) TimerEvent: {}
[1081.237664] (-) TimerEvent: {}
[1081.338783] (-) TimerEvent: {}
[1081.440029] (-) TimerEvent: {}
[1081.541198] (-) TimerEvent: {}
[1081.642343] (-) TimerEvent: {}
[1081.743430] (-) TimerEvent: {}
[1081.844676] (-) TimerEvent: {}
[1081.945762] (-) TimerEvent: {}
[1082.046932] (-) TimerEvent: {}
[1082.148039] (-) TimerEvent: {}
[1082.249167] (-) TimerEvent: {}
[1082.350203] (-) TimerEvent: {}
[1082.451418] (-) TimerEvent: {}
[1082.552533] (-) TimerEvent: {}
[1082.653612] (-) TimerEvent: {}
[1082.754638] (-) TimerEvent: {}
[1082.855787] (-) TimerEvent: {}
[1082.956899] (-) TimerEvent: {}
[1083.058116] (-) TimerEvent: {}
[1083.159388] (-) TimerEvent: {}
[1083.260579] (-) TimerEvent: {}
[1083.361861] (-) TimerEvent: {}
[1083.463003] (-) TimerEvent: {}
[1083.564073] (-) TimerEvent: {}
[1083.665128] (-) TimerEvent: {}
[1083.766308] (-) TimerEvent: {}
[1083.867465] (-) TimerEvent: {}
[1083.968830] (-) TimerEvent: {}
[1084.069951] (-) TimerEvent: {}
[1084.171215] (-) TimerEvent: {}
[1084.272440] (-) TimerEvent: {}
[1084.373654] (-) TimerEvent: {}
[1084.474783] (-) TimerEvent: {}
[1084.575874] (-) TimerEvent: {}
[1084.676997] (-) TimerEvent: {}
[1084.778123] (-) TimerEvent: {}
[1084.879279] (-) TimerEvent: {}
[1084.980409] (-) TimerEvent: {}
[1085.081380] (-) TimerEvent: {}
[1085.182462] (-) TimerEvent: {}
[1085.283563] (-) TimerEvent: {}
[1085.384793] (-) TimerEvent: {}
[1085.485846] (-) TimerEvent: {}
[1085.587113] (-) TimerEvent: {}
[1085.688155] (-) TimerEvent: {}
[1085.789388] (-) TimerEvent: {}
[1085.890528] (-) TimerEvent: {}
[1085.991599] (-) TimerEvent: {}
[1086.092663] (-) TimerEvent: {}
[1086.193790] (-) TimerEvent: {}
[1086.294942] (-) TimerEvent: {}
[1086.396069] (-) TimerEvent: {}
[1086.497188] (-) TimerEvent: {}
[1086.598460] (-) TimerEvent: {}
[1086.699574] (-) TimerEvent: {}
[1086.800742] (-) TimerEvent: {}
[1086.901882] (-) TimerEvent: {}
[1087.003024] (-) TimerEvent: {}
[1087.104122] (-) TimerEvent: {}
[1087.205306] (-) TimerEvent: {}
[1087.306459] (-) TimerEvent: {}
[1087.407780] (-) TimerEvent: {}
[1087.508942] (-) TimerEvent: {}
[1087.609992] (-) TimerEvent: {}
[1087.711091] (-) TimerEvent: {}
[1087.812346] (-) TimerEvent: {}
[1087.913523] (-) TimerEvent: {}
[1088.014635] (-) TimerEvent: {}
[1088.115843] (-) TimerEvent: {}
[1088.217074] (-) TimerEvent: {}
[1088.318260] (-) TimerEvent: {}
[1088.419304] (-) TimerEvent: {}
[1088.520566] (-) TimerEvent: {}
[1088.621685] (-) TimerEvent: {}
[1088.722863] (-) TimerEvent: {}
[1088.823948] (-) TimerEvent: {}
[1088.925183] (-) TimerEvent: {}
[1089.026240] (-) TimerEvent: {}
[1089.127380] (-) TimerEvent: {}
[1089.229455] (-) TimerEvent: {}
[1089.330556] (-) TimerEvent: {}
[1089.431860] (-) TimerEvent: {}
[1089.533080] (-) TimerEvent: {}
[1089.634233] (-) TimerEvent: {}
[1089.735380] (-) TimerEvent: {}
[1089.836505] (-) TimerEvent: {}
[1089.937793] (-) TimerEvent: {}
[1090.038924] (-) TimerEvent: {}
[1090.140169] (-) TimerEvent: {}
[1090.241514] (-) TimerEvent: {}
[1090.342690] (-) TimerEvent: {}
[1090.398405] (gazebo_plugins) StdoutLine: {'line': b'[ 45%] \x1b[32m\x1b[1mLinking CXX shared library libgazebo_ros_vacuum_gripper.so\x1b[0m\n'}
[1090.443035] (-) TimerEvent: {}
[1090.545129] (-) TimerEvent: {}
[1090.646119] (-) TimerEvent: {}
[1090.747186] (-) TimerEvent: {}
[1090.848925] (-) TimerEvent: {}
[1090.950330] (-) TimerEvent: {}
[1091.051761] (-) TimerEvent: {}
[1091.153674] (-) TimerEvent: {}
[1091.255908] (-) TimerEvent: {}
[1091.364836] (-) TimerEvent: {}
[1091.471878] (-) TimerEvent: {}
[1091.579324] (-) TimerEvent: {}
[1091.686651] (-) TimerEvent: {}
[1091.794790] (-) TimerEvent: {}
[1091.901829] (-) TimerEvent: {}
[1092.006529] (-) TimerEvent: {}
[1092.110770] (-) TimerEvent: {}
[1092.218481] (-) TimerEvent: {}
[1092.327183] (-) TimerEvent: {}
[1092.432514] (-) TimerEvent: {}
[1092.538202] (-) TimerEvent: {}
[1092.644953] (-) TimerEvent: {}
[1092.751497] (-) TimerEvent: {}
[1092.856572] (-) TimerEvent: {}
[1092.883138] (gazebo_plugins) StdoutLine: {'line': b'[ 45%] Built target gazebo_ros_vacuum_gripper\n'}
[1092.956865] (-) TimerEvent: {}
[1093.058079] (-) TimerEvent: {}
[1093.159229] (-) TimerEvent: {}
[1093.260631] (-) TimerEvent: {}
[1093.361696] (-) TimerEvent: {}
[1093.462993] (-) TimerEvent: {}
[1093.564340] (-) TimerEvent: {}
[1093.665519] (-) TimerEvent: {}
[1093.766768] (-) TimerEvent: {}
[1093.867900] (-) TimerEvent: {}
[1093.969647] (-) TimerEvent: {}
[1094.070677] (-) TimerEvent: {}
[1094.171848] (-) TimerEvent: {}
[1094.273162] (-) TimerEvent: {}
[1094.374311] (-) TimerEvent: {}
[1094.475594] (-) TimerEvent: {}
[1094.576916] (-) TimerEvent: {}
[1094.678581] (-) TimerEvent: {}
[1094.779743] (-) TimerEvent: {}
[1094.880968] (-) TimerEvent: {}
[1094.982155] (-) TimerEvent: {}
[1095.083343] (-) TimerEvent: {}
[1095.184580] (-) TimerEvent: {}
[1095.285713] (-) TimerEvent: {}
[1095.386737] (-) TimerEvent: {}
[1095.487820] (-) TimerEvent: {}
[1095.589152] (-) TimerEvent: {}
[1095.690307] (-) TimerEvent: {}
[1095.791390] (-) TimerEvent: {}
[1095.892577] (-) TimerEvent: {}
[1095.993698] (-) TimerEvent: {}
[1096.094864] (-) TimerEvent: {}
[1096.195987] (-) TimerEvent: {}
[1096.297245] (-) TimerEvent: {}
[1096.398308] (-) TimerEvent: {}
[1096.499453] (-) TimerEvent: {}
[1096.600542] (-) TimerEvent: {}
[1096.701784] (-) TimerEvent: {}
[1096.803914] (-) TimerEvent: {}
[1096.905001] (-) TimerEvent: {}
[1097.006129] (-) TimerEvent: {}
[1097.107454] (-) TimerEvent: {}
[1097.208874] (-) TimerEvent: {}
[1097.310189] (-) TimerEvent: {}
[1097.411266] (-) TimerEvent: {}
[1097.512524] (-) TimerEvent: {}
[1097.613597] (-) TimerEvent: {}
[1097.714773] (-) TimerEvent: {}
[1097.816098] (-) TimerEvent: {}
[1097.917358] (-) TimerEvent: {}
[1098.018529] (-) TimerEvent: {}
[1098.119561] (-) TimerEvent: {}
[1098.221042] (-) TimerEvent: {}
[1098.322280] (-) TimerEvent: {}
[1098.425166] (-) TimerEvent: {}
[1098.526696] (-) TimerEvent: {}
[1098.627990] (-) TimerEvent: {}
[1098.729180] (-) TimerEvent: {}
[1098.830290] (-) TimerEvent: {}
[1098.931337] (-) TimerEvent: {}
[1099.032701] (-) TimerEvent: {}
[1099.133853] (-) TimerEvent: {}
[1099.235403] (-) TimerEvent: {}
[1099.336697] (-) TimerEvent: {}
[1099.437850] (-) TimerEvent: {}
[1099.538971] (-) TimerEvent: {}
[1099.640172] (-) TimerEvent: {}
[1099.741496] (-) TimerEvent: {}
[1099.843176] (-) TimerEvent: {}
[1099.944306] (-) TimerEvent: {}
[1100.045541] (-) TimerEvent: {}
[1100.146765] (-) TimerEvent: {}
[1100.247824] (-) TimerEvent: {}
[1100.349189] (-) TimerEvent: {}
[1100.450370] (-) TimerEvent: {}
[1100.551489] (-) TimerEvent: {}
[1100.656670] (-) TimerEvent: {}
[1100.759147] (-) TimerEvent: {}
[1100.862112] (-) TimerEvent: {}
[1100.963133] (-) TimerEvent: {}
[1101.064507] (-) TimerEvent: {}
[1101.165704] (-) TimerEvent: {}
[1101.266810] (-) TimerEvent: {}
[1101.367982] (-) TimerEvent: {}
[1101.469232] (-) TimerEvent: {}
[1101.570342] (-) TimerEvent: {}
[1101.671462] (-) TimerEvent: {}
[1101.772698] (-) TimerEvent: {}
[1101.873769] (-) TimerEvent: {}
[1101.974873] (-) TimerEvent: {}
[1102.076631] (-) TimerEvent: {}
[1102.177850] (-) TimerEvent: {}
[1102.278993] (-) TimerEvent: {}
[1102.380095] (-) TimerEvent: {}
[1102.481217] (-) TimerEvent: {}
[1102.582174] (-) TimerEvent: {}
[1102.683196] (-) TimerEvent: {}
[1102.785349] (-) TimerEvent: {}
[1102.887024] (-) TimerEvent: {}
[1102.988501] (-) TimerEvent: {}
[1103.090583] (-) TimerEvent: {}
[1103.192196] (-) TimerEvent: {}
[1103.293769] (-) TimerEvent: {}
[1103.395831] (-) TimerEvent: {}
[1103.497372] (-) TimerEvent: {}
[1103.599522] (-) TimerEvent: {}
[1103.700965] (-) TimerEvent: {}
[1103.801982] (-) TimerEvent: {}
[1103.904097] (-) TimerEvent: {}
[1104.006530] (-) TimerEvent: {}
[1104.107876] (-) TimerEvent: {}
[1104.209407] (-) TimerEvent: {}
[1104.311294] (-) TimerEvent: {}
[1104.412465] (-) TimerEvent: {}
[1104.513925] (-) TimerEvent: {}
[1104.615000] (-) TimerEvent: {}
[1104.716123] (-) TimerEvent: {}
[1104.817241] (-) TimerEvent: {}
[1104.918285] (-) TimerEvent: {}
[1105.019328] (-) TimerEvent: {}
[1105.120458] (-) TimerEvent: {}
[1105.221528] (-) TimerEvent: {}
[1105.323410] (-) TimerEvent: {}
[1105.426696] (-) TimerEvent: {}
[1105.528050] (-) TimerEvent: {}
[1105.629146] (-) TimerEvent: {}
[1105.730944] (-) TimerEvent: {}
[1105.832084] (-) TimerEvent: {}
[1105.934176] (-) TimerEvent: {}
[1106.036599] (-) TimerEvent: {}
[1106.138868] (-) TimerEvent: {}
[1106.240772] (-) TimerEvent: {}
[1106.342512] (-) TimerEvent: {}
[1106.444501] (-) TimerEvent: {}
[1106.545502] (-) TimerEvent: {}
[1106.647229] (-) TimerEvent: {}
[1106.748366] (-) TimerEvent: {}
[1106.760912] (gazebo_plugins) StdoutLine: {'line': b'[ 46%] \x1b[32m\x1b[1mLinking CXX shared library libgazebo_ros_joint_pose_trajectory.so\x1b[0m\n'}
[1106.848964] (-) TimerEvent: {}
[1106.951808] (-) TimerEvent: {}
[1107.052984] (-) TimerEvent: {}
[1107.154401] (-) TimerEvent: {}
[1107.255392] (-) TimerEvent: {}
[1107.356430] (-) TimerEvent: {}
[1107.457514] (-) TimerEvent: {}
[1107.558758] (-) TimerEvent: {}
[1107.660152] (-) TimerEvent: {}
[1107.761400] (-) TimerEvent: {}
[1107.862559] (-) TimerEvent: {}
[1107.963757] (-) TimerEvent: {}
[1108.065995] (-) TimerEvent: {}
[1108.167190] (-) TimerEvent: {}
[1108.268475] (-) TimerEvent: {}
[1108.369634] (-) TimerEvent: {}
[1108.471529] (-) TimerEvent: {}
[1108.572887] (-) TimerEvent: {}
[1108.674180] (-) TimerEvent: {}
[1108.775425] (-) TimerEvent: {}
[1108.876514] (-) TimerEvent: {}
[1108.977426] (-) TimerEvent: {}
[1109.078520] (-) TimerEvent: {}
[1109.179548] (-) TimerEvent: {}
[1109.280777] (-) TimerEvent: {}
[1109.381845] (-) TimerEvent: {}
[1109.483018] (-) TimerEvent: {}
[1109.584308] (-) TimerEvent: {}
[1109.685878] (-) TimerEvent: {}
[1109.786888] (-) TimerEvent: {}
[1109.888059] (-) TimerEvent: {}
[1109.974965] (gazebo_plugins) StdoutLine: {'line': b'[ 46%] Built target gazebo_ros_joint_pose_trajectory\n'}
[1109.988493] (-) TimerEvent: {}
[1110.089490] (-) TimerEvent: {}
[1110.094695] (gazebo_plugins) StdoutLine: {'line': b'[ 47%] \x1b[32mBuilding CXX object gtest/CMakeFiles/gtest.dir/src/gtest-all.cc.o\x1b[0m\n'}
[1110.097231] (gazebo_plugins) StdoutLine: {'line': b'[ 48%] \x1b[32mBuilding CXX object gtest/CMakeFiles/gtest_main.dir/src/gtest_main.cc.o\x1b[0m\n'}
[1110.190230] (-) TimerEvent: {}
[1110.292503] (-) TimerEvent: {}
[1110.396662] (-) TimerEvent: {}
[1110.497780] (-) TimerEvent: {}
[1110.602815] (-) TimerEvent: {}
[1110.707378] (-) TimerEvent: {}
[1110.812404] (-) TimerEvent: {}
[1110.917506] (-) TimerEvent: {}
[1111.022152] (-) TimerEvent: {}
[1111.128067] (-) TimerEvent: {}
[1111.232150] (-) TimerEvent: {}
[1111.344433] (-) TimerEvent: {}
[1111.449081] (-) TimerEvent: {}
[1111.553130] (-) TimerEvent: {}
[1111.657269] (-) TimerEvent: {}
[1111.761681] (-) TimerEvent: {}
[1111.865893] (-) TimerEvent: {}
[1111.975290] (-) TimerEvent: {}
[1112.079422] (-) TimerEvent: {}
[1112.183398] (-) TimerEvent: {}
[1112.287431] (-) TimerEvent: {}
[1112.392707] (-) TimerEvent: {}
[1112.497106] (-) TimerEvent: {}
[1112.604680] (-) TimerEvent: {}
[1112.709301] (-) TimerEvent: {}
[1112.815051] (-) TimerEvent: {}
[1112.920511] (-) TimerEvent: {}
[1113.025845] (-) TimerEvent: {}
[1113.129562] (-) TimerEvent: {}
[1113.231397] (-) TimerEvent: {}
[1113.339475] (-) TimerEvent: {}
[1113.444318] (-) TimerEvent: {}
[1113.548942] (-) TimerEvent: {}
[1113.653282] (-) TimerEvent: {}
[1113.673759] (gazebo_plugins) StdoutLine: {'line': b'[ 50%] \x1b[32m\x1b[1mLinking CXX static library libgtest_main.a\x1b[0m\n'}
[1113.753608] (-) TimerEvent: {}
[1113.854749] (-) TimerEvent: {}
[1113.877156] (gazebo_plugins) StdoutLine: {'line': b'[ 50%] Built target gtest_main\n'}
[1113.955361] (-) TimerEvent: {}
[1114.029322] (gazebo_plugins) StdoutLine: {'line': b'[ 51%] \x1b[32mBuilding CXX object CMakeFiles/gazebo_ros_camera.dir/src/gazebo_ros_camera.cpp.o\x1b[0m\n'}
[1114.032710] (gazebo_plugins) StdoutLine: {'line': b'[ 52%] \x1b[32mBuilding CXX object CMakeFiles/gazebo_ros_wheel_slip.dir/src/gazebo_ros_wheel_slip.cpp.o\x1b[0m\n'}
[1114.055636] (-) TimerEvent: {}
[1114.159294] (-) TimerEvent: {}
[1114.261214] (-) TimerEvent: {}
[1114.362240] (-) TimerEvent: {}
[1114.463402] (-) TimerEvent: {}
[1114.565036] (-) TimerEvent: {}
[1114.670294] (-) TimerEvent: {}
[1114.771726] (-) TimerEvent: {}
[1114.877084] (-) TimerEvent: {}
[1114.978825] (-) TimerEvent: {}
[1115.080756] (-) TimerEvent: {}
[1115.182832] (-) TimerEvent: {}
[1115.284831] (-) TimerEvent: {}
[1115.386690] (-) TimerEvent: {}
[1115.488612] (-) TimerEvent: {}
[1115.590578] (-) TimerEvent: {}
[1115.696527] (-) TimerEvent: {}
[1115.804376] (-) TimerEvent: {}
[1115.910613] (-) TimerEvent: {}
[1116.016419] (-) TimerEvent: {}
[1116.121927] (-) TimerEvent: {}
[1116.227083] (-) TimerEvent: {}
[1116.341462] (-) TimerEvent: {}
[1116.445179] (-) TimerEvent: {}
[1116.550593] (-) TimerEvent: {}
[1116.656044] (-) TimerEvent: {}
[1116.758427] (-) TimerEvent: {}
[1116.862679] (-) TimerEvent: {}
[1116.967194] (-) TimerEvent: {}
[1117.071917] (-) TimerEvent: {}
[1117.177544] (-) TimerEvent: {}
[1117.282666] (-) TimerEvent: {}
[1117.393150] (-) TimerEvent: {}
[1117.499110] (-) TimerEvent: {}
[1117.603124] (-) TimerEvent: {}
[1117.709929] (-) TimerEvent: {}
[1117.816589] (-) TimerEvent: {}
[1117.922498] (-) TimerEvent: {}
[1118.028501] (-) TimerEvent: {}
[1118.134276] (-) TimerEvent: {}
[1118.247858] (-) TimerEvent: {}
[1118.349189] (-) TimerEvent: {}
[1118.457598] (-) TimerEvent: {}
[1118.558733] (-) TimerEvent: {}
[1118.662160] (-) TimerEvent: {}
[1118.768621] (-) TimerEvent: {}
[1118.878968] (-) TimerEvent: {}
[1118.984552] (-) TimerEvent: {}
[1119.090866] (-) TimerEvent: {}
[1119.197326] (-) TimerEvent: {}
[1119.302359] (-) TimerEvent: {}
[1119.406726] (-) TimerEvent: {}
[1119.511808] (-) TimerEvent: {}
[1119.613518] (-) TimerEvent: {}
[1119.718713] (-) TimerEvent: {}
[1119.819824] (-) TimerEvent: {}
[1119.922019] (-) TimerEvent: {}
[1120.023417] (-) TimerEvent: {}
[1120.125103] (-) TimerEvent: {}
[1120.230159] (-) TimerEvent: {}
[1120.331890] (-) TimerEvent: {}
[1120.433072] (-) TimerEvent: {}
[1120.534173] (-) TimerEvent: {}
[1120.635389] (-) TimerEvent: {}
[1120.736632] (-) TimerEvent: {}
[1120.837765] (-) TimerEvent: {}
[1120.939897] (-) TimerEvent: {}
[1121.041684] (-) TimerEvent: {}
[1121.143625] (-) TimerEvent: {}
[1121.245173] (-) TimerEvent: {}
[1121.346605] (-) TimerEvent: {}
[1121.448063] (-) TimerEvent: {}
[1121.549304] (-) TimerEvent: {}
[1121.650773] (-) TimerEvent: {}
[1121.751955] (-) TimerEvent: {}
[1121.853395] (-) TimerEvent: {}
[1121.954607] (-) TimerEvent: {}
[1122.055918] (-) TimerEvent: {}
[1122.157334] (-) TimerEvent: {}
[1122.258595] (-) TimerEvent: {}
[1122.360436] (-) TimerEvent: {}
[1122.462597] (-) TimerEvent: {}
[1122.568490] (-) TimerEvent: {}
[1122.677333] (-) TimerEvent: {}
[1122.778739] (-) TimerEvent: {}
[1122.879973] (-) TimerEvent: {}
[1122.981546] (-) TimerEvent: {}
[1123.083058] (-) TimerEvent: {}
[1123.184455] (-) TimerEvent: {}
[1123.285527] (-) TimerEvent: {}
[1123.387185] (-) TimerEvent: {}
[1123.490044] (-) TimerEvent: {}
[1123.595371] (-) TimerEvent: {}
[1123.697449] (-) TimerEvent: {}
[1123.800857] (-) TimerEvent: {}
[1123.911213] (-) TimerEvent: {}
[1124.017156] (-) TimerEvent: {}
[1124.118886] (-) TimerEvent: {}
[1124.222286] (-) TimerEvent: {}
[1124.325781] (-) TimerEvent: {}
[1124.432480] (-) TimerEvent: {}
[1124.533534] (-) TimerEvent: {}
[1124.637691] (-) TimerEvent: {}
[1124.695259] (gazebo_plugins) StdoutLine: {'line': b'[ 53%] \x1b[32m\x1b[1mLinking CXX shared library libgazebo_ros_planar_move.so\x1b[0m\n'}
[1124.737955] (-) TimerEvent: {}
[1124.839096] (-) TimerEvent: {}
[1124.940151] (-) TimerEvent: {}
[1125.041858] (-) TimerEvent: {}
[1125.142978] (-) TimerEvent: {}
[1125.244106] (-) TimerEvent: {}
[1125.345268] (-) TimerEvent: {}
[1125.446594] (-) TimerEvent: {}
[1125.547794] (-) TimerEvent: {}
[1125.648952] (-) TimerEvent: {}
[1125.750064] (-) TimerEvent: {}
[1125.851138] (-) TimerEvent: {}
[1125.952315] (-) TimerEvent: {}
[1126.054258] (-) TimerEvent: {}
[1126.066873] (gazebo_plugins) StdoutLine: {'line': b'[ 54%] \x1b[32m\x1b[1mLinking CXX static library libgtest.a\x1b[0m\n'}
[1126.154570] (-) TimerEvent: {}
[1126.255784] (-) TimerEvent: {}
[1126.357044] (-) TimerEvent: {}
[1126.458192] (-) TimerEvent: {}
[1126.556481] (gazebo_plugins) StdoutLine: {'line': b'[ 54%] Built target gtest\n'}
[1126.558333] (-) TimerEvent: {}
[1126.659407] (-) TimerEvent: {}
[1126.731656] (gazebo_plugins) StdoutLine: {'line': b'[ 55%] \x1b[32mBuilding CXX object test/CMakeFiles/test_gazebo_ros_ackermann_drive.dir/test_gazebo_ros_ackermann_drive.cpp.o\x1b[0m\n'}
[1126.734911] (gazebo_plugins) StdoutLine: {'line': b'[ 56%] \x1b[32mBuilding CXX object test/CMakeFiles/test_gazebo_ros_bumper.dir/test_gazebo_ros_bumper.cpp.o\x1b[0m\n'}
[1126.759965] (-) TimerEvent: {}
[1126.861558] (-) TimerEvent: {}
[1126.967065] (-) TimerEvent: {}
[1127.068081] (-) TimerEvent: {}
[1127.169207] (-) TimerEvent: {}
[1127.270159] (-) TimerEvent: {}
[1127.371081] (-) TimerEvent: {}
[1127.472161] (-) TimerEvent: {}
[1127.573445] (-) TimerEvent: {}
[1127.674391] (-) TimerEvent: {}
[1127.775300] (-) TimerEvent: {}
[1127.876655] (-) TimerEvent: {}
[1127.977559] (-) TimerEvent: {}
[1128.078475] (-) TimerEvent: {}
[1128.179442] (-) TimerEvent: {}
[1128.280431] (-) TimerEvent: {}
[1128.381318] (-) TimerEvent: {}
[1128.482203] (-) TimerEvent: {}
[1128.583058] (-) TimerEvent: {}
[1128.684812] (-) TimerEvent: {}
[1128.773883] (gazebo_plugins) StdoutLine: {'line': b'[ 56%] Built target gazebo_ros_planar_move\n'}
[1128.785081] (-) TimerEvent: {}
[1128.886026] (-) TimerEvent: {}
[1128.908353] (gazebo_plugins) StdoutLine: {'line': b'[ 58%] \x1b[32mBuilding CXX object test/CMakeFiles/test_gazebo_ros_diff_drive.dir/test_gazebo_ros_diff_drive.cpp.o\x1b[0m\n'}
[1128.986271] (-) TimerEvent: {}
[1129.087195] (-) TimerEvent: {}
[1129.188297] (-) TimerEvent: {}
[1129.289248] (-) TimerEvent: {}
[1129.390214] (-) TimerEvent: {}
[1129.491182] (-) TimerEvent: {}
[1129.592208] (-) TimerEvent: {}
[1129.693432] (-) TimerEvent: {}
[1129.795760] (-) TimerEvent: {}
[1129.898022] (-) TimerEvent: {}
[1129.999134] (-) TimerEvent: {}
[1130.100196] (-) TimerEvent: {}
[1130.201536] (-) TimerEvent: {}
[1130.302988] (-) TimerEvent: {}
[1130.404109] (-) TimerEvent: {}
[1130.505207] (-) TimerEvent: {}
[1130.606301] (-) TimerEvent: {}
[1130.707436] (-) TimerEvent: {}
[1130.808528] (-) TimerEvent: {}
[1130.909646] (-) TimerEvent: {}
[1131.010732] (-) TimerEvent: {}
[1131.111762] (-) TimerEvent: {}
[1131.213143] (-) TimerEvent: {}
[1131.314268] (-) TimerEvent: {}
[1131.415253] (-) TimerEvent: {}
[1131.516507] (-) TimerEvent: {}
[1131.617502] (-) TimerEvent: {}
[1131.718689] (-) TimerEvent: {}
[1131.819824] (-) TimerEvent: {}
[1131.921004] (-) TimerEvent: {}
[1132.022179] (-) TimerEvent: {}
[1132.124300] (-) TimerEvent: {}
[1132.225479] (-) TimerEvent: {}
[1132.326516] (-) TimerEvent: {}
[1132.427550] (-) TimerEvent: {}
[1132.528632] (-) TimerEvent: {}
[1132.629712] (-) TimerEvent: {}
[1132.730812] (-) TimerEvent: {}
[1132.831888] (-) TimerEvent: {}
[1132.933029] (-) TimerEvent: {}
[1133.034109] (-) TimerEvent: {}
[1133.135088] (-) TimerEvent: {}
[1133.236199] (-) TimerEvent: {}
[1133.337511] (-) TimerEvent: {}
[1133.438566] (-) TimerEvent: {}
[1133.467850] (gazebo_plugins) StdoutLine: {'line': b'[ 59%] \x1b[32m\x1b[1mLinking CXX shared library libgazebo_ros_projector.so\x1b[0m\n'}
[1133.538866] (-) TimerEvent: {}
[1133.639969] (-) TimerEvent: {}
[1133.741636] (-) TimerEvent: {}
[1133.842748] (-) TimerEvent: {}
[1133.943851] (-) TimerEvent: {}
[1134.045009] (-) TimerEvent: {}
[1134.146157] (-) TimerEvent: {}
[1134.247305] (-) TimerEvent: {}
[1134.351395] (-) TimerEvent: {}
[1134.452658] (-) TimerEvent: {}
[1134.554625] (-) TimerEvent: {}
[1134.655705] (-) TimerEvent: {}
[1134.756810] (-) TimerEvent: {}
[1134.857963] (-) TimerEvent: {}
[1134.959261] (-) TimerEvent: {}
[1135.060856] (-) TimerEvent: {}
[1135.162111] (-) TimerEvent: {}
[1135.263181] (-) TimerEvent: {}
[1135.365157] (-) TimerEvent: {}
[1135.467442] (-) TimerEvent: {}
[1135.568598] (-) TimerEvent: {}
[1135.669709] (-) TimerEvent: {}
[1135.770856] (-) TimerEvent: {}
[1135.871937] (-) TimerEvent: {}
[1135.972982] (-) TimerEvent: {}
[1136.074028] (-) TimerEvent: {}
[1136.175405] (-) TimerEvent: {}
[1136.276567] (-) TimerEvent: {}
[1136.377595] (-) TimerEvent: {}
[1136.478657] (-) TimerEvent: {}
[1136.579717] (-) TimerEvent: {}
[1136.680862] (-) TimerEvent: {}
[1136.781896] (-) TimerEvent: {}
[1136.882933] (-) TimerEvent: {}
[1136.983989] (-) TimerEvent: {}
[1137.085012] (-) TimerEvent: {}
[1137.110642] (gazebo_plugins) StdoutLine: {'line': b'[ 59%] Built target gazebo_ros_projector\n'}
[1137.185342] (-) TimerEvent: {}
[1137.251000] (gazebo_plugins) StdoutLine: {'line': b'[ 60%] \x1b[32mBuilding CXX object test/CMakeFiles/test_gazebo_ros_elevator.dir/test_gazebo_ros_elevator.cpp.o\x1b[0m\n'}
[1137.285659] (-) TimerEvent: {}
[1137.386644] (-) TimerEvent: {}
[1137.487659] (-) TimerEvent: {}
[1137.589401] (-) TimerEvent: {}
[1137.690364] (-) TimerEvent: {}
[1137.791481] (-) TimerEvent: {}
[1137.892687] (-) TimerEvent: {}
[1137.993721] (-) TimerEvent: {}
[1138.094711] (-) TimerEvent: {}
[1138.195807] (-) TimerEvent: {}
[1138.296936] (-) TimerEvent: {}
[1138.398602] (-) TimerEvent: {}
[1138.500890] (-) TimerEvent: {}
[1138.601995] (-) TimerEvent: {}
[1138.703125] (-) TimerEvent: {}
[1138.804287] (-) TimerEvent: {}
[1138.905297] (-) TimerEvent: {}
[1139.006599] (-) TimerEvent: {}
[1139.107648] (-) TimerEvent: {}
[1139.208658] (-) TimerEvent: {}
[1139.309668] (-) TimerEvent: {}
[1139.410643] (-) TimerEvent: {}
[1139.511690] (-) TimerEvent: {}
[1139.613259] (-) TimerEvent: {}
[1139.714435] (-) TimerEvent: {}
[1139.815429] (-) TimerEvent: {}
[1139.916463] (-) TimerEvent: {}
[1140.017486] (-) TimerEvent: {}
[1140.118684] (-) TimerEvent: {}
[1140.219689] (-) TimerEvent: {}
[1140.321030] (-) TimerEvent: {}
[1140.422130] (-) TimerEvent: {}
[1140.523321] (-) TimerEvent: {}
[1140.624537] (-) TimerEvent: {}
[1140.725624] (-) TimerEvent: {}
[1140.826770] (-) TimerEvent: {}
[1140.927827] (-) TimerEvent: {}
[1141.029148] (-) TimerEvent: {}
[1141.132685] (-) TimerEvent: {}
[1141.233749] (-) TimerEvent: {}
[1141.334886] (-) TimerEvent: {}
[1141.436040] (-) TimerEvent: {}
[1141.537246] (-) TimerEvent: {}
[1141.638363] (-) TimerEvent: {}
[1141.739608] (-) TimerEvent: {}
[1141.840902] (-) TimerEvent: {}
[1141.941968] (-) TimerEvent: {}
[1142.043049] (-) TimerEvent: {}
[1142.144202] (-) TimerEvent: {}
[1142.246440] (-) TimerEvent: {}
[1142.348540] (-) TimerEvent: {}
[1142.449624] (-) TimerEvent: {}
[1142.550737] (-) TimerEvent: {}
[1142.651958] (-) TimerEvent: {}
[1142.753323] (-) TimerEvent: {}
[1142.854551] (-) TimerEvent: {}
[1142.956319] (-) TimerEvent: {}
[1143.057487] (-) TimerEvent: {}
[1143.158738] (-) TimerEvent: {}
[1143.260335] (-) TimerEvent: {}
[1143.361454] (-) TimerEvent: {}
[1143.462608] (-) TimerEvent: {}
[1143.563729] (-) TimerEvent: {}
[1143.664916] (-) TimerEvent: {}
[1143.765967] (-) TimerEvent: {}
[1143.867057] (-) TimerEvent: {}
[1143.968894] (-) TimerEvent: {}
[1144.070352] (-) TimerEvent: {}
[1144.171509] (-) TimerEvent: {}
[1144.272744] (-) TimerEvent: {}
[1144.373830] (-) TimerEvent: {}
[1144.474881] (-) TimerEvent: {}
[1144.576034] (-) TimerEvent: {}
[1144.677513] (-) TimerEvent: {}
[1144.778658] (-) TimerEvent: {}
[1144.879925] (-) TimerEvent: {}
[1144.981180] (-) TimerEvent: {}
[1145.082476] (-) TimerEvent: {}
[1145.183639] (-) TimerEvent: {}
[1145.284514] (-) TimerEvent: {}
[1145.386559] (-) TimerEvent: {}
[1145.487724] (-) TimerEvent: {}
[1145.588943] (-) TimerEvent: {}
[1145.690178] (-) TimerEvent: {}
[1145.791336] (-) TimerEvent: {}
[1145.892470] (-) TimerEvent: {}
[1145.993523] (-) TimerEvent: {}
[1146.094626] (-) TimerEvent: {}
[1146.195777] (-) TimerEvent: {}
[1146.297013] (-) TimerEvent: {}
[1146.398031] (-) TimerEvent: {}
[1146.499211] (-) TimerEvent: {}
[1146.600401] (-) TimerEvent: {}
[1146.702593] (-) TimerEvent: {}
[1146.803691] (-) TimerEvent: {}
[1146.904981] (-) TimerEvent: {}
[1147.006150] (-) TimerEvent: {}
[1147.107593] (-) TimerEvent: {}
[1147.208813] (-) TimerEvent: {}
[1147.309825] (-) TimerEvent: {}
[1147.410880] (-) TimerEvent: {}
[1147.511980] (-) TimerEvent: {}
[1147.613857] (-) TimerEvent: {}
[1147.715011] (-) TimerEvent: {}
[1147.816184] (-) TimerEvent: {}
[1147.917458] (-) TimerEvent: {}
[1148.018588] (-) TimerEvent: {}
[1148.119735] (-) TimerEvent: {}
[1148.220892] (-) TimerEvent: {}
[1148.322082] (-) TimerEvent: {}
[1148.423247] (-) TimerEvent: {}
[1148.525107] (-) TimerEvent: {}
[1148.626282] (-) TimerEvent: {}
[1148.727446] (-) TimerEvent: {}
[1148.828558] (-) TimerEvent: {}
[1148.929646] (-) TimerEvent: {}
[1149.030724] (-) TimerEvent: {}
[1149.131851] (-) TimerEvent: {}
[1149.233125] (-) TimerEvent: {}
[1149.334309] (-) TimerEvent: {}
[1149.435388] (-) TimerEvent: {}
[1149.536525] (-) TimerEvent: {}
[1149.637596] (-) TimerEvent: {}
[1149.738734] (-) TimerEvent: {}
[1149.840025] (-) TimerEvent: {}
[1149.941387] (-) TimerEvent: {}
[1150.042564] (-) TimerEvent: {}
[1150.143744] (-) TimerEvent: {}
[1150.245060] (-) TimerEvent: {}
[1150.346158] (-) TimerEvent: {}
[1150.447296] (-) TimerEvent: {}
[1150.548468] (-) TimerEvent: {}
[1150.649424] (-) TimerEvent: {}
[1150.750436] (-) TimerEvent: {}
[1150.851603] (-) TimerEvent: {}
[1150.952738] (-) TimerEvent: {}
[1151.053725] (-) TimerEvent: {}
[1151.154812] (-) TimerEvent: {}
[1151.255881] (-) TimerEvent: {}
[1151.356964] (-) TimerEvent: {}
[1151.458162] (-) TimerEvent: {}
[1151.559256] (-) TimerEvent: {}
[1151.660483] (-) TimerEvent: {}
[1151.761590] (-) TimerEvent: {}
[1151.862787] (-) TimerEvent: {}
[1151.963876] (-) TimerEvent: {}
[1152.065165] (-) TimerEvent: {}
[1152.166352] (-) TimerEvent: {}
[1152.267608] (-) TimerEvent: {}
[1152.370719] (-) TimerEvent: {}
[1152.472197] (-) TimerEvent: {}
[1152.573457] (-) TimerEvent: {}
[1152.674612] (-) TimerEvent: {}
[1152.775807] (-) TimerEvent: {}
[1152.877001] (-) TimerEvent: {}
[1152.978148] (-) TimerEvent: {}
[1153.079405] (-) TimerEvent: {}
[1153.180559] (-) TimerEvent: {}
[1153.281672] (-) TimerEvent: {}
[1153.382918] (-) TimerEvent: {}
[1153.484048] (-) TimerEvent: {}
[1153.585175] (-) TimerEvent: {}
[1153.686299] (-) TimerEvent: {}
[1153.787387] (-) TimerEvent: {}
[1153.888674] (-) TimerEvent: {}
[1153.989709] (-) TimerEvent: {}
[1154.090795] (-) TimerEvent: {}
[1154.191916] (-) TimerEvent: {}
[1154.293303] (-) TimerEvent: {}
[1154.394464] (-) TimerEvent: {}
[1154.495634] (-) TimerEvent: {}
[1154.596805] (-) TimerEvent: {}
[1154.698732] (-) TimerEvent: {}
[1154.799931] (-) TimerEvent: {}
[1154.901221] (-) TimerEvent: {}
[1155.002353] (-) TimerEvent: {}
[1155.103569] (-) TimerEvent: {}
[1155.204809] (-) TimerEvent: {}
[1155.305930] (-) TimerEvent: {}
[1155.407130] (-) TimerEvent: {}
[1155.508456] (-) TimerEvent: {}
[1155.609612] (-) TimerEvent: {}
[1155.710834] (-) TimerEvent: {}
[1155.812146] (-) TimerEvent: {}
[1155.916170] (-) TimerEvent: {}
[1156.017495] (-) TimerEvent: {}
[1156.118716] (-) TimerEvent: {}
[1156.219981] (-) TimerEvent: {}
[1156.321456] (-) TimerEvent: {}
[1156.422642] (-) TimerEvent: {}
[1156.524440] (-) TimerEvent: {}
[1156.625620] (-) TimerEvent: {}
[1156.726840] (-) TimerEvent: {}
[1156.828147] (-) TimerEvent: {}
[1156.929457] (-) TimerEvent: {}
[1157.030498] (-) TimerEvent: {}
[1157.131705] (-) TimerEvent: {}
[1157.233105] (-) TimerEvent: {}
[1157.334296] (-) TimerEvent: {}
[1157.435431] (-) TimerEvent: {}
[1157.536574] (-) TimerEvent: {}
[1157.637608] (-) TimerEvent: {}
[1157.738722] (-) TimerEvent: {}
[1157.839872] (-) TimerEvent: {}
[1157.941181] (-) TimerEvent: {}
[1158.042244] (-) TimerEvent: {}
[1158.143500] (-) TimerEvent: {}
[1158.245567] (-) TimerEvent: {}
[1158.346893] (-) TimerEvent: {}
[1158.448163] (-) TimerEvent: {}
[1158.550045] (-) TimerEvent: {}
[1158.651360] (-) TimerEvent: {}
[1158.752752] (-) TimerEvent: {}
[1158.854285] (-) TimerEvent: {}
[1158.955368] (-) TimerEvent: {}
[1159.056779] (-) TimerEvent: {}
[1159.157903] (-) TimerEvent: {}
[1159.259052] (-) TimerEvent: {}
[1159.360200] (-) TimerEvent: {}
[1159.461851] (-) TimerEvent: {}
[1159.562996] (-) TimerEvent: {}
[1159.664180] (-) TimerEvent: {}
[1159.765549] (-) TimerEvent: {}
[1159.866865] (-) TimerEvent: {}
[1159.968199] (-) TimerEvent: {}
[1160.069588] (-) TimerEvent: {}
[1160.170922] (-) TimerEvent: {}
[1160.272666] (-) TimerEvent: {}
[1160.373920] (-) TimerEvent: {}
[1160.475194] (-) TimerEvent: {}
[1160.576542] (-) TimerEvent: {}
[1160.677790] (-) TimerEvent: {}
[1160.779094] (-) TimerEvent: {}
[1160.881589] (-) TimerEvent: {}
[1160.982859] (-) TimerEvent: {}
[1161.084143] (-) TimerEvent: {}
[1161.185730] (-) TimerEvent: {}
[1161.287928] (-) TimerEvent: {}
[1161.389511] (-) TimerEvent: {}
[1161.490866] (-) TimerEvent: {}
[1161.593038] (-) TimerEvent: {}
[1161.694287] (-) TimerEvent: {}
[1161.795472] (-) TimerEvent: {}
[1161.896613] (-) TimerEvent: {}
[1161.998825] (-) TimerEvent: {}
[1162.100034] (-) TimerEvent: {}
[1162.201252] (-) TimerEvent: {}
[1162.302308] (-) TimerEvent: {}
[1162.403342] (-) TimerEvent: {}
[1162.504424] (-) TimerEvent: {}
[1162.605434] (-) TimerEvent: {}
[1162.706620] (-) TimerEvent: {}
[1162.807820] (-) TimerEvent: {}
[1162.909080] (-) TimerEvent: {}
[1163.012923] (-) TimerEvent: {}
[1163.114194] (-) TimerEvent: {}
[1163.215417] (-) TimerEvent: {}
[1163.317155] (-) TimerEvent: {}
[1163.420662] (-) TimerEvent: {}
[1163.521937] (-) TimerEvent: {}
[1163.623138] (-) TimerEvent: {}
[1163.724435] (-) TimerEvent: {}
[1163.825630] (-) TimerEvent: {}
[1163.926823] (-) TimerEvent: {}
[1164.027949] (-) TimerEvent: {}
[1164.129204] (-) TimerEvent: {}
[1164.230427] (-) TimerEvent: {}
[1164.331671] (-) TimerEvent: {}
[1164.432919] (-) TimerEvent: {}
[1164.534174] (-) TimerEvent: {}
[1164.635428] (-) TimerEvent: {}
[1164.736684] (-) TimerEvent: {}
[1164.837853] (-) TimerEvent: {}
[1164.939078] (-) TimerEvent: {}
[1165.041035] (-) TimerEvent: {}
[1165.142454] (-) TimerEvent: {}
[1165.243972] (-) TimerEvent: {}
[1165.345326] (-) TimerEvent: {}
[1165.446644] (-) TimerEvent: {}
[1165.548001] (-) TimerEvent: {}
[1165.649537] (-) TimerEvent: {}
[1165.750826] (-) TimerEvent: {}
[1165.852075] (-) TimerEvent: {}
[1165.953495] (-) TimerEvent: {}
[1166.054714] (-) TimerEvent: {}
[1166.155984] (-) TimerEvent: {}
[1166.257221] (-) TimerEvent: {}
[1166.358525] (-) TimerEvent: {}
[1166.459787] (-) TimerEvent: {}
[1166.561079] (-) TimerEvent: {}
[1166.662296] (-) TimerEvent: {}
[1166.763365] (-) TimerEvent: {}
[1166.869696] (-) TimerEvent: {}
[1166.981781] (-) TimerEvent: {}
[1167.082883] (-) TimerEvent: {}
[1167.184023] (-) TimerEvent: {}
[1167.285327] (-) TimerEvent: {}
[1167.386564] (-) TimerEvent: {}
[1167.487727] (-) TimerEvent: {}
[1167.588856] (-) TimerEvent: {}
[1167.689923] (-) TimerEvent: {}
[1167.791031] (-) TimerEvent: {}
[1167.892183] (-) TimerEvent: {}
[1167.993391] (-) TimerEvent: {}
[1168.094453] (-) TimerEvent: {}
[1168.195574] (-) TimerEvent: {}
[1168.296894] (-) TimerEvent: {}
[1168.398109] (-) TimerEvent: {}
[1168.501027] (-) TimerEvent: {}
[1168.602291] (-) TimerEvent: {}
[1168.703549] (-) TimerEvent: {}
[1168.804724] (-) TimerEvent: {}
[1168.905925] (-) TimerEvent: {}
[1169.007148] (-) TimerEvent: {}
[1169.108542] (-) TimerEvent: {}
[1169.215081] (-) TimerEvent: {}
[1169.316421] (-) TimerEvent: {}
[1169.417549] (-) TimerEvent: {}
[1169.518796] (-) TimerEvent: {}
[1169.619972] (-) TimerEvent: {}
[1169.721360] (-) TimerEvent: {}
[1169.822655] (-) TimerEvent: {}
[1169.923985] (-) TimerEvent: {}
[1170.026321] (-) TimerEvent: {}
[1170.127675] (-) TimerEvent: {}
[1170.228972] (-) TimerEvent: {}
[1170.330174] (-) TimerEvent: {}
[1170.431404] (-) TimerEvent: {}
[1170.532817] (-) TimerEvent: {}
[1170.635271] (-) TimerEvent: {}
[1170.736525] (-) TimerEvent: {}
[1170.837679] (-) TimerEvent: {}
[1170.938783] (-) TimerEvent: {}
[1171.040736] (-) TimerEvent: {}
[1171.142746] (-) TimerEvent: {}
[1171.243925] (-) TimerEvent: {}
[1171.346149] (-) TimerEvent: {}
[1171.447375] (-) TimerEvent: {}
[1171.548569] (-) TimerEvent: {}
[1171.649638] (-) TimerEvent: {}
[1171.751054] (-) TimerEvent: {}
[1171.852302] (-) TimerEvent: {}
[1171.953476] (-) TimerEvent: {}
[1172.054576] (-) TimerEvent: {}
[1172.155700] (-) TimerEvent: {}
[1172.257281] (-) TimerEvent: {}
[1172.358483] (-) TimerEvent: {}
[1172.459662] (-) TimerEvent: {}
[1172.560865] (-) TimerEvent: {}
[1172.661915] (-) TimerEvent: {}
[1172.763095] (-) TimerEvent: {}
[1172.864456] (-) TimerEvent: {}
[1172.965503] (-) TimerEvent: {}
[1173.066569] (-) TimerEvent: {}
[1173.167706] (-) TimerEvent: {}
[1173.269032] (-) TimerEvent: {}
[1173.370276] (-) TimerEvent: {}
[1173.471464] (-) TimerEvent: {}
[1173.572675] (-) TimerEvent: {}
[1173.673818] (-) TimerEvent: {}
[1173.774883] (-) TimerEvent: {}
[1173.876063] (-) TimerEvent: {}
[1173.977372] (-) TimerEvent: {}
[1174.079651] (-) TimerEvent: {}
[1174.180955] (-) TimerEvent: {}
[1174.282087] (-) TimerEvent: {}
[1174.383344] (-) TimerEvent: {}
[1174.484569] (-) TimerEvent: {}
[1174.585763] (-) TimerEvent: {}
[1174.686904] (-) TimerEvent: {}
[1174.788081] (-) TimerEvent: {}
[1174.889340] (-) TimerEvent: {}
[1174.990442] (-) TimerEvent: {}
[1175.091643] (-) TimerEvent: {}
[1175.192896] (-) TimerEvent: {}
[1175.294016] (-) TimerEvent: {}
[1175.404530] (-) TimerEvent: {}
[1175.505550] (-) TimerEvent: {}
[1175.606720] (-) TimerEvent: {}
[1175.707833] (-) TimerEvent: {}
[1175.808894] (-) TimerEvent: {}
[1175.910026] (-) TimerEvent: {}
[1176.011223] (-) TimerEvent: {}
[1176.112441] (-) TimerEvent: {}
[1176.213443] (-) TimerEvent: {}
[1176.314559] (-) TimerEvent: {}
[1176.415702] (-) TimerEvent: {}
[1176.516720] (-) TimerEvent: {}
[1176.617690] (-) TimerEvent: {}
[1176.718825] (-) TimerEvent: {}
[1176.819902] (-) TimerEvent: {}
[1176.921165] (-) TimerEvent: {}
[1177.022246] (-) TimerEvent: {}
[1177.123425] (-) TimerEvent: {}
[1177.224886] (-) TimerEvent: {}
[1177.326072] (-) TimerEvent: {}
[1177.427289] (-) TimerEvent: {}
[1177.528480] (-) TimerEvent: {}
[1177.629496] (-) TimerEvent: {}
[1177.730545] (-) TimerEvent: {}
[1177.831675] (-) TimerEvent: {}
[1177.933004] (-) TimerEvent: {}
[1178.034312] (-) TimerEvent: {}
[1178.135527] (-) TimerEvent: {}
[1178.236775] (-) TimerEvent: {}
[1178.337844] (-) TimerEvent: {}
[1178.438968] (-) TimerEvent: {}
[1178.540219] (-) TimerEvent: {}
[1178.641587] (-) TimerEvent: {}
[1178.742718] (-) TimerEvent: {}
[1178.843849] (-) TimerEvent: {}
[1178.945120] (-) TimerEvent: {}
[1179.046319] (-) TimerEvent: {}
[1179.147610] (-) TimerEvent: {}
[1179.248942] (-) TimerEvent: {}
[1179.350048] (-) TimerEvent: {}
[1179.452523] (-) TimerEvent: {}
[1179.553576] (-) TimerEvent: {}
[1179.654887] (-) TimerEvent: {}
[1179.756128] (-) TimerEvent: {}
[1179.858309] (-) TimerEvent: {}
[1179.959521] (-) TimerEvent: {}
[1180.060741] (-) TimerEvent: {}
[1180.162145] (-) TimerEvent: {}
[1180.263239] (-) TimerEvent: {}
[1180.364456] (-) TimerEvent: {}
[1180.465591] (-) TimerEvent: {}
[1180.566806] (-) TimerEvent: {}
[1180.667975] (-) TimerEvent: {}
[1180.769300] (-) TimerEvent: {}
[1180.870390] (-) TimerEvent: {}
[1180.971496] (-) TimerEvent: {}
[1181.072697] (-) TimerEvent: {}
[1181.173840] (-) TimerEvent: {}
[1181.274949] (-) TimerEvent: {}
[1181.376017] (-) TimerEvent: {}
[1181.477324] (-) TimerEvent: {}
[1181.578433] (-) TimerEvent: {}
[1181.679541] (-) TimerEvent: {}
[1181.780835] (-) TimerEvent: {}
[1181.882092] (-) TimerEvent: {}
[1181.983223] (-) TimerEvent: {}
[1182.084444] (-) TimerEvent: {}
[1182.185521] (-) TimerEvent: {}
[1182.286721] (-) TimerEvent: {}
[1182.387938] (-) TimerEvent: {}
[1182.489263] (-) TimerEvent: {}
[1182.590440] (-) TimerEvent: {}
[1182.691511] (-) TimerEvent: {}
[1182.792647] (-) TimerEvent: {}
[1182.893714] (-) TimerEvent: {}
[1182.994750] (-) TimerEvent: {}
[1183.095748] (-) TimerEvent: {}
[1183.197015] (-) TimerEvent: {}
[1183.298170] (-) TimerEvent: {}
[1183.399542] (-) TimerEvent: {}
[1183.500716] (-) TimerEvent: {}
[1183.602090] (-) TimerEvent: {}
[1183.703265] (-) TimerEvent: {}
[1183.804495] (-) TimerEvent: {}
[1183.905739] (-) TimerEvent: {}
[1184.006887] (-) TimerEvent: {}
[1184.107899] (-) TimerEvent: {}
[1184.209137] (-) TimerEvent: {}
[1184.310331] (-) TimerEvent: {}
[1184.411451] (-) TimerEvent: {}
[1184.512562] (-) TimerEvent: {}
[1184.614268] (-) TimerEvent: {}
[1184.715455] (-) TimerEvent: {}
[1184.816653] (-) TimerEvent: {}
[1184.917840] (-) TimerEvent: {}
[1185.019053] (-) TimerEvent: {}
[1185.120329] (-) TimerEvent: {}
[1185.221507] (-) TimerEvent: {}
[1185.322699] (-) TimerEvent: {}
[1185.423856] (-) TimerEvent: {}
[1185.525124] (-) TimerEvent: {}
[1185.626238] (-) TimerEvent: {}
[1185.727409] (-) TimerEvent: {}
[1185.828539] (-) TimerEvent: {}
[1185.929631] (-) TimerEvent: {}
[1186.030777] (-) TimerEvent: {}
[1186.131819] (-) TimerEvent: {}
[1186.232937] (-) TimerEvent: {}
[1186.334034] (-) TimerEvent: {}
[1186.435294] (-) TimerEvent: {}
[1186.536518] (-) TimerEvent: {}
[1186.637652] (-) TimerEvent: {}
[1186.738853] (-) TimerEvent: {}
[1186.840061] (-) TimerEvent: {}
[1186.941297] (-) TimerEvent: {}
[1187.042659] (-) TimerEvent: {}
[1187.143717] (-) TimerEvent: {}
[1187.244960] (-) TimerEvent: {}
[1187.346061] (-) TimerEvent: {}
[1187.447170] (-) TimerEvent: {}
[1187.548426] (-) TimerEvent: {}
[1187.649601] (-) TimerEvent: {}
[1187.750634] (-) TimerEvent: {}
[1187.852981] (-) TimerEvent: {}
[1187.954165] (-) TimerEvent: {}
[1188.055343] (-) TimerEvent: {}
[1188.156684] (-) TimerEvent: {}
[1188.257802] (-) TimerEvent: {}
[1188.358923] (-) TimerEvent: {}
[1188.460075] (-) TimerEvent: {}
[1188.561146] (-) TimerEvent: {}
[1188.662208] (-) TimerEvent: {}
[1188.763385] (-) TimerEvent: {}
[1188.864546] (-) TimerEvent: {}
[1188.965573] (-) TimerEvent: {}
[1189.066732] (-) TimerEvent: {}
[1189.167807] (-) TimerEvent: {}
[1189.269118] (-) TimerEvent: {}
[1189.370325] (-) TimerEvent: {}
[1189.471504] (-) TimerEvent: {}
[1189.572704] (-) TimerEvent: {}
[1189.674012] (-) TimerEvent: {}
[1189.775151] (-) TimerEvent: {}
[1189.876507] (-) TimerEvent: {}
[1189.977624] (-) TimerEvent: {}
[1190.078750] (-) TimerEvent: {}
[1190.179885] (-) TimerEvent: {}
[1190.281150] (-) TimerEvent: {}
[1190.382314] (-) TimerEvent: {}
[1190.483618] (-) TimerEvent: {}
[1190.584919] (-) TimerEvent: {}
[1190.686741] (-) TimerEvent: {}
[1190.787984] (-) TimerEvent: {}
[1190.889358] (-) TimerEvent: {}
[1190.990835] (-) TimerEvent: {}
[1191.092151] (-) TimerEvent: {}
[1191.193716] (-) TimerEvent: {}
[1191.294806] (-) TimerEvent: {}
[1191.395850] (-) TimerEvent: {}
[1191.496882] (-) TimerEvent: {}
[1191.597976] (-) TimerEvent: {}
[1191.699106] (-) TimerEvent: {}
[1191.800339] (-) TimerEvent: {}
[1191.901468] (-) TimerEvent: {}
[1192.002462] (-) TimerEvent: {}
[1192.103553] (-) TimerEvent: {}
[1192.205156] (-) TimerEvent: {}
[1192.306301] (-) TimerEvent: {}
[1192.407385] (-) TimerEvent: {}
[1192.508601] (-) TimerEvent: {}
[1192.609744] (-) TimerEvent: {}
[1192.710755] (-) TimerEvent: {}
[1192.811823] (-) TimerEvent: {}
[1192.913593] (-) TimerEvent: {}
[1193.014603] (-) TimerEvent: {}
[1193.115741] (-) TimerEvent: {}
[1193.216885] (-) TimerEvent: {}
[1193.317972] (-) TimerEvent: {}
[1193.418955] (-) TimerEvent: {}
[1193.520112] (-) TimerEvent: {}
[1193.621345] (-) TimerEvent: {}
[1193.722442] (-) TimerEvent: {}
[1193.823551] (-) TimerEvent: {}
[1193.924628] (-) TimerEvent: {}
[1194.025718] (-) TimerEvent: {}
[1194.126822] (-) TimerEvent: {}
[1194.227962] (-) TimerEvent: {}
[1194.329000] (-) TimerEvent: {}
[1194.430162] (-) TimerEvent: {}
[1194.531226] (-) TimerEvent: {}
[1194.632448] (-) TimerEvent: {}
[1194.733923] (-) TimerEvent: {}
[1194.835029] (-) TimerEvent: {}
[1194.937250] (-) TimerEvent: {}
[1195.038286] (-) TimerEvent: {}
[1195.139482] (-) TimerEvent: {}
[1195.240661] (-) TimerEvent: {}
[1195.341768] (-) TimerEvent: {}
[1195.442935] (-) TimerEvent: {}
[1195.544073] (-) TimerEvent: {}
[1195.645187] (-) TimerEvent: {}
[1195.746507] (-) TimerEvent: {}
[1195.847622] (-) TimerEvent: {}
[1195.949366] (-) TimerEvent: {}
[1196.050471] (-) TimerEvent: {}
[1196.151762] (-) TimerEvent: {}
[1196.253170] (-) TimerEvent: {}
[1196.354400] (-) TimerEvent: {}
[1196.455720] (-) TimerEvent: {}
[1196.556993] (-) TimerEvent: {}
[1196.658198] (-) TimerEvent: {}
[1196.759375] (-) TimerEvent: {}
[1196.860614] (-) TimerEvent: {}
[1196.961705] (-) TimerEvent: {}
[1197.062860] (-) TimerEvent: {}
[1197.163967] (-) TimerEvent: {}
[1197.265324] (-) TimerEvent: {}
[1197.366597] (-) TimerEvent: {}
[1197.468367] (-) TimerEvent: {}
[1197.569554] (-) TimerEvent: {}
[1197.670776] (-) TimerEvent: {}
[1197.771948] (-) TimerEvent: {}
[1197.873194] (-) TimerEvent: {}
[1197.974346] (-) TimerEvent: {}
[1198.075604] (-) TimerEvent: {}
[1198.176850] (-) TimerEvent: {}
[1198.278082] (-) TimerEvent: {}
[1198.379233] (-) TimerEvent: {}
[1198.480502] (-) TimerEvent: {}
[1198.581782] (-) TimerEvent: {}
[1198.683068] (-) TimerEvent: {}
[1198.784507] (-) TimerEvent: {}
[1198.886079] (-) TimerEvent: {}
[1198.987269] (-) TimerEvent: {}
[1199.088498] (-) TimerEvent: {}
[1199.189729] (-) TimerEvent: {}
[1199.290983] (-) TimerEvent: {}
[1199.392902] (-) TimerEvent: {}
[1199.494038] (-) TimerEvent: {}
[1199.595158] (-) TimerEvent: {}
[1199.696458] (-) TimerEvent: {}
[1199.797492] (-) TimerEvent: {}
[1199.898913] (-) TimerEvent: {}
[1200.000066] (-) TimerEvent: {}
[1200.101269] (-) TimerEvent: {}
[1200.202399] (-) TimerEvent: {}
[1200.303532] (-) TimerEvent: {}
[1200.404831] (-) TimerEvent: {}
[1200.505752] (-) TimerEvent: {}
[1200.606880] (-) TimerEvent: {}
[1200.707944] (-) TimerEvent: {}
[1200.809153] (-) TimerEvent: {}
[1200.910215] (-) TimerEvent: {}
[1201.011355] (-) TimerEvent: {}
[1201.113436] (-) TimerEvent: {}
[1201.214529] (-) TimerEvent: {}
[1201.315572] (-) TimerEvent: {}
[1201.417858] (-) TimerEvent: {}
[1201.518876] (-) TimerEvent: {}
[1201.620470] (-) TimerEvent: {}
[1201.721520] (-) TimerEvent: {}
[1201.822594] (-) TimerEvent: {}
[1201.923704] (-) TimerEvent: {}
[1202.024919] (-) TimerEvent: {}
[1202.125926] (-) TimerEvent: {}
[1202.227034] (-) TimerEvent: {}
[1202.334467] (-) TimerEvent: {}
[1202.449891] (-) TimerEvent: {}
[1202.551181] (-) TimerEvent: {}
[1202.652313] (-) TimerEvent: {}
[1202.753415] (-) TimerEvent: {}
[1202.855034] (-) TimerEvent: {}
[1202.956577] (-) TimerEvent: {}
[1203.057645] (-) TimerEvent: {}
[1203.158741] (-) TimerEvent: {}
[1203.259791] (-) TimerEvent: {}
[1203.360920] (-) TimerEvent: {}
[1203.463324] (-) TimerEvent: {}
[1203.564559] (-) TimerEvent: {}
[1203.665491] (-) TimerEvent: {}
[1203.766611] (-) TimerEvent: {}
[1203.867564] (-) TimerEvent: {}
[1203.968660] (-) TimerEvent: {}
[1204.069682] (-) TimerEvent: {}
[1204.170830] (-) TimerEvent: {}
[1204.271965] (-) TimerEvent: {}
[1204.373000] (-) TimerEvent: {}
[1204.474129] (-) TimerEvent: {}
[1204.575272] (-) TimerEvent: {}
[1204.676971] (-) TimerEvent: {}
[1204.778415] (-) TimerEvent: {}
[1204.880654] (-) TimerEvent: {}
[1204.981789] (-) TimerEvent: {}
[1205.082800] (-) TimerEvent: {}
[1205.184004] (-) TimerEvent: {}
[1205.285329] (-) TimerEvent: {}
[1205.386361] (-) TimerEvent: {}
[1205.487488] (-) TimerEvent: {}
[1205.588532] (-) TimerEvent: {}
[1205.689502] (-) TimerEvent: {}
[1205.790618] (-) TimerEvent: {}
[1205.891621] (-) TimerEvent: {}
[1205.992691] (-) TimerEvent: {}
[1206.093737] (-) TimerEvent: {}
[1206.195133] (-) TimerEvent: {}
[1206.296317] (-) TimerEvent: {}
[1206.398670] (-) TimerEvent: {}
[1206.499904] (-) TimerEvent: {}
[1206.601079] (-) TimerEvent: {}
[1206.703370] (-) TimerEvent: {}
[1206.804526] (-) TimerEvent: {}
[1206.905503] (-) TimerEvent: {}
[1207.006639] (-) TimerEvent: {}
[1207.107782] (-) TimerEvent: {}
[1207.208965] (-) TimerEvent: {}
[1207.310624] (-) TimerEvent: {}
[1207.412205] (-) TimerEvent: {}
[1207.513368] (-) TimerEvent: {}
[1207.614777] (-) TimerEvent: {}
[1207.715874] (-) TimerEvent: {}
[1207.816957] (-) TimerEvent: {}
[1207.919197] (-) TimerEvent: {}
[1208.020168] (-) TimerEvent: {}
[1208.121401] (-) TimerEvent: {}
[1208.222603] (-) TimerEvent: {}
[1208.323631] (-) TimerEvent: {}
[1208.424930] (-) TimerEvent: {}
[1208.526194] (-) TimerEvent: {}
[1208.627333] (-) TimerEvent: {}
[1208.729073] (-) TimerEvent: {}
[1208.830217] (-) TimerEvent: {}
[1208.931275] (-) TimerEvent: {}
[1209.032618] (-) TimerEvent: {}
[1209.133618] (-) TimerEvent: {}
[1209.234851] (-) TimerEvent: {}
[1209.335985] (-) TimerEvent: {}
[1209.437008] (-) TimerEvent: {}
[1209.538112] (-) TimerEvent: {}
[1209.639392] (-) TimerEvent: {}
[1209.740675] (-) TimerEvent: {}
[1209.841781] (-) TimerEvent: {}
[1209.942889] (-) TimerEvent: {}
[1210.044043] (-) TimerEvent: {}
[1210.145467] (-) TimerEvent: {}
[1210.246527] (-) TimerEvent: {}
[1210.347639] (-) TimerEvent: {}
[1210.448859] (-) TimerEvent: {}
[1210.550098] (-) TimerEvent: {}
[1210.651222] (-) TimerEvent: {}
[1210.752430] (-) TimerEvent: {}
[1210.853400] (-) TimerEvent: {}
[1210.972873] (-) TimerEvent: {}
[1211.074055] (-) TimerEvent: {}
[1211.175130] (-) TimerEvent: {}
[1211.276175] (-) TimerEvent: {}
[1211.377344] (-) TimerEvent: {}
[1211.478785] (-) TimerEvent: {}
[1211.579863] (-) TimerEvent: {}
[1211.681002] (-) TimerEvent: {}
[1211.782071] (-) TimerEvent: {}
[1211.883043] (-) TimerEvent: {}
[1211.984129] (-) TimerEvent: {}
[1212.085242] (-) TimerEvent: {}
[1212.186299] (-) TimerEvent: {}
[1212.287417] (-) TimerEvent: {}
[1212.388586] (-) TimerEvent: {}
[1212.489725] (-) TimerEvent: {}
[1212.590846] (-) TimerEvent: {}
[1212.691979] (-) TimerEvent: {}
[1212.793187] (-) TimerEvent: {}
[1212.894680] (-) TimerEvent: {}
[1212.995826] (-) TimerEvent: {}
[1213.097116] (-) TimerEvent: {}
[1213.198277] (-) TimerEvent: {}
[1213.300541] (-) TimerEvent: {}
[1213.401712] (-) TimerEvent: {}
[1213.503016] (-) TimerEvent: {}
[1213.605290] (-) TimerEvent: {}
[1213.706471] (-) TimerEvent: {}
[1213.808611] (-) TimerEvent: {}
[1213.909664] (-) TimerEvent: {}
[1214.010790] (-) TimerEvent: {}
[1214.112411] (-) TimerEvent: {}
[1214.213503] (-) TimerEvent: {}
[1214.314627] (-) TimerEvent: {}
[1214.415795] (-) TimerEvent: {}
[1214.517036] (-) TimerEvent: {}
[1214.618185] (-) TimerEvent: {}
[1214.719347] (-) TimerEvent: {}
[1214.820652] (-) TimerEvent: {}
[1214.921763] (-) TimerEvent: {}
[1215.022808] (-) TimerEvent: {}
[1215.123860] (-) TimerEvent: {}
[1215.225180] (-) TimerEvent: {}
[1215.326321] (-) TimerEvent: {}
[1215.427427] (-) TimerEvent: {}
[1215.529007] (-) TimerEvent: {}
[1215.630161] (-) TimerEvent: {}
[1215.731287] (-) TimerEvent: {}
[1215.833150] (-) TimerEvent: {}
[1215.934174] (-) TimerEvent: {}
[1216.035949] (-) TimerEvent: {}
[1216.137217] (-) TimerEvent: {}
[1216.238316] (-) TimerEvent: {}
[1216.339481] (-) TimerEvent: {}
[1216.440715] (-) TimerEvent: {}
[1216.541818] (-) TimerEvent: {}
[1216.642892] (-) TimerEvent: {}
[1216.744047] (-) TimerEvent: {}
[1216.845720] (-) TimerEvent: {}
[1216.946777] (-) TimerEvent: {}
[1217.048387] (-) TimerEvent: {}
[1217.150491] (-) TimerEvent: {}
[1217.251579] (-) TimerEvent: {}
[1217.352858] (-) TimerEvent: {}
[1217.453972] (-) TimerEvent: {}
[1217.555085] (-) TimerEvent: {}
[1217.656448] (-) TimerEvent: {}
[1217.763004] (-) TimerEvent: {}
[1217.864170] (-) TimerEvent: {}
[1217.965352] (-) TimerEvent: {}
[1218.066499] (-) TimerEvent: {}
[1218.167661] (-) TimerEvent: {}
[1218.268834] (-) TimerEvent: {}
[1218.369859] (-) TimerEvent: {}
[1218.471019] (-) TimerEvent: {}
[1218.572011] (-) TimerEvent: {}
[1218.673202] (-) TimerEvent: {}
[1218.774442] (-) TimerEvent: {}
[1218.875655] (-) TimerEvent: {}
[1218.976903] (-) TimerEvent: {}
[1219.078620] (-) TimerEvent: {}
[1219.179779] (-) TimerEvent: {}
[1219.281009] (-) TimerEvent: {}
[1219.382113] (-) TimerEvent: {}
[1219.483190] (-) TimerEvent: {}
[1219.584342] (-) TimerEvent: {}
[1219.685842] (-) TimerEvent: {}
[1219.787597] (-) TimerEvent: {}
[1219.888530] (-) TimerEvent: {}
[1219.989556] (-) TimerEvent: {}
[1220.090570] (-) TimerEvent: {}
[1220.191767] (-) TimerEvent: {}
[1220.292915] (-) TimerEvent: {}
[1220.394049] (-) TimerEvent: {}
[1220.495463] (-) TimerEvent: {}
[1220.596663] (-) TimerEvent: {}
[1220.697715] (-) TimerEvent: {}
[1220.798709] (-) TimerEvent: {}
[1220.899840] (-) TimerEvent: {}
[1221.000921] (-) TimerEvent: {}
[1221.102009] (-) TimerEvent: {}
[1221.203143] (-) TimerEvent: {}
[1221.304376] (-) TimerEvent: {}
[1221.405497] (-) TimerEvent: {}
[1221.506652] (-) TimerEvent: {}
[1221.607784] (-) TimerEvent: {}
[1221.708976] (-) TimerEvent: {}
[1221.810086] (-) TimerEvent: {}
[1221.911728] (-) TimerEvent: {}
[1222.012825] (-) TimerEvent: {}
[1222.113815] (-) TimerEvent: {}
[1222.214864] (-) TimerEvent: {}
[1222.316953] (-) TimerEvent: {}
[1222.418064] (-) TimerEvent: {}
[1222.519087] (-) TimerEvent: {}
[1222.620120] (-) TimerEvent: {}
[1222.721300] (-) TimerEvent: {}
[1222.822382] (-) TimerEvent: {}
[1222.923519] (-) TimerEvent: {}
[1223.024680] (-) TimerEvent: {}
[1223.125792] (-) TimerEvent: {}
[1223.226746] (-) TimerEvent: {}
[1223.328322] (-) TimerEvent: {}
[1223.429409] (-) TimerEvent: {}
[1223.530426] (-) TimerEvent: {}
[1223.631570] (-) TimerEvent: {}
[1223.733179] (-) TimerEvent: {}
[1223.834231] (-) TimerEvent: {}
[1223.935386] (-) TimerEvent: {}
[1224.036540] (-) TimerEvent: {}
[1224.137679] (-) TimerEvent: {}
[1224.238727] (-) TimerEvent: {}
[1224.339797] (-) TimerEvent: {}
[1224.441186] (-) TimerEvent: {}
[1224.542309] (-) TimerEvent: {}
[1224.643384] (-) TimerEvent: {}
[1224.744889] (-) TimerEvent: {}
[1224.845975] (-) TimerEvent: {}
[1224.947064] (-) TimerEvent: {}
[1225.048178] (-) TimerEvent: {}
[1225.149393] (-) TimerEvent: {}
[1225.250556] (-) TimerEvent: {}
[1225.351574] (-) TimerEvent: {}
[1225.452758] (-) TimerEvent: {}
[1225.553854] (-) TimerEvent: {}
[1225.654952] (-) TimerEvent: {}
[1225.756113] (-) TimerEvent: {}
[1225.858390] (-) TimerEvent: {}
[1225.959570] (-) TimerEvent: {}
[1226.060778] (-) TimerEvent: {}
[1226.161907] (-) TimerEvent: {}
[1226.262974] (-) TimerEvent: {}
[1226.364025] (-) TimerEvent: {}
[1226.465270] (-) TimerEvent: {}
[1226.566403] (-) TimerEvent: {}
[1226.667582] (-) TimerEvent: {}
[1226.768808] (-) TimerEvent: {}
[1226.869925] (-) TimerEvent: {}
[1226.970940] (-) TimerEvent: {}
[1227.072025] (-) TimerEvent: {}
[1227.173303] (-) TimerEvent: {}
[1227.274451] (-) TimerEvent: {}
[1227.375680] (-) TimerEvent: {}
[1227.476925] (-) TimerEvent: {}
[1227.578445] (-) TimerEvent: {}
[1227.679428] (-) TimerEvent: {}
[1227.780547] (-) TimerEvent: {}
[1227.882666] (-) TimerEvent: {}
[1227.983763] (-) TimerEvent: {}
[1228.085014] (-) TimerEvent: {}
[1228.186135] (-) TimerEvent: {}
[1228.287358] (-) TimerEvent: {}
[1228.388587] (-) TimerEvent: {}
[1228.489723] (-) TimerEvent: {}
[1228.591064] (-) TimerEvent: {}
[1228.692338] (-) TimerEvent: {}
[1228.795202] (-) TimerEvent: {}
[1228.896190] (-) TimerEvent: {}
[1228.997403] (-) TimerEvent: {}
[1229.098406] (-) TimerEvent: {}
[1229.199454] (-) TimerEvent: {}
[1229.300559] (-) TimerEvent: {}
[1229.401651] (-) TimerEvent: {}
[1229.502704] (-) TimerEvent: {}
[1229.603729] (-) TimerEvent: {}
[1229.705044] (-) TimerEvent: {}
[1229.806294] (-) TimerEvent: {}
[1229.907450] (-) TimerEvent: {}
[1230.009824] (-) TimerEvent: {}
[1230.111035] (-) TimerEvent: {}
[1230.212727] (-) TimerEvent: {}
[1230.313988] (-) TimerEvent: {}
[1230.415311] (-) TimerEvent: {}
[1230.516915] (-) TimerEvent: {}
[1230.618129] (-) TimerEvent: {}
[1230.719331] (-) TimerEvent: {}
[1230.820638] (-) TimerEvent: {}
[1230.923110] (-) TimerEvent: {}
[1231.024506] (-) TimerEvent: {}
[1231.126809] (-) TimerEvent: {}
[1231.228505] (-) TimerEvent: {}
[1231.330767] (-) TimerEvent: {}
[1231.431974] (-) TimerEvent: {}
[1231.533189] (-) TimerEvent: {}
[1231.634308] (-) TimerEvent: {}
[1231.735587] (-) TimerEvent: {}
[1231.836726] (-) TimerEvent: {}
[1231.937980] (-) TimerEvent: {}
[1232.039081] (-) TimerEvent: {}
[1232.140196] (-) TimerEvent: {}
[1232.241529] (-) TimerEvent: {}
[1232.342736] (-) TimerEvent: {}
[1232.444041] (-) TimerEvent: {}
[1232.545910] (-) TimerEvent: {}
[1232.647208] (-) TimerEvent: {}
[1232.748583] (-) TimerEvent: {}
[1232.849941] (-) TimerEvent: {}
[1232.950980] (-) TimerEvent: {}
[1233.051958] (-) TimerEvent: {}
[1233.153019] (-) TimerEvent: {}
[1233.254141] (-) TimerEvent: {}
[1233.355330] (-) TimerEvent: {}
[1233.457425] (-) TimerEvent: {}
[1233.558983] (-) TimerEvent: {}
[1233.660514] (-) TimerEvent: {}
[1233.762830] (-) TimerEvent: {}
[1233.864853] (-) TimerEvent: {}
[1233.968339] (-) TimerEvent: {}
[1234.070193] (-) TimerEvent: {}
[1234.171288] (-) TimerEvent: {}
[1234.272439] (-) TimerEvent: {}
[1234.373447] (-) TimerEvent: {}
[1234.474539] (-) TimerEvent: {}
[1234.575570] (-) TimerEvent: {}
[1234.676734] (-) TimerEvent: {}
[1234.777822] (-) TimerEvent: {}
[1234.879041] (-) TimerEvent: {}
[1234.980191] (-) TimerEvent: {}
[1235.081262] (-) TimerEvent: {}
[1235.182258] (-) TimerEvent: {}
[1235.283292] (-) TimerEvent: {}
[1235.384438] (-) TimerEvent: {}
[1235.485431] (-) TimerEvent: {}
[1235.586543] (-) TimerEvent: {}
[1235.687556] (-) TimerEvent: {}
[1235.788676] (-) TimerEvent: {}
[1235.889719] (-) TimerEvent: {}
[1235.990859] (-) TimerEvent: {}
[1236.092080] (-) TimerEvent: {}
[1236.193317] (-) TimerEvent: {}
[1236.294429] (-) TimerEvent: {}
[1236.395700] (-) TimerEvent: {}
[1236.496791] (-) TimerEvent: {}
[1236.597791] (-) TimerEvent: {}
[1236.698901] (-) TimerEvent: {}
[1236.801267] (-) TimerEvent: {}
[1236.902390] (-) TimerEvent: {}
[1237.003534] (-) TimerEvent: {}
[1237.104757] (-) TimerEvent: {}
[1237.205804] (-) TimerEvent: {}
[1237.306878] (-) TimerEvent: {}
[1237.408012] (-) TimerEvent: {}
[1237.509264] (-) TimerEvent: {}
[1237.610578] (-) TimerEvent: {}
[1237.711831] (-) TimerEvent: {}
[1237.812919] (-) TimerEvent: {}
[1237.913989] (-) TimerEvent: {}
[1238.015032] (-) TimerEvent: {}
[1238.116113] (-) TimerEvent: {}
[1238.218468] (-) TimerEvent: {}
[1238.320936] (-) TimerEvent: {}
[1238.422125] (-) TimerEvent: {}
[1238.523383] (-) TimerEvent: {}
[1238.624563] (-) TimerEvent: {}
[1238.725681] (-) TimerEvent: {}
[1238.826830] (-) TimerEvent: {}
[1238.927993] (-) TimerEvent: {}
[1239.029539] (-) TimerEvent: {}
[1239.130610] (-) TimerEvent: {}
[1239.231698] (-) TimerEvent: {}
[1239.332779] (-) TimerEvent: {}
[1239.433897] (-) TimerEvent: {}
[1239.534932] (-) TimerEvent: {}
[1239.635977] (-) TimerEvent: {}
[1239.737038] (-) TimerEvent: {}
[1239.838038] (-) TimerEvent: {}
[1239.876352] (gazebo_plugins) StdoutLine: {'line': b'[ 61%] \x1b[32m\x1b[1mLinking CXX shared library libgazebo_ros_wheel_slip.so\x1b[0m\n'}
[1239.938341] (-) TimerEvent: {}
[1240.039439] (-) TimerEvent: {}
[1240.140688] (-) TimerEvent: {}
[1240.241953] (-) TimerEvent: {}
[1240.343150] (-) TimerEvent: {}
[1240.444519] (-) TimerEvent: {}
[1240.545800] (-) TimerEvent: {}
[1240.647040] (-) TimerEvent: {}
[1240.748443] (-) TimerEvent: {}
[1240.849795] (-) TimerEvent: {}
[1240.951233] (-) TimerEvent: {}
[1241.052494] (-) TimerEvent: {}
[1241.153951] (-) TimerEvent: {}
[1241.255353] (-) TimerEvent: {}
[1241.356680] (-) TimerEvent: {}
[1241.462174] (-) TimerEvent: {}
[1241.563648] (-) TimerEvent: {}
[1241.665500] (-) TimerEvent: {}
[1241.767870] (-) TimerEvent: {}
[1241.869836] (-) TimerEvent: {}
[1241.975018] (-) TimerEvent: {}
[1242.076536] (-) TimerEvent: {}
[1242.177933] (-) TimerEvent: {}
[1242.279248] (-) TimerEvent: {}
[1242.380579] (-) TimerEvent: {}
[1242.482380] (-) TimerEvent: {}
[1242.583881] (-) TimerEvent: {}
[1242.685208] (-) TimerEvent: {}
[1242.786527] (-) TimerEvent: {}
[1242.887996] (-) TimerEvent: {}
[1242.989444] (-) TimerEvent: {}
[1243.090523] (-) TimerEvent: {}
[1243.191719] (-) TimerEvent: {}
[1243.294656] (-) TimerEvent: {}
[1243.395924] (-) TimerEvent: {}
[1243.497345] (-) TimerEvent: {}
[1243.598504] (-) TimerEvent: {}
[1243.699626] (-) TimerEvent: {}
[1243.801328] (-) TimerEvent: {}
[1243.902935] (-) TimerEvent: {}
[1243.980328] (gazebo_plugins) StdoutLine: {'line': b'[ 61%] Built target gazebo_ros_wheel_slip\n'}
[1244.003218] (-) TimerEvent: {}
[1244.104510] (-) TimerEvent: {}
[1244.205797] (-) TimerEvent: {}
[1244.307099] (-) TimerEvent: {}
[1244.408399] (-) TimerEvent: {}
[1244.509522] (-) TimerEvent: {}
[1244.610687] (-) TimerEvent: {}
[1244.712471] (-) TimerEvent: {}
[1244.813747] (-) TimerEvent: {}
[1244.914975] (-) TimerEvent: {}
[1245.016614] (-) TimerEvent: {}
[1245.117676] (-) TimerEvent: {}
[1245.218878] (-) TimerEvent: {}
[1245.320059] (-) TimerEvent: {}
[1245.421307] (-) TimerEvent: {}
[1245.522484] (-) TimerEvent: {}
[1245.623715] (-) TimerEvent: {}
[1245.725041] (-) TimerEvent: {}
[1245.826256] (-) TimerEvent: {}
[1245.928778] (-) TimerEvent: {}
[1246.029864] (-) TimerEvent: {}
[1246.131069] (-) TimerEvent: {}
[1246.232324] (-) TimerEvent: {}
[1246.333568] (-) TimerEvent: {}
[1246.434752] (-) TimerEvent: {}
[1246.535878] (-) TimerEvent: {}
[1246.636995] (-) TimerEvent: {}
[1246.738194] (-) TimerEvent: {}
[1246.839314] (-) TimerEvent: {}
[1246.940600] (-) TimerEvent: {}
[1247.041788] (-) TimerEvent: {}
[1247.143426] (-) TimerEvent: {}
[1247.244538] (-) TimerEvent: {}
[1247.345591] (-) TimerEvent: {}
[1247.446598] (-) TimerEvent: {}
[1247.547619] (-) TimerEvent: {}
[1247.648734] (-) TimerEvent: {}
[1247.749726] (-) TimerEvent: {}
[1247.850815] (-) TimerEvent: {}
[1247.951850] (-) TimerEvent: {}
[1248.052951] (-) TimerEvent: {}
[1248.154821] (-) TimerEvent: {}
[1248.255935] (-) TimerEvent: {}
[1248.357112] (-) TimerEvent: {}
[1248.458212] (-) TimerEvent: {}
[1248.559329] (-) TimerEvent: {}
[1248.660917] (-) TimerEvent: {}
[1248.762691] (-) TimerEvent: {}
[1248.863716] (-) TimerEvent: {}
[1248.964887] (-) TimerEvent: {}
[1249.065977] (-) TimerEvent: {}
[1249.167038] (-) TimerEvent: {}
[1249.268141] (-) TimerEvent: {}
[1249.369937] (-) TimerEvent: {}
[1249.470962] (-) TimerEvent: {}
[1249.572080] (-) TimerEvent: {}
[1249.673298] (-) TimerEvent: {}
[1249.774593] (-) TimerEvent: {}
[1249.875833] (-) TimerEvent: {}
[1249.976976] (-) TimerEvent: {}
[1250.078117] (-) TimerEvent: {}
[1250.179165] (-) TimerEvent: {}
[1250.280218] (-) TimerEvent: {}
[1250.381437] (-) TimerEvent: {}
[1250.482537] (-) TimerEvent: {}
[1250.583848] (-) TimerEvent: {}
[1250.685202] (-) TimerEvent: {}
[1250.786407] (-) TimerEvent: {}
[1250.887669] (-) TimerEvent: {}
[1250.988895] (-) TimerEvent: {}
[1251.090184] (-) TimerEvent: {}
[1251.192720] (-) TimerEvent: {}
[1251.293937] (-) TimerEvent: {}
[1251.394996] (-) TimerEvent: {}
[1251.496174] (-) TimerEvent: {}
[1251.597525] (-) TimerEvent: {}
[1251.701893] (-) TimerEvent: {}
[1251.802996] (-) TimerEvent: {}
[1251.904482] (-) TimerEvent: {}
[1252.006322] (-) TimerEvent: {}
[1252.112412] (-) TimerEvent: {}
[1252.217762] (-) TimerEvent: {}
[1252.323996] (-) TimerEvent: {}
[1252.430226] (-) TimerEvent: {}
[1252.536329] (-) TimerEvent: {}
[1252.641858] (-) TimerEvent: {}
[1252.747661] (-) TimerEvent: {}
[1252.853191] (-) TimerEvent: {}
[1252.958982] (-) TimerEvent: {}
[1253.062764] (-) TimerEvent: {}
[1253.169299] (-) TimerEvent: {}
[1253.276650] (-) TimerEvent: {}
[1253.382977] (-) TimerEvent: {}
[1253.484199] (-) TimerEvent: {}
[1253.586559] (-) TimerEvent: {}
[1253.687591] (-) TimerEvent: {}
[1253.788794] (-) TimerEvent: {}
[1253.889959] (-) TimerEvent: {}
[1253.991142] (-) TimerEvent: {}
[1254.092465] (-) TimerEvent: {}
[1254.193676] (-) TimerEvent: {}
[1254.294790] (-) TimerEvent: {}
[1254.395922] (-) TimerEvent: {}
[1254.497416] (-) TimerEvent: {}
[1254.598902] (-) TimerEvent: {}
[1254.699975] (-) TimerEvent: {}
[1254.801284] (-) TimerEvent: {}
[1254.902425] (-) TimerEvent: {}
[1255.003534] (-) TimerEvent: {}
[1255.104801] (-) TimerEvent: {}
[1255.205984] (-) TimerEvent: {}
[1255.307154] (-) TimerEvent: {}
[1255.408703] (-) TimerEvent: {}
[1255.510526] (-) TimerEvent: {}
[1255.611748] (-) TimerEvent: {}
[1255.713394] (-) TimerEvent: {}
[1255.814492] (-) TimerEvent: {}
[1255.915697] (-) TimerEvent: {}
[1256.016889] (-) TimerEvent: {}
[1256.118079] (-) TimerEvent: {}
[1256.219272] (-) TimerEvent: {}
[1256.320506] (-) TimerEvent: {}
[1256.422074] (-) TimerEvent: {}
[1256.523287] (-) TimerEvent: {}
[1256.624558] (-) TimerEvent: {}
[1256.725860] (-) TimerEvent: {}
[1256.827076] (-) TimerEvent: {}
[1256.928284] (-) TimerEvent: {}
[1257.029361] (-) TimerEvent: {}
[1257.130408] (-) TimerEvent: {}
[1257.231473] (-) TimerEvent: {}
[1257.332739] (-) TimerEvent: {}
[1257.433948] (-) TimerEvent: {}
[1257.535118] (-) TimerEvent: {}
[1257.636309] (-) TimerEvent: {}
[1257.740681] (-) TimerEvent: {}
[1257.846049] (-) TimerEvent: {}
[1257.953103] (-) TimerEvent: {}
[1258.062163] (-) TimerEvent: {}
[1258.170875] (-) TimerEvent: {}
[1258.277618] (-) TimerEvent: {}
[1258.378943] (-) TimerEvent: {}
[1258.480212] (-) TimerEvent: {}
[1258.588630] (-) TimerEvent: {}
[1258.696011] (-) TimerEvent: {}
[1258.803890] (-) TimerEvent: {}
[1258.911342] (-) TimerEvent: {}
[1259.019469] (-) TimerEvent: {}
[1259.127335] (-) TimerEvent: {}
[1259.234422] (-) TimerEvent: {}
[1259.341711] (-) TimerEvent: {}
[1259.449294] (-) TimerEvent: {}
[1259.556858] (-) TimerEvent: {}
[1259.666074] (-) TimerEvent: {}
[1259.772624] (-) TimerEvent: {}
[1259.879874] (-) TimerEvent: {}
[1259.987572] (-) TimerEvent: {}
[1260.095440] (-) TimerEvent: {}
[1260.204042] (-) TimerEvent: {}
[1260.310450] (-) TimerEvent: {}
[1260.418344] (-) TimerEvent: {}
[1260.532033] (-) TimerEvent: {}
[1260.639797] (-) TimerEvent: {}
[1260.747528] (-) TimerEvent: {}
[1260.860590] (-) TimerEvent: {}
[1260.965675] (-) TimerEvent: {}
[1261.066909] (-) TimerEvent: {}
[1261.168099] (-) TimerEvent: {}
[1261.269217] (-) TimerEvent: {}
[1261.370401] (-) TimerEvent: {}
[1261.472404] (-) TimerEvent: {}
[1261.573514] (-) TimerEvent: {}
[1261.674600] (-) TimerEvent: {}
[1261.775796] (-) TimerEvent: {}
[1261.876983] (-) TimerEvent: {}
[1261.978108] (-) TimerEvent: {}
[1262.080293] (-) TimerEvent: {}
[1262.181845] (-) TimerEvent: {}
[1262.282921] (-) TimerEvent: {}
[1262.384049] (-) TimerEvent: {}
[1262.485369] (-) TimerEvent: {}
[1262.586671] (-) TimerEvent: {}
[1262.688019] (-) TimerEvent: {}
[1262.789316] (-) TimerEvent: {}
[1262.890737] (-) TimerEvent: {}
[1262.991877] (-) TimerEvent: {}
[1263.093187] (-) TimerEvent: {}
[1263.191715] (gazebo_plugins) StdoutLine: {'line': b'[ 62%] \x1b[32mBuilding CXX object test/CMakeFiles/test_gazebo_ros_force.dir/test_gazebo_ros_force.cpp.o\x1b[0m\n'}
[1263.193394] (-) TimerEvent: {}
[1263.295524] (-) TimerEvent: {}
[1263.396692] (-) TimerEvent: {}
[1263.497764] (-) TimerEvent: {}
[1263.599148] (-) TimerEvent: {}
[1263.700290] (-) TimerEvent: {}
[1263.802582] (-) TimerEvent: {}
[1263.903757] (-) TimerEvent: {}
[1264.004940] (-) TimerEvent: {}
[1264.106108] (-) TimerEvent: {}
[1264.207238] (-) TimerEvent: {}
[1264.309610] (-) TimerEvent: {}
[1264.410948] (-) TimerEvent: {}
[1264.515279] (-) TimerEvent: {}
[1264.616543] (-) TimerEvent: {}
[1264.717622] (-) TimerEvent: {}
[1264.818740] (-) TimerEvent: {}
[1264.919855] (-) TimerEvent: {}
[1265.021158] (-) TimerEvent: {}
[1265.122296] (-) TimerEvent: {}
[1265.223528] (-) TimerEvent: {}
[1265.324709] (-) TimerEvent: {}
[1265.425800] (-) TimerEvent: {}
[1265.526872] (-) TimerEvent: {}
[1265.628005] (-) TimerEvent: {}
[1265.729321] (-) TimerEvent: {}
[1265.830405] (-) TimerEvent: {}
[1265.931641] (-) TimerEvent: {}
[1266.033031] (-) TimerEvent: {}
[1266.134084] (-) TimerEvent: {}
[1266.235108] (-) TimerEvent: {}
[1266.336090] (-) TimerEvent: {}
[1266.437070] (-) TimerEvent: {}
[1266.538035] (-) TimerEvent: {}
[1266.639176] (-) TimerEvent: {}
[1266.740103] (-) TimerEvent: {}
[1266.841119] (-) TimerEvent: {}
[1266.942035] (-) TimerEvent: {}
[1267.042913] (-) TimerEvent: {}
[1267.143825] (-) TimerEvent: {}
[1267.244769] (-) TimerEvent: {}
[1267.345707] (-) TimerEvent: {}
[1267.446634] (-) TimerEvent: {}
[1267.547575] (-) TimerEvent: {}
[1267.648551] (-) TimerEvent: {}
[1267.749577] (-) TimerEvent: {}
[1267.850620] (-) TimerEvent: {}
[1267.951574] (-) TimerEvent: {}
[1268.052579] (-) TimerEvent: {}
[1268.153535] (-) TimerEvent: {}
[1268.254533] (-) TimerEvent: {}
[1268.355502] (-) TimerEvent: {}
[1268.457211] (-) TimerEvent: {}
[1268.559320] (-) TimerEvent: {}
[1268.660424] (-) TimerEvent: {}
[1268.761582] (-) TimerEvent: {}
[1268.862559] (-) TimerEvent: {}
[1268.963552] (-) TimerEvent: {}
[1269.064581] (-) TimerEvent: {}
[1269.165637] (-) TimerEvent: {}
[1269.266599] (-) TimerEvent: {}
[1269.367905] (-) TimerEvent: {}
[1269.468964] (-) TimerEvent: {}
[1269.571120] (-) TimerEvent: {}
[1269.672085] (-) TimerEvent: {}
[1269.773045] (-) TimerEvent: {}
[1269.873948] (-) TimerEvent: {}
[1269.974855] (-) TimerEvent: {}
[1270.075707] (-) TimerEvent: {}
[1270.176665] (-) TimerEvent: {}
[1270.277606] (-) TimerEvent: {}
[1270.378561] (-) TimerEvent: {}
[1270.479491] (-) TimerEvent: {}
[1270.580491] (-) TimerEvent: {}
[1270.681455] (-) TimerEvent: {}
[1270.782389] (-) TimerEvent: {}
[1270.883325] (-) TimerEvent: {}
[1270.984408] (-) TimerEvent: {}
[1271.085318] (-) TimerEvent: {}
[1271.186280] (-) TimerEvent: {}
[1271.287206] (-) TimerEvent: {}
[1271.388137] (-) TimerEvent: {}
[1271.489199] (-) TimerEvent: {}
[1271.590159] (-) TimerEvent: {}
[1271.691066] (-) TimerEvent: {}
[1271.791993] (-) TimerEvent: {}
[1271.893010] (-) TimerEvent: {}
[1271.991486] (gazebo_plugins) StdoutLine: {'line': b'[ 63%] \x1b[32m\x1b[1mLinking CXX shared library libgazebo_ros_camera.so\x1b[0m\n'}
[1271.993137] (-) TimerEvent: {}
[1272.093969] (-) TimerEvent: {}
[1272.194995] (-) TimerEvent: {}
[1272.296084] (-) TimerEvent: {}
[1272.397138] (-) TimerEvent: {}
[1272.498145] (-) TimerEvent: {}
[1272.599812] (-) TimerEvent: {}
[1272.700866] (-) TimerEvent: {}
[1272.801919] (-) TimerEvent: {}
[1272.903331] (-) TimerEvent: {}
[1273.004463] (-) TimerEvent: {}
[1273.106679] (-) TimerEvent: {}
[1273.207720] (-) TimerEvent: {}
[1273.308828] (-) TimerEvent: {}
[1273.409830] (-) TimerEvent: {}
[1273.510779] (-) TimerEvent: {}
[1273.611761] (-) TimerEvent: {}
[1273.712728] (-) TimerEvent: {}
[1273.813669] (-) TimerEvent: {}
[1273.914734] (-) TimerEvent: {}
[1274.015675] (-) TimerEvent: {}
[1274.116849] (-) TimerEvent: {}
[1274.217832] (-) TimerEvent: {}
[1274.319241] (-) TimerEvent: {}
[1274.420180] (-) TimerEvent: {}
[1274.521204] (-) TimerEvent: {}
[1274.622191] (-) TimerEvent: {}
[1274.723199] (-) TimerEvent: {}
[1274.824361] (-) TimerEvent: {}
[1274.925373] (-) TimerEvent: {}
[1275.026649] (-) TimerEvent: {}
[1275.127749] (-) TimerEvent: {}
[1275.228862] (-) TimerEvent: {}
[1275.329793] (-) TimerEvent: {}
[1275.430713] (-) TimerEvent: {}
[1275.531647] (-) TimerEvent: {}
[1275.632714] (-) TimerEvent: {}
[1275.733592] (-) TimerEvent: {}
[1275.834480] (-) TimerEvent: {}
[1275.935518] (-) TimerEvent: {}
[1276.036482] (-) TimerEvent: {}
[1276.137417] (-) TimerEvent: {}
[1276.238382] (-) TimerEvent: {}
[1276.339366] (-) TimerEvent: {}
[1276.440402] (-) TimerEvent: {}
[1276.541367] (-) TimerEvent: {}
[1276.642280] (-) TimerEvent: {}
[1276.743174] (-) TimerEvent: {}
[1276.844090] (-) TimerEvent: {}
[1276.945051] (-) TimerEvent: {}
[1277.010040] (gazebo_plugins) StdoutLine: {'line': b'[ 63%] Built target gazebo_ros_camera\n'}
[1277.045378] (-) TimerEvent: {}
[1277.146365] (-) TimerEvent: {}
[1277.247918] (-) TimerEvent: {}
[1277.348928] (-) TimerEvent: {}
[1277.450024] (-) TimerEvent: {}
[1277.552201] (-) TimerEvent: {}
[1277.653395] (-) TimerEvent: {}
[1277.754380] (-) TimerEvent: {}
[1277.855334] (-) TimerEvent: {}
[1277.956666] (-) TimerEvent: {}
[1278.057721] (-) TimerEvent: {}
[1278.158781] (-) TimerEvent: {}
[1278.260315] (-) TimerEvent: {}
[1278.361304] (-) TimerEvent: {}
[1278.462317] (-) TimerEvent: {}
[1278.563400] (-) TimerEvent: {}
[1278.665064] (-) TimerEvent: {}
[1278.766092] (-) TimerEvent: {}
[1278.867083] (-) TimerEvent: {}
[1278.968972] (-) TimerEvent: {}
[1279.069966] (-) TimerEvent: {}
[1279.171040] (-) TimerEvent: {}
[1279.272110] (-) TimerEvent: {}
[1279.373263] (-) TimerEvent: {}
[1279.474398] (-) TimerEvent: {}
[1279.575461] (-) TimerEvent: {}
[1279.676566] (-) TimerEvent: {}
[1279.777670] (-) TimerEvent: {}
[1279.878650] (-) TimerEvent: {}
[1279.979778] (-) TimerEvent: {}
[1280.080973] (-) TimerEvent: {}
[1280.182078] (-) TimerEvent: {}
[1280.283105] (-) TimerEvent: {}
[1280.384131] (-) TimerEvent: {}
[1280.485348] (-) TimerEvent: {}
[1280.507539] (gazebo_plugins) StdoutLine: {'line': b'[ 65%] \x1b[32m\x1b[1mLinking CXX executable test_gazebo_ros_elevator\x1b[0m\n'}
[1280.585668] (-) TimerEvent: {}
[1280.686755] (-) TimerEvent: {}
[1280.787830] (-) TimerEvent: {}
[1280.889005] (-) TimerEvent: {}
[1280.990082] (-) TimerEvent: {}
[1281.091297] (-) TimerEvent: {}
[1281.192504] (-) TimerEvent: {}
[1281.294129] (-) TimerEvent: {}
[1281.395322] (-) TimerEvent: {}
[1281.496511] (-) TimerEvent: {}
[1281.597608] (-) TimerEvent: {}
[1281.698717] (-) TimerEvent: {}
[1281.799848] (-) TimerEvent: {}
[1281.901130] (-) TimerEvent: {}
[1282.002200] (-) TimerEvent: {}
[1282.103326] (-) TimerEvent: {}
[1282.204627] (-) TimerEvent: {}
[1282.305817] (-) TimerEvent: {}
[1282.408053] (-) TimerEvent: {}
[1282.509261] (-) TimerEvent: {}
[1282.610432] (-) TimerEvent: {}
[1282.711719] (-) TimerEvent: {}
[1282.812877] (-) TimerEvent: {}
[1282.913900] (-) TimerEvent: {}
[1283.015010] (-) TimerEvent: {}
[1283.116058] (-) TimerEvent: {}
[1283.217193] (-) TimerEvent: {}
[1283.318307] (-) TimerEvent: {}
[1283.420383] (-) TimerEvent: {}
[1283.521531] (-) TimerEvent: {}
[1283.622762] (-) TimerEvent: {}
[1283.724034] (-) TimerEvent: {}
[1283.825861] (-) TimerEvent: {}
[1283.926995] (-) TimerEvent: {}
[1284.028449] (-) TimerEvent: {}
[1284.130549] (-) TimerEvent: {}
[1284.231545] (-) TimerEvent: {}
[1284.332588] (-) TimerEvent: {}
[1284.433645] (-) TimerEvent: {}
[1284.534628] (-) TimerEvent: {}
[1284.635679] (-) TimerEvent: {}
[1284.736872] (-) TimerEvent: {}
[1284.837952] (-) TimerEvent: {}
[1284.938992] (-) TimerEvent: {}
[1285.040067] (-) TimerEvent: {}
[1285.141392] (-) TimerEvent: {}
[1285.242524] (-) TimerEvent: {}
[1285.343570] (-) TimerEvent: {}
[1285.444794] (-) TimerEvent: {}
[1285.545825] (-) TimerEvent: {}
[1285.646960] (-) TimerEvent: {}
[1285.748114] (-) TimerEvent: {}
[1285.849326] (-) TimerEvent: {}
[1285.950468] (-) TimerEvent: {}
[1286.052624] (-) TimerEvent: {}
[1286.153765] (-) TimerEvent: {}
[1286.254950] (-) TimerEvent: {}
[1286.356209] (-) TimerEvent: {}
[1286.457502] (-) TimerEvent: {}
[1286.558739] (-) TimerEvent: {}
[1286.659915] (-) TimerEvent: {}
[1286.761117] (-) TimerEvent: {}
[1286.862272] (-) TimerEvent: {}
[1286.963273] (-) TimerEvent: {}
[1287.064292] (-) TimerEvent: {}
[1287.165353] (-) TimerEvent: {}
[1287.266479] (-) TimerEvent: {}
[1287.275112] (gazebo_plugins) StdoutLine: {'line': b'[ 65%] Built target test_gazebo_ros_elevator\n'}
[1287.366750] (-) TimerEvent: {}
[1287.467796] (-) TimerEvent: {}
[1287.568902] (-) TimerEvent: {}
[1287.669977] (-) TimerEvent: {}
[1287.771015] (-) TimerEvent: {}
[1287.872038] (-) TimerEvent: {}
[1287.973184] (-) TimerEvent: {}
[1288.074284] (-) TimerEvent: {}
[1288.175412] (-) TimerEvent: {}
[1288.276625] (-) TimerEvent: {}
[1288.377556] (-) TimerEvent: {}
[1288.478612] (-) TimerEvent: {}
[1288.579692] (-) TimerEvent: {}
[1288.680868] (-) TimerEvent: {}
[1288.782008] (-) TimerEvent: {}
[1288.883049] (-) TimerEvent: {}
[1288.984061] (-) TimerEvent: {}
[1289.085223] (-) TimerEvent: {}
[1289.142154] (gazebo_plugins) StdoutLine: {'line': b'[ 66%] \x1b[32m\x1b[1mLinking CXX executable test_gazebo_ros_bumper\x1b[0m\n'}
[1289.185512] (-) TimerEvent: {}
[1289.286547] (-) TimerEvent: {}
[1289.387496] (-) TimerEvent: {}
[1289.488529] (-) TimerEvent: {}
[1289.589626] (-) TimerEvent: {}
[1289.690750] (-) TimerEvent: {}
[1289.791992] (-) TimerEvent: {}
[1289.893314] (-) TimerEvent: {}
[1289.994405] (-) TimerEvent: {}
[1290.095582] (-) TimerEvent: {}
[1290.196953] (-) TimerEvent: {}
[1290.298024] (-) TimerEvent: {}
[1290.399033] (-) TimerEvent: {}
[1290.500125] (-) TimerEvent: {}
[1290.601338] (-) TimerEvent: {}
[1290.702489] (-) TimerEvent: {}
[1290.803666] (-) TimerEvent: {}
[1290.904967] (-) TimerEvent: {}
[1291.006126] (-) TimerEvent: {}
[1291.107362] (-) TimerEvent: {}
[1291.208609] (-) TimerEvent: {}
[1291.309699] (-) TimerEvent: {}
[1291.410865] (-) TimerEvent: {}
[1291.511976] (-) TimerEvent: {}
[1291.613179] (-) TimerEvent: {}
[1291.714287] (-) TimerEvent: {}
[1291.748575] (gazebo_plugins) StdoutLine: {'line': b'[ 67%] \x1b[32m\x1b[1mLinking CXX executable test_gazebo_ros_diff_drive\x1b[0m\n'}
[1291.814596] (-) TimerEvent: {}
[1291.915693] (-) TimerEvent: {}
[1292.017254] (-) TimerEvent: {}
[1292.120588] (-) TimerEvent: {}
[1292.222099] (-) TimerEvent: {}
[1292.323356] (-) TimerEvent: {}
[1292.424733] (-) TimerEvent: {}
[1292.526318] (-) TimerEvent: {}
[1292.628047] (-) TimerEvent: {}
[1292.729372] (-) TimerEvent: {}
[1292.830636] (-) TimerEvent: {}
[1292.932026] (-) TimerEvent: {}
[1293.033678] (-) TimerEvent: {}
[1293.135370] (-) TimerEvent: {}
[1293.237228] (-) TimerEvent: {}
[1293.339011] (-) TimerEvent: {}
[1293.441050] (-) TimerEvent: {}
[1293.542435] (-) TimerEvent: {}
[1293.643744] (-) TimerEvent: {}
[1293.745407] (-) TimerEvent: {}
[1293.846673] (-) TimerEvent: {}
[1293.947977] (-) TimerEvent: {}
[1294.052824] (-) TimerEvent: {}
[1294.160693] (-) TimerEvent: {}
[1294.264623] (-) TimerEvent: {}
[1294.366997] (-) TimerEvent: {}
[1294.468379] (-) TimerEvent: {}
[1294.570608] (-) TimerEvent: {}
[1294.672114] (-) TimerEvent: {}
[1294.781047] (-) TimerEvent: {}
[1294.883960] (-) TimerEvent: {}
[1294.986500] (-) TimerEvent: {}
[1295.087773] (-) TimerEvent: {}
[1295.190228] (-) TimerEvent: {}
[1295.292469] (-) TimerEvent: {}
[1295.393849] (-) TimerEvent: {}
[1295.495043] (-) TimerEvent: {}
[1295.597120] (-) TimerEvent: {}
[1295.698360] (-) TimerEvent: {}
[1295.799990] (-) TimerEvent: {}
[1295.901258] (-) TimerEvent: {}
[1296.002377] (-) TimerEvent: {}
[1296.103662] (-) TimerEvent: {}
[1296.206898] (-) TimerEvent: {}
[1296.312899] (-) TimerEvent: {}
[1296.418413] (-) TimerEvent: {}
[1296.523210] (-) TimerEvent: {}
[1296.624124] (-) TimerEvent: {}
[1296.645098] (gazebo_plugins) StdoutLine: {'line': b'[ 67%] Built target test_gazebo_ros_bumper\n'}
[1296.724548] (-) TimerEvent: {}
[1296.825830] (-) TimerEvent: {}
[1296.926963] (-) TimerEvent: {}
[1297.028106] (-) TimerEvent: {}
[1297.129362] (-) TimerEvent: {}
[1297.230567] (-) TimerEvent: {}
[1297.331858] (-) TimerEvent: {}
[1297.433350] (-) TimerEvent: {}
[1297.534722] (-) TimerEvent: {}
[1297.636650] (-) TimerEvent: {}
[1297.738011] (-) TimerEvent: {}
[1297.839133] (-) TimerEvent: {}
[1297.940173] (-) TimerEvent: {}
[1298.041378] (-) TimerEvent: {}
[1298.142397] (-) TimerEvent: {}
[1298.243587] (-) TimerEvent: {}
[1298.345035] (-) TimerEvent: {}
[1298.446371] (-) TimerEvent: {}
[1298.547505] (-) TimerEvent: {}
[1298.648699] (-) TimerEvent: {}
[1298.749794] (-) TimerEvent: {}
[1298.787494] (gazebo_plugins) StdoutLine: {'line': b'[ 68%] \x1b[32mBuilding CXX object test/CMakeFiles/test_gazebo_ros_harness.dir/test_gazebo_ros_harness.cpp.o\x1b[0m\n'}
[1298.850115] (-) TimerEvent: {}
[1298.955742] (-) TimerEvent: {}
[1299.063700] (-) TimerEvent: {}
[1299.168013] (-) TimerEvent: {}
[1299.270113] (-) TimerEvent: {}
[1299.371809] (-) TimerEvent: {}
[1299.420471] (gazebo_plugins) StdoutLine: {'line': b'[ 68%] Built target test_gazebo_ros_diff_drive\n'}
[1299.472068] (-) TimerEvent: {}
[1299.505676] (gazebo_plugins) StdoutLine: {'line': b'[ 69%] \x1b[32mBuilding CXX object test/CMakeFiles/test_gazebo_ros_hand_of_god.dir/test_gazebo_ros_hand_of_god.cpp.o\x1b[0m\n'}
[1299.556545] (gazebo_plugins) StdoutLine: {'line': b'[ 70%] \x1b[32mBuilding CXX object test/CMakeFiles/test_gazebo_ros_ft_sensor.dir/test_gazebo_ros_ft_sensor.cpp.o\x1b[0m\n'}
[1299.572403] (-) TimerEvent: {}
[1299.673528] (-) TimerEvent: {}
[1299.774639] (-) TimerEvent: {}
[1299.875635] (-) TimerEvent: {}
[1299.976812] (-) TimerEvent: {}
[1300.080643] (-) TimerEvent: {}
[1300.184200] (-) TimerEvent: {}
[1300.285686] (-) TimerEvent: {}
[1300.387076] (-) TimerEvent: {}
[1300.491677] (-) TimerEvent: {}
[1300.595197] (-) TimerEvent: {}
[1300.638587] (gazebo_plugins) StdoutLine: {'line': b'[ 72%] \x1b[32mBuilding CXX object test/CMakeFiles/test_gazebo_ros_imu_sensor.dir/test_gazebo_ros_imu_sensor.cpp.o\x1b[0m\n'}
[1300.695516] (-) TimerEvent: {}
[1300.799698] (-) TimerEvent: {}
[1300.905537] (-) TimerEvent: {}
[1301.008865] (-) TimerEvent: {}
[1301.110349] (-) TimerEvent: {}
[1301.212150] (-) TimerEvent: {}
[1301.313896] (-) TimerEvent: {}
[1301.414856] (-) TimerEvent: {}
[1301.516758] (-) TimerEvent: {}
[1301.619361] (-) TimerEvent: {}
[1301.722143] (-) TimerEvent: {}
[1301.827024] (-) TimerEvent: {}
[1301.929655] (-) TimerEvent: {}
[1302.030547] (-) TimerEvent: {}
[1302.132556] (-) TimerEvent: {}
[1302.233466] (-) TimerEvent: {}
[1302.336770] (-) TimerEvent: {}
[1302.438923] (-) TimerEvent: {}
[1302.542741] (-) TimerEvent: {}
[1302.646076] (-) TimerEvent: {}
[1302.750788] (-) TimerEvent: {}
[1302.855749] (-) TimerEvent: {}
[1302.958705] (-) TimerEvent: {}
[1303.065378] (-) TimerEvent: {}
[1303.169425] (-) TimerEvent: {}
[1303.271789] (-) TimerEvent: {}
[1303.375889] (-) TimerEvent: {}
[1303.479119] (-) TimerEvent: {}
[1303.580060] (-) TimerEvent: {}
[1303.681151] (-) TimerEvent: {}
[1303.784827] (-) TimerEvent: {}
[1303.888412] (-) TimerEvent: {}
[1303.989407] (-) TimerEvent: {}
[1304.090324] (-) TimerEvent: {}
[1304.191311] (-) TimerEvent: {}
[1304.285547] (gazebo_plugins) StdoutLine: {'line': b'[ 73%] \x1b[32m\x1b[1mLinking CXX executable test_gazebo_ros_ackermann_drive\x1b[0m\n'}
[1304.291599] (-) TimerEvent: {}
[1304.392657] (-) TimerEvent: {}
[1304.493530] (-) TimerEvent: {}
[1304.594551] (-) TimerEvent: {}
[1304.695529] (-) TimerEvent: {}
[1304.796927] (-) TimerEvent: {}
[1304.898050] (-) TimerEvent: {}
[1304.998989] (-) TimerEvent: {}
[1305.100564] (-) TimerEvent: {}
[1305.201583] (-) TimerEvent: {}
[1305.302533] (-) TimerEvent: {}
[1305.404210] (-) TimerEvent: {}
[1305.505311] (-) TimerEvent: {}
[1305.606269] (-) TimerEvent: {}
[1305.708671] (-) TimerEvent: {}
[1305.812465] (-) TimerEvent: {}
[1305.913476] (-) TimerEvent: {}
[1306.014427] (-) TimerEvent: {}
[1306.115493] (-) TimerEvent: {}
[1306.216530] (-) TimerEvent: {}
[1306.317542] (-) TimerEvent: {}
[1306.418631] (-) TimerEvent: {}
[1306.519644] (-) TimerEvent: {}
[1306.620750] (-) TimerEvent: {}
[1306.721836] (-) TimerEvent: {}
[1306.822876] (-) TimerEvent: {}
[1306.923983] (-) TimerEvent: {}
[1307.025198] (-) TimerEvent: {}
[1307.126741] (-) TimerEvent: {}
[1307.227732] (-) TimerEvent: {}
[1307.329075] (-) TimerEvent: {}
[1307.430221] (-) TimerEvent: {}
[1307.532407] (-) TimerEvent: {}
[1307.633432] (-) TimerEvent: {}
[1307.734534] (-) TimerEvent: {}
[1307.835711] (-) TimerEvent: {}
[1307.936802] (-) TimerEvent: {}
[1308.038960] (-) TimerEvent: {}
[1308.140038] (-) TimerEvent: {}
[1308.241291] (-) TimerEvent: {}
[1308.342269] (-) TimerEvent: {}
[1308.443222] (-) TimerEvent: {}
[1308.544387] (-) TimerEvent: {}
[1308.645771] (-) TimerEvent: {}
[1308.746796] (-) TimerEvent: {}
[1308.847855] (-) TimerEvent: {}
[1308.948968] (-) TimerEvent: {}
[1309.049958] (-) TimerEvent: {}
[1309.151027] (-) TimerEvent: {}
[1309.252513] (-) TimerEvent: {}
[1309.353540] (-) TimerEvent: {}
[1309.454515] (-) TimerEvent: {}
[1309.555453] (-) TimerEvent: {}
[1309.656698] (-) TimerEvent: {}
[1309.757735] (-) TimerEvent: {}
[1309.858729] (-) TimerEvent: {}
[1309.959824] (-) TimerEvent: {}
[1310.060851] (-) TimerEvent: {}
[1310.162723] (-) TimerEvent: {}
[1310.263713] (-) TimerEvent: {}
[1310.364718] (-) TimerEvent: {}
[1310.465805] (-) TimerEvent: {}
[1310.566843] (-) TimerEvent: {}
[1310.667980] (-) TimerEvent: {}
[1310.769083] (-) TimerEvent: {}
[1310.870141] (-) TimerEvent: {}
[1310.971334] (-) TimerEvent: {}
[1311.072586] (-) TimerEvent: {}
[1311.173628] (-) TimerEvent: {}
[1311.274688] (-) TimerEvent: {}
[1311.375764] (-) TimerEvent: {}
[1311.476882] (-) TimerEvent: {}
[1311.577930] (-) TimerEvent: {}
[1311.679093] (-) TimerEvent: {}
[1311.780109] (-) TimerEvent: {}
[1311.881239] (-) TimerEvent: {}
[1311.982291] (-) TimerEvent: {}
[1312.083457] (-) TimerEvent: {}
[1312.184924] (-) TimerEvent: {}
[1312.286005] (-) TimerEvent: {}
[1312.388461] (-) TimerEvent: {}
[1312.489441] (-) TimerEvent: {}
[1312.591029] (-) TimerEvent: {}
[1312.691995] (-) TimerEvent: {}
[1312.793011] (-) TimerEvent: {}
[1312.894727] (-) TimerEvent: {}
[1312.995707] (-) TimerEvent: {}
[1313.011144] (gazebo_plugins) StdoutLine: {'line': b'[ 73%] Built target test_gazebo_ros_ackermann_drive\n'}
[1313.096013] (-) TimerEvent: {}
[1313.152925] (gazebo_plugins) StdoutLine: {'line': b'[ 74%] \x1b[32mBuilding CXX object test/CMakeFiles/test_gazebo_ros_gps_sensor.dir/test_gazebo_ros_gps_sensor.cpp.o\x1b[0m\n'}
[1313.196347] (-) TimerEvent: {}
[1313.297691] (-) TimerEvent: {}
[1313.398611] (-) TimerEvent: {}
[1313.499700] (-) TimerEvent: {}
[1313.601054] (-) TimerEvent: {}
[1313.702064] (-) TimerEvent: {}
[1313.803314] (-) TimerEvent: {}
[1313.904366] (-) TimerEvent: {}
[1314.005884] (-) TimerEvent: {}
[1314.106960] (-) TimerEvent: {}
[1314.208114] (-) TimerEvent: {}
[1314.309246] (-) TimerEvent: {}
[1314.410266] (-) TimerEvent: {}
[1314.511346] (-) TimerEvent: {}
[1314.612541] (-) TimerEvent: {}
[1314.713528] (-) TimerEvent: {}
[1314.814533] (-) TimerEvent: {}
[1314.915648] (-) TimerEvent: {}
[1315.016786] (-) TimerEvent: {}
[1315.117875] (-) TimerEvent: {}
[1315.218972] (-) TimerEvent: {}
[1315.320020] (-) TimerEvent: {}
[1315.421174] (-) TimerEvent: {}
[1315.522634] (-) TimerEvent: {}
[1315.623770] (-) TimerEvent: {}
[1315.724811] (-) TimerEvent: {}
[1315.825818] (-) TimerEvent: {}
[1315.926742] (-) TimerEvent: {}
[1316.027676] (-) TimerEvent: {}
[1316.130027] (-) TimerEvent: {}
[1316.231150] (-) TimerEvent: {}
[1316.332401] (-) TimerEvent: {}
[1316.433718] (-) TimerEvent: {}
[1316.534733] (-) TimerEvent: {}
[1316.635694] (-) TimerEvent: {}
[1316.736773] (-) TimerEvent: {}
[1316.838175] (-) TimerEvent: {}
[1316.939170] (-) TimerEvent: {}
[1317.040334] (-) TimerEvent: {}
[1317.141801] (-) TimerEvent: {}
[1317.242904] (-) TimerEvent: {}
[1317.343909] (-) TimerEvent: {}
[1317.444998] (-) TimerEvent: {}
[1317.546124] (-) TimerEvent: {}
[1317.647323] (-) TimerEvent: {}
[1317.748491] (-) TimerEvent: {}
[1317.849540] (-) TimerEvent: {}
[1317.950565] (-) TimerEvent: {}
[1318.051966] (-) TimerEvent: {}
[1318.153059] (-) TimerEvent: {}
[1318.254113] (-) TimerEvent: {}
[1318.355119] (-) TimerEvent: {}
[1318.456319] (-) TimerEvent: {}
[1318.557486] (-) TimerEvent: {}
[1318.658671] (-) TimerEvent: {}
[1318.760810] (-) TimerEvent: {}
[1318.862069] (-) TimerEvent: {}
[1318.963020] (-) TimerEvent: {}
[1319.064148] (-) TimerEvent: {}
[1319.165391] (-) TimerEvent: {}
[1319.266413] (-) TimerEvent: {}
[1319.367562] (-) TimerEvent: {}
[1319.469264] (-) TimerEvent: {}
[1319.570334] (-) TimerEvent: {}
[1319.671514] (-) TimerEvent: {}
[1319.772940] (-) TimerEvent: {}
[1319.874118] (-) TimerEvent: {}
[1319.975318] (-) TimerEvent: {}
[1320.076725] (-) TimerEvent: {}
[1320.177765] (-) TimerEvent: {}
[1320.279468] (-) TimerEvent: {}
[1320.380659] (-) TimerEvent: {}
[1320.481740] (-) TimerEvent: {}
[1320.582765] (-) TimerEvent: {}
[1320.683785] (-) TimerEvent: {}
[1320.785289] (-) TimerEvent: {}
[1320.886358] (-) TimerEvent: {}
[1320.987410] (-) TimerEvent: {}
[1321.088472] (-) TimerEvent: {}
[1321.189525] (-) TimerEvent: {}
[1321.290541] (-) TimerEvent: {}
[1321.391686] (-) TimerEvent: {}
[1321.492971] (-) TimerEvent: {}
[1321.594074] (-) TimerEvent: {}
[1321.695129] (-) TimerEvent: {}
[1321.796068] (-) TimerEvent: {}
[1321.897240] (-) TimerEvent: {}
[1321.998483] (-) TimerEvent: {}
[1322.099688] (-) TimerEvent: {}
[1322.201644] (-) TimerEvent: {}
[1322.302748] (-) TimerEvent: {}
[1322.403843] (-) TimerEvent: {}
[1322.504864] (-) TimerEvent: {}
[1322.605907] (-) TimerEvent: {}
[1322.706942] (-) TimerEvent: {}
[1322.808073] (-) TimerEvent: {}
[1322.909204] (-) TimerEvent: {}
[1323.011533] (-) TimerEvent: {}
[1323.112680] (-) TimerEvent: {}
[1323.213724] (-) TimerEvent: {}
[1323.315004] (-) TimerEvent: {}
[1323.416049] (-) TimerEvent: {}
[1323.517201] (-) TimerEvent: {}
[1323.618227] (-) TimerEvent: {}
[1323.719274] (-) TimerEvent: {}
[1323.820379] (-) TimerEvent: {}
[1323.921414] (-) TimerEvent: {}
[1324.022465] (-) TimerEvent: {}
[1324.123605] (-) TimerEvent: {}
[1324.224773] (-) TimerEvent: {}
[1324.325793] (-) TimerEvent: {}
[1324.427918] (-) TimerEvent: {}
[1324.529104] (-) TimerEvent: {}
[1324.630334] (-) TimerEvent: {}
[1324.731527] (-) TimerEvent: {}
[1324.832577] (-) TimerEvent: {}
[1324.935690] (-) TimerEvent: {}
[1325.036771] (-) TimerEvent: {}
[1325.137876] (-) TimerEvent: {}
[1325.238943] (-) TimerEvent: {}
[1325.340023] (-) TimerEvent: {}
[1325.441150] (-) TimerEvent: {}
[1325.542326] (-) TimerEvent: {}
[1325.643427] (-) TimerEvent: {}
[1325.744541] (-) TimerEvent: {}
[1325.845601] (-) TimerEvent: {}
[1325.947106] (-) TimerEvent: {}
[1326.048174] (-) TimerEvent: {}
[1326.149399] (-) TimerEvent: {}
[1326.250502] (-) TimerEvent: {}
[1326.351639] (-) TimerEvent: {}
[1326.453187] (-) TimerEvent: {}
[1326.555728] (-) TimerEvent: {}
[1326.657345] (-) TimerEvent: {}
[1326.758523] (-) TimerEvent: {}
[1326.859731] (-) TimerEvent: {}
[1326.961591] (-) TimerEvent: {}
[1327.062651] (-) TimerEvent: {}
[1327.163677] (-) TimerEvent: {}
[1327.264878] (-) TimerEvent: {}
[1327.365918] (-) TimerEvent: {}
[1327.467016] (-) TimerEvent: {}
[1327.568079] (-) TimerEvent: {}
[1327.669176] (-) TimerEvent: {}
[1327.770232] (-) TimerEvent: {}
[1327.871423] (-) TimerEvent: {}
[1327.972571] (-) TimerEvent: {}
[1328.073703] (-) TimerEvent: {}
[1328.174814] (-) TimerEvent: {}
[1328.276811] (-) TimerEvent: {}
[1328.377905] (-) TimerEvent: {}
[1328.479480] (-) TimerEvent: {}
[1328.580630] (-) TimerEvent: {}
[1328.681826] (-) TimerEvent: {}
[1328.783174] (-) TimerEvent: {}
[1328.884523] (-) TimerEvent: {}
[1328.985786] (-) TimerEvent: {}
[1329.087044] (-) TimerEvent: {}
[1329.188363] (-) TimerEvent: {}
[1329.290779] (-) TimerEvent: {}
[1329.391927] (-) TimerEvent: {}
[1329.493101] (-) TimerEvent: {}
[1329.594199] (-) TimerEvent: {}
[1329.695300] (-) TimerEvent: {}
[1329.796440] (-) TimerEvent: {}
[1329.897472] (-) TimerEvent: {}
[1329.998590] (-) TimerEvent: {}
[1330.099629] (-) TimerEvent: {}
[1330.200885] (-) TimerEvent: {}
[1330.302089] (-) TimerEvent: {}
[1330.403164] (-) TimerEvent: {}
[1330.504219] (-) TimerEvent: {}
[1330.605424] (-) TimerEvent: {}
[1330.706919] (-) TimerEvent: {}
[1330.819633] (-) TimerEvent: {}
[1330.924503] (-) TimerEvent: {}
[1331.028534] (-) TimerEvent: {}
[1331.132595] (-) TimerEvent: {}
[1331.236532] (-) TimerEvent: {}
[1331.340524] (-) TimerEvent: {}
[1331.448504] (-) TimerEvent: {}
[1331.552520] (-) TimerEvent: {}
[1331.654064] (-) TimerEvent: {}
[1331.755252] (-) TimerEvent: {}
[1331.856392] (-) TimerEvent: {}
[1331.958461] (-) TimerEvent: {}
[1332.059484] (-) TimerEvent: {}
[1332.160607] (-) TimerEvent: {}
[1332.261691] (-) TimerEvent: {}
[1332.362771] (-) TimerEvent: {}
[1332.463778] (-) TimerEvent: {}
[1332.564865] (-) TimerEvent: {}
[1332.665970] (-) TimerEvent: {}
[1332.767057] (-) TimerEvent: {}
[1332.868148] (-) TimerEvent: {}
[1332.969339] (-) TimerEvent: {}
[1333.070545] (-) TimerEvent: {}
[1333.171593] (-) TimerEvent: {}
[1333.272794] (-) TimerEvent: {}
[1333.373782] (-) TimerEvent: {}
[1333.474844] (-) TimerEvent: {}
[1333.575941] (-) TimerEvent: {}
[1333.677092] (-) TimerEvent: {}
[1333.778149] (-) TimerEvent: {}
[1333.879225] (-) TimerEvent: {}
[1333.980194] (-) TimerEvent: {}
[1334.081725] (-) TimerEvent: {}
[1334.182844] (-) TimerEvent: {}
[1334.283851] (-) TimerEvent: {}
[1334.384955] (-) TimerEvent: {}
[1334.485942] (-) TimerEvent: {}
[1334.587254] (-) TimerEvent: {}
[1334.688530] (-) TimerEvent: {}
[1334.789777] (-) TimerEvent: {}
[1334.891042] (-) TimerEvent: {}
[1334.992183] (-) TimerEvent: {}
[1335.093357] (-) TimerEvent: {}
[1335.194485] (-) TimerEvent: {}
[1335.295509] (-) TimerEvent: {}
[1335.396644] (-) TimerEvent: {}
[1335.497634] (-) TimerEvent: {}
[1335.598740] (-) TimerEvent: {}
[1335.699863] (-) TimerEvent: {}
[1335.801093] (-) TimerEvent: {}
[1335.902276] (-) TimerEvent: {}
[1336.003536] (-) TimerEvent: {}
[1336.104791] (-) TimerEvent: {}
[1336.205896] (-) TimerEvent: {}
[1336.307029] (-) TimerEvent: {}
[1336.408128] (-) TimerEvent: {}
[1336.509297] (-) TimerEvent: {}
[1336.610271] (-) TimerEvent: {}
[1336.711237] (-) TimerEvent: {}
[1336.812333] (-) TimerEvent: {}
[1336.913327] (-) TimerEvent: {}
[1337.014260] (-) TimerEvent: {}
[1337.115372] (-) TimerEvent: {}
[1337.216554] (-) TimerEvent: {}
[1337.317622] (-) TimerEvent: {}
[1337.418614] (-) TimerEvent: {}
[1337.519647] (-) TimerEvent: {}
[1337.620888] (-) TimerEvent: {}
[1337.721983] (-) TimerEvent: {}
[1337.823166] (-) TimerEvent: {}
[1337.924708] (-) TimerEvent: {}
[1338.025868] (-) TimerEvent: {}
[1338.127128] (-) TimerEvent: {}
[1338.240555] (-) TimerEvent: {}
[1338.342827] (-) TimerEvent: {}
[1338.443964] (-) TimerEvent: {}
[1338.545193] (-) TimerEvent: {}
[1338.646285] (-) TimerEvent: {}
[1338.747389] (-) TimerEvent: {}
[1338.848494] (-) TimerEvent: {}
[1338.949573] (-) TimerEvent: {}
[1339.050615] (-) TimerEvent: {}
[1339.152963] (-) TimerEvent: {}
[1339.254012] (-) TimerEvent: {}
[1339.355118] (-) TimerEvent: {}
[1339.456202] (-) TimerEvent: {}
[1339.557338] (-) TimerEvent: {}
[1339.658487] (-) TimerEvent: {}
[1339.759630] (-) TimerEvent: {}
[1339.860823] (-) TimerEvent: {}
[1339.961909] (-) TimerEvent: {}
[1340.062957] (-) TimerEvent: {}
[1340.165170] (-) TimerEvent: {}
[1340.266859] (-) TimerEvent: {}
[1340.367921] (-) TimerEvent: {}
[1340.470172] (-) TimerEvent: {}
[1340.571368] (-) TimerEvent: {}
[1340.672457] (-) TimerEvent: {}
[1340.773518] (-) TimerEvent: {}
[1340.875225] (-) TimerEvent: {}
[1340.976298] (-) TimerEvent: {}
[1341.077399] (-) TimerEvent: {}
[1341.178472] (-) TimerEvent: {}
[1341.279479] (-) TimerEvent: {}
[1341.380497] (-) TimerEvent: {}
[1341.481535] (-) TimerEvent: {}
[1341.582599] (-) TimerEvent: {}
[1341.683788] (-) TimerEvent: {}
[1341.784999] (-) TimerEvent: {}
[1341.887325] (-) TimerEvent: {}
[1341.989561] (-) TimerEvent: {}
[1342.090784] (-) TimerEvent: {}
[1342.192370] (-) TimerEvent: {}
[1342.293376] (-) TimerEvent: {}
[1342.394466] (-) TimerEvent: {}
[1342.495659] (-) TimerEvent: {}
[1342.596762] (-) TimerEvent: {}
[1342.697790] (-) TimerEvent: {}
[1342.798843] (-) TimerEvent: {}
[1342.899792] (-) TimerEvent: {}
[1343.000913] (-) TimerEvent: {}
[1343.101884] (-) TimerEvent: {}
[1343.203053] (-) TimerEvent: {}
[1343.304361] (-) TimerEvent: {}
[1343.405533] (-) TimerEvent: {}
[1343.506626] (-) TimerEvent: {}
[1343.607686] (-) TimerEvent: {}
[1343.708887] (-) TimerEvent: {}
[1343.810063] (-) TimerEvent: {}
[1343.911209] (-) TimerEvent: {}
[1344.012395] (-) TimerEvent: {}
[1344.113424] (-) TimerEvent: {}
[1344.215206] (-) TimerEvent: {}
[1344.316386] (-) TimerEvent: {}
[1344.417501] (-) TimerEvent: {}
[1344.518588] (-) TimerEvent: {}
[1344.619768] (-) TimerEvent: {}
[1344.720985] (-) TimerEvent: {}
[1344.822135] (-) TimerEvent: {}
[1344.923341] (-) TimerEvent: {}
[1345.025190] (-) TimerEvent: {}
[1345.126349] (-) TimerEvent: {}
[1345.227499] (-) TimerEvent: {}
[1345.329408] (-) TimerEvent: {}
[1345.430435] (-) TimerEvent: {}
[1345.531584] (-) TimerEvent: {}
[1345.632726] (-) TimerEvent: {}
[1345.733912] (-) TimerEvent: {}
[1345.836309] (-) TimerEvent: {}
[1345.937590] (-) TimerEvent: {}
[1346.039914] (-) TimerEvent: {}
[1346.141132] (-) TimerEvent: {}
[1346.242313] (-) TimerEvent: {}
[1346.343479] (-) TimerEvent: {}
[1346.444840] (-) TimerEvent: {}
[1346.545941] (-) TimerEvent: {}
[1346.646963] (-) TimerEvent: {}
[1346.748109] (-) TimerEvent: {}
[1346.850447] (-) TimerEvent: {}
[1346.952494] (-) TimerEvent: {}
[1347.054709] (-) TimerEvent: {}
[1347.155949] (-) TimerEvent: {}
[1347.257389] (-) TimerEvent: {}
[1347.358602] (-) TimerEvent: {}
[1347.459832] (-) TimerEvent: {}
[1347.561159] (-) TimerEvent: {}
[1347.662387] (-) TimerEvent: {}
[1347.764784] (-) TimerEvent: {}
[1347.866005] (-) TimerEvent: {}
[1347.967096] (-) TimerEvent: {}
[1348.068219] (-) TimerEvent: {}
[1348.169372] (-) TimerEvent: {}
[1348.270542] (-) TimerEvent: {}
[1348.371806] (-) TimerEvent: {}
[1348.473106] (-) TimerEvent: {}
[1348.574352] (-) TimerEvent: {}
[1348.675589] (-) TimerEvent: {}
[1348.776932] (-) TimerEvent: {}
[1348.878231] (-) TimerEvent: {}
[1348.979486] (-) TimerEvent: {}
[1349.080645] (-) TimerEvent: {}
[1349.181637] (-) TimerEvent: {}
[1349.282879] (-) TimerEvent: {}
[1349.384150] (-) TimerEvent: {}
[1349.485587] (-) TimerEvent: {}
[1349.586837] (-) TimerEvent: {}
[1349.688139] (-) TimerEvent: {}
[1349.789754] (-) TimerEvent: {}
[1349.890989] (-) TimerEvent: {}
[1349.992771] (-) TimerEvent: {}
[1350.093992] (-) TimerEvent: {}
[1350.195370] (-) TimerEvent: {}
[1350.296603] (-) TimerEvent: {}
[1350.397653] (-) TimerEvent: {}
[1350.498794] (-) TimerEvent: {}
[1350.600065] (-) TimerEvent: {}
[1350.701868] (-) TimerEvent: {}
[1350.803133] (-) TimerEvent: {}
[1350.904375] (-) TimerEvent: {}
[1351.005565] (-) TimerEvent: {}
[1351.107066] (-) TimerEvent: {}
[1351.208159] (-) TimerEvent: {}
[1351.309382] (-) TimerEvent: {}
[1351.410559] (-) TimerEvent: {}
[1351.511723] (-) TimerEvent: {}
[1351.612982] (-) TimerEvent: {}
[1351.715407] (-) TimerEvent: {}
[1351.816621] (-) TimerEvent: {}
[1351.917721] (-) TimerEvent: {}
[1352.018876] (-) TimerEvent: {}
[1352.120660] (-) TimerEvent: {}
[1352.221859] (-) TimerEvent: {}
[1352.323174] (-) TimerEvent: {}
[1352.424963] (-) TimerEvent: {}
[1352.527310] (-) TimerEvent: {}
[1352.628545] (-) TimerEvent: {}
[1352.730436] (-) TimerEvent: {}
[1352.831762] (-) TimerEvent: {}
[1352.934116] (-) TimerEvent: {}
[1353.035872] (-) TimerEvent: {}
[1353.137124] (-) TimerEvent: {}
[1353.238277] (-) TimerEvent: {}
[1353.339460] (-) TimerEvent: {}
[1353.440714] (-) TimerEvent: {}
[1353.541887] (-) TimerEvent: {}
[1353.643074] (-) TimerEvent: {}
[1353.744339] (-) TimerEvent: {}
[1353.845577] (-) TimerEvent: {}
[1353.947048] (-) TimerEvent: {}
[1354.048145] (-) TimerEvent: {}
[1354.149364] (-) TimerEvent: {}
[1354.250526] (-) TimerEvent: {}
[1354.351692] (-) TimerEvent: {}
[1354.452984] (-) TimerEvent: {}
[1354.554154] (-) TimerEvent: {}
[1354.655274] (-) TimerEvent: {}
[1354.756444] (-) TimerEvent: {}
[1354.858211] (-) TimerEvent: {}
[1354.959383] (-) TimerEvent: {}
[1355.060517] (-) TimerEvent: {}
[1355.161538] (-) TimerEvent: {}
[1355.262727] (-) TimerEvent: {}
[1355.363823] (-) TimerEvent: {}
[1355.465031] (-) TimerEvent: {}
[1355.566223] (-) TimerEvent: {}
[1355.667650] (-) TimerEvent: {}
[1355.769186] (-) TimerEvent: {}
[1355.870316] (-) TimerEvent: {}
[1355.971410] (-) TimerEvent: {}
[1356.072583] (-) TimerEvent: {}
[1356.173673] (-) TimerEvent: {}
[1356.274742] (-) TimerEvent: {}
[1356.375789] (-) TimerEvent: {}
[1356.477078] (-) TimerEvent: {}
[1356.578142] (-) TimerEvent: {}
[1356.679365] (-) TimerEvent: {}
[1356.780423] (-) TimerEvent: {}
[1356.881784] (-) TimerEvent: {}
[1356.983026] (-) TimerEvent: {}
[1357.084181] (-) TimerEvent: {}
[1357.185362] (-) TimerEvent: {}
[1357.286546] (-) TimerEvent: {}
[1357.387758] (-) TimerEvent: {}
[1357.489338] (-) TimerEvent: {}
[1357.590546] (-) TimerEvent: {}
[1357.691785] (-) TimerEvent: {}
[1357.793074] (-) TimerEvent: {}
[1357.894224] (-) TimerEvent: {}
[1357.995283] (-) TimerEvent: {}
[1358.097353] (-) TimerEvent: {}
[1358.198462] (-) TimerEvent: {}
[1358.299613] (-) TimerEvent: {}
[1358.400846] (-) TimerEvent: {}
[1358.502063] (-) TimerEvent: {}
[1358.603190] (-) TimerEvent: {}
[1358.704385] (-) TimerEvent: {}
[1358.806359] (-) TimerEvent: {}
[1358.907494] (-) TimerEvent: {}
[1359.008686] (-) TimerEvent: {}
[1359.109908] (-) TimerEvent: {}
[1359.211074] (-) TimerEvent: {}
[1359.312400] (-) TimerEvent: {}
[1359.413973] (-) TimerEvent: {}
[1359.515031] (-) TimerEvent: {}
[1359.616201] (-) TimerEvent: {}
[1359.717486] (-) TimerEvent: {}
[1359.818720] (-) TimerEvent: {}
[1359.920399] (-) TimerEvent: {}
[1360.021596] (-) TimerEvent: {}
[1360.122746] (-) TimerEvent: {}
[1360.223787] (-) TimerEvent: {}
[1360.325099] (-) TimerEvent: {}
[1360.426251] (-) TimerEvent: {}
[1360.527475] (-) TimerEvent: {}
[1360.628685] (-) TimerEvent: {}
[1360.729844] (-) TimerEvent: {}
[1360.830934] (-) TimerEvent: {}
[1360.932022] (-) TimerEvent: {}
[1361.033198] (-) TimerEvent: {}
[1361.134311] (-) TimerEvent: {}
[1361.235547] (-) TimerEvent: {}
[1361.336788] (-) TimerEvent: {}
[1361.437942] (-) TimerEvent: {}
[1361.539059] (-) TimerEvent: {}
[1361.640206] (-) TimerEvent: {}
[1361.741453] (-) TimerEvent: {}
[1361.842540] (-) TimerEvent: {}
[1361.943783] (-) TimerEvent: {}
[1362.045127] (-) TimerEvent: {}
[1362.148421] (-) TimerEvent: {}
[1362.249513] (-) TimerEvent: {}
[1362.351163] (-) TimerEvent: {}
[1362.452458] (-) TimerEvent: {}
[1362.553570] (-) TimerEvent: {}
[1362.654811] (-) TimerEvent: {}
[1362.755944] (-) TimerEvent: {}
[1362.857234] (-) TimerEvent: {}
[1362.958331] (-) TimerEvent: {}
[1363.059453] (-) TimerEvent: {}
[1363.160704] (-) TimerEvent: {}
[1363.261911] (-) TimerEvent: {}
[1363.363103] (-) TimerEvent: {}
[1363.464168] (-) TimerEvent: {}
[1363.565386] (-) TimerEvent: {}
[1363.666521] (-) TimerEvent: {}
[1363.767818] (-) TimerEvent: {}
[1363.869026] (-) TimerEvent: {}
[1363.970120] (-) TimerEvent: {}
[1364.071281] (-) TimerEvent: {}
[1364.172504] (-) TimerEvent: {}
[1364.273592] (-) TimerEvent: {}
[1364.374722] (-) TimerEvent: {}
[1364.475884] (-) TimerEvent: {}
[1364.577325] (-) TimerEvent: {}
[1364.678510] (-) TimerEvent: {}
[1364.780017] (-) TimerEvent: {}
[1364.881136] (-) TimerEvent: {}
[1364.982219] (-) TimerEvent: {}
[1365.083400] (-) TimerEvent: {}
[1365.184694] (-) TimerEvent: {}
[1365.286000] (-) TimerEvent: {}
[1365.387218] (-) TimerEvent: {}
[1365.488477] (-) TimerEvent: {}
[1365.589727] (-) TimerEvent: {}
[1365.690949] (-) TimerEvent: {}
[1365.792064] (-) TimerEvent: {}
[1365.893372] (-) TimerEvent: {}
[1365.995744] (-) TimerEvent: {}
[1366.097102] (-) TimerEvent: {}
[1366.198278] (-) TimerEvent: {}
[1366.299442] (-) TimerEvent: {}
[1366.401462] (-) TimerEvent: {}
[1366.502677] (-) TimerEvent: {}
[1366.603886] (-) TimerEvent: {}
[1366.705024] (-) TimerEvent: {}
[1366.806080] (-) TimerEvent: {}
[1366.907279] (-) TimerEvent: {}
[1367.008561] (-) TimerEvent: {}
[1367.109748] (-) TimerEvent: {}
[1367.210965] (-) TimerEvent: {}
[1367.312945] (-) TimerEvent: {}
[1367.414053] (-) TimerEvent: {}
[1367.515262] (-) TimerEvent: {}
[1367.616476] (-) TimerEvent: {}
[1367.717563] (-) TimerEvent: {}
[1367.818643] (-) TimerEvent: {}
[1367.919704] (-) TimerEvent: {}
[1368.020917] (-) TimerEvent: {}
[1368.121990] (-) TimerEvent: {}
[1368.223123] (-) TimerEvent: {}
[1368.324552] (-) TimerEvent: {}
[1368.425718] (-) TimerEvent: {}
[1368.526907] (-) TimerEvent: {}
[1368.628046] (-) TimerEvent: {}
[1368.729293] (-) TimerEvent: {}
[1368.830408] (-) TimerEvent: {}
[1368.931520] (-) TimerEvent: {}
[1369.033801] (-) TimerEvent: {}
[1369.134970] (-) TimerEvent: {}
[1369.236593] (-) TimerEvent: {}
[1369.337655] (-) TimerEvent: {}
[1369.438927] (-) TimerEvent: {}
[1369.540078] (-) TimerEvent: {}
[1369.641368] (-) TimerEvent: {}
[1369.742609] (-) TimerEvent: {}
[1369.843687] (-) TimerEvent: {}
[1369.944911] (-) TimerEvent: {}
[1370.046127] (-) TimerEvent: {}
[1370.147244] (-) TimerEvent: {}
[1370.248438] (-) TimerEvent: {}
[1370.349604] (-) TimerEvent: {}
[1370.450620] (-) TimerEvent: {}
[1370.551755] (-) TimerEvent: {}
[1370.652898] (-) TimerEvent: {}
[1370.753969] (-) TimerEvent: {}
[1370.855155] (-) TimerEvent: {}
[1370.956542] (-) TimerEvent: {}
[1371.057718] (-) TimerEvent: {}
[1371.158904] (-) TimerEvent: {}
[1371.260029] (-) TimerEvent: {}
[1371.362278] (-) TimerEvent: {}
[1371.463313] (-) TimerEvent: {}
[1371.564525] (-) TimerEvent: {}
[1371.665659] (-) TimerEvent: {}
[1371.766790] (-) TimerEvent: {}
[1371.868033] (-) TimerEvent: {}
[1371.970386] (-) TimerEvent: {}
[1372.071480] (-) TimerEvent: {}
[1372.172660] (-) TimerEvent: {}
[1372.273800] (-) TimerEvent: {}
[1372.374958] (-) TimerEvent: {}
[1372.476163] (-) TimerEvent: {}
[1372.577433] (-) TimerEvent: {}
[1372.678596] (-) TimerEvent: {}
[1372.779684] (-) TimerEvent: {}
[1372.880884] (-) TimerEvent: {}
[1372.992541] (-) TimerEvent: {}
[1373.093569] (-) TimerEvent: {}
[1373.194741] (-) TimerEvent: {}
[1373.295881] (-) TimerEvent: {}
[1373.397177] (-) TimerEvent: {}
[1373.498229] (-) TimerEvent: {}
[1373.599367] (-) TimerEvent: {}
[1373.700525] (-) TimerEvent: {}
[1373.801754] (-) TimerEvent: {}
[1373.903456] (-) TimerEvent: {}
[1374.004556] (-) TimerEvent: {}
[1374.105734] (-) TimerEvent: {}
[1374.206830] (-) TimerEvent: {}
[1374.308074] (-) TimerEvent: {}
[1374.409344] (-) TimerEvent: {}
[1374.510539] (-) TimerEvent: {}
[1374.611705] (-) TimerEvent: {}
[1374.712912] (-) TimerEvent: {}
[1374.813922] (-) TimerEvent: {}
[1374.914961] (-) TimerEvent: {}
[1375.016143] (-) TimerEvent: {}
[1375.117376] (-) TimerEvent: {}
[1375.218525] (-) TimerEvent: {}
[1375.319730] (-) TimerEvent: {}
[1375.420966] (-) TimerEvent: {}
[1375.522172] (-) TimerEvent: {}
[1375.623338] (-) TimerEvent: {}
[1375.724680] (-) TimerEvent: {}
[1375.825839] (-) TimerEvent: {}
[1375.927015] (-) TimerEvent: {}
[1376.028136] (-) TimerEvent: {}
[1376.129300] (-) TimerEvent: {}
[1376.230461] (-) TimerEvent: {}
[1376.331580] (-) TimerEvent: {}
[1376.432733] (-) TimerEvent: {}
[1376.533811] (-) TimerEvent: {}
[1376.635000] (-) TimerEvent: {}
[1376.736109] (-) TimerEvent: {}
[1376.837323] (-) TimerEvent: {}
[1376.938509] (-) TimerEvent: {}
[1377.040175] (-) TimerEvent: {}
[1377.141367] (-) TimerEvent: {}
[1377.242505] (-) TimerEvent: {}
[1377.343606] (-) TimerEvent: {}
[1377.444688] (-) TimerEvent: {}
[1377.545856] (-) TimerEvent: {}
[1377.647328] (-) TimerEvent: {}
[1377.748525] (-) TimerEvent: {}
[1377.849638] (-) TimerEvent: {}
[1377.950745] (-) TimerEvent: {}
[1378.051857] (-) TimerEvent: {}
[1378.153422] (-) TimerEvent: {}
[1378.255597] (-) TimerEvent: {}
[1378.356738] (-) TimerEvent: {}
[1378.458295] (-) TimerEvent: {}
[1378.560097] (-) TimerEvent: {}
[1378.661325] (-) TimerEvent: {}
[1378.762444] (-) TimerEvent: {}
[1378.863954] (-) TimerEvent: {}
[1378.965075] (-) TimerEvent: {}
[1379.066180] (-) TimerEvent: {}
[1379.167297] (-) TimerEvent: {}
[1379.268500] (-) TimerEvent: {}
[1379.369546] (-) TimerEvent: {}
[1379.470577] (-) TimerEvent: {}
[1379.571695] (-) TimerEvent: {}
[1379.672919] (-) TimerEvent: {}
[1379.774872] (-) TimerEvent: {}
[1379.875905] (-) TimerEvent: {}
[1379.977107] (-) TimerEvent: {}
[1380.078523] (-) TimerEvent: {}
[1380.179677] (-) TimerEvent: {}
[1380.280805] (-) TimerEvent: {}
[1380.381782] (-) TimerEvent: {}
[1380.482887] (-) TimerEvent: {}
[1380.583983] (-) TimerEvent: {}
[1380.685175] (-) TimerEvent: {}
[1380.786276] (-) TimerEvent: {}
[1380.887398] (-) TimerEvent: {}
[1380.988551] (-) TimerEvent: {}
[1381.089539] (-) TimerEvent: {}
[1381.190663] (-) TimerEvent: {}
[1381.291879] (-) TimerEvent: {}
[1381.393141] (-) TimerEvent: {}
[1381.494465] (-) TimerEvent: {}
[1381.595552] (-) TimerEvent: {}
[1381.696780] (-) TimerEvent: {}
[1381.798836] (-) TimerEvent: {}
[1381.899923] (-) TimerEvent: {}
[1382.001211] (-) TimerEvent: {}
[1382.102316] (-) TimerEvent: {}
[1382.203407] (-) TimerEvent: {}
[1382.304496] (-) TimerEvent: {}
[1382.405512] (-) TimerEvent: {}
[1382.506524] (-) TimerEvent: {}
[1382.607627] (-) TimerEvent: {}
[1382.708885] (-) TimerEvent: {}
[1382.809979] (-) TimerEvent: {}
[1382.910990] (-) TimerEvent: {}
[1383.012060] (-) TimerEvent: {}
[1383.113109] (-) TimerEvent: {}
[1383.214228] (-) TimerEvent: {}
[1383.315492] (-) TimerEvent: {}
[1383.416621] (-) TimerEvent: {}
[1383.517749] (-) TimerEvent: {}
[1383.618899] (-) TimerEvent: {}
[1383.719964] (-) TimerEvent: {}
[1383.821054] (-) TimerEvent: {}
[1383.922084] (-) TimerEvent: {}
[1384.023190] (-) TimerEvent: {}
[1384.124388] (-) TimerEvent: {}
[1384.225467] (-) TimerEvent: {}
[1384.326642] (-) TimerEvent: {}
[1384.427709] (-) TimerEvent: {}
[1384.528791] (-) TimerEvent: {}
[1384.629792] (-) TimerEvent: {}
[1384.730771] (-) TimerEvent: {}
[1384.832874] (-) TimerEvent: {}
[1384.935089] (-) TimerEvent: {}
[1385.036345] (-) TimerEvent: {}
[1385.137864] (-) TimerEvent: {}
[1385.238967] (-) TimerEvent: {}
[1385.340095] (-) TimerEvent: {}
[1385.441231] (-) TimerEvent: {}
[1385.542342] (-) TimerEvent: {}
[1385.643452] (-) TimerEvent: {}
[1385.744550] (-) TimerEvent: {}
[1385.845870] (-) TimerEvent: {}
[1385.946876] (-) TimerEvent: {}
[1386.047905] (-) TimerEvent: {}
[1386.149091] (-) TimerEvent: {}
[1386.250130] (-) TimerEvent: {}
[1386.351147] (-) TimerEvent: {}
[1386.452308] (-) TimerEvent: {}
[1386.555102] (-) TimerEvent: {}
[1386.656912] (-) TimerEvent: {}
[1386.757964] (-) TimerEvent: {}
[1386.859115] (-) TimerEvent: {}
[1386.960296] (-) TimerEvent: {}
[1387.061393] (-) TimerEvent: {}
[1387.162526] (-) TimerEvent: {}
[1387.263576] (-) TimerEvent: {}
[1387.364736] (-) TimerEvent: {}
[1387.465861] (-) TimerEvent: {}
[1387.566965] (-) TimerEvent: {}
[1387.668026] (-) TimerEvent: {}
[1387.769210] (-) TimerEvent: {}
[1387.870244] (-) TimerEvent: {}
[1387.971299] (-) TimerEvent: {}
[1388.072463] (-) TimerEvent: {}
[1388.173656] (-) TimerEvent: {}
[1388.275883] (-) TimerEvent: {}
[1388.377094] (-) TimerEvent: {}
[1388.478277] (-) TimerEvent: {}
[1388.579369] (-) TimerEvent: {}
[1388.680529] (-) TimerEvent: {}
[1388.781603] (-) TimerEvent: {}
[1388.882704] (-) TimerEvent: {}
[1388.983890] (-) TimerEvent: {}
[1389.085169] (-) TimerEvent: {}
[1389.186311] (-) TimerEvent: {}
[1389.287479] (-) TimerEvent: {}
[1389.388512] (-) TimerEvent: {}
[1389.489621] (-) TimerEvent: {}
[1389.590704] (-) TimerEvent: {}
[1389.691836] (-) TimerEvent: {}
[1389.792987] (-) TimerEvent: {}
[1389.894164] (-) TimerEvent: {}
[1389.995182] (-) TimerEvent: {}
[1390.096186] (-) TimerEvent: {}
[1390.197330] (-) TimerEvent: {}
[1390.298358] (-) TimerEvent: {}
[1390.400368] (-) TimerEvent: {}
[1390.501394] (-) TimerEvent: {}
[1390.602471] (-) TimerEvent: {}
[1390.703584] (-) TimerEvent: {}
[1390.804684] (-) TimerEvent: {}
[1390.905679] (-) TimerEvent: {}
[1391.008564] (-) TimerEvent: {}
[1391.116440] (-) TimerEvent: {}
[1391.220452] (-) TimerEvent: {}
[1391.324545] (-) TimerEvent: {}
[1391.425425] (-) TimerEvent: {}
[1391.526381] (-) TimerEvent: {}
[1391.627446] (-) TimerEvent: {}
[1391.729325] (-) TimerEvent: {}
[1391.830300] (-) TimerEvent: {}
[1391.931255] (-) TimerEvent: {}
[1392.032318] (-) TimerEvent: {}
[1392.133414] (-) TimerEvent: {}
[1392.234482] (-) TimerEvent: {}
[1392.335484] (-) TimerEvent: {}
[1392.436581] (-) TimerEvent: {}
[1392.537735] (-) TimerEvent: {}
[1392.638848] (-) TimerEvent: {}
[1392.739841] (-) TimerEvent: {}
[1392.840876] (-) TimerEvent: {}
[1392.941927] (-) TimerEvent: {}
[1393.043124] (-) TimerEvent: {}
[1393.144373] (-) TimerEvent: {}
[1393.245458] (-) TimerEvent: {}
[1393.346547] (-) TimerEvent: {}
[1393.447768] (-) TimerEvent: {}
[1393.549017] (-) TimerEvent: {}
[1393.650128] (-) TimerEvent: {}
[1393.751280] (-) TimerEvent: {}
[1393.852582] (-) TimerEvent: {}
[1393.953702] (-) TimerEvent: {}
[1394.054880] (-) TimerEvent: {}
[1394.156029] (-) TimerEvent: {}
[1394.257386] (-) TimerEvent: {}
[1394.359274] (-) TimerEvent: {}
[1394.460780] (-) TimerEvent: {}
[1394.562050] (-) TimerEvent: {}
[1394.663373] (-) TimerEvent: {}
[1394.765332] (-) TimerEvent: {}
[1394.866448] (-) TimerEvent: {}
[1394.968407] (-) TimerEvent: {}
[1395.069598] (-) TimerEvent: {}
[1395.170853] (-) TimerEvent: {}
[1395.271937] (-) TimerEvent: {}
[1395.374367] (-) TimerEvent: {}
[1395.475568] (-) TimerEvent: {}
[1395.576845] (-) TimerEvent: {}
[1395.678046] (-) TimerEvent: {}
[1395.779109] (-) TimerEvent: {}
[1395.880391] (-) TimerEvent: {}
[1395.981685] (-) TimerEvent: {}
[1396.082741] (-) TimerEvent: {}
[1396.183924] (-) TimerEvent: {}
[1396.285275] (-) TimerEvent: {}
[1396.386526] (-) TimerEvent: {}
[1396.487763] (-) TimerEvent: {}
[1396.588981] (-) TimerEvent: {}
[1396.690211] (-) TimerEvent: {}
[1396.791233] (-) TimerEvent: {}
[1396.892419] (-) TimerEvent: {}
[1396.993564] (-) TimerEvent: {}
[1397.094799] (-) TimerEvent: {}
[1397.196042] (-) TimerEvent: {}
[1397.297241] (-) TimerEvent: {}
[1397.398364] (-) TimerEvent: {}
[1397.499430] (-) TimerEvent: {}
[1397.600589] (-) TimerEvent: {}
[1397.701857] (-) TimerEvent: {}
[1397.803120] (-) TimerEvent: {}
[1397.904973] (-) TimerEvent: {}
[1398.006212] (-) TimerEvent: {}
[1398.108494] (-) TimerEvent: {}
[1398.209644] (-) TimerEvent: {}
[1398.310840] (-) TimerEvent: {}
[1398.412060] (-) TimerEvent: {}
[1398.513310] (-) TimerEvent: {}
[1398.614559] (-) TimerEvent: {}
[1398.715718] (-) TimerEvent: {}
[1398.817082] (-) TimerEvent: {}
[1398.918324] (-) TimerEvent: {}
[1399.020984] (-) TimerEvent: {}
[1399.122174] (-) TimerEvent: {}
[1399.223364] (-) TimerEvent: {}
[1399.324697] (-) TimerEvent: {}
[1399.425876] (-) TimerEvent: {}
[1399.527153] (-) TimerEvent: {}
[1399.628433] (-) TimerEvent: {}
[1399.729624] (-) TimerEvent: {}
[1399.831395] (-) TimerEvent: {}
[1399.932554] (-) TimerEvent: {}
[1400.033641] (-) TimerEvent: {}
[1400.134758] (-) TimerEvent: {}
[1400.235948] (-) TimerEvent: {}
[1400.337191] (-) TimerEvent: {}
[1400.438278] (-) TimerEvent: {}
[1400.539393] (-) TimerEvent: {}
[1400.640562] (-) TimerEvent: {}
[1400.741745] (-) TimerEvent: {}
[1400.842939] (-) TimerEvent: {}
[1400.945314] (-) TimerEvent: {}
[1401.046644] (-) TimerEvent: {}
[1401.147931] (-) TimerEvent: {}
[1401.249167] (-) TimerEvent: {}
[1401.350399] (-) TimerEvent: {}
[1401.452382] (-) TimerEvent: {}
[1401.553557] (-) TimerEvent: {}
[1401.655795] (-) TimerEvent: {}
[1401.756904] (-) TimerEvent: {}
[1401.858071] (-) TimerEvent: {}
[1401.959841] (-) TimerEvent: {}
[1402.061221] (-) TimerEvent: {}
[1402.162869] (-) TimerEvent: {}
[1402.264072] (-) TimerEvent: {}
[1402.365304] (-) TimerEvent: {}
[1402.466564] (-) TimerEvent: {}
[1402.567821] (-) TimerEvent: {}
[1402.669112] (-) TimerEvent: {}
[1402.770199] (-) TimerEvent: {}
[1402.871329] (-) TimerEvent: {}
[1402.972396] (-) TimerEvent: {}
[1403.073448] (-) TimerEvent: {}
[1403.174502] (-) TimerEvent: {}
[1403.275596] (-) TimerEvent: {}
[1403.376720] (-) TimerEvent: {}
[1403.478827] (-) TimerEvent: {}
[1403.579874] (-) TimerEvent: {}
[1403.681008] (-) TimerEvent: {}
[1403.783159] (-) TimerEvent: {}
[1403.884189] (-) TimerEvent: {}
[1403.985297] (-) TimerEvent: {}
[1404.086313] (-) TimerEvent: {}
[1404.187262] (-) TimerEvent: {}
[1404.288417] (-) TimerEvent: {}
[1404.389394] (-) TimerEvent: {}
[1404.490469] (-) TimerEvent: {}
[1404.592782] (-) TimerEvent: {}
[1404.695041] (-) TimerEvent: {}
[1404.796149] (-) TimerEvent: {}
[1404.897272] (-) TimerEvent: {}
[1404.998246] (-) TimerEvent: {}
[1405.099232] (-) TimerEvent: {}
[1405.200408] (-) TimerEvent: {}
[1405.301508] (-) TimerEvent: {}
[1405.402623] (-) TimerEvent: {}
[1405.503656] (-) TimerEvent: {}
[1405.604677] (-) TimerEvent: {}
[1405.627472] (gazebo_plugins) StdoutLine: {'line': b'[ 75%] \x1b[32m\x1b[1mLinking CXX executable test_gazebo_ros_force\x1b[0m\n'}
[1405.704964] (-) TimerEvent: {}
[1405.805975] (-) TimerEvent: {}
[1405.906974] (-) TimerEvent: {}
[1406.008015] (-) TimerEvent: {}
[1406.109327] (-) TimerEvent: {}
[1406.210490] (-) TimerEvent: {}
[1406.311695] (-) TimerEvent: {}
[1406.412863] (-) TimerEvent: {}
[1406.513967] (-) TimerEvent: {}
[1406.615073] (-) TimerEvent: {}
[1406.716092] (-) TimerEvent: {}
[1406.817492] (-) TimerEvent: {}
[1406.918557] (-) TimerEvent: {}
[1407.019629] (-) TimerEvent: {}
[1407.120847] (-) TimerEvent: {}
[1407.221924] (-) TimerEvent: {}
[1407.322966] (-) TimerEvent: {}
[1407.423978] (-) TimerEvent: {}
[1407.525101] (-) TimerEvent: {}
[1407.626234] (-) TimerEvent: {}
[1407.727290] (-) TimerEvent: {}
[1407.828580] (-) TimerEvent: {}
[1407.930018] (-) TimerEvent: {}
[1408.031184] (-) TimerEvent: {}
[1408.133648] (-) TimerEvent: {}
[1408.235076] (-) TimerEvent: {}
[1408.336555] (-) TimerEvent: {}
[1408.438877] (-) TimerEvent: {}
[1408.540145] (-) TimerEvent: {}
[1408.641567] (-) TimerEvent: {}
[1408.742860] (-) TimerEvent: {}
[1408.845446] (-) TimerEvent: {}
[1408.946636] (-) TimerEvent: {}
[1409.047747] (-) TimerEvent: {}
[1409.148954] (-) TimerEvent: {}
[1409.250169] (-) TimerEvent: {}
[1409.351350] (-) TimerEvent: {}
[1409.452608] (-) TimerEvent: {}
[1409.553705] (-) TimerEvent: {}
[1409.654918] (-) TimerEvent: {}
[1409.756071] (-) TimerEvent: {}
[1409.857416] (-) TimerEvent: {}
[1409.958456] (-) TimerEvent: {}
[1410.059621] (-) TimerEvent: {}
[1410.162142] (-) TimerEvent: {}
[1410.263437] (-) TimerEvent: {}
[1410.364837] (-) TimerEvent: {}
[1410.465996] (-) TimerEvent: {}
[1410.567173] (-) TimerEvent: {}
[1410.668197] (-) TimerEvent: {}
[1410.769357] (-) TimerEvent: {}
[1410.870455] (-) TimerEvent: {}
[1410.971915] (-) TimerEvent: {}
[1411.073086] (-) TimerEvent: {}
[1411.174274] (-) TimerEvent: {}
[1411.275501] (-) TimerEvent: {}
[1411.377052] (-) TimerEvent: {}
[1411.478296] (-) TimerEvent: {}
[1411.579550] (-) TimerEvent: {}
[1411.680918] (-) TimerEvent: {}
[1411.782344] (-) TimerEvent: {}
[1411.883576] (-) TimerEvent: {}
[1411.984972] (-) TimerEvent: {}
[1412.086091] (-) TimerEvent: {}
[1412.187204] (-) TimerEvent: {}
[1412.288562] (-) TimerEvent: {}
[1412.389681] (-) TimerEvent: {}
[1412.416816] (gazebo_plugins) StdoutLine: {'line': b'[ 75%] Built target test_gazebo_ros_force\n'}
[1412.489994] (-) TimerEvent: {}
[1412.591143] (-) TimerEvent: {}
[1412.692210] (-) TimerEvent: {}
[1412.793403] (-) TimerEvent: {}
[1412.894556] (-) TimerEvent: {}
[1412.995604] (-) TimerEvent: {}
[1413.096853] (-) TimerEvent: {}
[1413.198008] (-) TimerEvent: {}
[1413.299107] (-) TimerEvent: {}
[1413.400342] (-) TimerEvent: {}
[1413.501476] (-) TimerEvent: {}
[1413.602646] (-) TimerEvent: {}
[1413.704704] (-) TimerEvent: {}
[1413.805878] (-) TimerEvent: {}
[1413.907055] (-) TimerEvent: {}
[1414.008101] (-) TimerEvent: {}
[1414.109308] (-) TimerEvent: {}
[1414.210488] (-) TimerEvent: {}
[1414.311628] (-) TimerEvent: {}
[1414.412847] (-) TimerEvent: {}
[1414.513992] (-) TimerEvent: {}
[1414.615169] (-) TimerEvent: {}
[1414.716387] (-) TimerEvent: {}
[1414.817547] (-) TimerEvent: {}
[1414.918720] (-) TimerEvent: {}
[1415.019922] (-) TimerEvent: {}
[1415.121239] (-) TimerEvent: {}
[1415.222447] (-) TimerEvent: {}
[1415.323660] (-) TimerEvent: {}
[1415.424930] (-) TimerEvent: {}
[1415.526749] (-) TimerEvent: {}
[1415.627866] (-) TimerEvent: {}
[1415.729345] (-) TimerEvent: {}
[1415.830486] (-) TimerEvent: {}
[1415.931704] (-) TimerEvent: {}
[1416.033019] (-) TimerEvent: {}
[1416.134132] (-) TimerEvent: {}
[1416.235302] (-) TimerEvent: {}
[1416.336524] (-) TimerEvent: {}
[1416.437719] (-) TimerEvent: {}
[1416.538918] (-) TimerEvent: {}
[1416.640094] (-) TimerEvent: {}
[1416.741278] (-) TimerEvent: {}
[1416.842789] (-) TimerEvent: {}
[1416.943847] (-) TimerEvent: {}
[1417.045124] (-) TimerEvent: {}
[1417.146256] (-) TimerEvent: {}
[1417.247413] (-) TimerEvent: {}
[1417.348581] (-) TimerEvent: {}
[1417.449681] (-) TimerEvent: {}
[1417.550788] (-) TimerEvent: {}
[1417.651853] (-) TimerEvent: {}
[1417.753074] (-) TimerEvent: {}
[1417.854170] (-) TimerEvent: {}
[1417.955625] (-) TimerEvent: {}
[1418.056783] (-) TimerEvent: {}
[1418.157928] (-) TimerEvent: {}
[1418.259103] (-) TimerEvent: {}
[1418.360174] (-) TimerEvent: {}
[1418.461327] (-) TimerEvent: {}
[1418.562439] (-) TimerEvent: {}
[1418.663531] (-) TimerEvent: {}
[1418.764703] (-) TimerEvent: {}
[1418.865856] (-) TimerEvent: {}
[1418.966954] (-) TimerEvent: {}
[1419.068184] (-) TimerEvent: {}
[1419.169293] (-) TimerEvent: {}
[1419.270445] (-) TimerEvent: {}
[1419.372175] (-) TimerEvent: {}
[1419.473344] (-) TimerEvent: {}
[1419.574430] (-) TimerEvent: {}
[1419.675651] (-) TimerEvent: {}
[1419.777219] (-) TimerEvent: {}
[1419.878342] (-) TimerEvent: {}
[1419.979577] (-) TimerEvent: {}
[1420.080746] (-) TimerEvent: {}
[1420.181859] (-) TimerEvent: {}
[1420.283049] (-) TimerEvent: {}
[1420.384338] (-) TimerEvent: {}
[1420.485479] (-) TimerEvent: {}
[1420.586710] (-) TimerEvent: {}
[1420.687940] (-) TimerEvent: {}
[1420.789320] (-) TimerEvent: {}
[1420.890569] (-) TimerEvent: {}
[1420.991970] (-) TimerEvent: {}
[1421.093877] (-) TimerEvent: {}
[1421.195150] (-) TimerEvent: {}
[1421.296452] (-) TimerEvent: {}
[1421.397692] (-) TimerEvent: {}
[1421.498895] (-) TimerEvent: {}
[1421.600516] (-) TimerEvent: {}
[1421.701659] (-) TimerEvent: {}
[1421.802756] (-) TimerEvent: {}
[1421.903912] (-) TimerEvent: {}
[1422.005120] (-) TimerEvent: {}
[1422.106265] (-) TimerEvent: {}
[1422.207434] (-) TimerEvent: {}
[1422.308744] (-) TimerEvent: {}
[1422.409869] (-) TimerEvent: {}
[1422.512107] (-) TimerEvent: {}
[1422.613505] (-) TimerEvent: {}
[1422.715137] (-) TimerEvent: {}
[1422.816423] (-) TimerEvent: {}
[1422.917541] (-) TimerEvent: {}
[1423.018667] (-) TimerEvent: {}
[1423.119800] (-) TimerEvent: {}
[1423.221615] (-) TimerEvent: {}
[1423.322811] (-) TimerEvent: {}
[1423.425090] (-) TimerEvent: {}
[1423.529863] (-) TimerEvent: {}
[1423.631486] (-) TimerEvent: {}
[1423.733247] (-) TimerEvent: {}
[1423.834791] (-) TimerEvent: {}
[1423.935984] (-) TimerEvent: {}
[1424.041724] (-) TimerEvent: {}
[1424.142956] (-) TimerEvent: {}
[1424.248462] (-) TimerEvent: {}
[1424.350248] (-) TimerEvent: {}
[1424.452146] (-) TimerEvent: {}
[1424.554226] (-) TimerEvent: {}
[1424.660879] (-) TimerEvent: {}
[1424.766155] (-) TimerEvent: {}
[1424.871630] (-) TimerEvent: {}
[1424.978269] (-) TimerEvent: {}
[1425.083376] (-) TimerEvent: {}
[1425.187623] (-) TimerEvent: {}
[1425.289496] (-) TimerEvent: {}
[1425.390593] (-) TimerEvent: {}
[1425.491903] (-) TimerEvent: {}
[1425.596904] (-) TimerEvent: {}
[1425.702505] (-) TimerEvent: {}
[1425.807480] (-) TimerEvent: {}
[1425.913042] (-) TimerEvent: {}
[1426.017883] (-) TimerEvent: {}
[1426.123342] (-) TimerEvent: {}
[1426.230128] (-) TimerEvent: {}
[1426.334833] (-) TimerEvent: {}
[1426.436854] (-) TimerEvent: {}
[1426.542096] (-) TimerEvent: {}
[1426.647208] (-) TimerEvent: {}
[1426.752880] (-) TimerEvent: {}
[1426.859540] (-) TimerEvent: {}
[1426.967590] (-) TimerEvent: {}
[1427.073017] (-) TimerEvent: {}
[1427.179740] (-) TimerEvent: {}
[1427.287975] (-) TimerEvent: {}
[1427.393544] (-) TimerEvent: {}
[1427.497500] (-) TimerEvent: {}
[1427.604199] (-) TimerEvent: {}
[1427.709595] (-) TimerEvent: {}
[1427.816519] (-) TimerEvent: {}
[1427.921777] (-) TimerEvent: {}
[1428.025744] (-) TimerEvent: {}
[1428.132001] (-) TimerEvent: {}
[1428.241867] (-) TimerEvent: {}
[1428.343319] (-) TimerEvent: {}
[1428.444838] (-) TimerEvent: {}
[1428.546079] (-) TimerEvent: {}
[1428.647445] (-) TimerEvent: {}
[1428.749130] (-) TimerEvent: {}
[1428.850685] (-) TimerEvent: {}
[1428.953151] (-) TimerEvent: {}
[1429.054842] (-) TimerEvent: {}
[1429.158144] (-) TimerEvent: {}
[1429.259426] (-) TimerEvent: {}
[1429.360820] (-) TimerEvent: {}
[1429.462467] (-) TimerEvent: {}
[1429.563823] (-) TimerEvent: {}
[1429.665620] (-) TimerEvent: {}
[1429.769030] (-) TimerEvent: {}
[1429.870251] (-) TimerEvent: {}
[1429.971536] (-) TimerEvent: {}
[1430.072886] (-) TimerEvent: {}
[1430.174102] (-) TimerEvent: {}
[1430.280862] (-) TimerEvent: {}
[1430.386775] (-) TimerEvent: {}
[1430.488064] (-) TimerEvent: {}
[1430.591936] (-) TimerEvent: {}
[1430.695671] (-) TimerEvent: {}
[1430.801863] (-) TimerEvent: {}
[1430.907648] (-) TimerEvent: {}
[1431.014242] (-) TimerEvent: {}
[1431.119475] (-) TimerEvent: {}
[1431.225799] (-) TimerEvent: {}
[1431.331501] (-) TimerEvent: {}
[1431.437160] (-) TimerEvent: {}
[1431.539040] (-) TimerEvent: {}
[1431.642469] (-) TimerEvent: {}
[1431.743725] (-) TimerEvent: {}
[1431.848498] (-) TimerEvent: {}
[1431.949667] (-) TimerEvent: {}
[1432.050801] (-) TimerEvent: {}
[1432.152033] (-) TimerEvent: {}
[1432.255836] (-) TimerEvent: {}
[1432.361346] (-) TimerEvent: {}
[1432.467400] (-) TimerEvent: {}
[1432.573303] (-) TimerEvent: {}
[1432.674649] (-) TimerEvent: {}
[1432.781703] (-) TimerEvent: {}
[1432.884513] (-) TimerEvent: {}
[1432.990135] (-) TimerEvent: {}
[1433.093444] (-) TimerEvent: {}
[1433.198844] (-) TimerEvent: {}
[1433.302547] (-) TimerEvent: {}
[1433.408581] (-) TimerEvent: {}
[1433.513289] (-) TimerEvent: {}
[1433.616759] (-) TimerEvent: {}
[1433.720894] (-) TimerEvent: {}
[1433.821936] (-) TimerEvent: {}
[1433.923129] (-) TimerEvent: {}
[1434.029336] (-) TimerEvent: {}
[1434.130548] (-) TimerEvent: {}
[1434.231938] (-) TimerEvent: {}
[1434.333452] (-) TimerEvent: {}
[1434.434597] (-) TimerEvent: {}
[1434.535746] (-) TimerEvent: {}
[1434.636808] (-) TimerEvent: {}
[1434.737935] (-) TimerEvent: {}
[1434.839527] (-) TimerEvent: {}
[1434.942009] (-) TimerEvent: {}
[1435.043626] (-) TimerEvent: {}
[1435.144670] (-) TimerEvent: {}
[1435.245809] (-) TimerEvent: {}
[1435.347038] (-) TimerEvent: {}
[1435.450756] (-) TimerEvent: {}
[1435.526828] (gazebo_plugins) StdoutLine: {'line': b'[ 76%] \x1b[32m\x1b[1mLinking CXX executable test_gazebo_ros_hand_of_god\x1b[0m\n'}
[1435.551117] (-) TimerEvent: {}
[1435.652217] (-) TimerEvent: {}
[1435.753842] (-) TimerEvent: {}
[1435.854980] (-) TimerEvent: {}
[1435.956176] (-) TimerEvent: {}
[1436.057421] (-) TimerEvent: {}
[1436.158572] (-) TimerEvent: {}
[1436.259828] (-) TimerEvent: {}
[1436.361058] (-) TimerEvent: {}
[1436.463410] (-) TimerEvent: {}
[1436.564628] (-) TimerEvent: {}
[1436.665792] (-) TimerEvent: {}
[1436.766977] (-) TimerEvent: {}
[1436.868135] (-) TimerEvent: {}
[1436.969252] (-) TimerEvent: {}
[1437.070444] (-) TimerEvent: {}
[1437.171623] (-) TimerEvent: {}
[1437.272707] (-) TimerEvent: {}
[1437.373813] (-) TimerEvent: {}
[1437.475083] (-) TimerEvent: {}
[1437.576446] (-) TimerEvent: {}
[1437.677658] (-) TimerEvent: {}
[1437.778801] (-) TimerEvent: {}
[1437.880003] (-) TimerEvent: {}
[1437.981279] (-) TimerEvent: {}
[1438.082450] (-) TimerEvent: {}
[1438.183735] (-) TimerEvent: {}
[1438.285971] (-) TimerEvent: {}
[1438.387143] (-) TimerEvent: {}
[1438.488477] (-) TimerEvent: {}
[1438.589626] (-) TimerEvent: {}
[1438.690679] (-) TimerEvent: {}
[1438.791733] (-) TimerEvent: {}
[1438.892913] (-) TimerEvent: {}
[1438.993972] (-) TimerEvent: {}
[1439.091567] (gazebo_plugins) StdoutLine: {'line': b'[ 77%] \x1b[32m\x1b[1mLinking CXX executable test_gazebo_ros_harness\x1b[0m\n'}
[1439.094190] (-) TimerEvent: {}
[1439.195276] (-) TimerEvent: {}
[1439.296521] (-) TimerEvent: {}
[1439.397473] (-) TimerEvent: {}
[1439.498690] (-) TimerEvent: {}
[1439.599725] (-) TimerEvent: {}
[1439.702301] (-) TimerEvent: {}
[1439.803306] (-) TimerEvent: {}
[1439.904352] (-) TimerEvent: {}
[1440.005314] (-) TimerEvent: {}
[1440.106284] (-) TimerEvent: {}
[1440.207346] (-) TimerEvent: {}
[1440.308468] (-) TimerEvent: {}
[1440.409594] (-) TimerEvent: {}
[1440.510738] (-) TimerEvent: {}
[1440.611871] (-) TimerEvent: {}
[1440.713500] (-) TimerEvent: {}
[1440.815908] (-) TimerEvent: {}
[1440.917076] (-) TimerEvent: {}
[1441.018402] (-) TimerEvent: {}
[1441.119560] (-) TimerEvent: {}
[1441.220831] (-) TimerEvent: {}
[1441.322165] (-) TimerEvent: {}
[1441.423303] (-) TimerEvent: {}
[1441.524436] (-) TimerEvent: {}
[1441.625644] (-) TimerEvent: {}
[1441.726702] (-) TimerEvent: {}
[1441.827851] (-) TimerEvent: {}
[1441.928972] (-) TimerEvent: {}
[1442.030031] (-) TimerEvent: {}
[1442.131150] (-) TimerEvent: {}
[1442.232182] (-) TimerEvent: {}
[1442.252486] (gazebo_plugins) StdoutLine: {'line': b'[ 77%] Built target test_gazebo_ros_hand_of_god\n'}
[1442.332566] (-) TimerEvent: {}
[1442.433733] (-) TimerEvent: {}
[1442.534872] (-) TimerEvent: {}
[1442.636079] (-) TimerEvent: {}
[1442.742238] (-) TimerEvent: {}
[1442.850726] (-) TimerEvent: {}
[1442.958718] (-) TimerEvent: {}
[1443.066686] (-) TimerEvent: {}
[1443.173376] (-) TimerEvent: {}
[1443.279949] (-) TimerEvent: {}
[1443.391213] (-) TimerEvent: {}
[1443.497200] (-) TimerEvent: {}
[1443.604720] (-) TimerEvent: {}
[1443.713447] (-) TimerEvent: {}
[1443.822771] (-) TimerEvent: {}
[1443.929316] (-) TimerEvent: {}
[1444.035811] (-) TimerEvent: {}
[1444.142610] (-) TimerEvent: {}
[1444.249714] (-) TimerEvent: {}
[1444.356117] (-) TimerEvent: {}
[1444.462681] (-) TimerEvent: {}
[1444.570172] (-) TimerEvent: {}
[1444.677257] (-) TimerEvent: {}
[1444.785063] (-) TimerEvent: {}
[1444.891895] (-) TimerEvent: {}
[1445.000446] (-) TimerEvent: {}
[1445.106916] (-) TimerEvent: {}
[1445.213549] (-) TimerEvent: {}
[1445.319974] (-) TimerEvent: {}
[1445.426451] (-) TimerEvent: {}
[1445.506918] (gazebo_plugins) StdoutLine: {'line': b'[ 77%] Built target test_gazebo_ros_harness\n'}
[1445.526723] (-) TimerEvent: {}
[1445.632940] (-) TimerEvent: {}
[1445.736072] (-) TimerEvent: {}
[1445.837698] (-) TimerEvent: {}
[1445.939098] (-) TimerEvent: {}
[1446.040507] (-) TimerEvent: {}
[1446.141858] (-) TimerEvent: {}
[1446.242945] (-) TimerEvent: {}
[1446.344408] (-) TimerEvent: {}
[1446.445768] (-) TimerEvent: {}
[1446.550509] (-) TimerEvent: {}
[1446.651567] (-) TimerEvent: {}
[1446.753015] (-) TimerEvent: {}
[1446.854156] (-) TimerEvent: {}
[1446.955198] (-) TimerEvent: {}
[1447.057717] (-) TimerEvent: {}
[1447.159262] (-) TimerEvent: {}
[1447.262280] (-) TimerEvent: {}
[1447.365375] (-) TimerEvent: {}
[1447.467268] (-) TimerEvent: {}
[1447.568512] (-) TimerEvent: {}
[1447.669671] (-) TimerEvent: {}
[1447.771622] (-) TimerEvent: {}
[1447.874882] (-) TimerEvent: {}
[1447.975966] (-) TimerEvent: {}
[1448.077108] (-) TimerEvent: {}
[1448.178484] (-) TimerEvent: {}
[1448.281573] (-) TimerEvent: {}
[1448.382747] (-) TimerEvent: {}
[1448.483978] (-) TimerEvent: {}
[1448.585170] (-) TimerEvent: {}
[1448.686276] (-) TimerEvent: {}
[1448.787615] (-) TimerEvent: {}
[1448.889372] (-) TimerEvent: {}
[1448.990495] (-) TimerEvent: {}
[1449.091678] (-) TimerEvent: {}
[1449.193061] (-) TimerEvent: {}
[1449.294189] (-) TimerEvent: {}
[1449.395330] (-) TimerEvent: {}
[1449.496498] (-) TimerEvent: {}
[1449.597679] (-) TimerEvent: {}
[1449.699155] (-) TimerEvent: {}
[1449.800554] (-) TimerEvent: {}
[1449.901526] (-) TimerEvent: {}
[1450.002631] (-) TimerEvent: {}
[1450.103778] (-) TimerEvent: {}
[1450.205441] (-) TimerEvent: {}
[1450.307440] (-) TimerEvent: {}
[1450.409613] (-) TimerEvent: {}
[1450.510743] (-) TimerEvent: {}
[1450.612187] (-) TimerEvent: {}
[1450.713389] (-) TimerEvent: {}
[1450.814408] (-) TimerEvent: {}
[1450.915881] (-) TimerEvent: {}
[1451.016951] (-) TimerEvent: {}
[1451.119016] (-) TimerEvent: {}
[1451.220086] (-) TimerEvent: {}
[1451.322068] (-) TimerEvent: {}
[1451.423023] (-) TimerEvent: {}
[1451.524080] (-) TimerEvent: {}
[1451.625087] (-) TimerEvent: {}
[1451.726035] (-) TimerEvent: {}
[1451.827025] (-) TimerEvent: {}
[1451.928083] (-) TimerEvent: {}
[1452.029114] (-) TimerEvent: {}
[1452.130070] (-) TimerEvent: {}
[1452.231134] (-) TimerEvent: {}
[1452.332661] (-) TimerEvent: {}
[1452.433519] (-) TimerEvent: {}
[1452.534469] (-) TimerEvent: {}
[1452.635408] (-) TimerEvent: {}
[1452.736499] (-) TimerEvent: {}
[1452.837555] (-) TimerEvent: {}
[1452.938531] (-) TimerEvent: {}
[1453.039656] (-) TimerEvent: {}
[1453.140894] (-) TimerEvent: {}
[1453.241981] (-) TimerEvent: {}
[1453.343044] (-) TimerEvent: {}
[1453.444215] (-) TimerEvent: {}
[1453.545383] (-) TimerEvent: {}
[1453.642223] (gazebo_plugins) StdoutLine: {'line': b'[ 79%] \x1b[32mBuilding CXX object test/CMakeFiles/test_gazebo_ros_p3d.dir/test_gazebo_ros_p3d.cpp.o\x1b[0m\n'}
[1453.645576] (-) TimerEvent: {}
[1453.746469] (-) TimerEvent: {}
[1453.847433] (-) TimerEvent: {}
[1453.948869] (-) TimerEvent: {}
[1454.049806] (-) TimerEvent: {}
[1454.150911] (-) TimerEvent: {}
[1454.251978] (-) TimerEvent: {}
[1454.353311] (-) TimerEvent: {}
[1454.454511] (-) TimerEvent: {}
[1454.557124] (-) TimerEvent: {}
[1454.658139] (-) TimerEvent: {}
[1454.732018] (gazebo_plugins) StdoutLine: {'line': b'[ 80%] \x1b[32mBuilding CXX object test/CMakeFiles/test_gazebo_ros_joint_state_publisher.dir/test_gazebo_ros_joint_state_publisher.cpp.o\x1b[0m\n'}
[1454.758430] (-) TimerEvent: {}
[1454.859547] (-) TimerEvent: {}
[1454.961231] (-) TimerEvent: {}
[1455.062406] (-) TimerEvent: {}
[1455.163557] (-) TimerEvent: {}
[1455.264981] (-) TimerEvent: {}
[1455.370581] (-) TimerEvent: {}
[1455.469424] (gazebo_plugins) StdoutLine: {'line': b'[ 81%] \x1b[32m\x1b[1mLinking CXX executable test_gazebo_ros_ft_sensor\x1b[0m\n'}
[1455.470769] (-) TimerEvent: {}
[1455.572644] (-) TimerEvent: {}
[1455.673645] (-) TimerEvent: {}
[1455.775052] (-) TimerEvent: {}
[1455.839481] (gazebo_plugins) StdoutLine: {'line': b'[ 82%] \x1b[32mBuilding CXX object test/CMakeFiles/test_gazebo_ros_joint_pose_trajectory.dir/test_gazebo_ros_joint_pose_trajectory.cpp.o\x1b[0m\n'}
[1455.875344] (-) TimerEvent: {}
[1455.982261] (-) TimerEvent: {}
[1456.087460] (-) TimerEvent: {}
[1456.190381] (-) TimerEvent: {}
[1456.291537] (-) TimerEvent: {}
[1456.392587] (-) TimerEvent: {}
[1456.497101] (-) TimerEvent: {}
[1456.556539] (gazebo_plugins) StdoutLine: {'line': b'[ 83%] \x1b[32m\x1b[1mLinking CXX executable test_gazebo_ros_imu_sensor\x1b[0m\n'}
[1456.597384] (-) TimerEvent: {}
[1456.698504] (-) TimerEvent: {}
[1456.799678] (-) TimerEvent: {}
[1456.900933] (-) TimerEvent: {}
[1457.002142] (-) TimerEvent: {}
[1457.103076] (-) TimerEvent: {}
[1457.204332] (-) TimerEvent: {}
[1457.306047] (-) TimerEvent: {}
[1457.407167] (-) TimerEvent: {}
[1457.509744] (-) TimerEvent: {}
[1457.611084] (-) TimerEvent: {}
[1457.712391] (-) TimerEvent: {}
[1457.813714] (-) TimerEvent: {}
[1457.914946] (-) TimerEvent: {}
[1458.016200] (-) TimerEvent: {}
[1458.117831] (-) TimerEvent: {}
[1458.218938] (-) TimerEvent: {}
[1458.320057] (-) TimerEvent: {}
[1458.422810] (-) TimerEvent: {}
[1458.523974] (-) TimerEvent: {}
[1458.625087] (-) TimerEvent: {}
[1458.729361] (-) TimerEvent: {}
[1458.831474] (-) TimerEvent: {}
[1458.932486] (-) TimerEvent: {}
[1459.033504] (-) TimerEvent: {}
[1459.134643] (-) TimerEvent: {}
[1459.235657] (-) TimerEvent: {}
[1459.337204] (-) TimerEvent: {}
[1459.438309] (-) TimerEvent: {}
[1459.539372] (-) TimerEvent: {}
[1459.640791] (-) TimerEvent: {}
[1459.744933] (-) TimerEvent: {}
[1459.846881] (-) TimerEvent: {}
[1459.949707] (-) TimerEvent: {}
[1460.052927] (-) TimerEvent: {}
[1460.153908] (-) TimerEvent: {}
[1460.254966] (-) TimerEvent: {}
[1460.355924] (-) TimerEvent: {}
[1460.459291] (-) TimerEvent: {}
[1460.564558] (-) TimerEvent: {}
[1460.668183] (-) TimerEvent: {}
[1460.770299] (-) TimerEvent: {}
[1460.875731] (-) TimerEvent: {}
[1460.977754] (-) TimerEvent: {}
[1461.081345] (-) TimerEvent: {}
[1461.182744] (-) TimerEvent: {}
[1461.285763] (-) TimerEvent: {}
[1461.389233] (-) TimerEvent: {}
[1461.490296] (-) TimerEvent: {}
[1461.591184] (-) TimerEvent: {}
[1461.692204] (-) TimerEvent: {}
[1461.793286] (-) TimerEvent: {}
[1461.895587] (-) TimerEvent: {}
[1461.996598] (-) TimerEvent: {}
[1462.097600] (-) TimerEvent: {}
[1462.198762] (-) TimerEvent: {}
[1462.299936] (-) TimerEvent: {}
[1462.401132] (-) TimerEvent: {}
[1462.502259] (-) TimerEvent: {}
[1462.603416] (-) TimerEvent: {}
[1462.704625] (-) TimerEvent: {}
[1462.805701] (-) TimerEvent: {}
[1462.906593] (-) TimerEvent: {}
[1463.007579] (-) TimerEvent: {}
[1463.108702] (-) TimerEvent: {}
[1463.209764] (-) TimerEvent: {}
[1463.310727] (-) TimerEvent: {}
[1463.333584] (gazebo_plugins) StdoutLine: {'line': b'[ 83%] Built target test_gazebo_ros_ft_sensor\n'}
[1463.411026] (-) TimerEvent: {}
[1463.512292] (-) TimerEvent: {}
[1463.613469] (-) TimerEvent: {}
[1463.714688] (-) TimerEvent: {}
[1463.815816] (-) TimerEvent: {}
[1463.916875] (-) TimerEvent: {}
[1464.018178] (-) TimerEvent: {}
[1464.119166] (-) TimerEvent: {}
[1464.220147] (-) TimerEvent: {}
[1464.304608] (gazebo_plugins) StdoutLine: {'line': b'[ 83%] Built target test_gazebo_ros_imu_sensor\n'}
[1464.320486] (-) TimerEvent: {}
[1464.421536] (-) TimerEvent: {}
[1464.522650] (-) TimerEvent: {}
[1464.623783] (-) TimerEvent: {}
[1464.724984] (-) TimerEvent: {}
[1464.826088] (-) TimerEvent: {}
[1464.927146] (-) TimerEvent: {}
[1465.028186] (-) TimerEvent: {}
[1465.129417] (-) TimerEvent: {}
[1465.230416] (-) TimerEvent: {}
[1465.331384] (-) TimerEvent: {}
[1465.433615] (-) TimerEvent: {}
[1465.534633] (-) TimerEvent: {}
[1465.636157] (-) TimerEvent: {}
[1465.737672] (-) TimerEvent: {}
[1465.839144] (-) TimerEvent: {}
[1465.940158] (-) TimerEvent: {}
[1466.041415] (-) TimerEvent: {}
[1466.142517] (-) TimerEvent: {}
[1466.243623] (-) TimerEvent: {}
[1466.344871] (-) TimerEvent: {}
[1466.446068] (-) TimerEvent: {}
[1466.547169] (-) TimerEvent: {}
[1466.648322] (-) TimerEvent: {}
[1466.749861] (-) TimerEvent: {}
[1466.850903] (-) TimerEvent: {}
[1466.951953] (-) TimerEvent: {}
[1467.053096] (-) TimerEvent: {}
[1467.154229] (-) TimerEvent: {}
[1467.255101] (-) TimerEvent: {}
[1467.356115] (-) TimerEvent: {}
[1467.457244] (-) TimerEvent: {}
[1467.560589] (-) TimerEvent: {}
[1467.661686] (-) TimerEvent: {}
[1467.762723] (-) TimerEvent: {}
[1467.863702] (-) TimerEvent: {}
[1467.964748] (-) TimerEvent: {}
[1468.079460] (-) TimerEvent: {}
[1468.180618] (-) TimerEvent: {}
[1468.282023] (-) TimerEvent: {}
[1468.383102] (-) TimerEvent: {}
[1468.449942] (gazebo_plugins) StdoutLine: {'line': b'[ 84%] \x1b[32mBuilding CXX object test/CMakeFiles/test_gazebo_ros_ray_sensor.dir/test_gazebo_ros_ray_sensor.cpp.o\x1b[0m\n'}
[1468.483380] (-) TimerEvent: {}
[1468.584477] (-) TimerEvent: {}
[1468.685371] (-) TimerEvent: {}
[1468.786279] (-) TimerEvent: {}
[1468.887250] (-) TimerEvent: {}
[1468.989207] (-) TimerEvent: {}
[1469.090157] (-) TimerEvent: {}
[1469.191025] (-) TimerEvent: {}
[1469.291987] (-) TimerEvent: {}
[1469.393040] (-) TimerEvent: {}
[1469.493975] (-) TimerEvent: {}
[1469.595035] (-) TimerEvent: {}
[1469.696044] (-) TimerEvent: {}
[1469.797130] (-) TimerEvent: {}
[1469.898110] (-) TimerEvent: {}
[1469.999131] (-) TimerEvent: {}
[1470.100113] (-) TimerEvent: {}
[1470.201246] (-) TimerEvent: {}
[1470.302351] (-) TimerEvent: {}
[1470.403440] (-) TimerEvent: {}
[1470.504707] (-) TimerEvent: {}
[1470.561324] (gazebo_plugins) StdoutLine: {'line': b'[ 86%] \x1b[32mBuilding CXX object test/CMakeFiles/test_gazebo_ros_planar_move.dir/test_gazebo_ros_planar_move.cpp.o\x1b[0m\n'}
[1470.604923] (-) TimerEvent: {}
[1470.706030] (-) TimerEvent: {}
[1470.807053] (-) TimerEvent: {}
[1470.908121] (-) TimerEvent: {}
[1471.009119] (-) TimerEvent: {}
[1471.110008] (-) TimerEvent: {}
[1471.210947] (-) TimerEvent: {}
[1471.311827] (-) TimerEvent: {}
[1471.412908] (-) TimerEvent: {}
[1471.513850] (-) TimerEvent: {}
[1471.614810] (-) TimerEvent: {}
[1471.715787] (-) TimerEvent: {}
[1471.816804] (-) TimerEvent: {}
[1471.918635] (-) TimerEvent: {}
[1472.019797] (-) TimerEvent: {}
[1472.120793] (-) TimerEvent: {}
[1472.221694] (-) TimerEvent: {}
[1472.322594] (-) TimerEvent: {}
[1472.423605] (-) TimerEvent: {}
[1472.524632] (-) TimerEvent: {}
[1472.625549] (-) TimerEvent: {}
[1472.726426] (-) TimerEvent: {}
[1472.827400] (-) TimerEvent: {}
[1472.928576] (-) TimerEvent: {}
[1473.029560] (-) TimerEvent: {}
[1473.130568] (-) TimerEvent: {}
[1473.231567] (-) TimerEvent: {}
[1473.332700] (-) TimerEvent: {}
[1473.433788] (-) TimerEvent: {}
[1473.534676] (-) TimerEvent: {}
[1473.635665] (-) TimerEvent: {}
[1473.736736] (-) TimerEvent: {}
[1473.838929] (-) TimerEvent: {}
[1473.939944] (-) TimerEvent: {}
[1474.041037] (-) TimerEvent: {}
[1474.142979] (-) TimerEvent: {}
[1474.243922] (-) TimerEvent: {}
[1474.344934] (-) TimerEvent: {}
[1474.445864] (-) TimerEvent: {}
[1474.546799] (-) TimerEvent: {}
[1474.647869] (-) TimerEvent: {}
[1474.749827] (-) TimerEvent: {}
[1474.850871] (-) TimerEvent: {}
[1474.951787] (-) TimerEvent: {}
[1475.052728] (-) TimerEvent: {}
[1475.153691] (-) TimerEvent: {}
[1475.254651] (-) TimerEvent: {}
[1475.355737] (-) TimerEvent: {}
[1475.457530] (-) TimerEvent: {}
[1475.558578] (-) TimerEvent: {}
[1475.659561] (-) TimerEvent: {}
[1475.760713] (-) TimerEvent: {}
[1475.861761] (-) TimerEvent: {}
[1475.962869] (-) TimerEvent: {}
[1476.063884] (-) TimerEvent: {}
[1476.165721] (-) TimerEvent: {}
[1476.266790] (-) TimerEvent: {}
[1476.367770] (-) TimerEvent: {}
[1476.468852] (-) TimerEvent: {}
[1476.569961] (-) TimerEvent: {}
[1476.670954] (-) TimerEvent: {}
[1476.772809] (-) TimerEvent: {}
[1476.873816] (-) TimerEvent: {}
[1476.974782] (-) TimerEvent: {}
[1477.075717] (-) TimerEvent: {}
[1477.176837] (-) TimerEvent: {}
[1477.277775] (-) TimerEvent: {}
[1477.379837] (-) TimerEvent: {}
[1477.480841] (-) TimerEvent: {}
[1477.581859] (-) TimerEvent: {}
[1477.683885] (-) TimerEvent: {}
[1477.784913] (-) TimerEvent: {}
[1477.885863] (-) TimerEvent: {}
[1477.986792] (-) TimerEvent: {}
[1478.087842] (-) TimerEvent: {}
[1478.190008] (-) TimerEvent: {}
[1478.290931] (-) TimerEvent: {}
[1478.391960] (-) TimerEvent: {}
[1478.493011] (-) TimerEvent: {}
[1478.594019] (-) TimerEvent: {}
[1478.695084] (-) TimerEvent: {}
[1478.796126] (-) TimerEvent: {}
[1478.897288] (-) TimerEvent: {}
[1478.998341] (-) TimerEvent: {}
[1479.099464] (-) TimerEvent: {}
[1479.200533] (-) TimerEvent: {}
[1479.301578] (-) TimerEvent: {}
[1479.402642] (-) TimerEvent: {}
[1479.503698] (-) TimerEvent: {}
[1479.604888] (-) TimerEvent: {}
[1479.706008] (-) TimerEvent: {}
[1479.807125] (-) TimerEvent: {}
[1479.908192] (-) TimerEvent: {}
[1480.009278] (-) TimerEvent: {}
[1480.110363] (-) TimerEvent: {}
[1480.211367] (-) TimerEvent: {}
[1480.312547] (-) TimerEvent: {}
[1480.413575] (-) TimerEvent: {}
[1480.514667] (-) TimerEvent: {}
[1480.615718] (-) TimerEvent: {}
[1480.717353] (-) TimerEvent: {}
[1480.818637] (-) TimerEvent: {}
[1480.919688] (-) TimerEvent: {}
[1481.020861] (-) TimerEvent: {}
[1481.121917] (-) TimerEvent: {}
[1481.223025] (-) TimerEvent: {}
[1481.324082] (-) TimerEvent: {}
[1481.425129] (-) TimerEvent: {}
[1481.526119] (-) TimerEvent: {}
[1481.627140] (-) TimerEvent: {}
[1481.728082] (-) TimerEvent: {}
[1481.829275] (-) TimerEvent: {}
[1481.931412] (-) TimerEvent: {}
[1482.032543] (-) TimerEvent: {}
[1482.134143] (-) TimerEvent: {}
[1482.235196] (-) TimerEvent: {}
[1482.336295] (-) TimerEvent: {}
[1482.438419] (-) TimerEvent: {}
[1482.539449] (-) TimerEvent: {}
[1482.640473] (-) TimerEvent: {}
[1482.741542] (-) TimerEvent: {}
[1482.843562] (-) TimerEvent: {}
[1482.944664] (-) TimerEvent: {}
[1483.046070] (-) TimerEvent: {}
[1483.147099] (-) TimerEvent: {}
[1483.248148] (-) TimerEvent: {}
[1483.349709] (-) TimerEvent: {}
[1483.450756] (-) TimerEvent: {}
[1483.552361] (-) TimerEvent: {}
[1483.654835] (-) TimerEvent: {}
[1483.755975] (-) TimerEvent: {}
[1483.857745] (-) TimerEvent: {}
[1483.958996] (-) TimerEvent: {}
[1484.060056] (-) TimerEvent: {}
[1484.161569] (-) TimerEvent: {}
[1484.263164] (-) TimerEvent: {}
[1484.364307] (-) TimerEvent: {}
[1484.465294] (-) TimerEvent: {}
[1484.566363] (-) TimerEvent: {}
[1484.667485] (-) TimerEvent: {}
[1484.768590] (-) TimerEvent: {}
[1484.869563] (-) TimerEvent: {}
[1484.970756] (-) TimerEvent: {}
[1485.071742] (-) TimerEvent: {}
[1485.173002] (-) TimerEvent: {}
[1485.273947] (-) TimerEvent: {}
[1485.375086] (-) TimerEvent: {}
[1485.476321] (-) TimerEvent: {}
[1485.577497] (-) TimerEvent: {}
[1485.679114] (-) TimerEvent: {}
[1485.780341] (-) TimerEvent: {}
[1485.881436] (-) TimerEvent: {}
[1485.982480] (-) TimerEvent: {}
[1486.083573] (-) TimerEvent: {}
[1486.184670] (-) TimerEvent: {}
[1486.286226] (-) TimerEvent: {}
[1486.387247] (-) TimerEvent: {}
[1486.488392] (-) TimerEvent: {}
[1486.589417] (-) TimerEvent: {}
[1486.690955] (-) TimerEvent: {}
[1486.792141] (-) TimerEvent: {}
[1486.893309] (-) TimerEvent: {}
[1486.995203] (-) TimerEvent: {}
[1487.096500] (-) TimerEvent: {}
[1487.198078] (-) TimerEvent: {}
[1487.299190] (-) TimerEvent: {}
[1487.400669] (-) TimerEvent: {}
[1487.501790] (-) TimerEvent: {}
[1487.603383] (-) TimerEvent: {}
[1487.705154] (-) TimerEvent: {}
[1487.806307] (-) TimerEvent: {}
[1487.907388] (-) TimerEvent: {}
[1488.008563] (-) TimerEvent: {}
[1488.110162] (-) TimerEvent: {}
[1488.211342] (-) TimerEvent: {}
[1488.312590] (-) TimerEvent: {}
[1488.413662] (-) TimerEvent: {}
[1488.515896] (-) TimerEvent: {}
[1488.617179] (-) TimerEvent: {}
[1488.718294] (-) TimerEvent: {}
[1488.819332] (-) TimerEvent: {}
[1488.920557] (-) TimerEvent: {}
[1489.021702] (-) TimerEvent: {}
[1489.122925] (-) TimerEvent: {}
[1489.225096] (-) TimerEvent: {}
[1489.326169] (-) TimerEvent: {}
[1489.426449] (gazebo_plugins) StdoutLine: {'line': b'[ 87%] \x1b[32m\x1b[1mLinking CXX executable test_gazebo_ros_gps_sensor\x1b[0m\n'}
[1489.427567] (-) TimerEvent: {}
[1489.528499] (-) TimerEvent: {}
[1489.629698] (-) TimerEvent: {}
[1489.730816] (-) TimerEvent: {}
[1489.832023] (-) TimerEvent: {}
[1489.933262] (-) TimerEvent: {}
[1490.034421] (-) TimerEvent: {}
[1490.135486] (-) TimerEvent: {}
[1490.236749] (-) TimerEvent: {}
[1490.337834] (-) TimerEvent: {}
[1490.439018] (-) TimerEvent: {}
[1490.540147] (-) TimerEvent: {}
[1490.641444] (-) TimerEvent: {}
[1490.742566] (-) TimerEvent: {}
[1490.843573] (-) TimerEvent: {}
[1490.944788] (-) TimerEvent: {}
[1491.045900] (-) TimerEvent: {}
[1491.146922] (-) TimerEvent: {}
[1491.248104] (-) TimerEvent: {}
[1491.349327] (-) TimerEvent: {}
[1491.450472] (-) TimerEvent: {}
[1491.551585] (-) TimerEvent: {}
[1491.652829] (-) TimerEvent: {}
[1491.753858] (-) TimerEvent: {}
[1491.854925] (-) TimerEvent: {}
[1491.956343] (-) TimerEvent: {}
[1492.057539] (-) TimerEvent: {}
[1492.158898] (-) TimerEvent: {}
[1492.260085] (-) TimerEvent: {}
[1492.361635] (-) TimerEvent: {}
[1492.462760] (-) TimerEvent: {}
[1492.563892] (-) TimerEvent: {}
[1492.665038] (-) TimerEvent: {}
[1492.766227] (-) TimerEvent: {}
[1492.867368] (-) TimerEvent: {}
[1492.968544] (-) TimerEvent: {}
[1493.069560] (-) TimerEvent: {}
[1493.170538] (-) TimerEvent: {}
[1493.271583] (-) TimerEvent: {}
[1493.372806] (-) TimerEvent: {}
[1493.473891] (-) TimerEvent: {}
[1493.575016] (-) TimerEvent: {}
[1493.676117] (-) TimerEvent: {}
[1493.777447] (-) TimerEvent: {}
[1493.878456] (-) TimerEvent: {}
[1493.979532] (-) TimerEvent: {}
[1494.080835] (-) TimerEvent: {}
[1494.181953] (-) TimerEvent: {}
[1494.283018] (-) TimerEvent: {}
[1494.384003] (-) TimerEvent: {}
[1494.486144] (-) TimerEvent: {}
[1494.588413] (-) TimerEvent: {}
[1494.689450] (-) TimerEvent: {}
[1494.790616] (-) TimerEvent: {}
[1494.891739] (-) TimerEvent: {}
[1494.992817] (-) TimerEvent: {}
[1495.094054] (-) TimerEvent: {}
[1495.195172] (-) TimerEvent: {}
[1495.296171] (-) TimerEvent: {}
[1495.397343] (-) TimerEvent: {}
[1495.498470] (-) TimerEvent: {}
[1495.599580] (-) TimerEvent: {}
[1495.700738] (-) TimerEvent: {}
[1495.801743] (-) TimerEvent: {}
[1495.902816] (-) TimerEvent: {}
[1496.003827] (-) TimerEvent: {}
[1496.104940] (-) TimerEvent: {}
[1496.206004] (-) TimerEvent: {}
[1496.307058] (-) TimerEvent: {}
[1496.408175] (-) TimerEvent: {}
[1496.509355] (-) TimerEvent: {}
[1496.610401] (-) TimerEvent: {}
[1496.711535] (-) TimerEvent: {}
[1496.812752] (-) TimerEvent: {}
[1496.913886] (-) TimerEvent: {}
[1497.015020] (-) TimerEvent: {}
[1497.116100] (-) TimerEvent: {}
[1497.217215] (-) TimerEvent: {}
[1497.318224] (-) TimerEvent: {}
[1497.419981] (-) TimerEvent: {}
[1497.521140] (-) TimerEvent: {}
[1497.622264] (-) TimerEvent: {}
[1497.723420] (-) TimerEvent: {}
[1497.824555] (-) TimerEvent: {}
[1497.925622] (-) TimerEvent: {}
[1498.026707] (-) TimerEvent: {}
[1498.127771] (-) TimerEvent: {}
[1498.228896] (-) TimerEvent: {}
[1498.329985] (-) TimerEvent: {}
[1498.431077] (-) TimerEvent: {}
[1498.532184] (-) TimerEvent: {}
[1498.633374] (-) TimerEvent: {}
[1498.734476] (-) TimerEvent: {}
[1498.835568] (-) TimerEvent: {}
[1498.898887] (gazebo_plugins) StdoutLine: {'line': b'[ 87%] Built target test_gazebo_ros_gps_sensor\n'}
[1498.935899] (-) TimerEvent: {}
[1499.037084] (-) TimerEvent: {}
[1499.138271] (-) TimerEvent: {}
[1499.239343] (-) TimerEvent: {}
[1499.340514] (-) TimerEvent: {}
[1499.441595] (-) TimerEvent: {}
[1499.542711] (-) TimerEvent: {}
[1499.643900] (-) TimerEvent: {}
[1499.745994] (-) TimerEvent: {}
[1499.847092] (-) TimerEvent: {}
[1499.948588] (-) TimerEvent: {}
[1500.049724] (-) TimerEvent: {}
[1500.150790] (-) TimerEvent: {}
[1500.251953] (-) TimerEvent: {}
[1500.353529] (-) TimerEvent: {}
[1500.454683] (-) TimerEvent: {}
[1500.558273] (-) TimerEvent: {}
[1500.662811] (-) TimerEvent: {}
[1500.769546] (-) TimerEvent: {}
[1500.874122] (-) TimerEvent: {}
[1500.980287] (-) TimerEvent: {}
[1501.085995] (-) TimerEvent: {}
[1501.191588] (-) TimerEvent: {}
[1501.297356] (-) TimerEvent: {}
[1501.404141] (-) TimerEvent: {}
[1501.510763] (-) TimerEvent: {}
[1501.616979] (-) TimerEvent: {}
[1501.724121] (-) TimerEvent: {}
[1501.830888] (-) TimerEvent: {}
[1501.938422] (-) TimerEvent: {}
[1502.045103] (-) TimerEvent: {}
[1502.151147] (-) TimerEvent: {}
[1502.257006] (-) TimerEvent: {}
[1502.361946] (-) TimerEvent: {}
[1502.463397] (-) TimerEvent: {}
[1502.575180] (-) TimerEvent: {}
[1502.685126] (-) TimerEvent: {}
[1502.786209] (-) TimerEvent: {}
[1502.887370] (-) TimerEvent: {}
[1502.988600] (-) TimerEvent: {}
[1503.089630] (-) TimerEvent: {}
[1503.191357] (-) TimerEvent: {}
[1503.292585] (-) TimerEvent: {}
[1503.393636] (-) TimerEvent: {}
[1503.494812] (-) TimerEvent: {}
[1503.595922] (-) TimerEvent: {}
[1503.697092] (-) TimerEvent: {}
[1503.798098] (-) TimerEvent: {}
[1503.899361] (-) TimerEvent: {}
[1504.000517] (-) TimerEvent: {}
[1504.101626] (-) TimerEvent: {}
[1504.202766] (-) TimerEvent: {}
[1504.303939] (-) TimerEvent: {}
[1504.405232] (-) TimerEvent: {}
[1504.506378] (-) TimerEvent: {}
[1504.607613] (-) TimerEvent: {}
[1504.708972] (-) TimerEvent: {}
[1504.810062] (-) TimerEvent: {}
[1504.911248] (-) TimerEvent: {}
[1505.012489] (-) TimerEvent: {}
[1505.113621] (-) TimerEvent: {}
[1505.214916] (-) TimerEvent: {}
[1505.321266] (-) TimerEvent: {}
[1505.426934] (-) TimerEvent: {}
[1505.532832] (-) TimerEvent: {}
[1505.634962] (-) TimerEvent: {}
[1505.743333] (-) TimerEvent: {}
[1505.850688] (-) TimerEvent: {}
[1505.957332] (-) TimerEvent: {}
[1506.063545] (-) TimerEvent: {}
[1506.170757] (-) TimerEvent: {}
[1506.300644] (-) TimerEvent: {}
[1506.406798] (-) TimerEvent: {}
[1506.513272] (-) TimerEvent: {}
[1506.619686] (-) TimerEvent: {}
[1506.726236] (-) TimerEvent: {}
[1506.833133] (-) TimerEvent: {}
[1506.940087] (-) TimerEvent: {}
[1507.047080] (-) TimerEvent: {}
[1507.153770] (-) TimerEvent: {}
[1507.261173] (-) TimerEvent: {}
[1507.370881] (-) TimerEvent: {}
[1507.480659] (-) TimerEvent: {}
[1507.581719] (-) TimerEvent: {}
[1507.687327] (-) TimerEvent: {}
[1507.788557] (-) TimerEvent: {}
[1507.889774] (-) TimerEvent: {}
[1507.993708] (-) TimerEvent: {}
[1508.094907] (-) TimerEvent: {}
[1508.196112] (-) TimerEvent: {}
[1508.297259] (-) TimerEvent: {}
[1508.398392] (-) TimerEvent: {}
[1508.499841] (-) TimerEvent: {}
[1508.601042] (-) TimerEvent: {}
[1508.702216] (-) TimerEvent: {}
[1508.803440] (-) TimerEvent: {}
[1508.904633] (-) TimerEvent: {}
[1509.005714] (-) TimerEvent: {}
[1509.110664] (-) TimerEvent: {}
[1509.215912] (-) TimerEvent: {}
[1509.320481] (-) TimerEvent: {}
[1509.424746] (-) TimerEvent: {}
[1509.530434] (-) TimerEvent: {}
[1509.636637] (-) TimerEvent: {}
[1509.744106] (-) TimerEvent: {}
[1509.850503] (-) TimerEvent: {}
[1509.956455] (-) TimerEvent: {}
[1510.062522] (-) TimerEvent: {}
[1510.167461] (-) TimerEvent: {}
[1510.275437] (-) TimerEvent: {}
[1510.381355] (-) TimerEvent: {}
[1510.482771] (-) TimerEvent: {}
[1510.587794] (-) TimerEvent: {}
[1510.689165] (-) TimerEvent: {}
[1510.790782] (-) TimerEvent: {}
[1510.892072] (-) TimerEvent: {}
[1510.993242] (-) TimerEvent: {}
[1511.094475] (-) TimerEvent: {}
[1511.195650] (-) TimerEvent: {}
[1511.296995] (-) TimerEvent: {}
[1511.399353] (-) TimerEvent: {}
[1511.500512] (-) TimerEvent: {}
[1511.604746] (-) TimerEvent: {}
[1511.707264] (-) TimerEvent: {}
[1511.813906] (-) TimerEvent: {}
[1511.921853] (-) TimerEvent: {}
[1512.028587] (-) TimerEvent: {}
[1512.135657] (-) TimerEvent: {}
[1512.242164] (-) TimerEvent: {}
[1512.349074] (-) TimerEvent: {}
[1512.456086] (-) TimerEvent: {}
[1512.568855] (-) TimerEvent: {}
[1512.678890] (-) TimerEvent: {}
[1512.785244] (-) TimerEvent: {}
[1512.892053] (-) TimerEvent: {}
[1513.000455] (-) TimerEvent: {}
[1513.101585] (-) TimerEvent: {}
[1513.202782] (-) TimerEvent: {}
[1513.304053] (-) TimerEvent: {}
[1513.405354] (-) TimerEvent: {}
[1513.507970] (-) TimerEvent: {}
[1513.610724] (-) TimerEvent: {}
[1513.712556] (-) TimerEvent: {}
[1513.813793] (-) TimerEvent: {}
[1513.915201] (-) TimerEvent: {}
[1514.017208] (-) TimerEvent: {}
[1514.118639] (-) TimerEvent: {}
[1514.219889] (-) TimerEvent: {}
[1514.321077] (-) TimerEvent: {}
[1514.422193] (-) TimerEvent: {}
[1514.523404] (-) TimerEvent: {}
[1514.624947] (-) TimerEvent: {}
[1514.726265] (-) TimerEvent: {}
[1514.829031] (-) TimerEvent: {}
[1514.930319] (-) TimerEvent: {}
[1515.031899] (-) TimerEvent: {}
[1515.133637] (-) TimerEvent: {}
[1515.234802] (-) TimerEvent: {}
[1515.336511] (-) TimerEvent: {}
[1515.437750] (-) TimerEvent: {}
[1515.539346] (-) TimerEvent: {}
[1515.643021] (-) TimerEvent: {}
[1515.746852] (-) TimerEvent: {}
[1515.848559] (-) TimerEvent: {}
[1515.953732] (-) TimerEvent: {}
[1516.054857] (-) TimerEvent: {}
[1516.156124] (-) TimerEvent: {}
[1516.257761] (-) TimerEvent: {}
[1516.359046] (-) TimerEvent: {}
[1516.460196] (-) TimerEvent: {}
[1516.561639] (-) TimerEvent: {}
[1516.662736] (-) TimerEvent: {}
[1516.764531] (-) TimerEvent: {}
[1516.866372] (-) TimerEvent: {}
[1516.967594] (-) TimerEvent: {}
[1517.072825] (-) TimerEvent: {}
[1517.173997] (-) TimerEvent: {}
[1517.275186] (-) TimerEvent: {}
[1517.376682] (-) TimerEvent: {}
[1517.477814] (-) TimerEvent: {}
[1517.579596] (-) TimerEvent: {}
[1517.681112] (-) TimerEvent: {}
[1517.782350] (-) TimerEvent: {}
[1517.884117] (-) TimerEvent: {}
[1517.985514] (-) TimerEvent: {}
[1518.086810] (-) TimerEvent: {}
[1518.188485] (-) TimerEvent: {}
[1518.299787] (-) TimerEvent: {}
[1518.403991] (-) TimerEvent: {}
[1518.505383] (-) TimerEvent: {}
[1518.607540] (-) TimerEvent: {}
[1518.709373] (-) TimerEvent: {}
[1518.810698] (-) TimerEvent: {}
[1518.912085] (-) TimerEvent: {}
[1519.013906] (-) TimerEvent: {}
[1519.115111] (-) TimerEvent: {}
[1519.217075] (-) TimerEvent: {}
[1519.318578] (-) TimerEvent: {}
[1519.429078] (-) TimerEvent: {}
[1519.537828] (-) TimerEvent: {}
[1519.639101] (-) TimerEvent: {}
[1519.740419] (-) TimerEvent: {}
[1519.845248] (-) TimerEvent: {}
[1519.946504] (-) TimerEvent: {}
[1520.048210] (-) TimerEvent: {}
[1520.152424] (-) TimerEvent: {}
[1520.253785] (-) TimerEvent: {}
[1520.357735] (-) TimerEvent: {}
[1520.461601] (-) TimerEvent: {}
[1520.562857] (-) TimerEvent: {}
[1520.664065] (-) TimerEvent: {}
[1520.765384] (-) TimerEvent: {}
[1520.867255] (-) TimerEvent: {}
[1520.968598] (-) TimerEvent: {}
[1521.075604] (-) TimerEvent: {}
[1521.183147] (-) TimerEvent: {}
[1521.293198] (-) TimerEvent: {}
[1521.400472] (-) TimerEvent: {}
[1521.507674] (-) TimerEvent: {}
[1521.614393] (-) TimerEvent: {}
[1521.722040] (-) TimerEvent: {}
[1521.828151] (-) TimerEvent: {}
[1521.935217] (-) TimerEvent: {}
[1522.041797] (-) TimerEvent: {}
[1522.148797] (-) TimerEvent: {}
[1522.255896] (-) TimerEvent: {}
[1522.362167] (-) TimerEvent: {}
[1522.468562] (-) TimerEvent: {}
[1522.575261] (-) TimerEvent: {}
[1522.681560] (-) TimerEvent: {}
[1522.788040] (-) TimerEvent: {}
[1522.894865] (-) TimerEvent: {}
[1523.002375] (-) TimerEvent: {}
[1523.109445] (-) TimerEvent: {}
[1523.216873] (-) TimerEvent: {}
[1523.323641] (-) TimerEvent: {}
[1523.431374] (-) TimerEvent: {}
[1523.540176] (-) TimerEvent: {}
[1523.647130] (-) TimerEvent: {}
[1523.755153] (-) TimerEvent: {}
[1523.863565] (-) TimerEvent: {}
[1523.970841] (-) TimerEvent: {}
[1524.078019] (-) TimerEvent: {}
[1524.185568] (-) TimerEvent: {}
[1524.294087] (-) TimerEvent: {}
[1524.405574] (-) TimerEvent: {}
[1524.512516] (-) TimerEvent: {}
[1524.620580] (-) TimerEvent: {}
[1524.730424] (-) TimerEvent: {}
[1524.837529] (-) TimerEvent: {}
[1524.945083] (-) TimerEvent: {}
[1525.052134] (-) TimerEvent: {}
[1525.159223] (-) TimerEvent: {}
[1525.266536] (-) TimerEvent: {}
[1525.373482] (-) TimerEvent: {}
[1525.480481] (-) TimerEvent: {}
[1525.587652] (-) TimerEvent: {}
[1525.695854] (-) TimerEvent: {}
[1525.803390] (-) TimerEvent: {}
[1525.911269] (-) TimerEvent: {}
[1526.020134] (-) TimerEvent: {}
[1526.128793] (-) TimerEvent: {}
[1526.238709] (-) TimerEvent: {}
[1526.345550] (-) TimerEvent: {}
[1526.452110] (-) TimerEvent: {}
[1526.560540] (-) TimerEvent: {}
[1526.669758] (-) TimerEvent: {}
[1526.776184] (-) TimerEvent: {}
[1526.883231] (-) TimerEvent: {}
[1526.990955] (-) TimerEvent: {}
[1527.101044] (-) TimerEvent: {}
[1527.223291] (-) TimerEvent: {}
[1527.329041] (-) TimerEvent: {}
[1527.437160] (-) TimerEvent: {}
[1527.542779] (-) TimerEvent: {}
[1527.649675] (-) TimerEvent: {}
[1527.763212] (-) TimerEvent: {}
[1527.870162] (-) TimerEvent: {}
[1527.976590] (-) TimerEvent: {}
[1528.083593] (-) TimerEvent: {}
[1528.190920] (-) TimerEvent: {}
[1528.297017] (-) TimerEvent: {}
[1528.404163] (-) TimerEvent: {}
[1528.510820] (-) TimerEvent: {}
[1528.618931] (-) TimerEvent: {}
[1528.725794] (-) TimerEvent: {}
[1528.832359] (-) TimerEvent: {}
[1528.939324] (-) TimerEvent: {}
[1529.040573] (-) TimerEvent: {}
[1529.141718] (-) TimerEvent: {}
[1529.249221] (-) TimerEvent: {}
[1529.355983] (-) TimerEvent: {}
[1529.462312] (-) TimerEvent: {}
[1529.569531] (-) TimerEvent: {}
[1529.691984] (-) TimerEvent: {}
[1529.802924] (-) TimerEvent: {}
[1529.909422] (-) TimerEvent: {}
[1530.017288] (-) TimerEvent: {}
[1530.125094] (-) TimerEvent: {}
[1530.231619] (-) TimerEvent: {}
[1530.336943] (-) TimerEvent: {}
[1530.443842] (-) TimerEvent: {}
[1530.552799] (-) TimerEvent: {}
[1530.659537] (-) TimerEvent: {}
[1530.766730] (-) TimerEvent: {}
[1530.873788] (-) TimerEvent: {}
[1530.975660] (-) TimerEvent: {}
[1531.081993] (-) TimerEvent: {}
[1531.188679] (-) TimerEvent: {}
[1531.294398] (-) TimerEvent: {}
[1531.405230] (-) TimerEvent: {}
[1531.511733] (-) TimerEvent: {}
[1531.618418] (-) TimerEvent: {}
[1531.725469] (-) TimerEvent: {}
[1531.831660] (-) TimerEvent: {}
[1531.933095] (-) TimerEvent: {}
[1532.040130] (-) TimerEvent: {}
[1532.147243] (-) TimerEvent: {}
[1532.253222] (-) TimerEvent: {}
[1532.359568] (-) TimerEvent: {}
[1532.466486] (-) TimerEvent: {}
[1532.572706] (-) TimerEvent: {}
[1532.681313] (-) TimerEvent: {}
[1532.787346] (-) TimerEvent: {}
[1532.892884] (-) TimerEvent: {}
[1532.998904] (-) TimerEvent: {}
[1533.104839] (-) TimerEvent: {}
[1533.210813] (-) TimerEvent: {}
[1533.317307] (-) TimerEvent: {}
[1533.422946] (-) TimerEvent: {}
[1533.528414] (-) TimerEvent: {}
[1533.629891] (-) TimerEvent: {}
[1533.742629] (-) TimerEvent: {}
[1533.848173] (-) TimerEvent: {}
[1533.954242] (-) TimerEvent: {}
[1534.060075] (-) TimerEvent: {}
[1534.170790] (-) TimerEvent: {}
[1534.276909] (-) TimerEvent: {}
[1534.389213] (-) TimerEvent: {}
[1534.505127] (-) TimerEvent: {}
[1534.615164] (-) TimerEvent: {}
[1534.721537] (-) TimerEvent: {}
[1534.829439] (-) TimerEvent: {}
[1534.936176] (-) TimerEvent: {}
[1535.043350] (-) TimerEvent: {}
[1535.150435] (-) TimerEvent: {}
[1535.257184] (-) TimerEvent: {}
[1535.364856] (-) TimerEvent: {}
[1535.471549] (-) TimerEvent: {}
[1535.576927] (-) TimerEvent: {}
[1535.683546] (-) TimerEvent: {}
[1535.789491] (-) TimerEvent: {}
[1535.897213] (-) TimerEvent: {}
[1536.004050] (-) TimerEvent: {}
[1536.110668] (-) TimerEvent: {}
[1536.219259] (-) TimerEvent: {}
[1536.325239] (-) TimerEvent: {}
[1536.431084] (-) TimerEvent: {}
[1536.538443] (-) TimerEvent: {}
[1536.639598] (-) TimerEvent: {}
[1536.753902] (-) TimerEvent: {}
[1536.860775] (-) TimerEvent: {}
[1536.968150] (-) TimerEvent: {}
[1537.074148] (-) TimerEvent: {}
[1537.180618] (-) TimerEvent: {}
[1537.287161] (-) TimerEvent: {}
[1537.393224] (-) TimerEvent: {}
[1537.509692] (-) TimerEvent: {}
[1537.616638] (-) TimerEvent: {}
[1537.720574] (-) TimerEvent: {}
[1537.822545] (-) TimerEvent: {}
[1537.933189] (-) TimerEvent: {}
[1538.041567] (-) TimerEvent: {}
[1538.147268] (-) TimerEvent: {}
[1538.253400] (-) TimerEvent: {}
[1538.359180] (-) TimerEvent: {}
[1538.465486] (-) TimerEvent: {}
[1538.571145] (-) TimerEvent: {}
[1538.677278] (-) TimerEvent: {}
[1538.783317] (-) TimerEvent: {}
[1538.889671] (-) TimerEvent: {}
[1538.999423] (-) TimerEvent: {}
[1539.107508] (-) TimerEvent: {}
[1539.214729] (-) TimerEvent: {}
[1539.320950] (-) TimerEvent: {}
[1539.427882] (-) TimerEvent: {}
[1539.536015] (-) TimerEvent: {}
[1539.642161] (-) TimerEvent: {}
[1539.748427] (-) TimerEvent: {}
[1539.855766] (-) TimerEvent: {}
[1539.962835] (-) TimerEvent: {}
[1540.071133] (-) TimerEvent: {}
[1540.177247] (-) TimerEvent: {}
[1540.281992] (-) TimerEvent: {}
[1540.389267] (-) TimerEvent: {}
[1540.495357] (-) TimerEvent: {}
[1540.602141] (-) TimerEvent: {}
[1540.706505] (-) TimerEvent: {}
[1540.812175] (-) TimerEvent: {}
[1540.919693] (-) TimerEvent: {}
[1541.025780] (-) TimerEvent: {}
[1541.131986] (-) TimerEvent: {}
[1541.238522] (-) TimerEvent: {}
[1541.344606] (-) TimerEvent: {}
[1541.451044] (-) TimerEvent: {}
[1541.556748] (-) TimerEvent: {}
[1541.663147] (-) TimerEvent: {}
[1541.769710] (-) TimerEvent: {}
[1541.876149] (-) TimerEvent: {}
[1541.983499] (-) TimerEvent: {}
[1542.089659] (-) TimerEvent: {}
[1542.196928] (-) TimerEvent: {}
[1542.303831] (-) TimerEvent: {}
[1542.414204] (-) TimerEvent: {}
[1542.521153] (-) TimerEvent: {}
[1542.626918] (-) TimerEvent: {}
[1542.733167] (-) TimerEvent: {}
[1542.838654] (-) TimerEvent: {}
[1542.944552] (-) TimerEvent: {}
[1543.050101] (-) TimerEvent: {}
[1543.157170] (-) TimerEvent: {}
[1543.263150] (-) TimerEvent: {}
[1543.369456] (-) TimerEvent: {}
[1543.475769] (-) TimerEvent: {}
[1543.582692] (-) TimerEvent: {}
[1543.690967] (-) TimerEvent: {}
[1543.798425] (-) TimerEvent: {}
[1543.904705] (-) TimerEvent: {}
[1544.010600] (-) TimerEvent: {}
[1544.117675] (-) TimerEvent: {}
[1544.224084] (-) TimerEvent: {}
[1544.332080] (-) TimerEvent: {}
[1544.438592] (-) TimerEvent: {}
[1544.545451] (-) TimerEvent: {}
[1544.651536] (-) TimerEvent: {}
[1544.759930] (-) TimerEvent: {}
[1544.865727] (-) TimerEvent: {}
[1544.971479] (-) TimerEvent: {}
[1545.074341] (-) TimerEvent: {}
[1545.176455] (-) TimerEvent: {}
[1545.278178] (-) TimerEvent: {}
[1545.384931] (-) TimerEvent: {}
[1545.490981] (-) TimerEvent: {}
[1545.597456] (-) TimerEvent: {}
[1545.704509] (-) TimerEvent: {}
[1545.811062] (-) TimerEvent: {}
[1545.917985] (-) TimerEvent: {}
[1546.024496] (-) TimerEvent: {}
[1546.131212] (-) TimerEvent: {}
[1546.238142] (-) TimerEvent: {}
[1546.339776] (-) TimerEvent: {}
[1546.447110] (-) TimerEvent: {}
[1546.553721] (-) TimerEvent: {}
[1546.660853] (-) TimerEvent: {}
[1546.767844] (-) TimerEvent: {}
[1546.874094] (-) TimerEvent: {}
[1546.981005] (-) TimerEvent: {}
[1547.086301] (-) TimerEvent: {}
[1547.187390] (-) TimerEvent: {}
[1547.288518] (-) TimerEvent: {}
[1547.389556] (-) TimerEvent: {}
[1547.490571] (-) TimerEvent: {}
[1547.591719] (-) TimerEvent: {}
[1547.692878] (-) TimerEvent: {}
[1547.793941] (-) TimerEvent: {}
[1547.895094] (-) TimerEvent: {}
[1547.996185] (-) TimerEvent: {}
[1548.097314] (-) TimerEvent: {}
[1548.198886] (-) TimerEvent: {}
[1548.300036] (-) TimerEvent: {}
[1548.401199] (-) TimerEvent: {}
[1548.502788] (-) TimerEvent: {}
[1548.603861] (-) TimerEvent: {}
[1548.705114] (-) TimerEvent: {}
[1548.806162] (-) TimerEvent: {}
[1548.907240] (-) TimerEvent: {}
[1549.008736] (-) TimerEvent: {}
[1549.110161] (-) TimerEvent: {}
[1549.211979] (-) TimerEvent: {}
[1549.313157] (-) TimerEvent: {}
[1549.414397] (-) TimerEvent: {}
[1549.516002] (-) TimerEvent: {}
[1549.617184] (-) TimerEvent: {}
[1549.718345] (-) TimerEvent: {}
[1549.819500] (-) TimerEvent: {}
[1549.920646] (-) TimerEvent: {}
[1550.021698] (-) TimerEvent: {}
[1550.122918] (-) TimerEvent: {}
[1550.224192] (-) TimerEvent: {}
[1550.325405] (-) TimerEvent: {}
[1550.426568] (-) TimerEvent: {}
[1550.527719] (-) TimerEvent: {}
[1550.628988] (-) TimerEvent: {}
[1550.730051] (-) TimerEvent: {}
[1550.832321] (-) TimerEvent: {}
[1550.939515] (-) TimerEvent: {}
[1551.047102] (-) TimerEvent: {}
[1551.153341] (-) TimerEvent: {}
[1551.260580] (-) TimerEvent: {}
[1551.368448] (-) TimerEvent: {}
[1551.475395] (-) TimerEvent: {}
[1551.582542] (-) TimerEvent: {}
[1551.689729] (-) TimerEvent: {}
[1551.795863] (-) TimerEvent: {}
[1551.903233] (-) TimerEvent: {}
[1552.010277] (-) TimerEvent: {}
[1552.116782] (-) TimerEvent: {}
[1552.223297] (-) TimerEvent: {}
[1552.330492] (-) TimerEvent: {}
[1552.437501] (-) TimerEvent: {}
[1552.544067] (-) TimerEvent: {}
[1552.651631] (-) TimerEvent: {}
[1552.758542] (-) TimerEvent: {}
[1552.865508] (-) TimerEvent: {}
[1552.972521] (-) TimerEvent: {}
[1553.082885] (-) TimerEvent: {}
[1553.190361] (-) TimerEvent: {}
[1553.301997] (-) TimerEvent: {}
[1553.412169] (-) TimerEvent: {}
[1553.520917] (-) TimerEvent: {}
[1553.628757] (-) TimerEvent: {}
[1553.736600] (-) TimerEvent: {}
[1553.842904] (-) TimerEvent: {}
[1553.950739] (-) TimerEvent: {}
[1554.057182] (-) TimerEvent: {}
[1554.164521] (-) TimerEvent: {}
[1554.272162] (-) TimerEvent: {}
[1554.380699] (-) TimerEvent: {}
[1554.481715] (-) TimerEvent: {}
[1554.582929] (-) TimerEvent: {}
[1554.684316] (-) TimerEvent: {}
[1554.785371] (-) TimerEvent: {}
[1554.886661] (-) TimerEvent: {}
[1554.987908] (-) TimerEvent: {}
[1555.089269] (-) TimerEvent: {}
[1555.190325] (-) TimerEvent: {}
[1555.292120] (-) TimerEvent: {}
[1555.397738] (-) TimerEvent: {}
[1555.503734] (-) TimerEvent: {}
[1555.614126] (-) TimerEvent: {}
[1555.721686] (-) TimerEvent: {}
[1555.828169] (-) TimerEvent: {}
[1555.929230] (-) TimerEvent: {}
[1556.039327] (-) TimerEvent: {}
[1556.145415] (-) TimerEvent: {}
[1556.252044] (-) TimerEvent: {}
[1556.358341] (-) TimerEvent: {}
[1556.464828] (-) TimerEvent: {}
[1556.571345] (-) TimerEvent: {}
[1556.683170] (-) TimerEvent: {}
[1556.788757] (-) TimerEvent: {}
[1556.892163] (-) TimerEvent: {}
[1556.993396] (-) TimerEvent: {}
[1557.094452] (-) TimerEvent: {}
[1557.195661] (-) TimerEvent: {}
[1557.296956] (-) TimerEvent: {}
[1557.398130] (-) TimerEvent: {}
[1557.499267] (-) TimerEvent: {}
[1557.602081] (-) TimerEvent: {}
[1557.703167] (-) TimerEvent: {}
[1557.807441] (-) TimerEvent: {}
[1557.908537] (-) TimerEvent: {}
[1558.009599] (-) TimerEvent: {}
[1558.110680] (-) TimerEvent: {}
[1558.211870] (-) TimerEvent: {}
[1558.314069] (-) TimerEvent: {}
[1558.423727] (-) TimerEvent: {}
[1558.528580] (-) TimerEvent: {}
[1558.632130] (-) TimerEvent: {}
[1558.739920] (-) TimerEvent: {}
[1558.846702] (-) TimerEvent: {}
[1558.948451] (-) TimerEvent: {}
[1559.049702] (-) TimerEvent: {}
[1559.151386] (-) TimerEvent: {}
[1559.252805] (-) TimerEvent: {}
[1559.357028] (-) TimerEvent: {}
[1559.465481] (-) TimerEvent: {}
[1559.571725] (-) TimerEvent: {}
[1559.677885] (-) TimerEvent: {}
[1559.783572] (-) TimerEvent: {}
[1559.888799] (-) TimerEvent: {}
[1559.994293] (-) TimerEvent: {}
[1560.100207] (-) TimerEvent: {}
[1560.206460] (-) TimerEvent: {}
[1560.322272] (-) TimerEvent: {}
[1560.428434] (-) TimerEvent: {}
[1560.534496] (-) TimerEvent: {}
[1560.641933] (-) TimerEvent: {}
[1560.748987] (-) TimerEvent: {}
[1560.855999] (-) TimerEvent: {}
[1560.962694] (-) TimerEvent: {}
[1561.068943] (-) TimerEvent: {}
[1561.179616] (-) TimerEvent: {}
[1561.289110] (-) TimerEvent: {}
[1561.395335] (-) TimerEvent: {}
[1561.502421] (-) TimerEvent: {}
[1561.608622] (-) TimerEvent: {}
[1561.715063] (-) TimerEvent: {}
[1561.821672] (-) TimerEvent: {}
[1561.928594] (-) TimerEvent: {}
[1562.038754] (-) TimerEvent: {}
[1562.145978] (-) TimerEvent: {}
[1562.252030] (-) TimerEvent: {}
[1562.358414] (-) TimerEvent: {}
[1562.464463] (-) TimerEvent: {}
[1562.570687] (-) TimerEvent: {}
[1562.677603] (-) TimerEvent: {}
[1562.781581] (-) TimerEvent: {}
[1562.882649] (-) TimerEvent: {}
[1562.988824] (-) TimerEvent: {}
[1563.094974] (-) TimerEvent: {}
[1563.200781] (-) TimerEvent: {}
[1563.306899] (-) TimerEvent: {}
[1563.422617] (-) TimerEvent: {}
[1563.528475] (-) TimerEvent: {}
[1563.634235] (-) TimerEvent: {}
[1563.740037] (-) TimerEvent: {}
[1563.846191] (-) TimerEvent: {}
[1563.954787] (-) TimerEvent: {}
[1564.063854] (-) TimerEvent: {}
[1564.171275] (-) TimerEvent: {}
[1564.276989] (-) TimerEvent: {}
[1564.389201] (-) TimerEvent: {}
[1564.495466] (-) TimerEvent: {}
[1564.603627] (-) TimerEvent: {}
[1564.710609] (-) TimerEvent: {}
[1564.817132] (-) TimerEvent: {}
[1564.924821] (-) TimerEvent: {}
[1565.036020] (-) TimerEvent: {}
[1565.138453] (-) TimerEvent: {}
[1565.246927] (-) TimerEvent: {}
[1565.354533] (-) TimerEvent: {}
[1565.462170] (-) TimerEvent: {}
[1565.571540] (-) TimerEvent: {}
[1565.678130] (-) TimerEvent: {}
[1565.785251] (-) TimerEvent: {}
[1565.891900] (-) TimerEvent: {}
[1565.998529] (-) TimerEvent: {}
[1566.105521] (-) TimerEvent: {}
[1566.213326] (-) TimerEvent: {}
[1566.320828] (-) TimerEvent: {}
[1566.428042] (-) TimerEvent: {}
[1566.534318] (-) TimerEvent: {}
[1566.639620] (-) TimerEvent: {}
[1566.748556] (-) TimerEvent: {}
[1566.853541] (-) TimerEvent: {}
[1566.954714] (-) TimerEvent: {}
[1567.056399] (-) TimerEvent: {}
[1567.157599] (-) TimerEvent: {}
[1567.258816] (-) TimerEvent: {}
[1567.360842] (-) TimerEvent: {}
[1567.461944] (-) TimerEvent: {}
[1567.563806] (-) TimerEvent: {}
[1567.665666] (-) TimerEvent: {}
[1567.767225] (-) TimerEvent: {}
[1567.869114] (-) TimerEvent: {}
[1567.970703] (-) TimerEvent: {}
[1568.072195] (-) TimerEvent: {}
[1568.173296] (-) TimerEvent: {}
[1568.279048] (-) TimerEvent: {}
[1568.380605] (-) TimerEvent: {}
[1568.481789] (-) TimerEvent: {}
[1568.582890] (-) TimerEvent: {}
[1568.686302] (-) TimerEvent: {}
[1568.787523] (-) TimerEvent: {}
[1568.889146] (-) TimerEvent: {}
[1568.990448] (-) TimerEvent: {}
[1569.091780] (-) TimerEvent: {}
[1569.192986] (-) TimerEvent: {}
[1569.294575] (-) TimerEvent: {}
[1569.395790] (-) TimerEvent: {}
[1569.501643] (-) TimerEvent: {}
[1569.603172] (-) TimerEvent: {}
[1569.704505] (-) TimerEvent: {}
[1569.806816] (-) TimerEvent: {}
[1569.907979] (-) TimerEvent: {}
[1570.009120] (-) TimerEvent: {}
[1570.110262] (-) TimerEvent: {}
[1570.211704] (-) TimerEvent: {}
[1570.313096] (-) TimerEvent: {}
[1570.416489] (-) TimerEvent: {}
[1570.523375] (-) TimerEvent: {}
[1570.624491] (-) TimerEvent: {}
[1570.725761] (-) TimerEvent: {}
[1570.832604] (-) TimerEvent: {}
[1570.940115] (-) TimerEvent: {}
[1571.046451] (-) TimerEvent: {}
[1571.150725] (-) TimerEvent: {}
[1571.253658] (-) TimerEvent: {}
[1571.356625] (-) TimerEvent: {}
[1571.457704] (-) TimerEvent: {}
[1571.558839] (-) TimerEvent: {}
[1571.661352] (-) TimerEvent: {}
[1571.762480] (-) TimerEvent: {}
[1571.863636] (-) TimerEvent: {}
[1571.971877] (-) TimerEvent: {}
[1572.079677] (-) TimerEvent: {}
[1572.187811] (-) TimerEvent: {}
[1572.294718] (-) TimerEvent: {}
[1572.402820] (-) TimerEvent: {}
[1572.510046] (-) TimerEvent: {}
[1572.617227] (-) TimerEvent: {}
[1572.724741] (-) TimerEvent: {}
[1572.825781] (-) TimerEvent: {}
[1572.926953] (-) TimerEvent: {}
[1573.028166] (-) TimerEvent: {}
[1573.130058] (-) TimerEvent: {}
[1573.231321] (-) TimerEvent: {}
[1573.332641] (-) TimerEvent: {}
[1573.439638] (-) TimerEvent: {}
[1573.540841] (-) TimerEvent: {}
[1573.642055] (-) TimerEvent: {}
[1573.743177] (-) TimerEvent: {}
[1573.844859] (-) TimerEvent: {}
[1573.949715] (-) TimerEvent: {}
[1574.055687] (-) TimerEvent: {}
[1574.161879] (-) TimerEvent: {}
[1574.263169] (-) TimerEvent: {}
[1574.364442] (-) TimerEvent: {}
[1574.466601] (-) TimerEvent: {}
[1574.572983] (-) TimerEvent: {}
[1574.680604] (-) TimerEvent: {}
[1574.782966] (-) TimerEvent: {}
[1574.888120] (-) TimerEvent: {}
[1574.989618] (-) TimerEvent: {}
[1575.096199] (-) TimerEvent: {}
[1575.201031] (-) TimerEvent: {}
[1575.303086] (-) TimerEvent: {}
[1575.404525] (-) TimerEvent: {}
[1575.505900] (-) TimerEvent: {}
[1575.607158] (-) TimerEvent: {}
[1575.712306] (-) TimerEvent: {}
[1575.813551] (-) TimerEvent: {}
[1575.914875] (-) TimerEvent: {}
[1576.016361] (-) TimerEvent: {}
[1576.117808] (-) TimerEvent: {}
[1576.219023] (-) TimerEvent: {}
[1576.320145] (-) TimerEvent: {}
[1576.421302] (-) TimerEvent: {}
[1576.522447] (-) TimerEvent: {}
[1576.626453] (-) TimerEvent: {}
[1576.729311] (-) TimerEvent: {}
[1576.831129] (-) TimerEvent: {}
[1576.932398] (-) TimerEvent: {}
[1577.033673] (-) TimerEvent: {}
[1577.135973] (-) TimerEvent: {}
[1577.237169] (-) TimerEvent: {}
[1577.338238] (-) TimerEvent: {}
[1577.439556] (-) TimerEvent: {}
[1577.543313] (-) TimerEvent: {}
[1577.644554] (-) TimerEvent: {}
[1577.745689] (-) TimerEvent: {}
[1577.847124] (-) TimerEvent: {}
[1577.948397] (-) TimerEvent: {}
[1578.050382] (-) TimerEvent: {}
[1578.158052] (-) TimerEvent: {}
[1578.260615] (-) TimerEvent: {}
[1578.373871] (-) TimerEvent: {}
[1578.478941] (-) TimerEvent: {}
[1578.580201] (-) TimerEvent: {}
[1578.681619] (-) TimerEvent: {}
[1578.784532] (-) TimerEvent: {}
[1578.887356] (-) TimerEvent: {}
[1578.988499] (-) TimerEvent: {}
[1579.092405] (-) TimerEvent: {}
[1579.193682] (-) TimerEvent: {}
[1579.300704] (-) TimerEvent: {}
[1579.401692] (-) TimerEvent: {}
[1579.502901] (-) TimerEvent: {}
[1579.604062] (-) TimerEvent: {}
[1579.707903] (-) TimerEvent: {}
[1579.809406] (-) TimerEvent: {}
[1579.910845] (-) TimerEvent: {}
[1580.012160] (-) TimerEvent: {}
[1580.113466] (-) TimerEvent: {}
[1580.215139] (-) TimerEvent: {}
[1580.316455] (-) TimerEvent: {}
[1580.417830] (-) TimerEvent: {}
[1580.519053] (-) TimerEvent: {}
[1580.620525] (-) TimerEvent: {}
[1580.721757] (-) TimerEvent: {}
[1580.822899] (-) TimerEvent: {}
[1580.925287] (-) TimerEvent: {}
[1581.026607] (-) TimerEvent: {}
[1581.128582] (-) TimerEvent: {}
[1581.229779] (-) TimerEvent: {}
[1581.331164] (-) TimerEvent: {}
[1581.432398] (-) TimerEvent: {}
[1581.533918] (-) TimerEvent: {}
[1581.635189] (-) TimerEvent: {}
[1581.742062] (-) TimerEvent: {}
[1581.843234] (-) TimerEvent: {}
[1581.945267] (-) TimerEvent: {}
[1582.049156] (-) TimerEvent: {}
[1582.150628] (-) TimerEvent: {}
[1582.251962] (-) TimerEvent: {}
[1582.355846] (-) TimerEvent: {}
[1582.462299] (-) TimerEvent: {}
[1582.567522] (-) TimerEvent: {}
[1582.668956] (-) TimerEvent: {}
[1582.774034] (-) TimerEvent: {}
[1582.879041] (-) TimerEvent: {}
[1582.985736] (-) TimerEvent: {}
[1583.086905] (-) TimerEvent: {}
[1583.188636] (-) TimerEvent: {}
[1583.289879] (-) TimerEvent: {}
[1583.391144] (-) TimerEvent: {}
[1583.492545] (-) TimerEvent: {}
[1583.593841] (-) TimerEvent: {}
[1583.695387] (-) TimerEvent: {}
[1583.801009] (-) TimerEvent: {}
[1583.908490] (-) TimerEvent: {}
[1584.012512] (-) TimerEvent: {}
[1584.118443] (-) TimerEvent: {}
[1584.240583] (-) TimerEvent: {}
[1584.342865] (-) TimerEvent: {}
[1584.444001] (-) TimerEvent: {}
[1584.545219] (-) TimerEvent: {}
[1584.646311] (-) TimerEvent: {}
[1584.751190] (-) TimerEvent: {}
[1584.854766] (-) TimerEvent: {}
[1584.955856] (-) TimerEvent: {}
[1585.057052] (-) TimerEvent: {}
[1585.158165] (-) TimerEvent: {}
[1585.262592] (-) TimerEvent: {}
[1585.367726] (-) TimerEvent: {}
[1585.475237] (-) TimerEvent: {}
[1585.577130] (-) TimerEvent: {}
[1585.683232] (-) TimerEvent: {}
[1585.789725] (-) TimerEvent: {}
[1585.891710] (-) TimerEvent: {}
[1586.000667] (-) TimerEvent: {}
[1586.107057] (-) TimerEvent: {}
[1586.211324] (-) TimerEvent: {}
[1586.318342] (-) TimerEvent: {}
[1586.424795] (-) TimerEvent: {}
[1586.531050] (-) TimerEvent: {}
[1586.635819] (-) TimerEvent: {}
[1586.742847] (-) TimerEvent: {}
[1586.852774] (-) TimerEvent: {}
[1586.859863] (gazebo_plugins) StdoutLine: {'line': b'[ 88%] \x1b[32m\x1b[1mLinking CXX executable test_gazebo_ros_joint_pose_trajectory\x1b[0m\n'}
[1586.953120] (-) TimerEvent: {}
[1587.054290] (-) TimerEvent: {}
[1587.155411] (-) TimerEvent: {}
[1587.262640] (-) TimerEvent: {}
[1587.369399] (-) TimerEvent: {}
[1587.476549] (-) TimerEvent: {}
[1587.578059] (-) TimerEvent: {}
[1587.688939] (-) TimerEvent: {}
[1587.801592] (-) TimerEvent: {}
[1587.907463] (-) TimerEvent: {}
[1588.013016] (-) TimerEvent: {}
[1588.116685] (-) TimerEvent: {}
[1588.218188] (-) TimerEvent: {}
[1588.324757] (-) TimerEvent: {}
[1588.438254] (-) TimerEvent: {}
[1588.556574] (-) TimerEvent: {}
[1588.662442] (-) TimerEvent: {}
[1588.769729] (-) TimerEvent: {}
[1588.874066] (-) TimerEvent: {}
[1588.981295] (-) TimerEvent: {}
[1589.088159] (-) TimerEvent: {}
[1589.191334] (-) TimerEvent: {}
[1589.297134] (-) TimerEvent: {}
[1589.398978] (-) TimerEvent: {}
[1589.500735] (-) TimerEvent: {}
[1589.602882] (-) TimerEvent: {}
[1589.704863] (-) TimerEvent: {}
[1589.806135] (-) TimerEvent: {}
[1589.907457] (-) TimerEvent: {}
[1590.009343] (-) TimerEvent: {}
[1590.111633] (-) TimerEvent: {}
[1590.213568] (-) TimerEvent: {}
[1590.315976] (-) TimerEvent: {}
[1590.417460] (-) TimerEvent: {}
[1590.518491] (-) TimerEvent: {}
[1590.625125] (-) TimerEvent: {}
[1590.726842] (-) TimerEvent: {}
[1590.832778] (-) TimerEvent: {}
[1590.939499] (-) TimerEvent: {}
[1591.045937] (-) TimerEvent: {}
[1591.153028] (-) TimerEvent: {}
[1591.258931] (-) TimerEvent: {}
[1591.364945] (-) TimerEvent: {}
[1591.472184] (-) TimerEvent: {}
[1591.579022] (-) TimerEvent: {}
[1591.686627] (-) TimerEvent: {}
[1591.794404] (-) TimerEvent: {}
[1591.899542] (-) TimerEvent: {}
[1592.005117] (-) TimerEvent: {}
[1592.111569] (-) TimerEvent: {}
[1592.218540] (-) TimerEvent: {}
[1592.325260] (-) TimerEvent: {}
[1592.432149] (-) TimerEvent: {}
[1592.539195] (-) TimerEvent: {}
[1592.651359] (-) TimerEvent: {}
[1592.762365] (-) TimerEvent: {}
[1592.869714] (-) TimerEvent: {}
[1592.975217] (-) TimerEvent: {}
[1593.080482] (-) TimerEvent: {}
[1593.184426] (-) TimerEvent: {}
[1593.292935] (-) TimerEvent: {}
[1593.350078] (gazebo_plugins) StdoutLine: {'line': b'[ 88%] Built target test_gazebo_ros_joint_pose_trajectory\n'}
[1593.393258] (-) TimerEvent: {}
[1593.494362] (-) TimerEvent: {}
[1593.595504] (-) TimerEvent: {}
[1593.696685] (-) TimerEvent: {}
[1593.797755] (-) TimerEvent: {}
[1593.898835] (-) TimerEvent: {}
[1593.999961] (-) TimerEvent: {}
[1594.101174] (-) TimerEvent: {}
[1594.203446] (-) TimerEvent: {}
[1594.304625] (-) TimerEvent: {}
[1594.406235] (-) TimerEvent: {}
[1594.507439] (-) TimerEvent: {}
[1594.608693] (-) TimerEvent: {}
[1594.710888] (-) TimerEvent: {}
[1594.812038] (-) TimerEvent: {}
[1594.913264] (-) TimerEvent: {}
[1595.014349] (-) TimerEvent: {}
[1595.115523] (-) TimerEvent: {}
[1595.217129] (-) TimerEvent: {}
[1595.318549] (-) TimerEvent: {}
[1595.419735] (-) TimerEvent: {}
[1595.520898] (-) TimerEvent: {}
[1595.622036] (-) TimerEvent: {}
[1595.723660] (-) TimerEvent: {}
[1595.824898] (-) TimerEvent: {}
[1595.926032] (-) TimerEvent: {}
[1596.027108] (-) TimerEvent: {}
[1596.128411] (-) TimerEvent: {}
[1596.229987] (-) TimerEvent: {}
[1596.331132] (-) TimerEvent: {}
[1596.432372] (-) TimerEvent: {}
[1596.533508] (-) TimerEvent: {}
[1596.635278] (-) TimerEvent: {}
[1596.736462] (-) TimerEvent: {}
[1596.837546] (-) TimerEvent: {}
[1596.938610] (-) TimerEvent: {}
[1597.040013] (-) TimerEvent: {}
[1597.141320] (-) TimerEvent: {}
[1597.242373] (-) TimerEvent: {}
[1597.343505] (-) TimerEvent: {}
[1597.444668] (-) TimerEvent: {}
[1597.545679] (-) TimerEvent: {}
[1597.646830] (-) TimerEvent: {}
[1597.748469] (-) TimerEvent: {}
[1597.849479] (-) TimerEvent: {}
[1597.950617] (-) TimerEvent: {}
[1598.052699] (-) TimerEvent: {}
[1598.154704] (-) TimerEvent: {}
[1598.255869] (-) TimerEvent: {}
[1598.362099] (-) TimerEvent: {}
[1598.468787] (-) TimerEvent: {}
[1598.575677] (-) TimerEvent: {}
[1598.681866] (-) TimerEvent: {}
[1598.787993] (-) TimerEvent: {}
[1598.894198] (-) TimerEvent: {}
[1599.000940] (-) TimerEvent: {}
[1599.106934] (-) TimerEvent: {}
[1599.220861] (-) TimerEvent: {}
[1599.342724] (-) TimerEvent: {}
[1599.449024] (-) TimerEvent: {}
[1599.555297] (-) TimerEvent: {}
[1599.661702] (-) TimerEvent: {}
[1599.768587] (-) TimerEvent: {}
[1599.875019] (-) TimerEvent: {}
[1599.981636] (-) TimerEvent: {}
[1600.088894] (-) TimerEvent: {}
[1600.190205] (-) TimerEvent: {}
[1600.297804] (-) TimerEvent: {}
[1600.404514] (-) TimerEvent: {}
[1600.510906] (-) TimerEvent: {}
[1600.619485] (-) TimerEvent: {}
[1600.726235] (-) TimerEvent: {}
[1600.833235] (-) TimerEvent: {}
[1600.941732] (-) TimerEvent: {}
[1601.048543] (-) TimerEvent: {}
[1601.068419] (gazebo_plugins) StdoutLine: {'line': b'[ 89%] \x1b[32m\x1b[1mLinking CXX executable test_gazebo_ros_p3d\x1b[0m\n'}
[1601.148819] (-) TimerEvent: {}
[1601.252424] (-) TimerEvent: {}
[1601.353673] (-) TimerEvent: {}
[1601.454775] (-) TimerEvent: {}
[1601.555844] (-) TimerEvent: {}
[1601.657298] (-) TimerEvent: {}
[1601.759580] (-) TimerEvent: {}
[1601.861328] (-) TimerEvent: {}
[1601.962896] (-) TimerEvent: {}
[1602.064108] (-) TimerEvent: {}
[1602.165368] (-) TimerEvent: {}
[1602.266631] (-) TimerEvent: {}
[1602.367977] (-) TimerEvent: {}
[1602.469522] (-) TimerEvent: {}
[1602.572640] (-) TimerEvent: {}
[1602.674393] (-) TimerEvent: {}
[1602.775607] (-) TimerEvent: {}
[1602.876918] (-) TimerEvent: {}
[1602.978167] (-) TimerEvent: {}
[1603.080972] (-) TimerEvent: {}
[1603.182486] (-) TimerEvent: {}
[1603.283711] (-) TimerEvent: {}
[1603.385068] (-) TimerEvent: {}
[1603.486407] (-) TimerEvent: {}
[1603.587759] (-) TimerEvent: {}
[1603.689299] (-) TimerEvent: {}
[1603.790718] (-) TimerEvent: {}
[1603.891953] (-) TimerEvent: {}
[1603.993790] (-) TimerEvent: {}
[1604.094877] (-) TimerEvent: {}
[1604.095967] (gazebo_plugins) StdoutLine: {'line': b'[ 90%] \x1b[32m\x1b[1mLinking CXX executable test_gazebo_ros_joint_state_publisher\x1b[0m\n'}
[1604.195179] (-) TimerEvent: {}
[1604.296342] (-) TimerEvent: {}
[1604.397452] (-) TimerEvent: {}
[1604.498717] (-) TimerEvent: {}
[1604.600378] (-) TimerEvent: {}
[1604.701596] (-) TimerEvent: {}
[1604.802816] (-) TimerEvent: {}
[1604.903827] (-) TimerEvent: {}
[1605.004923] (-) TimerEvent: {}
[1605.106374] (-) TimerEvent: {}
[1605.207501] (-) TimerEvent: {}
[1605.308718] (-) TimerEvent: {}
[1605.409741] (-) TimerEvent: {}
[1605.510815] (-) TimerEvent: {}
[1605.611900] (-) TimerEvent: {}
[1605.713495] (-) TimerEvent: {}
[1605.814543] (-) TimerEvent: {}
[1605.915679] (-) TimerEvent: {}
[1606.016924] (-) TimerEvent: {}
[1606.118107] (-) TimerEvent: {}
[1606.219511] (-) TimerEvent: {}
[1606.320705] (-) TimerEvent: {}
[1606.421919] (-) TimerEvent: {}
[1606.523131] (-) TimerEvent: {}
[1606.624390] (-) TimerEvent: {}
[1606.725680] (-) TimerEvent: {}
[1606.826938] (-) TimerEvent: {}
[1606.928181] (-) TimerEvent: {}
[1607.029427] (-) TimerEvent: {}
[1607.130752] (-) TimerEvent: {}
[1607.231944] (-) TimerEvent: {}
[1607.333140] (-) TimerEvent: {}
[1607.434438] (-) TimerEvent: {}
[1607.535680] (-) TimerEvent: {}
[1607.636908] (-) TimerEvent: {}
[1607.738036] (-) TimerEvent: {}
[1607.839126] (-) TimerEvent: {}
[1607.940351] (-) TimerEvent: {}
[1608.041511] (-) TimerEvent: {}
[1608.074265] (gazebo_plugins) StdoutLine: {'line': b'[ 90%] Built target test_gazebo_ros_p3d\n'}
[1608.141723] (-) TimerEvent: {}
[1608.242749] (-) TimerEvent: {}
[1608.343944] (-) TimerEvent: {}
[1608.445140] (-) TimerEvent: {}
[1608.546220] (-) TimerEvent: {}
[1608.647291] (-) TimerEvent: {}
[1608.748432] (-) TimerEvent: {}
[1608.849800] (-) TimerEvent: {}
[1608.950952] (-) TimerEvent: {}
[1609.052532] (-) TimerEvent: {}
[1609.153507] (-) TimerEvent: {}
[1609.254664] (-) TimerEvent: {}
[1609.355909] (-) TimerEvent: {}
[1609.457497] (-) TimerEvent: {}
[1609.558601] (-) TimerEvent: {}
[1609.659914] (-) TimerEvent: {}
[1609.761563] (-) TimerEvent: {}
[1609.862784] (-) TimerEvent: {}
[1609.964043] (-) TimerEvent: {}
[1610.066584] (-) TimerEvent: {}
[1610.168101] (-) TimerEvent: {}
[1610.269292] (-) TimerEvent: {}
[1610.370428] (-) TimerEvent: {}
[1610.471525] (-) TimerEvent: {}
[1610.572736] (-) TimerEvent: {}
[1610.673845] (-) TimerEvent: {}
[1610.774912] (-) TimerEvent: {}
[1610.818900] (gazebo_plugins) StdoutLine: {'line': b'[ 90%] Built target test_gazebo_ros_joint_state_publisher\n'}
[1610.875273] (-) TimerEvent: {}
[1610.943599] (gazebo_plugins) StdoutLine: {'line': b'[ 91%] \x1b[32mBuilding CXX object test/CMakeFiles/test_gazebo_ros_wheelslip.dir/test_gazebo_ros_wheelslip.cpp.o\x1b[0m\n'}
[1610.975519] (-) TimerEvent: {}
[1611.076895] (-) TimerEvent: {}
[1611.177991] (-) TimerEvent: {}
[1611.279093] (-) TimerEvent: {}
[1611.380946] (-) TimerEvent: {}
[1611.482024] (-) TimerEvent: {}
[1611.583134] (-) TimerEvent: {}
[1611.684454] (-) TimerEvent: {}
[1611.785709] (-) TimerEvent: {}
[1611.886905] (-) TimerEvent: {}
[1611.989675] (-) TimerEvent: {}
[1612.090649] (-) TimerEvent: {}
[1612.191735] (-) TimerEvent: {}
[1612.292754] (-) TimerEvent: {}
[1612.393763] (-) TimerEvent: {}
[1612.494866] (-) TimerEvent: {}
[1612.595917] (-) TimerEvent: {}
[1612.696929] (-) TimerEvent: {}
[1612.797872] (-) TimerEvent: {}
[1612.898775] (-) TimerEvent: {}
[1612.999716] (-) TimerEvent: {}
[1613.100893] (-) TimerEvent: {}
[1613.201863] (-) TimerEvent: {}
[1613.304558] (-) TimerEvent: {}
[1613.405469] (-) TimerEvent: {}
[1613.506670] (-) TimerEvent: {}
[1613.607623] (-) TimerEvent: {}
[1613.708802] (-) TimerEvent: {}
[1613.809874] (-) TimerEvent: {}
[1613.910938] (-) TimerEvent: {}
[1614.011914] (-) TimerEvent: {}
[1614.112980] (-) TimerEvent: {}
[1614.213960] (-) TimerEvent: {}
[1614.315203] (-) TimerEvent: {}
[1614.416621] (-) TimerEvent: {}
[1614.517891] (-) TimerEvent: {}
[1614.618988] (-) TimerEvent: {}
[1614.720077] (-) TimerEvent: {}
[1614.821116] (-) TimerEvent: {}
[1614.922184] (-) TimerEvent: {}
[1615.023147] (-) TimerEvent: {}
[1615.124293] (-) TimerEvent: {}
[1615.225339] (-) TimerEvent: {}
[1615.326333] (-) TimerEvent: {}
[1615.427263] (-) TimerEvent: {}
[1615.528314] (-) TimerEvent: {}
[1615.629464] (-) TimerEvent: {}
[1615.730508] (-) TimerEvent: {}
[1615.831553] (-) TimerEvent: {}
[1615.932866] (-) TimerEvent: {}
[1616.033990] (-) TimerEvent: {}
[1616.135119] (-) TimerEvent: {}
[1616.236027] (-) TimerEvent: {}
[1616.337052] (-) TimerEvent: {}
[1616.438078] (-) TimerEvent: {}
[1616.540464] (-) TimerEvent: {}
[1616.642407] (-) TimerEvent: {}
[1616.743377] (-) TimerEvent: {}
[1616.844400] (-) TimerEvent: {}
[1616.945610] (-) TimerEvent: {}
[1616.949963] (gazebo_plugins) StdoutLine: {'line': b'[ 93%] \x1b[32m\x1b[1mLinking CXX executable test_gazebo_ros_planar_move\x1b[0m\n'}
[1617.045904] (-) TimerEvent: {}
[1617.146956] (-) TimerEvent: {}
[1617.247998] (-) TimerEvent: {}
[1617.348978] (-) TimerEvent: {}
[1617.450444] (-) TimerEvent: {}
[1617.552203] (-) TimerEvent: {}
[1617.653492] (-) TimerEvent: {}
[1617.755703] (-) TimerEvent: {}
[1617.857721] (-) TimerEvent: {}
[1617.960019] (-) TimerEvent: {}
[1618.061429] (-) TimerEvent: {}
[1618.162696] (-) TimerEvent: {}
[1618.263983] (-) TimerEvent: {}
[1618.366244] (-) TimerEvent: {}
[1618.469370] (-) TimerEvent: {}
[1618.570681] (-) TimerEvent: {}
[1618.671888] (-) TimerEvent: {}
[1618.773310] (-) TimerEvent: {}
[1618.874832] (-) TimerEvent: {}
[1618.975993] (-) TimerEvent: {}
[1619.077369] (-) TimerEvent: {}
[1619.178716] (-) TimerEvent: {}
[1619.279812] (-) TimerEvent: {}
[1619.381064] (-) TimerEvent: {}
[1619.482541] (-) TimerEvent: {}
[1619.583785] (-) TimerEvent: {}
[1619.685153] (-) TimerEvent: {}
[1619.786278] (-) TimerEvent: {}
[1619.888554] (-) TimerEvent: {}
[1619.990709] (-) TimerEvent: {}
[1620.092020] (-) TimerEvent: {}
[1620.193494] (-) TimerEvent: {}
[1620.294764] (-) TimerEvent: {}
[1620.396703] (-) TimerEvent: {}
[1620.500011] (-) TimerEvent: {}
[1620.603214] (-) TimerEvent: {}
[1620.704411] (-) TimerEvent: {}
[1620.805410] (-) TimerEvent: {}
[1620.907067] (-) TimerEvent: {}
[1621.009082] (-) TimerEvent: {}
[1621.111087] (-) TimerEvent: {}
[1621.212676] (-) TimerEvent: {}
[1621.314304] (-) TimerEvent: {}
[1621.416209] (-) TimerEvent: {}
[1621.518312] (-) TimerEvent: {}
[1621.619818] (-) TimerEvent: {}
[1621.721012] (-) TimerEvent: {}
[1621.822046] (-) TimerEvent: {}
[1621.923279] (-) TimerEvent: {}
[1622.024757] (-) TimerEvent: {}
[1622.126329] (-) TimerEvent: {}
[1622.227576] (-) TimerEvent: {}
[1622.329135] (-) TimerEvent: {}
[1622.430791] (-) TimerEvent: {}
[1622.532528] (-) TimerEvent: {}
[1622.635188] (-) TimerEvent: {}
[1622.737795] (-) TimerEvent: {}
[1622.838930] (-) TimerEvent: {}
[1622.940162] (-) TimerEvent: {}
[1623.041467] (-) TimerEvent: {}
[1623.142851] (-) TimerEvent: {}
[1623.243992] (-) TimerEvent: {}
[1623.345826] (-) TimerEvent: {}
[1623.447406] (-) TimerEvent: {}
[1623.548651] (-) TimerEvent: {}
[1623.630576] (gazebo_plugins) StdoutLine: {'line': b'[ 93%] Built target test_gazebo_ros_planar_move\n'}
[1623.648975] (-) TimerEvent: {}
[1623.750069] (-) TimerEvent: {}
[1623.764605] (gazebo_plugins) StdoutLine: {'line': b'[ 94%] \x1b[32mBuilding CXX object test/CMakeFiles/test_gazebo_ros_tricycle_drive.dir/test_gazebo_ros_tricycle_drive.cpp.o\x1b[0m\n'}
[1623.766734] (gazebo_plugins) StdoutLine: {'line': b'[ 95%] \x1b[32mBuilding CXX object test/CMakeFiles/test_gazebo_ros_vacuum_gripper.dir/test_gazebo_ros_vacuum_gripper.cpp.o\x1b[0m\n'}
[1623.850355] (-) TimerEvent: {}
[1623.951675] (-) TimerEvent: {}
[1624.053140] (-) TimerEvent: {}
[1624.154383] (-) TimerEvent: {}
[1624.255596] (-) TimerEvent: {}
[1624.356966] (-) TimerEvent: {}
[1624.458332] (-) TimerEvent: {}
[1624.559696] (-) TimerEvent: {}
[1624.660879] (-) TimerEvent: {}
[1624.762191] (-) TimerEvent: {}
[1624.863423] (-) TimerEvent: {}
[1624.964955] (-) TimerEvent: {}
[1625.070649] (-) TimerEvent: {}
[1625.173829] (-) TimerEvent: {}
[1625.275116] (-) TimerEvent: {}
[1625.376591] (-) TimerEvent: {}
[1625.477830] (-) TimerEvent: {}
[1625.579164] (-) TimerEvent: {}
[1625.680956] (-) TimerEvent: {}
[1625.782934] (-) TimerEvent: {}
[1625.884303] (-) TimerEvent: {}
[1625.985599] (-) TimerEvent: {}
[1626.086965] (-) TimerEvent: {}
[1626.188464] (-) TimerEvent: {}
[1626.290353] (-) TimerEvent: {}
[1626.394647] (-) TimerEvent: {}
[1626.495868] (-) TimerEvent: {}
[1626.597237] (-) TimerEvent: {}
[1626.698553] (-) TimerEvent: {}
[1626.799659] (-) TimerEvent: {}
[1626.901463] (-) TimerEvent: {}
[1627.002857] (-) TimerEvent: {}
[1627.104480] (-) TimerEvent: {}
[1627.205589] (-) TimerEvent: {}
[1627.306684] (-) TimerEvent: {}
[1627.407879] (-) TimerEvent: {}
[1627.509305] (-) TimerEvent: {}
[1627.610472] (-) TimerEvent: {}
[1627.711756] (-) TimerEvent: {}
[1627.813062] (-) TimerEvent: {}
[1627.914257] (-) TimerEvent: {}
[1628.015515] (-) TimerEvent: {}
[1628.116981] (-) TimerEvent: {}
[1628.220625] (-) TimerEvent: {}
[1628.321817] (-) TimerEvent: {}
[1628.423035] (-) TimerEvent: {}
[1628.524317] (-) TimerEvent: {}
[1628.625983] (-) TimerEvent: {}
[1628.727282] (-) TimerEvent: {}
[1628.828922] (-) TimerEvent: {}
[1628.930593] (-) TimerEvent: {}
[1629.031826] (-) TimerEvent: {}
[1629.133114] (-) TimerEvent: {}
[1629.234342] (-) TimerEvent: {}
[1629.338328] (-) TimerEvent: {}
[1629.442123] (-) TimerEvent: {}
[1629.546131] (-) TimerEvent: {}
[1629.649852] (-) TimerEvent: {}
[1629.755322] (-) TimerEvent: {}
[1629.859287] (-) TimerEvent: {}
[1629.963918] (-) TimerEvent: {}
[1630.067913] (-) TimerEvent: {}
[1630.173337] (-) TimerEvent: {}
[1630.279260] (-) TimerEvent: {}
[1630.383304] (-) TimerEvent: {}
[1630.489611] (-) TimerEvent: {}
[1630.595386] (-) TimerEvent: {}
[1630.701265] (-) TimerEvent: {}
[1630.807184] (-) TimerEvent: {}
[1630.913989] (-) TimerEvent: {}
[1631.018587] (-) TimerEvent: {}
[1631.120509] (-) TimerEvent: {}
[1631.223409] (-) TimerEvent: {}
[1631.324982] (-) TimerEvent: {}
[1631.425946] (-) TimerEvent: {}
[1631.531844] (-) TimerEvent: {}
[1631.639895] (-) TimerEvent: {}
[1631.747340] (-) TimerEvent: {}
[1631.855212] (-) TimerEvent: {}
[1631.961545] (-) TimerEvent: {}
[1632.067364] (-) TimerEvent: {}
[1632.171831] (-) TimerEvent: {}
[1632.273358] (-) TimerEvent: {}
[1632.374421] (-) TimerEvent: {}
[1632.475378] (-) TimerEvent: {}
[1632.578909] (-) TimerEvent: {}
[1632.682260] (-) TimerEvent: {}
[1632.786148] (-) TimerEvent: {}
[1632.887309] (-) TimerEvent: {}
[1632.988435] (-) TimerEvent: {}
[1633.089470] (-) TimerEvent: {}
[1633.190546] (-) TimerEvent: {}
[1633.292456] (-) TimerEvent: {}
[1633.393523] (-) TimerEvent: {}
[1633.494648] (-) TimerEvent: {}
[1633.595690] (-) TimerEvent: {}
[1633.696798] (-) TimerEvent: {}
[1633.797884] (-) TimerEvent: {}
[1633.899394] (-) TimerEvent: {}
[1634.000528] (-) TimerEvent: {}
[1634.102077] (-) TimerEvent: {}
[1634.203113] (-) TimerEvent: {}
[1634.304103] (-) TimerEvent: {}
[1634.405263] (-) TimerEvent: {}
[1634.506358] (-) TimerEvent: {}
[1634.607411] (-) TimerEvent: {}
[1634.708602] (-) TimerEvent: {}
[1634.809613] (-) TimerEvent: {}
[1634.910672] (-) TimerEvent: {}
[1635.011785] (-) TimerEvent: {}
[1635.112934] (-) TimerEvent: {}
[1635.214409] (-) TimerEvent: {}
[1635.315619] (-) TimerEvent: {}
[1635.416850] (-) TimerEvent: {}
[1635.518084] (-) TimerEvent: {}
[1635.619099] (-) TimerEvent: {}
[1635.720131] (-) TimerEvent: {}
[1635.821189] (-) TimerEvent: {}
[1635.922223] (-) TimerEvent: {}
[1636.023234] (-) TimerEvent: {}
[1636.124913] (-) TimerEvent: {}
[1636.225968] (-) TimerEvent: {}
[1636.327370] (-) TimerEvent: {}
[1636.430360] (-) TimerEvent: {}
[1636.531270] (-) TimerEvent: {}
[1636.632304] (-) TimerEvent: {}
[1636.733355] (-) TimerEvent: {}
[1636.834641] (-) TimerEvent: {}
[1636.935739] (-) TimerEvent: {}
[1637.037381] (-) TimerEvent: {}
[1637.138996] (-) TimerEvent: {}
[1637.240054] (-) TimerEvent: {}
[1637.341133] (-) TimerEvent: {}
[1637.442224] (-) TimerEvent: {}
[1637.543191] (-) TimerEvent: {}
[1637.644319] (-) TimerEvent: {}
[1637.745382] (-) TimerEvent: {}
[1637.847954] (-) TimerEvent: {}
[1637.949154] (-) TimerEvent: {}
[1638.050182] (-) TimerEvent: {}
[1638.151423] (-) TimerEvent: {}
[1638.252676] (-) TimerEvent: {}
[1638.353959] (-) TimerEvent: {}
[1638.455236] (-) TimerEvent: {}
[1638.556553] (-) TimerEvent: {}
[1638.657849] (-) TimerEvent: {}
[1638.764617] (-) TimerEvent: {}
[1638.877016] (-) TimerEvent: {}
[1638.978324] (-) TimerEvent: {}
[1639.080076] (-) TimerEvent: {}
[1639.181443] (-) TimerEvent: {}
[1639.282809] (-) TimerEvent: {}
[1639.384212] (-) TimerEvent: {}
[1639.485936] (-) TimerEvent: {}
[1639.587256] (-) TimerEvent: {}
[1639.688386] (-) TimerEvent: {}
[1639.789645] (-) TimerEvent: {}
[1639.890848] (-) TimerEvent: {}
[1639.991927] (-) TimerEvent: {}
[1640.093207] (-) TimerEvent: {}
[1640.194385] (-) TimerEvent: {}
[1640.295613] (-) TimerEvent: {}
[1640.396784] (-) TimerEvent: {}
[1640.497910] (-) TimerEvent: {}
[1640.599019] (-) TimerEvent: {}
[1640.700334] (-) TimerEvent: {}
[1640.801735] (-) TimerEvent: {}
[1640.902865] (-) TimerEvent: {}
[1641.004034] (-) TimerEvent: {}
[1641.105305] (-) TimerEvent: {}
[1641.206493] (-) TimerEvent: {}
[1641.307693] (-) TimerEvent: {}
[1641.409296] (-) TimerEvent: {}
[1641.510525] (-) TimerEvent: {}
[1641.611757] (-) TimerEvent: {}
[1641.712973] (-) TimerEvent: {}
[1641.814829] (-) TimerEvent: {}
[1641.916044] (-) TimerEvent: {}
[1642.017561] (-) TimerEvent: {}
[1642.118937] (-) TimerEvent: {}
[1642.220532] (-) TimerEvent: {}
[1642.321608] (-) TimerEvent: {}
[1642.422743] (-) TimerEvent: {}
[1642.523861] (-) TimerEvent: {}
[1642.625887] (-) TimerEvent: {}
[1642.731402] (-) TimerEvent: {}
[1642.837010] (-) TimerEvent: {}
[1642.949677] (-) TimerEvent: {}
[1643.055707] (-) TimerEvent: {}
[1643.161161] (-) TimerEvent: {}
[1643.266534] (-) TimerEvent: {}
[1643.372349] (-) TimerEvent: {}
[1643.478306] (-) TimerEvent: {}
[1643.583637] (-) TimerEvent: {}
[1643.689041] (-) TimerEvent: {}
[1643.794266] (-) TimerEvent: {}
[1643.899861] (-) TimerEvent: {}
[1644.005863] (-) TimerEvent: {}
[1644.113611] (-) TimerEvent: {}
[1644.219336] (-) TimerEvent: {}
[1644.326256] (-) TimerEvent: {}
[1644.435346] (-) TimerEvent: {}
[1644.536500] (-) TimerEvent: {}
[1644.637566] (-) TimerEvent: {}
[1644.738665] (-) TimerEvent: {}
[1644.839792] (-) TimerEvent: {}
[1644.941002] (-) TimerEvent: {}
[1645.042686] (-) TimerEvent: {}
[1645.144448] (-) TimerEvent: {}
[1645.247790] (-) TimerEvent: {}
[1645.351315] (-) TimerEvent: {}
[1645.454853] (-) TimerEvent: {}
[1645.560478] (-) TimerEvent: {}
[1645.663945] (-) TimerEvent: {}
[1645.767466] (-) TimerEvent: {}
[1645.870947] (-) TimerEvent: {}
[1645.974728] (-) TimerEvent: {}
[1646.078561] (-) TimerEvent: {}
[1646.182268] (-) TimerEvent: {}
[1646.286172] (-) TimerEvent: {}
[1646.389597] (-) TimerEvent: {}
[1646.493301] (-) TimerEvent: {}
[1646.596753] (-) TimerEvent: {}
[1646.702278] (-) TimerEvent: {}
[1646.806100] (-) TimerEvent: {}
[1646.909661] (-) TimerEvent: {}
[1647.018195] (-) TimerEvent: {}
[1647.123341] (-) TimerEvent: {}
[1647.227835] (-) TimerEvent: {}
[1647.342079] (-) TimerEvent: {}
[1647.443499] (-) TimerEvent: {}
[1647.544689] (-) TimerEvent: {}
[1647.646137] (-) TimerEvent: {}
[1647.747242] (-) TimerEvent: {}
[1647.849536] (-) TimerEvent: {}
[1647.950604] (-) TimerEvent: {}
[1648.051572] (-) TimerEvent: {}
[1648.152700] (-) TimerEvent: {}
[1648.253761] (-) TimerEvent: {}
[1648.354821] (-) TimerEvent: {}
[1648.455876] (-) TimerEvent: {}
[1648.557050] (-) TimerEvent: {}
[1648.658169] (-) TimerEvent: {}
[1648.763600] (-) TimerEvent: {}
[1648.868504] (-) TimerEvent: {}
[1648.972944] (-) TimerEvent: {}
[1649.077891] (-) TimerEvent: {}
[1649.178855] (-) TimerEvent: {}
[1649.284215] (-) TimerEvent: {}
[1649.385447] (-) TimerEvent: {}
[1649.491558] (-) TimerEvent: {}
[1649.592712] (-) TimerEvent: {}
[1649.693820] (-) TimerEvent: {}
[1649.794920] (-) TimerEvent: {}
[1649.895955] (-) TimerEvent: {}
[1649.997229] (-) TimerEvent: {}
[1650.098395] (-) TimerEvent: {}
[1650.199544] (-) TimerEvent: {}
[1650.303847] (-) TimerEvent: {}
[1650.405023] (-) TimerEvent: {}
[1650.506360] (-) TimerEvent: {}
[1650.612744] (-) TimerEvent: {}
[1650.718823] (-) TimerEvent: {}
[1650.824953] (-) TimerEvent: {}
[1650.926049] (-) TimerEvent: {}
[1651.031523] (-) TimerEvent: {}
[1651.137133] (-) TimerEvent: {}
[1651.242752] (-) TimerEvent: {}
[1651.348624] (-) TimerEvent: {}
[1651.454519] (-) TimerEvent: {}
[1651.560540] (-) TimerEvent: {}
[1651.667088] (-) TimerEvent: {}
[1651.772607] (-) TimerEvent: {}
[1651.878343] (-) TimerEvent: {}
[1651.983946] (-) TimerEvent: {}
[1652.089797] (-) TimerEvent: {}
[1652.194982] (-) TimerEvent: {}
[1652.260176] (gazebo_plugins) StdoutLine: {'line': b'[ 96%] \x1b[32m\x1b[1mLinking CXX executable test_gazebo_ros_ray_sensor\x1b[0m\n'}
[1652.295381] (-) TimerEvent: {}
[1652.396587] (-) TimerEvent: {}
[1652.497795] (-) TimerEvent: {}
[1652.598934] (-) TimerEvent: {}
[1652.700048] (-) TimerEvent: {}
[1652.801332] (-) TimerEvent: {}
[1652.902493] (-) TimerEvent: {}
[1653.003657] (-) TimerEvent: {}
[1653.104776] (-) TimerEvent: {}
[1653.205974] (-) TimerEvent: {}
[1653.307235] (-) TimerEvent: {}
[1653.408502] (-) TimerEvent: {}
[1653.509660] (-) TimerEvent: {}
[1653.610850] (-) TimerEvent: {}
[1653.712094] (-) TimerEvent: {}
[1653.813509] (-) TimerEvent: {}
[1653.914582] (-) TimerEvent: {}
[1654.015717] (-) TimerEvent: {}
[1654.116962] (-) TimerEvent: {}
[1654.219222] (-) TimerEvent: {}
[1654.320514] (-) TimerEvent: {}
[1654.421928] (-) TimerEvent: {}
[1654.524494] (-) TimerEvent: {}
[1654.625800] (-) TimerEvent: {}
[1654.727057] (-) TimerEvent: {}
[1654.828495] (-) TimerEvent: {}
[1654.929743] (-) TimerEvent: {}
[1655.030953] (-) TimerEvent: {}
[1655.132323] (-) TimerEvent: {}
[1655.233496] (-) TimerEvent: {}
[1655.334762] (-) TimerEvent: {}
[1655.435915] (-) TimerEvent: {}
[1655.537236] (-) TimerEvent: {}
[1655.639100] (-) TimerEvent: {}
[1655.740415] (-) TimerEvent: {}
[1655.841527] (-) TimerEvent: {}
[1655.942869] (-) TimerEvent: {}
[1656.044099] (-) TimerEvent: {}
[1656.145373] (-) TimerEvent: {}
[1656.246616] (-) TimerEvent: {}
[1656.347814] (-) TimerEvent: {}
[1656.449083] (-) TimerEvent: {}
[1656.550340] (-) TimerEvent: {}
[1656.651551] (-) TimerEvent: {}
[1656.753002] (-) TimerEvent: {}
[1656.854275] (-) TimerEvent: {}
[1656.955432] (-) TimerEvent: {}
[1657.056530] (-) TimerEvent: {}
[1657.157677] (-) TimerEvent: {}
[1657.258766] (-) TimerEvent: {}
[1657.359866] (-) TimerEvent: {}
[1657.461099] (-) TimerEvent: {}
[1657.562184] (-) TimerEvent: {}
[1657.663264] (-) TimerEvent: {}
[1657.764419] (-) TimerEvent: {}
[1657.865483] (-) TimerEvent: {}
[1657.966499] (-) TimerEvent: {}
[1658.067536] (-) TimerEvent: {}
[1658.168764] (-) TimerEvent: {}
[1658.269885] (-) TimerEvent: {}
[1658.370991] (-) TimerEvent: {}
[1658.472160] (-) TimerEvent: {}
[1658.573429] (-) TimerEvent: {}
[1658.674951] (-) TimerEvent: {}
[1658.776152] (-) TimerEvent: {}
[1658.877250] (-) TimerEvent: {}
[1658.978586] (-) TimerEvent: {}
[1659.079633] (-) TimerEvent: {}
[1659.180729] (-) TimerEvent: {}
[1659.281874] (-) TimerEvent: {}
[1659.383177] (-) TimerEvent: {}
[1659.484441] (-) TimerEvent: {}
[1659.585473] (-) TimerEvent: {}
[1659.686707] (-) TimerEvent: {}
[1659.788372] (-) TimerEvent: {}
[1659.889528] (-) TimerEvent: {}
[1659.990640] (-) TimerEvent: {}
[1660.092372] (-) TimerEvent: {}
[1660.193650] (-) TimerEvent: {}
[1660.294817] (-) TimerEvent: {}
[1660.395999] (-) TimerEvent: {}
[1660.497203] (-) TimerEvent: {}
[1660.598285] (-) TimerEvent: {}
[1660.699388] (-) TimerEvent: {}
[1660.800560] (-) TimerEvent: {}
[1660.901765] (-) TimerEvent: {}
[1661.002822] (-) TimerEvent: {}
[1661.103282] (gazebo_plugins) StdoutLine: {'line': b'[ 96%] Built target test_gazebo_ros_ray_sensor\n'}
[1661.104150] (-) TimerEvent: {}
[1661.205468] (-) TimerEvent: {}
[1661.306630] (-) TimerEvent: {}
[1661.407680] (-) TimerEvent: {}
[1661.508981] (-) TimerEvent: {}
[1661.610080] (-) TimerEvent: {}
[1661.711246] (-) TimerEvent: {}
[1661.813826] (-) TimerEvent: {}
[1661.914981] (-) TimerEvent: {}
[1662.018521] (-) TimerEvent: {}
[1662.119533] (-) TimerEvent: {}
[1662.220701] (-) TimerEvent: {}
[1662.321820] (-) TimerEvent: {}
[1662.423036] (-) TimerEvent: {}
[1662.523975] (-) TimerEvent: {}
[1662.625302] (-) TimerEvent: {}
[1662.726499] (-) TimerEvent: {}
[1662.827697] (-) TimerEvent: {}
[1662.928824] (-) TimerEvent: {}
[1663.029974] (-) TimerEvent: {}
[1663.131261] (-) TimerEvent: {}
[1663.232503] (-) TimerEvent: {}
[1663.333623] (-) TimerEvent: {}
[1663.435093] (-) TimerEvent: {}
[1663.536163] (-) TimerEvent: {}
[1663.637353] (-) TimerEvent: {}
[1663.738515] (-) TimerEvent: {}
[1663.840103] (-) TimerEvent: {}
[1663.941252] (-) TimerEvent: {}
[1664.042301] (-) TimerEvent: {}
[1664.143518] (-) TimerEvent: {}
[1664.244749] (-) TimerEvent: {}
[1664.345864] (-) TimerEvent: {}
[1664.447392] (-) TimerEvent: {}
[1664.548594] (-) TimerEvent: {}
[1664.649814] (-) TimerEvent: {}
[1664.750981] (-) TimerEvent: {}
[1664.852717] (-) TimerEvent: {}
[1664.953816] (-) TimerEvent: {}
[1665.054821] (-) TimerEvent: {}
[1665.156121] (-) TimerEvent: {}
[1665.257470] (-) TimerEvent: {}
[1665.358737] (-) TimerEvent: {}
[1665.459829] (-) TimerEvent: {}
[1665.561035] (-) TimerEvent: {}
[1665.662180] (-) TimerEvent: {}
[1665.763484] (-) TimerEvent: {}
[1665.864652] (-) TimerEvent: {}
[1665.965795] (-) TimerEvent: {}
[1666.066893] (-) TimerEvent: {}
[1666.167933] (-) TimerEvent: {}
[1666.269375] (-) TimerEvent: {}
[1666.370655] (-) TimerEvent: {}
[1666.472530] (-) TimerEvent: {}
[1666.574554] (-) TimerEvent: {}
[1666.675878] (-) TimerEvent: {}
[1666.778075] (-) TimerEvent: {}
[1666.879582] (-) TimerEvent: {}
[1666.980853] (-) TimerEvent: {}
[1667.081862] (-) TimerEvent: {}
[1667.182878] (-) TimerEvent: {}
[1667.283908] (-) TimerEvent: {}
[1667.385297] (-) TimerEvent: {}
[1667.486674] (-) TimerEvent: {}
[1667.587920] (-) TimerEvent: {}
[1667.689656] (-) TimerEvent: {}
[1667.791002] (-) TimerEvent: {}
[1667.892100] (-) TimerEvent: {}
[1667.993479] (-) TimerEvent: {}
[1668.094635] (-) TimerEvent: {}
[1668.195788] (-) TimerEvent: {}
[1668.297039] (-) TimerEvent: {}
[1668.398116] (-) TimerEvent: {}
[1668.499290] (-) TimerEvent: {}
[1668.600600] (-) TimerEvent: {}
[1668.701723] (-) TimerEvent: {}
[1668.803168] (-) TimerEvent: {}
[1668.904335] (-) TimerEvent: {}
[1669.005407] (-) TimerEvent: {}
[1669.106589] (-) TimerEvent: {}
[1669.207623] (-) TimerEvent: {}
[1669.309092] (-) TimerEvent: {}
[1669.410312] (-) TimerEvent: {}
[1669.511555] (-) TimerEvent: {}
[1669.613343] (-) TimerEvent: {}
[1669.714519] (-) TimerEvent: {}
[1669.815765] (-) TimerEvent: {}
[1669.917072] (-) TimerEvent: {}
[1670.018098] (-) TimerEvent: {}
[1670.119156] (-) TimerEvent: {}
[1670.220406] (-) TimerEvent: {}
[1670.321935] (-) TimerEvent: {}
[1670.422920] (-) TimerEvent: {}
[1670.524067] (-) TimerEvent: {}
[1670.625208] (-) TimerEvent: {}
[1670.726191] (-) TimerEvent: {}
[1670.827294] (-) TimerEvent: {}
[1670.929023] (-) TimerEvent: {}
[1671.030145] (-) TimerEvent: {}
[1671.131197] (-) TimerEvent: {}
[1671.232404] (-) TimerEvent: {}
[1671.333395] (-) TimerEvent: {}
[1671.434464] (-) TimerEvent: {}
[1671.535586] (-) TimerEvent: {}
[1671.637342] (-) TimerEvent: {}
[1671.738900] (-) TimerEvent: {}
[1671.839936] (-) TimerEvent: {}
[1671.941164] (-) TimerEvent: {}
[1672.042751] (-) TimerEvent: {}
[1672.143838] (-) TimerEvent: {}
[1672.245147] (-) TimerEvent: {}
[1672.346176] (-) TimerEvent: {}
[1672.447534] (-) TimerEvent: {}
[1672.548652] (-) TimerEvent: {}
[1672.649679] (-) TimerEvent: {}
[1672.751079] (-) TimerEvent: {}
[1672.853098] (-) TimerEvent: {}
[1672.955303] (-) TimerEvent: {}
[1673.058200] (-) TimerEvent: {}
[1673.162827] (-) TimerEvent: {}
[1673.263980] (-) TimerEvent: {}
[1673.365132] (-) TimerEvent: {}
[1673.466383] (-) TimerEvent: {}
[1673.567493] (-) TimerEvent: {}
[1673.669714] (-) TimerEvent: {}
[1673.771227] (-) TimerEvent: {}
[1673.873283] (-) TimerEvent: {}
[1673.974505] (-) TimerEvent: {}
[1674.075647] (-) TimerEvent: {}
[1674.176962] (-) TimerEvent: {}
[1674.278199] (-) TimerEvent: {}
[1674.379337] (-) TimerEvent: {}
[1674.480640] (-) TimerEvent: {}
[1674.581745] (-) TimerEvent: {}
[1674.682859] (-) TimerEvent: {}
[1674.783890] (-) TimerEvent: {}
[1674.885452] (-) TimerEvent: {}
[1674.986501] (-) TimerEvent: {}
[1675.087610] (-) TimerEvent: {}
[1675.188766] (-) TimerEvent: {}
[1675.289909] (-) TimerEvent: {}
[1675.391034] (-) TimerEvent: {}
[1675.491977] (-) TimerEvent: {}
[1675.593043] (-) TimerEvent: {}
[1675.694144] (-) TimerEvent: {}
[1675.795325] (-) TimerEvent: {}
[1675.896436] (-) TimerEvent: {}
[1675.997572] (-) TimerEvent: {}
[1676.098516] (-) TimerEvent: {}
[1676.199596] (-) TimerEvent: {}
[1676.301200] (-) TimerEvent: {}
[1676.402545] (-) TimerEvent: {}
[1676.503497] (-) TimerEvent: {}
[1676.604698] (-) TimerEvent: {}
[1676.705664] (-) TimerEvent: {}
[1676.806723] (-) TimerEvent: {}
[1676.907637] (-) TimerEvent: {}
[1677.008661] (-) TimerEvent: {}
[1677.109735] (-) TimerEvent: {}
[1677.210951] (-) TimerEvent: {}
[1677.312610] (-) TimerEvent: {}
[1677.413805] (-) TimerEvent: {}
[1677.514859] (-) TimerEvent: {}
[1677.615974] (-) TimerEvent: {}
[1677.717328] (-) TimerEvent: {}
[1677.818493] (-) TimerEvent: {}
[1677.920628] (-) TimerEvent: {}
[1678.021647] (-) TimerEvent: {}
[1678.123276] (-) TimerEvent: {}
[1678.224678] (-) TimerEvent: {}
[1678.326239] (-) TimerEvent: {}
[1678.429460] (-) TimerEvent: {}
[1678.530448] (-) TimerEvent: {}
[1678.631503] (-) TimerEvent: {}
[1678.732875] (-) TimerEvent: {}
[1678.834128] (-) TimerEvent: {}
[1678.936523] (-) TimerEvent: {}
[1679.037630] (-) TimerEvent: {}
[1679.140839] (-) TimerEvent: {}
[1679.241871] (-) TimerEvent: {}
[1679.342980] (-) TimerEvent: {}
[1679.444081] (-) TimerEvent: {}
[1679.545897] (-) TimerEvent: {}
[1679.648040] (-) TimerEvent: {}
[1679.749901] (-) TimerEvent: {}
[1679.851058] (-) TimerEvent: {}
[1679.952090] (-) TimerEvent: {}
[1680.053406] (-) TimerEvent: {}
[1680.154494] (-) TimerEvent: {}
[1680.255635] (-) TimerEvent: {}
[1680.356720] (-) TimerEvent: {}
[1680.458122] (-) TimerEvent: {}
[1680.559274] (-) TimerEvent: {}
[1680.660408] (-) TimerEvent: {}
[1680.761365] (-) TimerEvent: {}
[1680.862271] (-) TimerEvent: {}
[1680.963238] (-) TimerEvent: {}
[1681.064342] (-) TimerEvent: {}
[1681.165443] (-) TimerEvent: {}
[1681.266344] (-) TimerEvent: {}
[1681.367362] (-) TimerEvent: {}
[1681.468435] (-) TimerEvent: {}
[1681.570583] (-) TimerEvent: {}
[1681.671658] (-) TimerEvent: {}
[1681.773145] (-) TimerEvent: {}
[1681.874238] (-) TimerEvent: {}
[1681.975429] (-) TimerEvent: {}
[1682.076749] (-) TimerEvent: {}
[1682.177901] (-) TimerEvent: {}
[1682.278944] (-) TimerEvent: {}
[1682.380038] (-) TimerEvent: {}
[1682.481195] (-) TimerEvent: {}
[1682.582205] (-) TimerEvent: {}
[1682.684637] (-) TimerEvent: {}
[1682.785635] (-) TimerEvent: {}
[1682.887545] (-) TimerEvent: {}
[1682.988945] (-) TimerEvent: {}
[1683.090134] (-) TimerEvent: {}
[1683.191236] (-) TimerEvent: {}
[1683.292179] (-) TimerEvent: {}
[1683.393316] (-) TimerEvent: {}
[1683.494317] (-) TimerEvent: {}
[1683.595703] (-) TimerEvent: {}
[1683.696875] (-) TimerEvent: {}
[1683.797947] (-) TimerEvent: {}
[1683.898949] (-) TimerEvent: {}
[1683.999964] (-) TimerEvent: {}
[1684.101069] (-) TimerEvent: {}
[1684.201968] (-) TimerEvent: {}
[1684.303036] (-) TimerEvent: {}
[1684.404066] (-) TimerEvent: {}
[1684.505105] (-) TimerEvent: {}
[1684.606073] (-) TimerEvent: {}
[1684.707289] (-) TimerEvent: {}
[1684.808808] (-) TimerEvent: {}
[1684.909865] (-) TimerEvent: {}
[1685.010949] (-) TimerEvent: {}
[1685.111995] (-) TimerEvent: {}
[1685.213077] (-) TimerEvent: {}
[1685.314307] (-) TimerEvent: {}
[1685.415580] (-) TimerEvent: {}
[1685.516756] (-) TimerEvent: {}
[1685.617811] (-) TimerEvent: {}
[1685.719284] (-) TimerEvent: {}
[1685.820599] (-) TimerEvent: {}
[1685.921588] (-) TimerEvent: {}
[1686.022598] (-) TimerEvent: {}
[1686.123621] (-) TimerEvent: {}
[1686.224779] (-) TimerEvent: {}
[1686.325837] (-) TimerEvent: {}
[1686.427863] (-) TimerEvent: {}
[1686.529086] (-) TimerEvent: {}
[1686.630329] (-) TimerEvent: {}
[1686.731570] (-) TimerEvent: {}
[1686.832863] (-) TimerEvent: {}
[1686.933951] (-) TimerEvent: {}
[1687.035089] (-) TimerEvent: {}
[1687.138231] (-) TimerEvent: {}
[1687.239318] (-) TimerEvent: {}
[1687.340858] (-) TimerEvent: {}
[1687.442170] (-) TimerEvent: {}
[1687.543110] (-) TimerEvent: {}
[1687.644047] (-) TimerEvent: {}
[1687.745400] (-) TimerEvent: {}
[1687.846700] (-) TimerEvent: {}
[1687.947866] (-) TimerEvent: {}
[1688.050991] (-) TimerEvent: {}
[1688.152382] (-) TimerEvent: {}
[1688.253494] (-) TimerEvent: {}
[1688.355486] (-) TimerEvent: {}
[1688.458876] (-) TimerEvent: {}
[1688.560050] (-) TimerEvent: {}
[1688.661116] (-) TimerEvent: {}
[1688.763018] (-) TimerEvent: {}
[1688.864034] (-) TimerEvent: {}
[1688.965294] (-) TimerEvent: {}
[1689.066390] (-) TimerEvent: {}
[1689.167575] (-) TimerEvent: {}
[1689.268708] (-) TimerEvent: {}
[1689.369845] (-) TimerEvent: {}
[1689.471033] (-) TimerEvent: {}
[1689.572021] (-) TimerEvent: {}
[1689.673620] (-) TimerEvent: {}
[1689.774946] (-) TimerEvent: {}
[1689.876182] (-) TimerEvent: {}
[1689.977366] (-) TimerEvent: {}
[1690.078506] (-) TimerEvent: {}
[1690.179545] (-) TimerEvent: {}
[1690.280728] (-) TimerEvent: {}
[1690.381886] (-) TimerEvent: {}
[1690.483188] (-) TimerEvent: {}
[1690.584404] (-) TimerEvent: {}
[1690.685480] (-) TimerEvent: {}
[1690.786585] (-) TimerEvent: {}
[1690.887715] (-) TimerEvent: {}
[1690.989119] (-) TimerEvent: {}
[1691.090265] (-) TimerEvent: {}
[1691.192530] (-) TimerEvent: {}
[1691.294058] (-) TimerEvent: {}
[1691.395296] (-) TimerEvent: {}
[1691.498727] (-) TimerEvent: {}
[1691.599767] (-) TimerEvent: {}
[1691.700981] (-) TimerEvent: {}
[1691.802305] (-) TimerEvent: {}
[1691.903294] (-) TimerEvent: {}
[1692.004498] (-) TimerEvent: {}
[1692.105524] (-) TimerEvent: {}
[1692.206532] (-) TimerEvent: {}
[1692.307620] (-) TimerEvent: {}
[1692.408892] (-) TimerEvent: {}
[1692.509955] (-) TimerEvent: {}
[1692.612715] (-) TimerEvent: {}
[1692.714237] (-) TimerEvent: {}
[1692.815372] (-) TimerEvent: {}
[1692.916454] (-) TimerEvent: {}
[1693.017473] (-) TimerEvent: {}
[1693.118863] (-) TimerEvent: {}
[1693.219925] (-) TimerEvent: {}
[1693.321103] (-) TimerEvent: {}
[1693.422117] (-) TimerEvent: {}
[1693.523337] (-) TimerEvent: {}
[1693.624428] (-) TimerEvent: {}
[1693.725443] (-) TimerEvent: {}
[1693.826866] (-) TimerEvent: {}
[1693.927977] (-) TimerEvent: {}
[1694.029135] (-) TimerEvent: {}
[1694.130585] (-) TimerEvent: {}
[1694.231586] (-) TimerEvent: {}
[1694.332670] (-) TimerEvent: {}
[1694.433797] (-) TimerEvent: {}
[1694.534933] (-) TimerEvent: {}
[1694.636028] (-) TimerEvent: {}
[1694.738442] (-) TimerEvent: {}
[1694.839574] (-) TimerEvent: {}
[1694.940743] (-) TimerEvent: {}
[1695.042028] (-) TimerEvent: {}
[1695.143153] (-) TimerEvent: {}
[1695.244414] (-) TimerEvent: {}
[1695.345547] (-) TimerEvent: {}
[1695.446720] (-) TimerEvent: {}
[1695.547978] (-) TimerEvent: {}
[1695.649114] (-) TimerEvent: {}
[1695.750299] (-) TimerEvent: {}
[1695.851293] (-) TimerEvent: {}
[1695.952613] (-) TimerEvent: {}
[1696.053682] (-) TimerEvent: {}
[1696.154806] (-) TimerEvent: {}
[1696.255934] (-) TimerEvent: {}
[1696.357376] (-) TimerEvent: {}
[1696.458729] (-) TimerEvent: {}
[1696.559948] (-) TimerEvent: {}
[1696.661326] (-) TimerEvent: {}
[1696.763975] (-) TimerEvent: {}
[1696.866196] (-) TimerEvent: {}
[1696.968477] (-) TimerEvent: {}
[1697.070337] (-) TimerEvent: {}
[1697.172390] (-) TimerEvent: {}
[1697.274562] (-) TimerEvent: {}
[1697.375954] (-) TimerEvent: {}
[1697.477405] (-) TimerEvent: {}
[1697.579057] (-) TimerEvent: {}
[1697.680496] (-) TimerEvent: {}
[1697.781995] (-) TimerEvent: {}
[1697.884084] (-) TimerEvent: {}
[1697.986277] (-) TimerEvent: {}
[1698.088490] (-) TimerEvent: {}
[1698.190003] (-) TimerEvent: {}
[1698.292700] (-) TimerEvent: {}
[1698.393761] (-) TimerEvent: {}
[1698.494977] (-) TimerEvent: {}
[1698.596098] (-) TimerEvent: {}
[1698.697249] (-) TimerEvent: {}
[1698.798433] (-) TimerEvent: {}
[1698.899819] (-) TimerEvent: {}
[1699.001190] (-) TimerEvent: {}
[1699.102453] (-) TimerEvent: {}
[1699.203570] (-) TimerEvent: {}
[1699.304726] (-) TimerEvent: {}
[1699.405717] (-) TimerEvent: {}
[1699.506638] (-) TimerEvent: {}
[1699.607677] (-) TimerEvent: {}
[1699.708833] (-) TimerEvent: {}
[1699.809902] (-) TimerEvent: {}
[1699.910905] (-) TimerEvent: {}
[1700.012175] (-) TimerEvent: {}
[1700.113391] (-) TimerEvent: {}
[1700.214950] (-) TimerEvent: {}
[1700.315939] (-) TimerEvent: {}
[1700.417306] (-) TimerEvent: {}
[1700.518522] (-) TimerEvent: {}
[1700.619786] (-) TimerEvent: {}
[1700.720922] (-) TimerEvent: {}
[1700.822087] (-) TimerEvent: {}
[1700.923185] (-) TimerEvent: {}
[1701.024487] (-) TimerEvent: {}
[1701.125751] (-) TimerEvent: {}
[1701.226848] (-) TimerEvent: {}
[1701.327925] (-) TimerEvent: {}
[1701.429132] (-) TimerEvent: {}
[1701.530225] (-) TimerEvent: {}
[1701.631385] (-) TimerEvent: {}
[1701.733369] (-) TimerEvent: {}
[1701.834436] (-) TimerEvent: {}
[1701.936026] (-) TimerEvent: {}
[1702.037151] (-) TimerEvent: {}
[1702.138201] (-) TimerEvent: {}
[1702.239211] (-) TimerEvent: {}
[1702.340500] (-) TimerEvent: {}
[1702.441745] (-) TimerEvent: {}
[1702.542829] (-) TimerEvent: {}
[1702.643833] (-) TimerEvent: {}
[1702.745042] (-) TimerEvent: {}
[1702.846643] (-) TimerEvent: {}
[1702.948130] (-) TimerEvent: {}
[1703.049341] (-) TimerEvent: {}
[1703.150583] (-) TimerEvent: {}
[1703.252451] (-) TimerEvent: {}
[1703.353454] (-) TimerEvent: {}
[1703.454424] (-) TimerEvent: {}
[1703.555556] (-) TimerEvent: {}
[1703.656631] (-) TimerEvent: {}
[1703.757691] (-) TimerEvent: {}
[1703.858673] (-) TimerEvent: {}
[1703.959682] (-) TimerEvent: {}
[1704.060885] (-) TimerEvent: {}
[1704.161930] (-) TimerEvent: {}
[1704.263094] (-) TimerEvent: {}
[1704.364167] (-) TimerEvent: {}
[1704.465247] (-) TimerEvent: {}
[1704.566330] (-) TimerEvent: {}
[1704.667333] (-) TimerEvent: {}
[1704.768517] (-) TimerEvent: {}
[1704.869969] (-) TimerEvent: {}
[1704.971172] (-) TimerEvent: {}
[1705.072446] (-) TimerEvent: {}
[1705.173509] (-) TimerEvent: {}
[1705.275080] (-) TimerEvent: {}
[1705.376184] (-) TimerEvent: {}
[1705.477343] (-) TimerEvent: {}
[1705.578575] (-) TimerEvent: {}
[1705.679656] (-) TimerEvent: {}
[1705.780888] (-) TimerEvent: {}
[1705.881972] (-) TimerEvent: {}
[1705.983181] (-) TimerEvent: {}
[1706.084341] (-) TimerEvent: {}
[1706.185337] (-) TimerEvent: {}
[1706.286632] (-) TimerEvent: {}
[1706.387938] (-) TimerEvent: {}
[1706.489142] (-) TimerEvent: {}
[1706.590091] (-) TimerEvent: {}
[1706.691150] (-) TimerEvent: {}
[1706.792194] (-) TimerEvent: {}
[1706.893371] (-) TimerEvent: {}
[1706.994411] (-) TimerEvent: {}
[1707.095492] (-) TimerEvent: {}
[1707.196539] (-) TimerEvent: {}
[1707.297652] (-) TimerEvent: {}
[1707.398746] (-) TimerEvent: {}
[1707.499840] (-) TimerEvent: {}
[1707.601094] (-) TimerEvent: {}
[1707.702507] (-) TimerEvent: {}
[1707.803605] (-) TimerEvent: {}
[1707.905428] (-) TimerEvent: {}
[1708.006602] (-) TimerEvent: {}
[1708.107763] (-) TimerEvent: {}
[1708.211118] (-) TimerEvent: {}
[1708.312329] (-) TimerEvent: {}
[1708.415096] (-) TimerEvent: {}
[1708.516460] (-) TimerEvent: {}
[1708.617559] (-) TimerEvent: {}
[1708.719010] (-) TimerEvent: {}
[1708.820076] (-) TimerEvent: {}
[1708.921930] (-) TimerEvent: {}
[1709.023029] (-) TimerEvent: {}
[1709.124197] (-) TimerEvent: {}
[1709.225454] (-) TimerEvent: {}
[1709.326731] (-) TimerEvent: {}
[1709.428567] (-) TimerEvent: {}
[1709.529619] (-) TimerEvent: {}
[1709.630699] (-) TimerEvent: {}
[1709.731691] (-) TimerEvent: {}
[1709.832929] (-) TimerEvent: {}
[1709.934178] (-) TimerEvent: {}
[1710.035312] (-) TimerEvent: {}
[1710.137000] (-) TimerEvent: {}
[1710.238052] (-) TimerEvent: {}
[1710.339086] (-) TimerEvent: {}
[1710.440216] (-) TimerEvent: {}
[1710.541530] (-) TimerEvent: {}
[1710.642634] (-) TimerEvent: {}
[1710.743753] (-) TimerEvent: {}
[1710.844893] (-) TimerEvent: {}
[1710.946601] (-) TimerEvent: {}
[1711.047702] (-) TimerEvent: {}
[1711.148986] (-) TimerEvent: {}
[1711.250187] (-) TimerEvent: {}
[1711.351281] (-) TimerEvent: {}
[1711.452552] (-) TimerEvent: {}
[1711.553596] (-) TimerEvent: {}
[1711.654797] (-) TimerEvent: {}
[1711.756017] (-) TimerEvent: {}
[1711.857408] (-) TimerEvent: {}
[1711.958382] (-) TimerEvent: {}
[1712.059495] (-) TimerEvent: {}
[1712.160796] (-) TimerEvent: {}
[1712.261880] (-) TimerEvent: {}
[1712.362912] (-) TimerEvent: {}
[1712.463899] (-) TimerEvent: {}
[1712.565171] (-) TimerEvent: {}
[1712.666281] (-) TimerEvent: {}
[1712.767426] (-) TimerEvent: {}
[1712.869057] (-) TimerEvent: {}
[1712.970243] (-) TimerEvent: {}
[1713.071420] (-) TimerEvent: {}
[1713.172727] (-) TimerEvent: {}
[1713.274047] (-) TimerEvent: {}
[1713.375123] (-) TimerEvent: {}
[1713.476159] (-) TimerEvent: {}
[1713.577358] (-) TimerEvent: {}
[1713.678355] (-) TimerEvent: {}
[1713.779439] (-) TimerEvent: {}
[1713.880783] (-) TimerEvent: {}
[1713.981905] (-) TimerEvent: {}
[1714.083057] (-) TimerEvent: {}
[1714.184578] (-) TimerEvent: {}
[1714.285962] (-) TimerEvent: {}
[1714.387330] (-) TimerEvent: {}
[1714.488740] (-) TimerEvent: {}
[1714.590137] (-) TimerEvent: {}
[1714.692185] (-) TimerEvent: {}
[1714.793659] (-) TimerEvent: {}
[1714.895630] (-) TimerEvent: {}
[1714.997534] (-) TimerEvent: {}
[1715.098541] (-) TimerEvent: {}
[1715.199822] (-) TimerEvent: {}
[1715.301336] (-) TimerEvent: {}
[1715.403327] (-) TimerEvent: {}
[1715.504847] (-) TimerEvent: {}
[1715.606675] (-) TimerEvent: {}
[1715.707859] (-) TimerEvent: {}
[1715.809075] (-) TimerEvent: {}
[1715.910120] (-) TimerEvent: {}
[1716.011312] (-) TimerEvent: {}
[1716.112573] (-) TimerEvent: {}
[1716.214229] (-) TimerEvent: {}
[1716.315564] (-) TimerEvent: {}
[1716.416854] (-) TimerEvent: {}
[1716.518057] (-) TimerEvent: {}
[1716.619350] (-) TimerEvent: {}
[1716.721075] (-) TimerEvent: {}
[1716.822128] (-) TimerEvent: {}
[1716.923237] (-) TimerEvent: {}
[1717.024467] (-) TimerEvent: {}
[1717.125530] (-) TimerEvent: {}
[1717.226785] (-) TimerEvent: {}
[1717.327868] (-) TimerEvent: {}
[1717.429379] (-) TimerEvent: {}
[1717.530384] (-) TimerEvent: {}
[1717.631421] (-) TimerEvent: {}
[1717.732537] (-) TimerEvent: {}
[1717.833660] (-) TimerEvent: {}
[1717.934657] (-) TimerEvent: {}
[1718.035671] (-) TimerEvent: {}
[1718.136793] (-) TimerEvent: {}
[1718.237854] (-) TimerEvent: {}
[1718.339047] (-) TimerEvent: {}
[1718.440106] (-) TimerEvent: {}
[1718.541165] (-) TimerEvent: {}
[1718.642274] (-) TimerEvent: {}
[1718.744555] (-) TimerEvent: {}
[1718.845679] (-) TimerEvent: {}
[1718.946817] (-) TimerEvent: {}
[1719.047893] (-) TimerEvent: {}
[1719.149091] (-) TimerEvent: {}
[1719.250184] (-) TimerEvent: {}
[1719.351332] (-) TimerEvent: {}
[1719.452565] (-) TimerEvent: {}
[1719.553622] (-) TimerEvent: {}
[1719.654710] (-) TimerEvent: {}
[1719.755781] (-) TimerEvent: {}
[1719.856910] (-) TimerEvent: {}
[1719.957951] (-) TimerEvent: {}
[1720.060644] (-) TimerEvent: {}
[1720.161802] (-) TimerEvent: {}
[1720.263180] (-) TimerEvent: {}
[1720.364408] (-) TimerEvent: {}
[1720.465642] (-) TimerEvent: {}
[1720.567887] (-) TimerEvent: {}
[1720.669224] (-) TimerEvent: {}
[1720.770484] (-) TimerEvent: {}
[1720.871730] (-) TimerEvent: {}
[1720.975356] (-) TimerEvent: {}
[1721.076674] (-) TimerEvent: {}
[1721.180215] (-) TimerEvent: {}
[1721.281504] (-) TimerEvent: {}
[1721.382605] (-) TimerEvent: {}
[1721.483772] (-) TimerEvent: {}
[1721.585051] (-) TimerEvent: {}
[1721.688155] (-) TimerEvent: {}
[1721.789394] (-) TimerEvent: {}
[1721.890505] (-) TimerEvent: {}
[1721.991867] (-) TimerEvent: {}
[1722.093212] (-) TimerEvent: {}
[1722.194289] (-) TimerEvent: {}
[1722.295398] (-) TimerEvent: {}
[1722.396787] (-) TimerEvent: {}
[1722.498016] (-) TimerEvent: {}
[1722.599317] (-) TimerEvent: {}
[1722.700596] (-) TimerEvent: {}
[1722.801722] (-) TimerEvent: {}
[1722.903057] (-) TimerEvent: {}
[1723.004110] (-) TimerEvent: {}
[1723.105320] (-) TimerEvent: {}
[1723.206427] (-) TimerEvent: {}
[1723.307499] (-) TimerEvent: {}
[1723.408733] (-) TimerEvent: {}
[1723.509933] (-) TimerEvent: {}
[1723.611035] (-) TimerEvent: {}
[1723.712673] (-) TimerEvent: {}
[1723.814874] (-) TimerEvent: {}
[1723.917627] (-) TimerEvent: {}
[1724.018790] (-) TimerEvent: {}
[1724.120587] (-) TimerEvent: {}
[1724.221684] (-) TimerEvent: {}
[1724.322775] (-) TimerEvent: {}
[1724.423834] (-) TimerEvent: {}
[1724.525113] (-) TimerEvent: {}
[1724.626231] (-) TimerEvent: {}
[1724.728751] (-) TimerEvent: {}
[1724.830090] (-) TimerEvent: {}
[1724.931216] (-) TimerEvent: {}
[1725.032432] (-) TimerEvent: {}
[1725.133527] (-) TimerEvent: {}
[1725.234613] (-) TimerEvent: {}
[1725.335683] (-) TimerEvent: {}
[1725.437286] (-) TimerEvent: {}
[1725.538642] (-) TimerEvent: {}
[1725.639708] (-) TimerEvent: {}
[1725.743281] (-) TimerEvent: {}
[1725.844547] (-) TimerEvent: {}
[1725.945831] (-) TimerEvent: {}
[1726.048151] (-) TimerEvent: {}
[1726.149329] (-) TimerEvent: {}
[1726.250595] (-) TimerEvent: {}
[1726.351832] (-) TimerEvent: {}
[1726.453417] (-) TimerEvent: {}
[1726.555143] (-) TimerEvent: {}
[1726.656494] (-) TimerEvent: {}
[1726.757593] (-) TimerEvent: {}
[1726.859036] (-) TimerEvent: {}
[1726.960144] (-) TimerEvent: {}
[1727.061294] (-) TimerEvent: {}
[1727.162385] (-) TimerEvent: {}
[1727.263473] (-) TimerEvent: {}
[1727.364776] (-) TimerEvent: {}
[1727.465971] (-) TimerEvent: {}
[1727.567158] (-) TimerEvent: {}
[1727.668402] (-) TimerEvent: {}
[1727.769966] (-) TimerEvent: {}
[1727.871065] (-) TimerEvent: {}
[1727.972161] (-) TimerEvent: {}
[1728.073290] (-) TimerEvent: {}
[1728.174446] (-) TimerEvent: {}
[1728.275528] (-) TimerEvent: {}
[1728.377182] (-) TimerEvent: {}
[1728.478692] (-) TimerEvent: {}
[1728.580015] (-) TimerEvent: {}
[1728.681719] (-) TimerEvent: {}
[1728.783280] (-) TimerEvent: {}
[1728.885749] (-) TimerEvent: {}
[1728.987657] (-) TimerEvent: {}
[1729.089531] (-) TimerEvent: {}
[1729.193203] (-) TimerEvent: {}
[1729.294495] (-) TimerEvent: {}
[1729.395631] (-) TimerEvent: {}
[1729.496764] (-) TimerEvent: {}
[1729.598180] (-) TimerEvent: {}
[1729.699183] (-) TimerEvent: {}
[1729.800959] (-) TimerEvent: {}
[1729.902971] (-) TimerEvent: {}
[1730.003924] (-) TimerEvent: {}
[1730.105229] (-) TimerEvent: {}
[1730.206287] (-) TimerEvent: {}
[1730.307330] (-) TimerEvent: {}
[1730.408811] (-) TimerEvent: {}
[1730.509677] (-) TimerEvent: {}
[1730.610675] (-) TimerEvent: {}
[1730.711788] (-) TimerEvent: {}
[1730.812926] (-) TimerEvent: {}
[1730.913954] (-) TimerEvent: {}
[1731.014900] (-) TimerEvent: {}
[1731.115917] (-) TimerEvent: {}
[1731.217202] (-) TimerEvent: {}
[1731.318557] (-) TimerEvent: {}
[1731.420023] (-) TimerEvent: {}
[1731.521334] (-) TimerEvent: {}
[1731.622359] (-) TimerEvent: {}
[1731.723427] (-) TimerEvent: {}
[1731.824591] (-) TimerEvent: {}
[1731.925847] (-) TimerEvent: {}
[1732.026867] (-) TimerEvent: {}
[1732.128121] (-) TimerEvent: {}
[1732.229437] (-) TimerEvent: {}
[1732.330548] (-) TimerEvent: {}
[1732.432029] (-) TimerEvent: {}
[1732.533171] (-) TimerEvent: {}
[1732.633248] (gazebo_plugins) StdoutLine: {'line': b'[ 97%] \x1b[32m\x1b[1mLinking CXX executable test_gazebo_ros_vacuum_gripper\x1b[0m\n'}
[1732.634148] (-) TimerEvent: {}
[1732.735053] (-) TimerEvent: {}
[1732.836162] (-) TimerEvent: {}
[1732.937226] (-) TimerEvent: {}
[1733.038126] (-) TimerEvent: {}
[1733.139993] (-) TimerEvent: {}
[1733.241116] (-) TimerEvent: {}
[1733.342297] (-) TimerEvent: {}
[1733.443445] (-) TimerEvent: {}
[1733.544632] (-) TimerEvent: {}
[1733.645679] (-) TimerEvent: {}
[1733.746792] (-) TimerEvent: {}
[1733.847903] (-) TimerEvent: {}
[1733.950774] (-) TimerEvent: {}
[1734.052086] (-) TimerEvent: {}
[1734.153456] (-) TimerEvent: {}
[1734.258584] (-) TimerEvent: {}
[1734.360027] (-) TimerEvent: {}
[1734.461348] (-) TimerEvent: {}
[1734.562615] (-) TimerEvent: {}
[1734.663849] (-) TimerEvent: {}
[1734.765294] (-) TimerEvent: {}
[1734.868443] (-) TimerEvent: {}
[1734.969942] (-) TimerEvent: {}
[1735.071330] (-) TimerEvent: {}
[1735.172518] (-) TimerEvent: {}
[1735.273641] (-) TimerEvent: {}
[1735.374698] (-) TimerEvent: {}
[1735.475885] (-) TimerEvent: {}
[1735.576958] (-) TimerEvent: {}
[1735.677975] (-) TimerEvent: {}
[1735.779011] (-) TimerEvent: {}
[1735.880115] (-) TimerEvent: {}
[1735.981318] (-) TimerEvent: {}
[1736.082486] (-) TimerEvent: {}
[1736.183711] (-) TimerEvent: {}
[1736.284868] (-) TimerEvent: {}
[1736.386159] (-) TimerEvent: {}
[1736.487606] (-) TimerEvent: {}
[1736.588869] (-) TimerEvent: {}
[1736.689846] (-) TimerEvent: {}
[1736.791073] (-) TimerEvent: {}
[1736.892486] (-) TimerEvent: {}
[1736.993719] (-) TimerEvent: {}
[1737.096478] (-) TimerEvent: {}
[1737.197557] (-) TimerEvent: {}
[1737.298603] (-) TimerEvent: {}
[1737.399632] (-) TimerEvent: {}
[1737.500630] (-) TimerEvent: {}
[1737.601657] (-) TimerEvent: {}
[1737.702779] (-) TimerEvent: {}
[1737.803857] (-) TimerEvent: {}
[1737.896439] (gazebo_plugins) StdoutLine: {'line': b'[ 97%] Built target test_gazebo_ros_vacuum_gripper\n'}
[1737.903994] (-) TimerEvent: {}
[1738.005000] (-) TimerEvent: {}
[1738.105960] (-) TimerEvent: {}
[1738.207259] (-) TimerEvent: {}
[1738.308342] (-) TimerEvent: {}
[1738.409408] (-) TimerEvent: {}
[1738.510390] (-) TimerEvent: {}
[1738.611266] (-) TimerEvent: {}
[1738.712491] (-) TimerEvent: {}
[1738.813541] (-) TimerEvent: {}
[1738.914642] (-) TimerEvent: {}
[1739.015719] (-) TimerEvent: {}
[1739.116789] (-) TimerEvent: {}
[1739.217735] (-) TimerEvent: {}
[1739.318698] (-) TimerEvent: {}
[1739.419672] (-) TimerEvent: {}
[1739.520707] (-) TimerEvent: {}
[1739.621669] (-) TimerEvent: {}
[1739.722645] (-) TimerEvent: {}
[1739.823568] (-) TimerEvent: {}
[1739.924484] (-) TimerEvent: {}
[1740.025428] (-) TimerEvent: {}
[1740.126414] (-) TimerEvent: {}
[1740.227423] (-) TimerEvent: {}
[1740.328488] (-) TimerEvent: {}
[1740.429449] (-) TimerEvent: {}
[1740.530629] (-) TimerEvent: {}
[1740.631704] (-) TimerEvent: {}
[1740.732933] (-) TimerEvent: {}
[1740.833962] (-) TimerEvent: {}
[1740.935088] (-) TimerEvent: {}
[1741.036065] (-) TimerEvent: {}
[1741.137110] (-) TimerEvent: {}
[1741.238108] (-) TimerEvent: {}
[1741.339113] (-) TimerEvent: {}
[1741.440070] (-) TimerEvent: {}
[1741.541138] (-) TimerEvent: {}
[1741.627385] (gazebo_plugins) StdoutLine: {'line': b'[ 98%] \x1b[32m\x1b[1mLinking CXX executable test_gazebo_ros_wheelslip\x1b[0m\n'}
[1741.641313] (-) TimerEvent: {}
[1741.742259] (-) TimerEvent: {}
[1741.843099] (-) TimerEvent: {}
[1741.943959] (-) TimerEvent: {}
[1742.044920] (-) TimerEvent: {}
[1742.145826] (-) TimerEvent: {}
[1742.246802] (-) TimerEvent: {}
[1742.347769] (-) TimerEvent: {}
[1742.448696] (-) TimerEvent: {}
[1742.549602] (-) TimerEvent: {}
[1742.650517] (-) TimerEvent: {}
[1742.751541] (-) TimerEvent: {}
[1742.852589] (-) TimerEvent: {}
[1742.953431] (-) TimerEvent: {}
[1743.054361] (-) TimerEvent: {}
[1743.155254] (-) TimerEvent: {}
[1743.256148] (-) TimerEvent: {}
[1743.357311] (-) TimerEvent: {}
[1743.458257] (-) TimerEvent: {}
[1743.559196] (-) TimerEvent: {}
[1743.660096] (-) TimerEvent: {}
[1743.761123] (-) TimerEvent: {}
[1743.862009] (-) TimerEvent: {}
[1743.963059] (-) TimerEvent: {}
[1744.064017] (-) TimerEvent: {}
[1744.165122] (-) TimerEvent: {}
[1744.266083] (-) TimerEvent: {}
[1744.366989] (-) TimerEvent: {}
[1744.467972] (-) TimerEvent: {}
[1744.569057] (-) TimerEvent: {}
[1744.669996] (-) TimerEvent: {}
[1744.770899] (-) TimerEvent: {}
[1744.871706] (-) TimerEvent: {}
[1744.972687] (-) TimerEvent: {}
[1745.073611] (-) TimerEvent: {}
[1745.174556] (-) TimerEvent: {}
[1745.275499] (-) TimerEvent: {}
[1745.376461] (-) TimerEvent: {}
[1745.477347] (-) TimerEvent: {}
[1745.578174] (-) TimerEvent: {}
[1745.679113] (-) TimerEvent: {}
[1745.780007] (-) TimerEvent: {}
[1745.881118] (-) TimerEvent: {}
[1745.982059] (-) TimerEvent: {}
[1746.082990] (-) TimerEvent: {}
[1746.183935] (-) TimerEvent: {}
[1746.284993] (-) TimerEvent: {}
[1746.387539] (-) TimerEvent: {}
[1746.489072] (-) TimerEvent: {}
[1746.590250] (-) TimerEvent: {}
[1746.691476] (-) TimerEvent: {}
[1746.792502] (-) TimerEvent: {}
[1746.893368] (-) TimerEvent: {}
[1746.994684] (-) TimerEvent: {}
[1747.095745] (-) TimerEvent: {}
[1747.196784] (-) TimerEvent: {}
[1747.297652] (-) TimerEvent: {}
[1747.398635] (-) TimerEvent: {}
[1747.499594] (-) TimerEvent: {}
[1747.600684] (-) TimerEvent: {}
[1747.701616] (-) TimerEvent: {}
[1747.803195] (-) TimerEvent: {}
[1747.904160] (-) TimerEvent: {}
[1748.005312] (-) TimerEvent: {}
[1748.006564] (gazebo_plugins) StdoutLine: {'line': b'[ 98%] Built target test_gazebo_ros_wheelslip\n'}
[1748.105539] (-) TimerEvent: {}
[1748.206536] (-) TimerEvent: {}
[1748.307600] (-) TimerEvent: {}
[1748.408733] (-) TimerEvent: {}
[1748.509689] (-) TimerEvent: {}
[1748.610677] (-) TimerEvent: {}
[1748.711632] (-) TimerEvent: {}
[1748.812687] (-) TimerEvent: {}
[1748.913688] (-) TimerEvent: {}
[1749.014727] (-) TimerEvent: {}
[1749.115690] (-) TimerEvent: {}
[1749.216845] (-) TimerEvent: {}
[1749.317783] (-) TimerEvent: {}
[1749.418728] (-) TimerEvent: {}
[1749.519852] (-) TimerEvent: {}
[1749.620868] (-) TimerEvent: {}
[1749.721860] (-) TimerEvent: {}
[1749.822808] (-) TimerEvent: {}
[1749.923723] (-) TimerEvent: {}
[1750.024729] (-) TimerEvent: {}
[1750.125842] (-) TimerEvent: {}
[1750.226865] (-) TimerEvent: {}
[1750.327770] (-) TimerEvent: {}
[1750.428835] (-) TimerEvent: {}
[1750.529756] (-) TimerEvent: {}
[1750.630843] (-) TimerEvent: {}
[1750.731937] (-) TimerEvent: {}
[1750.833024] (-) TimerEvent: {}
[1750.933993] (-) TimerEvent: {}
[1751.034995] (-) TimerEvent: {}
[1751.135993] (-) TimerEvent: {}
[1751.237296] (-) TimerEvent: {}
[1751.338365] (-) TimerEvent: {}
[1751.439409] (-) TimerEvent: {}
[1751.540419] (-) TimerEvent: {}
[1751.641331] (-) TimerEvent: {}
[1751.719300] (gazebo_plugins) StdoutLine: {'line': b'[100%] \x1b[32m\x1b[1mLinking CXX executable test_gazebo_ros_tricycle_drive\x1b[0m\n'}
[1751.741633] (-) TimerEvent: {}
[1751.842599] (-) TimerEvent: {}
[1751.943616] (-) TimerEvent: {}
[1752.044702] (-) TimerEvent: {}
[1752.145708] (-) TimerEvent: {}
[1752.246761] (-) TimerEvent: {}
[1752.347984] (-) TimerEvent: {}
[1752.449473] (-) TimerEvent: {}
[1752.550639] (-) TimerEvent: {}
[1752.651631] (-) TimerEvent: {}
[1752.752678] (-) TimerEvent: {}
[1752.853815] (-) TimerEvent: {}
[1752.954831] (-) TimerEvent: {}
[1753.055844] (-) TimerEvent: {}
[1753.156908] (-) TimerEvent: {}
[1753.257926] (-) TimerEvent: {}
[1753.358879] (-) TimerEvent: {}
[1753.460211] (-) TimerEvent: {}
[1753.561365] (-) TimerEvent: {}
[1753.662563] (-) TimerEvent: {}
[1753.763635] (-) TimerEvent: {}
[1753.864750] (-) TimerEvent: {}
[1753.965740] (-) TimerEvent: {}
[1754.066796] (-) TimerEvent: {}
[1754.168015] (-) TimerEvent: {}
[1754.269110] (-) TimerEvent: {}
[1754.370296] (-) TimerEvent: {}
[1754.471267] (-) TimerEvent: {}
[1754.572432] (-) TimerEvent: {}
[1754.673310] (-) TimerEvent: {}
[1754.774359] (-) TimerEvent: {}
[1754.875347] (-) TimerEvent: {}
[1754.976297] (-) TimerEvent: {}
[1755.077287] (-) TimerEvent: {}
[1755.178265] (-) TimerEvent: {}
[1755.279197] (-) TimerEvent: {}
[1755.380074] (-) TimerEvent: {}
[1755.481105] (-) TimerEvent: {}
[1755.582016] (-) TimerEvent: {}
[1755.682981] (-) TimerEvent: {}
[1755.783855] (-) TimerEvent: {}
[1755.884797] (-) TimerEvent: {}
[1755.985714] (-) TimerEvent: {}
[1756.086827] (-) TimerEvent: {}
[1756.187796] (-) TimerEvent: {}
[1756.288929] (-) TimerEvent: {}
[1756.389910] (-) TimerEvent: {}
[1756.490895] (-) TimerEvent: {}
[1756.591901] (-) TimerEvent: {}
[1756.693000] (-) TimerEvent: {}
[1756.794031] (-) TimerEvent: {}
[1756.895026] (-) TimerEvent: {}
[1756.996028] (-) TimerEvent: {}
[1757.097140] (-) TimerEvent: {}
[1757.198189] (-) TimerEvent: {}
[1757.299201] (-) TimerEvent: {}
[1757.400144] (-) TimerEvent: {}
[1757.501194] (-) TimerEvent: {}
[1757.602157] (-) TimerEvent: {}
[1757.703289] (-) TimerEvent: {}
[1757.718945] (gazebo_plugins) StdoutLine: {'line': b'[100%] Built target test_gazebo_ros_tricycle_drive\n'}
[1757.799214] (gazebo_plugins) CommandEnded: {'returncode': 0}
[1757.803832] (-) TimerEvent: {}
[1757.808560] (gazebo_plugins) JobProgress: {'identifier': 'gazebo_plugins', 'progress': 'install'}
[1757.815898] (gazebo_plugins) Command: {'cmd': ['/usr/bin/cmake', '--install', '/opt/ros/gazebo_ros_build/build/gazebo_plugins'], 'cwd': '/opt/ros/gazebo_ros_build/build/gazebo_plugins', 'env': OrderedDict([('SUDO_GID', '1000'), ('MAIL', '/var/mail/root'), ('USER', 'root'), ('HOSTNAME', 'ubuntu'), ('SHLVL', '1'), ('LD_LIBRARY_PATH', '/opt/ros/gazebo_ros_build/install/lib:/opt/ros/humble/opt/rviz_ogre_vendor/lib:/opt/ros/humble/lib/aarch64-linux-gnu:/opt/ros/humble/lib'), ('HOME', '/root'), ('OLDPWD', '/opt/ros/gazebo_ros_build/src'), ('ROS_PYTHON_VERSION', '3'), ('SUDO_UID', '1000'), ('ROS_DISTRO', 'humble'), ('LOGNAME', 'root'), ('_', '/usr/bin/colcon'), ('ROS_VERSION', '2'), ('TERM', 'xterm'), ('ROS_LOCALHOST_ONLY', '0'), ('PATH', '/opt/ros/humble/bin:/usr/local/sbin:/usr/local/bin:/usr/sbin:/usr/bin:/sbin:/bin:/usr/games:/usr/local/games:/snap/bin'), ('DISPLAY', ':0'), ('LANG', 'C.UTF-8'), ('LS_COLORS', 'rs=0:di=01;34:ln=01;36:mh=00:pi=40;33:so=01;35:do=01;35:bd=40;33;01:cd=40;33;01:or=40;31;01:mi=00:su=37;41:sg=30;43:ca=30;41:tw=30;42:ow=34;42:st=37;44:ex=01;32:*.tar=01;31:*.tgz=01;31:*.arc=01;31:*.arj=01;31:*.taz=01;31:*.lha=01;31:*.lz4=01;31:*.lzh=01;31:*.lzma=01;31:*.tlz=01;31:*.txz=01;31:*.tzo=01;31:*.t7z=01;31:*.zip=01;31:*.z=01;31:*.dz=01;31:*.gz=01;31:*.lrz=01;31:*.lz=01;31:*.lzo=01;31:*.xz=01;31:*.zst=01;31:*.tzst=01;31:*.bz2=01;31:*.bz=01;31:*.tbz=01;31:*.tbz2=01;31:*.tz=01;31:*.deb=01;31:*.rpm=01;31:*.jar=01;31:*.war=01;31:*.ear=01;31:*.sar=01;31:*.rar=01;31:*.alz=01;31:*.ace=01;31:*.zoo=01;31:*.cpio=01;31:*.7z=01;31:*.rz=01;31:*.cab=01;31:*.wim=01;31:*.swm=01;31:*.dwm=01;31:*.esd=01;31:*.jpg=01;35:*.jpeg=01;35:*.mjpg=01;35:*.mjpeg=01;35:*.gif=01;35:*.bmp=01;35:*.pbm=01;35:*.pgm=01;35:*.ppm=01;35:*.tga=01;35:*.xbm=01;35:*.xpm=01;35:*.tif=01;35:*.tiff=01;35:*.png=01;35:*.svg=01;35:*.svgz=01;35:*.mng=01;35:*.pcx=01;35:*.mov=01;35:*.mpg=01;35:*.mpeg=01;35:*.m2v=01;35:*.mkv=01;35:*.webm=01;35:*.webp=01;35:*.ogm=01;35:*.mp4=01;35:*.m4v=01;35:*.mp4v=01;35:*.vob=01;35:*.qt=01;35:*.nuv=01;35:*.wmv=01;35:*.asf=01;35:*.rm=01;35:*.rmvb=01;35:*.flc=01;35:*.avi=01;35:*.fli=01;35:*.flv=01;35:*.gl=01;35:*.dl=01;35:*.xcf=01;35:*.xwd=01;35:*.yuv=01;35:*.cgm=01;35:*.emf=01;35:*.ogv=01;35:*.ogx=01;35:*.aac=00;36:*.au=00;36:*.flac=00;36:*.m4a=00;36:*.mid=00;36:*.midi=00;36:*.mka=00;36:*.mp3=00;36:*.mpc=00;36:*.ogg=00;36:*.ra=00;36:*.wav=00;36:*.oga=00;36:*.opus=00;36:*.spx=00;36:*.xspf=00;36:'), ('SUDO_COMMAND', '/usr/bin/su'), ('AMENT_PREFIX_PATH', '/opt/ros/gazebo_ros_build/install:/opt/ros/humble'), ('SHELL', '/bin/bash'), ('SUDO_USER', 'ultra'), ('PWD', '/opt/ros/gazebo_ros_build/build/gazebo_plugins'), ('LC_ALL', 'C.UTF-8'), ('PYTHONPATH', '/opt/ros/gazebo_ros_build/install/local/lib/python3.10/dist-packages:/opt/ros/humble/lib/python3.10/site-packages:/opt/ros/humble/local/lib/python3.10/dist-packages'), ('COLCON', '1'), ('CMAKE_PREFIX_PATH', '/opt/ros/gazebo_ros_build/install:/opt/ros/humble')]), 'shell': False}
[1757.859105] (gazebo_plugins) StdoutLine: {'line': b'-- Install configuration: ""\n'}
[1757.860396] (gazebo_plugins) StdoutLine: {'line': b'-- Installing: /opt/ros/gazebo_ros_build/install/share/gazebo_plugins/environment/library_path.sh\n'}
[1757.861671] (gazebo_plugins) StdoutLine: {'line': b'-- Installing: /opt/ros/gazebo_ros_build/install/share/gazebo_plugins/environment/library_path.dsv\n'}
[1757.863012] (gazebo_plugins) StdoutLine: {'line': b'-- Installing: /opt/ros/gazebo_ros_build/install/share/gazebo_plugins/environment/gazebo_plugins.sh\n'}
[1757.864139] (gazebo_plugins) StdoutLine: {'line': b'-- Installing: /opt/ros/gazebo_ros_build/install/share/gazebo_plugins/environment/gazebo_plugins.dsv\n'}
[1757.865431] (gazebo_plugins) StdoutLine: {'line': b'-- Installing: /opt/ros/gazebo_ros_build/install/share/ament_index/resource_index/package_run_dependencies/gazebo_plugins\n'}
[1757.866637] (gazebo_plugins) StdoutLine: {'line': b'-- Installing: /opt/ros/gazebo_ros_build/install/share/ament_index/resource_index/parent_prefix_path/gazebo_plugins\n'}
[1757.867921] (gazebo_plugins) StdoutLine: {'line': b'-- Installing: /opt/ros/gazebo_ros_build/install/share/gazebo_plugins/environment/ament_prefix_path.sh\n'}
[1757.869066] (gazebo_plugins) StdoutLine: {'line': b'-- Installing: /opt/ros/gazebo_ros_build/install/share/gazebo_plugins/environment/ament_prefix_path.dsv\n'}
[1757.870184] (gazebo_plugins) StdoutLine: {'line': b'-- Installing: /opt/ros/gazebo_ros_build/install/share/gazebo_plugins/environment/path.sh\n'}
[1757.871330] (gazebo_plugins) StdoutLine: {'line': b'-- Installing: /opt/ros/gazebo_ros_build/install/share/gazebo_plugins/environment/path.dsv\n'}
[1757.872911] (gazebo_plugins) StdoutLine: {'line': b'-- Installing: /opt/ros/gazebo_ros_build/install/share/gazebo_plugins/local_setup.bash\n'}
[1757.874169] (gazebo_plugins) StdoutLine: {'line': b'-- Installing: /opt/ros/gazebo_ros_build/install/share/gazebo_plugins/local_setup.sh\n'}
[1757.875337] (gazebo_plugins) StdoutLine: {'line': b'-- Installing: /opt/ros/gazebo_ros_build/install/share/gazebo_plugins/local_setup.zsh\n'}
[1757.876547] (gazebo_plugins) StdoutLine: {'line': b'-- Installing: /opt/ros/gazebo_ros_build/install/share/gazebo_plugins/local_setup.dsv\n'}
[1757.877787] (gazebo_plugins) StdoutLine: {'line': b'-- Installing: /opt/ros/gazebo_ros_build/install/share/gazebo_plugins/package.dsv\n'}
[1757.878947] (gazebo_plugins) StdoutLine: {'line': b'-- Installing: /opt/ros/gazebo_ros_build/install/share/ament_index/resource_index/packages/gazebo_plugins\n'}
[1757.880507] (gazebo_plugins) StdoutLine: {'line': b'-- Installing: /opt/ros/gazebo_ros_build/install/share/gazebo_plugins/cmake/ament_cmake_export_libraries-extras.cmake\n'}
[1757.881601] (gazebo_plugins) StdoutLine: {'line': b'-- Installing: /opt/ros/gazebo_ros_build/install/share/gazebo_plugins/cmake/ament_cmake_export_include_directories-extras.cmake\n'}
[1757.882740] (gazebo_plugins) StdoutLine: {'line': b'-- Installing: /opt/ros/gazebo_ros_build/install/share/gazebo_plugins/cmake/ament_cmake_export_dependencies-extras.cmake\n'}
[1757.883884] (gazebo_plugins) StdoutLine: {'line': b'-- Installing: /opt/ros/gazebo_ros_build/install/share/gazebo_plugins/cmake/gazebo_pluginsConfig.cmake\n'}
[1757.885040] (gazebo_plugins) StdoutLine: {'line': b'-- Installing: /opt/ros/gazebo_ros_build/install/share/gazebo_plugins/cmake/gazebo_pluginsConfig-version.cmake\n'}
[1757.886137] (gazebo_plugins) StdoutLine: {'line': b'-- Installing: /opt/ros/gazebo_ros_build/install/share/gazebo_plugins/package.xml\n'}
[1757.887034] (gazebo_plugins) StdoutLine: {'line': b'-- Up-to-date: /opt/ros/gazebo_ros_build/install/include\n'}
[1757.887789] (gazebo_plugins) StdoutLine: {'line': b'-- Installing: /opt/ros/gazebo_ros_build/install/include/gazebo_plugins\n'}
[1757.888385] (gazebo_plugins) StdoutLine: {'line': b'-- Installing: /opt/ros/gazebo_ros_build/install/include/gazebo_plugins/gazebo_ros_harness.hpp\n'}
[1757.889207] (gazebo_plugins) StdoutLine: {'line': b'-- Installing: /opt/ros/gazebo_ros_build/install/include/gazebo_plugins/gazebo_ros_tricycle_drive.hpp\n'}
[1757.890150] (gazebo_plugins) StdoutLine: {'line': b'-- Installing: /opt/ros/gazebo_ros_build/install/include/gazebo_plugins/gazebo_ros_force.hpp\n'}
[1757.891046] (gazebo_plugins) StdoutLine: {'line': b'-- Installing: /opt/ros/gazebo_ros_build/install/include/gazebo_plugins/gazebo_ros_ray_sensor.hpp\n'}
[1757.892002] (gazebo_plugins) StdoutLine: {'line': b'-- Installing: /opt/ros/gazebo_ros_build/install/include/gazebo_plugins/gazebo_ros_gps_sensor.hpp\n'}
[1757.893002] (gazebo_plugins) StdoutLine: {'line': b'-- Installing: /opt/ros/gazebo_ros_build/install/include/gazebo_plugins/gazebo_ros_hand_of_god.hpp\n'}
[1757.893850] (gazebo_plugins) StdoutLine: {'line': b'-- Installing: /opt/ros/gazebo_ros_build/install/include/gazebo_plugins/gazebo_ros_bumper.hpp\n'}
[1757.894783] (gazebo_plugins) StdoutLine: {'line': b'-- Installing: /opt/ros/gazebo_ros_build/install/include/gazebo_plugins/multi_camera_plugin.hpp\n'}
[1757.895605] (gazebo_plugins) StdoutLine: {'line': b'-- Installing: /opt/ros/gazebo_ros_build/install/include/gazebo_plugins/gazebo_ros_planar_move.hpp\n'}
[1757.896719] (gazebo_plugins) StdoutLine: {'line': b'-- Installing: /opt/ros/gazebo_ros_build/install/include/gazebo_plugins/gazebo_ros_vacuum_gripper.hpp\n'}
[1757.897592] (gazebo_plugins) StdoutLine: {'line': b'-- Installing: /opt/ros/gazebo_ros_build/install/include/gazebo_plugins/gazebo_ros_joint_state_publisher.hpp\n'}
[1757.898535] (gazebo_plugins) StdoutLine: {'line': b'-- Installing: /opt/ros/gazebo_ros_build/install/include/gazebo_plugins/gazebo_ros_imu_sensor.hpp\n'}
[1757.899438] (gazebo_plugins) StdoutLine: {'line': b'-- Installing: /opt/ros/gazebo_ros_build/install/include/gazebo_plugins/gazebo_ros_diff_drive.hpp\n'}
[1757.900426] (gazebo_plugins) StdoutLine: {'line': b'-- Installing: /opt/ros/gazebo_ros_build/install/include/gazebo_plugins/gazebo_ros_projector.hpp\n'}
[1757.901420] (gazebo_plugins) StdoutLine: {'line': b'-- Installing: /opt/ros/gazebo_ros_build/install/include/gazebo_plugins/gazebo_ros_wheel_slip.hpp\n'}
[1757.902435] (gazebo_plugins) StdoutLine: {'line': b'-- Installing: /opt/ros/gazebo_ros_build/install/include/gazebo_plugins/gazebo_ros_camera.hpp\n'}
[1757.903408] (gazebo_plugins) StdoutLine: {'line': b'-- Installing: /opt/ros/gazebo_ros_build/install/include/gazebo_plugins/gazebo_ros_joint_pose_trajectory.hpp\n'}
[1757.903902] (-) TimerEvent: {}
[1757.904611] (gazebo_plugins) StdoutLine: {'line': b'-- Installing: /opt/ros/gazebo_ros_build/install/include/gazebo_plugins/gazebo_ros_template.hpp\n'}
[1757.905343] (gazebo_plugins) StdoutLine: {'line': b'-- Installing: /opt/ros/gazebo_ros_build/install/include/gazebo_plugins/gazebo_ros_elevator.hpp\n'}
[1757.906297] (gazebo_plugins) StdoutLine: {'line': b'-- Installing: /opt/ros/gazebo_ros_build/install/include/gazebo_plugins/gazebo_ros_video.hpp\n'}
[1757.907186] (gazebo_plugins) StdoutLine: {'line': b'-- Installing: /opt/ros/gazebo_ros_build/install/include/gazebo_plugins/gazebo_ros_p3d.hpp\n'}
[1757.908095] (gazebo_plugins) StdoutLine: {'line': b'-- Installing: /opt/ros/gazebo_ros_build/install/include/gazebo_plugins/gazebo_ros_ackermann_drive.hpp\n'}
[1757.909109] (gazebo_plugins) StdoutLine: {'line': b'-- Installing: /opt/ros/gazebo_ros_build/install/include/gazebo_plugins/gazebo_ros_ft_sensor.hpp\n'}
[1757.910577] (gazebo_plugins) StdoutLine: {'line': b'-- Installing: /opt/ros/gazebo_ros_build/install/lib/libgazebo_ros_ackermann_drive.so\n'}
[1757.989245] (gazebo_plugins) StdoutLine: {'line': b'-- Set runtime path of "/opt/ros/gazebo_ros_build/install/lib/libgazebo_ros_ackermann_drive.so" to ""\n'}
[1757.990356] (gazebo_plugins) StdoutLine: {'line': b'-- Installing: /opt/ros/gazebo_ros_build/install/lib/libgazebo_ros_bumper.so\n'}
[1758.004091] (-) TimerEvent: {}
[1758.019903] (gazebo_plugins) StdoutLine: {'line': b'-- Set runtime path of "/opt/ros/gazebo_ros_build/install/lib/libgazebo_ros_bumper.so" to ""\n'}
[1758.020866] (gazebo_plugins) StdoutLine: {'line': b'-- Installing: /opt/ros/gazebo_ros_build/install/lib/libgazebo_ros_camera.so\n'}
[1758.098742] (gazebo_plugins) StdoutLine: {'line': b'-- Set runtime path of "/opt/ros/gazebo_ros_build/install/lib/libgazebo_ros_camera.so" to ""\n'}
[1758.099784] (gazebo_plugins) StdoutLine: {'line': b'-- Installing: /opt/ros/gazebo_ros_build/install/lib/libgazebo_ros_diff_drive.so\n'}
[1758.104277] (-) TimerEvent: {}
[1758.173325] (gazebo_plugins) StdoutLine: {'line': b'-- Set runtime path of "/opt/ros/gazebo_ros_build/install/lib/libgazebo_ros_diff_drive.so" to ""\n'}
[1758.174344] (gazebo_plugins) StdoutLine: {'line': b'-- Installing: /opt/ros/gazebo_ros_build/install/lib/libgazebo_ros_elevator.so\n'}
[1758.204362] (-) TimerEvent: {}
[1758.239386] (gazebo_plugins) StdoutLine: {'line': b'-- Set runtime path of "/opt/ros/gazebo_ros_build/install/lib/libgazebo_ros_elevator.so" to ""\n'}
[1758.240921] (gazebo_plugins) StdoutLine: {'line': b'-- Installing: /opt/ros/gazebo_ros_build/install/lib/libgazebo_ros_force.so\n'}
[1758.304619] (-) TimerEvent: {}
[1758.306939] (gazebo_plugins) StdoutLine: {'line': b'-- Set runtime path of "/opt/ros/gazebo_ros_build/install/lib/libgazebo_ros_force.so" to ""\n'}
[1758.307831] (gazebo_plugins) StdoutLine: {'line': b'-- Installing: /opt/ros/gazebo_ros_build/install/lib/libgazebo_ros_ft_sensor.so\n'}
[1758.338460] (gazebo_plugins) StdoutLine: {'line': b'-- Set runtime path of "/opt/ros/gazebo_ros_build/install/lib/libgazebo_ros_ft_sensor.so" to ""\n'}
[1758.339321] (gazebo_plugins) StdoutLine: {'line': b'-- Installing: /opt/ros/gazebo_ros_build/install/lib/libgazebo_ros_hand_of_god.so\n'}
[1758.367162] (gazebo_plugins) StdoutLine: {'line': b'-- Set runtime path of "/opt/ros/gazebo_ros_build/install/lib/libgazebo_ros_hand_of_god.so" to ""\n'}
[1758.368400] (gazebo_plugins) StdoutLine: {'line': b'-- Installing: /opt/ros/gazebo_ros_build/install/lib/libgazebo_ros_harness.so\n'}
[1758.404823] (-) TimerEvent: {}
[1758.460193] (gazebo_plugins) StdoutLine: {'line': b'-- Set runtime path of "/opt/ros/gazebo_ros_build/install/lib/libgazebo_ros_harness.so" to ""\n'}
[1758.461275] (gazebo_plugins) StdoutLine: {'line': b'-- Installing: /opt/ros/gazebo_ros_build/install/lib/libgazebo_ros_imu_sensor.so\n'}
[1758.489321] (gazebo_plugins) StdoutLine: {'line': b'-- Set runtime path of "/opt/ros/gazebo_ros_build/install/lib/libgazebo_ros_imu_sensor.so" to ""\n'}
[1758.491209] (gazebo_plugins) StdoutLine: {'line': b'-- Installing: /opt/ros/gazebo_ros_build/install/lib/libgazebo_ros_gps_sensor.so\n'}
[1758.504995] (-) TimerEvent: {}
[1758.519243] (gazebo_plugins) StdoutLine: {'line': b'-- Set runtime path of "/opt/ros/gazebo_ros_build/install/lib/libgazebo_ros_gps_sensor.so" to ""\n'}
[1758.520190] (gazebo_plugins) StdoutLine: {'line': b'-- Installing: /opt/ros/gazebo_ros_build/install/lib/libgazebo_ros_joint_pose_trajectory.so\n'}
[1758.588635] (gazebo_plugins) StdoutLine: {'line': b'-- Set runtime path of "/opt/ros/gazebo_ros_build/install/lib/libgazebo_ros_joint_pose_trajectory.so" to ""\n'}
[1758.589617] (gazebo_plugins) StdoutLine: {'line': b'-- Installing: /opt/ros/gazebo_ros_build/install/lib/libgazebo_ros_joint_state_publisher.so\n'}
[1758.605199] (-) TimerEvent: {}
[1758.618770] (gazebo_plugins) StdoutLine: {'line': b'-- Set runtime path of "/opt/ros/gazebo_ros_build/install/lib/libgazebo_ros_joint_state_publisher.so" to ""\n'}
[1758.619722] (gazebo_plugins) StdoutLine: {'line': b'-- Installing: /opt/ros/gazebo_ros_build/install/lib/libgazebo_ros_planar_move.so\n'}
[1758.693038] (gazebo_plugins) StdoutLine: {'line': b'-- Set runtime path of "/opt/ros/gazebo_ros_build/install/lib/libgazebo_ros_planar_move.so" to ""\n'}
[1758.693787] (gazebo_plugins) StdoutLine: {'line': b'-- Installing: /opt/ros/gazebo_ros_build/install/lib/libgazebo_ros_projector.so\n'}
[1758.705384] (-) TimerEvent: {}
[1758.760404] (gazebo_plugins) StdoutLine: {'line': b'-- Set runtime path of "/opt/ros/gazebo_ros_build/install/lib/libgazebo_ros_projector.so" to ""\n'}
[1758.761783] (gazebo_plugins) StdoutLine: {'line': b'-- Installing: /opt/ros/gazebo_ros_build/install/lib/libgazebo_ros_ray_sensor.so\n'}
[1758.805609] (gazebo_plugins) StdoutLine: {'line': b'-- Set runtime path of "/opt/ros/gazebo_ros_build/install/lib/libgazebo_ros_ray_sensor.so" to ""\n'}
[1758.806559] (-) TimerEvent: {}
[1758.807702] (gazebo_plugins) StdoutLine: {'line': b'-- Installing: /opt/ros/gazebo_ros_build/install/lib/libgazebo_ros_p3d.so\n'}
[1758.835705] (gazebo_plugins) StdoutLine: {'line': b'-- Set runtime path of "/opt/ros/gazebo_ros_build/install/lib/libgazebo_ros_p3d.so" to ""\n'}
[1758.836780] (gazebo_plugins) StdoutLine: {'line': b'-- Installing: /opt/ros/gazebo_ros_build/install/lib/libgazebo_ros_template.so\n'}
[1758.850993] (gazebo_plugins) StdoutLine: {'line': b'-- Set runtime path of "/opt/ros/gazebo_ros_build/install/lib/libgazebo_ros_template.so" to ""\n'}
[1758.851872] (gazebo_plugins) StdoutLine: {'line': b'-- Installing: /opt/ros/gazebo_ros_build/install/lib/libgazebo_ros_tricycle_drive.so\n'}
[1758.906810] (-) TimerEvent: {}
[1758.927947] (gazebo_plugins) StdoutLine: {'line': b'-- Set runtime path of "/opt/ros/gazebo_ros_build/install/lib/libgazebo_ros_tricycle_drive.so" to ""\n'}
[1758.928939] (gazebo_plugins) StdoutLine: {'line': b'-- Installing: /opt/ros/gazebo_ros_build/install/lib/libgazebo_ros_vacuum_gripper.so\n'}
[1758.965018] (gazebo_plugins) StdoutLine: {'line': b'-- Set runtime path of "/opt/ros/gazebo_ros_build/install/lib/libgazebo_ros_vacuum_gripper.so" to ""\n'}
[1758.966051] (gazebo_plugins) StdoutLine: {'line': b'-- Installing: /opt/ros/gazebo_ros_build/install/lib/libgazebo_ros_video.so\n'}
[1759.007010] (-) TimerEvent: {}
[1759.033665] (gazebo_plugins) StdoutLine: {'line': b'-- Set runtime path of "/opt/ros/gazebo_ros_build/install/lib/libgazebo_ros_video.so" to ""\n'}
[1759.034605] (gazebo_plugins) StdoutLine: {'line': b'-- Installing: /opt/ros/gazebo_ros_build/install/lib/libmulti_camera_plugin.so\n'}
[1759.049921] (gazebo_plugins) StdoutLine: {'line': b'-- Set runtime path of "/opt/ros/gazebo_ros_build/install/lib/libmulti_camera_plugin.so" to ""\n'}
[1759.050818] (gazebo_plugins) StdoutLine: {'line': b'-- Installing: /opt/ros/gazebo_ros_build/install/lib/libgazebo_ros_wheel_slip.so\n'}
[1759.107226] (-) TimerEvent: {}
[1759.124900] (gazebo_plugins) StdoutLine: {'line': b'-- Set runtime path of "/opt/ros/gazebo_ros_build/install/lib/libgazebo_ros_wheel_slip.so" to ""\n'}
[1759.125876] (gazebo_plugins) StdoutLine: {'line': b'-- Installing: /opt/ros/gazebo_ros_build/install/lib/gazebo_plugins/wheel_slip_drawbar_pull_publisher.py\n'}
[1759.127193] (gazebo_plugins) StdoutLine: {'line': b'-- Installing: /opt/ros/gazebo_ros_build/install/share/gazebo_plugins//worlds\n'}
[1759.127991] (gazebo_plugins) StdoutLine: {'line': b'-- Installing: /opt/ros/gazebo_ros_build/install/share/gazebo_plugins//worlds/gazebo_ros_gps_sensor_demo.world\n'}
[1759.129693] (gazebo_plugins) StdoutLine: {'line': b'-- Installing: /opt/ros/gazebo_ros_build/install/share/gazebo_plugins//worlds/gazebo_ros_wheel_slip_drawbar_pull_demo.world\n'}
[1759.131547] (gazebo_plugins) StdoutLine: {'line': b'-- Installing: /opt/ros/gazebo_ros_build/install/share/gazebo_plugins//worlds/gazebo_ros_depth_camera_demo.world\n'}
[1759.133143] (gazebo_plugins) StdoutLine: {'line': b'-- Installing: /opt/ros/gazebo_ros_build/install/share/gazebo_plugins//worlds/gazebo_ros_joint_state_publisher_demo.world\n'}
[1759.134254] (gazebo_plugins) StdoutLine: {'line': b'-- Installing: /opt/ros/gazebo_ros_build/install/share/gazebo_plugins//worlds/gazebo_ros_force_demo.world\n'}
[1759.135421] (gazebo_plugins) StdoutLine: {'line': b'-- Installing: /opt/ros/gazebo_ros_build/install/share/gazebo_plugins//worlds/gazebo_ros_vacuum_gripper_demo.world\n'}
[1759.137076] (gazebo_plugins) StdoutLine: {'line': b'-- Installing: /opt/ros/gazebo_ros_build/install/share/gazebo_plugins//worlds/gazebo_ros_bumper_demo.world\n'}
[1759.138459] (gazebo_plugins) StdoutLine: {'line': b'-- Installing: /opt/ros/gazebo_ros_build/install/share/gazebo_plugins//worlds/gazebo_ros_camera_distortion_pincushion_demo.world\n'}
[1759.139459] (gazebo_plugins) StdoutLine: {'line': b'-- Installing: /opt/ros/gazebo_ros_build/install/share/gazebo_plugins//worlds/gazebo_ros_multi_camera_demo.world\n'}
[1759.140787] (gazebo_plugins) StdoutLine: {'line': b'-- Installing: /opt/ros/gazebo_ros_build/install/share/gazebo_plugins//worlds/gazebo_ros_skid_steer_drive_demo.world\n'}
[1759.142299] (gazebo_plugins) StdoutLine: {'line': b'-- Installing: /opt/ros/gazebo_ros_build/install/share/gazebo_plugins//worlds/gazebo_ros_planar_move_demo.world\n'}
[1759.143318] (gazebo_plugins) StdoutLine: {'line': b'-- Installing: /opt/ros/gazebo_ros_build/install/share/gazebo_plugins//worlds/gazebo_ros_multicamera_demo.world\n'}
[1759.144647] (gazebo_plugins) StdoutLine: {'line': b'-- Installing: /opt/ros/gazebo_ros_build/install/share/gazebo_plugins//worlds/gazebo_ros_p3d_demo.world\n'}
[1759.145689] (gazebo_plugins) StdoutLine: {'line': b'-- Installing: /opt/ros/gazebo_ros_build/install/share/gazebo_plugins//worlds/gazebo_ros_joint_pose_trajectory_demo.world\n'}
[1759.146741] (gazebo_plugins) StdoutLine: {'line': b'-- Installing: /opt/ros/gazebo_ros_build/install/share/gazebo_plugins//worlds/gazebo_ros_hand_of_god_demo.world\n'}
[1759.147842] (gazebo_plugins) StdoutLine: {'line': b'-- Installing: /opt/ros/gazebo_ros_build/install/share/gazebo_plugins//worlds/gazebo_ros_camera_demo.world\n'}
[1759.149565] (gazebo_plugins) StdoutLine: {'line': b'-- Installing: /opt/ros/gazebo_ros_build/install/share/gazebo_plugins//worlds/gazebo_ros_tricycle_drive_demo.world\n'}
[1759.150938] (gazebo_plugins) StdoutLine: {'line': b'-- Installing: /opt/ros/gazebo_ros_build/install/share/gazebo_plugins//worlds/gazebo_ros_diff_drive_demo.world\n'}
[1759.152004] (gazebo_plugins) StdoutLine: {'line': b'-- Installing: /opt/ros/gazebo_ros_build/install/share/gazebo_plugins//worlds/gazebo_ros_template_demo.world\n'}
[1759.153199] (gazebo_plugins) StdoutLine: {'line': b'-- Installing: /opt/ros/gazebo_ros_build/install/share/gazebo_plugins//worlds/gazebo_ros_harness_demo.world\n'}
[1759.154434] (gazebo_plugins) StdoutLine: {'line': b'-- Installing: /opt/ros/gazebo_ros_build/install/share/gazebo_plugins//worlds/gazebo_ros_ray_sensor_demo.world\n'}
[1759.155570] (gazebo_plugins) StdoutLine: {'line': b'-- Installing: /opt/ros/gazebo_ros_build/install/share/gazebo_plugins//worlds/gazebo_ros_camera_triggered_demo.world\n'}
[1759.156959] (gazebo_plugins) StdoutLine: {'line': b'-- Installing: /opt/ros/gazebo_ros_build/install/share/gazebo_plugins//worlds/gazebo_ros_video_demo.world\n'}
[1759.158265] (gazebo_plugins) StdoutLine: {'line': b'-- Installing: /opt/ros/gazebo_ros_build/install/share/gazebo_plugins//worlds/gazebo_ros_ackermann_drive_demo.world\n'}
[1759.159694] (gazebo_plugins) StdoutLine: {'line': b'-- Installing: /opt/ros/gazebo_ros_build/install/share/gazebo_plugins//worlds/gazebo_ros_elevator_demo.world\n'}
[1759.161001] (gazebo_plugins) StdoutLine: {'line': b'-- Installing: /opt/ros/gazebo_ros_build/install/share/gazebo_plugins//worlds/gazebo_ros_wheel_slip_demo.world\n'}
[1759.162299] (gazebo_plugins) StdoutLine: {'line': b'-- Installing: /opt/ros/gazebo_ros_build/install/share/gazebo_plugins//worlds/gazebo_ros_projector_demo.world\n'}
[1759.163353] (gazebo_plugins) StdoutLine: {'line': b'-- Installing: /opt/ros/gazebo_ros_build/install/share/gazebo_plugins//worlds/gazebo_ros_ft_sensor_demo.world\n'}
[1759.164601] (gazebo_plugins) StdoutLine: {'line': b'-- Installing: /opt/ros/gazebo_ros_build/install/share/gazebo_plugins//worlds/gazebo_ros_camera_distortion_barrel_demo.world\n'}
[1759.176443] (gazebo_plugins) CommandEnded: {'returncode': 0}
[1759.208416] (-) TimerEvent: {}
[1759.305739] (gazebo_plugins) JobEnded: {'identifier': 'gazebo_plugins', 'rc': 0}
[1759.313919] (-) TimerEvent: {}
[1759.314538] (gazebo_ros_pkgs) JobStarted: {'identifier': 'gazebo_ros_pkgs'}
[1759.409664] (gazebo_ros_pkgs) JobProgress: {'identifier': 'gazebo_ros_pkgs', 'progress': 'cmake'}
[1759.414757] (gazebo_ros_pkgs) Command: {'cmd': ['/usr/bin/cmake', '/opt/ros/gazebo_ros_build/src/gazebo_ros_pkgs', '-DCMAKE_INSTALL_PREFIX=/opt/ros/gazebo_ros_build/install'], 'cwd': '/opt/ros/gazebo_ros_build/build/gazebo_ros_pkgs', 'env': OrderedDict([('SUDO_GID', '1000'), ('MAIL', '/var/mail/root'), ('USER', 'root'), ('HOSTNAME', 'ubuntu'), ('SHLVL', '1'), ('LD_LIBRARY_PATH', '/usr/lib/aarch64-linux-gnu/gazebo-11/plugins:/opt/ros/gazebo_ros_build/install/lib:/opt/ros/humble/opt/rviz_ogre_vendor/lib:/opt/ros/humble/lib/aarch64-linux-gnu:/opt/ros/humble/lib'), ('HOME', '/root'), ('OLDPWD', '/opt/ros/gazebo_ros_build/src'), ('ROS_PYTHON_VERSION', '3'), ('SUDO_UID', '1000'), ('ROS_DISTRO', 'humble'), ('LOGNAME', 'root'), ('_', '/usr/bin/colcon'), ('ROS_VERSION', '2'), ('TERM', 'xterm'), ('ROS_LOCALHOST_ONLY', '0'), ('PATH', '/opt/ros/humble/bin:/usr/local/sbin:/usr/local/bin:/usr/sbin:/usr/bin:/sbin:/bin:/usr/games:/usr/local/games:/snap/bin'), ('DISPLAY', ':0'), ('LANG', 'C.UTF-8'), ('LS_COLORS', 'rs=0:di=01;34:ln=01;36:mh=00:pi=40;33:so=01;35:do=01;35:bd=40;33;01:cd=40;33;01:or=40;31;01:mi=00:su=37;41:sg=30;43:ca=30;41:tw=30;42:ow=34;42:st=37;44:ex=01;32:*.tar=01;31:*.tgz=01;31:*.arc=01;31:*.arj=01;31:*.taz=01;31:*.lha=01;31:*.lz4=01;31:*.lzh=01;31:*.lzma=01;31:*.tlz=01;31:*.txz=01;31:*.tzo=01;31:*.t7z=01;31:*.zip=01;31:*.z=01;31:*.dz=01;31:*.gz=01;31:*.lrz=01;31:*.lz=01;31:*.lzo=01;31:*.xz=01;31:*.zst=01;31:*.tzst=01;31:*.bz2=01;31:*.bz=01;31:*.tbz=01;31:*.tbz2=01;31:*.tz=01;31:*.deb=01;31:*.rpm=01;31:*.jar=01;31:*.war=01;31:*.ear=01;31:*.sar=01;31:*.rar=01;31:*.alz=01;31:*.ace=01;31:*.zoo=01;31:*.cpio=01;31:*.7z=01;31:*.rz=01;31:*.cab=01;31:*.wim=01;31:*.swm=01;31:*.dwm=01;31:*.esd=01;31:*.jpg=01;35:*.jpeg=01;35:*.mjpg=01;35:*.mjpeg=01;35:*.gif=01;35:*.bmp=01;35:*.pbm=01;35:*.pgm=01;35:*.ppm=01;35:*.tga=01;35:*.xbm=01;35:*.xpm=01;35:*.tif=01;35:*.tiff=01;35:*.png=01;35:*.svg=01;35:*.svgz=01;35:*.mng=01;35:*.pcx=01;35:*.mov=01;35:*.mpg=01;35:*.mpeg=01;35:*.m2v=01;35:*.mkv=01;35:*.webm=01;35:*.webp=01;35:*.ogm=01;35:*.mp4=01;35:*.m4v=01;35:*.mp4v=01;35:*.vob=01;35:*.qt=01;35:*.nuv=01;35:*.wmv=01;35:*.asf=01;35:*.rm=01;35:*.rmvb=01;35:*.flc=01;35:*.avi=01;35:*.fli=01;35:*.flv=01;35:*.gl=01;35:*.dl=01;35:*.xcf=01;35:*.xwd=01;35:*.yuv=01;35:*.cgm=01;35:*.emf=01;35:*.ogv=01;35:*.ogx=01;35:*.aac=00;36:*.au=00;36:*.flac=00;36:*.m4a=00;36:*.mid=00;36:*.midi=00;36:*.mka=00;36:*.mp3=00;36:*.mpc=00;36:*.ogg=00;36:*.ra=00;36:*.wav=00;36:*.oga=00;36:*.opus=00;36:*.spx=00;36:*.xspf=00;36:'), ('SUDO_COMMAND', '/usr/bin/su'), ('AMENT_PREFIX_PATH', '/opt/ros/gazebo_ros_build/install:/opt/ros/humble'), ('SHELL', '/bin/bash'), ('SUDO_USER', 'ultra'), ('PWD', '/opt/ros/gazebo_ros_build/build/gazebo_ros_pkgs'), ('LC_ALL', 'C.UTF-8'), ('PYTHONPATH', '/opt/ros/gazebo_ros_build/install/local/lib/python3.10/dist-packages:/opt/ros/humble/lib/python3.10/site-packages:/opt/ros/humble/local/lib/python3.10/dist-packages'), ('COLCON', '1'), ('CMAKE_PREFIX_PATH', '/opt/ros/gazebo_ros_build/install:/opt/ros/humble')]), 'shell': False}
[1759.423360] (-) TimerEvent: {}
[1759.524102] (-) TimerEvent: {}
[1759.625232] (-) TimerEvent: {}
[1759.726314] (-) TimerEvent: {}
[1759.755825] (gazebo_ros_pkgs) StdoutLine: {'line': b'-- The C compiler identification is GNU 11.4.0\n'}
[1759.826574] (-) TimerEvent: {}
[1759.927604] (-) TimerEvent: {}
[1760.028640] (-) TimerEvent: {}
[1760.072570] (gazebo_ros_pkgs) StdoutLine: {'line': b'-- The CXX compiler identification is GNU 11.4.0\n'}
[1760.113825] (gazebo_ros_pkgs) StdoutLine: {'line': b'-- Detecting C compiler ABI info\n'}
[1760.128812] (-) TimerEvent: {}
[1760.229682] (-) TimerEvent: {}
[1760.330745] (-) TimerEvent: {}
[1760.431754] (-) TimerEvent: {}
[1760.506966] (gazebo_ros_pkgs) StdoutLine: {'line': b'-- Detecting C compiler ABI info - done\n'}
[1760.531974] (-) TimerEvent: {}
[1760.553335] (gazebo_ros_pkgs) StdoutLine: {'line': b'-- Check for working C compiler: /usr/bin/cc - skipped\n'}
[1760.554701] (gazebo_ros_pkgs) StdoutLine: {'line': b'-- Detecting C compile features\n'}
[1760.556816] (gazebo_ros_pkgs) StdoutLine: {'line': b'-- Detecting C compile features - done\n'}
[1760.573890] (gazebo_ros_pkgs) StdoutLine: {'line': b'-- Detecting CXX compiler ABI info\n'}
[1760.632185] (-) TimerEvent: {}
[1760.733227] (-) TimerEvent: {}
[1760.834288] (-) TimerEvent: {}
[1760.935387] (-) TimerEvent: {}
[1760.997240] (gazebo_ros_pkgs) StdoutLine: {'line': b'-- Detecting CXX compiler ABI info - done\n'}
[1761.035567] (-) TimerEvent: {}
[1761.042585] (gazebo_ros_pkgs) StdoutLine: {'line': b'-- Check for working CXX compiler: /usr/bin/c++ - skipped\n'}
[1761.044022] (gazebo_ros_pkgs) StdoutLine: {'line': b'-- Detecting CXX compile features\n'}
[1761.046590] (gazebo_ros_pkgs) StdoutLine: {'line': b'-- Detecting CXX compile features - done\n'}
[1761.064542] (gazebo_ros_pkgs) StdoutLine: {'line': b'-- Found ament_cmake: 1.3.12 (/opt/ros/humble/share/ament_cmake/cmake)\n'}
[1761.135802] (-) TimerEvent: {}
[1761.237608] (-) TimerEvent: {}
[1761.338587] (-) TimerEvent: {}
[1761.439670] (-) TimerEvent: {}
[1761.540824] (-) TimerEvent: {}
[1761.642098] (-) TimerEvent: {}
[1761.743088] (-) TimerEvent: {}
[1761.844136] (-) TimerEvent: {}
[1761.945281] (-) TimerEvent: {}
[1761.966948] (gazebo_ros_pkgs) StdoutLine: {'line': b'-- Found Python3: /usr/bin/python3 (found version "3.10.12") found components: Interpreter \n'}
[1762.045468] (-) TimerEvent: {}
[1762.146384] (-) TimerEvent: {}
[1762.247288] (-) TimerEvent: {}
[1762.348387] (-) TimerEvent: {}
[1762.449411] (-) TimerEvent: {}
[1762.550409] (-) TimerEvent: {}
[1762.651266] (-) TimerEvent: {}
[1762.752420] (-) TimerEvent: {}
[1762.853337] (-) TimerEvent: {}
[1762.942931] (gazebo_ros_pkgs) StdoutLine: {'line': b'-- Configuring done\n'}
[1762.953431] (-) TimerEvent: {}
[1762.964606] (gazebo_ros_pkgs) StdoutLine: {'line': b'-- Generating done\n'}
[1762.975936] (gazebo_ros_pkgs) StdoutLine: {'line': b'-- Build files have been written to: /opt/ros/gazebo_ros_build/build/gazebo_ros_pkgs\n'}
[1763.000369] (gazebo_ros_pkgs) CommandEnded: {'returncode': 0}
[1763.003286] (gazebo_ros_pkgs) JobProgress: {'identifier': 'gazebo_ros_pkgs', 'progress': 'build'}
[1763.004937] (gazebo_ros_pkgs) Command: {'cmd': ['/usr/bin/cmake', '--build', '/opt/ros/gazebo_ros_build/build/gazebo_ros_pkgs', '--', '-j6', '-l6'], 'cwd': '/opt/ros/gazebo_ros_build/build/gazebo_ros_pkgs', 'env': OrderedDict([('SUDO_GID', '1000'), ('MAIL', '/var/mail/root'), ('USER', 'root'), ('HOSTNAME', 'ubuntu'), ('SHLVL', '1'), ('LD_LIBRARY_PATH', '/usr/lib/aarch64-linux-gnu/gazebo-11/plugins:/opt/ros/gazebo_ros_build/install/lib:/opt/ros/humble/opt/rviz_ogre_vendor/lib:/opt/ros/humble/lib/aarch64-linux-gnu:/opt/ros/humble/lib'), ('HOME', '/root'), ('OLDPWD', '/opt/ros/gazebo_ros_build/src'), ('ROS_PYTHON_VERSION', '3'), ('SUDO_UID', '1000'), ('ROS_DISTRO', 'humble'), ('LOGNAME', 'root'), ('_', '/usr/bin/colcon'), ('ROS_VERSION', '2'), ('TERM', 'xterm'), ('ROS_LOCALHOST_ONLY', '0'), ('PATH', '/opt/ros/humble/bin:/usr/local/sbin:/usr/local/bin:/usr/sbin:/usr/bin:/sbin:/bin:/usr/games:/usr/local/games:/snap/bin'), ('DISPLAY', ':0'), ('LANG', 'C.UTF-8'), ('LS_COLORS', 'rs=0:di=01;34:ln=01;36:mh=00:pi=40;33:so=01;35:do=01;35:bd=40;33;01:cd=40;33;01:or=40;31;01:mi=00:su=37;41:sg=30;43:ca=30;41:tw=30;42:ow=34;42:st=37;44:ex=01;32:*.tar=01;31:*.tgz=01;31:*.arc=01;31:*.arj=01;31:*.taz=01;31:*.lha=01;31:*.lz4=01;31:*.lzh=01;31:*.lzma=01;31:*.tlz=01;31:*.txz=01;31:*.tzo=01;31:*.t7z=01;31:*.zip=01;31:*.z=01;31:*.dz=01;31:*.gz=01;31:*.lrz=01;31:*.lz=01;31:*.lzo=01;31:*.xz=01;31:*.zst=01;31:*.tzst=01;31:*.bz2=01;31:*.bz=01;31:*.tbz=01;31:*.tbz2=01;31:*.tz=01;31:*.deb=01;31:*.rpm=01;31:*.jar=01;31:*.war=01;31:*.ear=01;31:*.sar=01;31:*.rar=01;31:*.alz=01;31:*.ace=01;31:*.zoo=01;31:*.cpio=01;31:*.7z=01;31:*.rz=01;31:*.cab=01;31:*.wim=01;31:*.swm=01;31:*.dwm=01;31:*.esd=01;31:*.jpg=01;35:*.jpeg=01;35:*.mjpg=01;35:*.mjpeg=01;35:*.gif=01;35:*.bmp=01;35:*.pbm=01;35:*.pgm=01;35:*.ppm=01;35:*.tga=01;35:*.xbm=01;35:*.xpm=01;35:*.tif=01;35:*.tiff=01;35:*.png=01;35:*.svg=01;35:*.svgz=01;35:*.mng=01;35:*.pcx=01;35:*.mov=01;35:*.mpg=01;35:*.mpeg=01;35:*.m2v=01;35:*.mkv=01;35:*.webm=01;35:*.webp=01;35:*.ogm=01;35:*.mp4=01;35:*.m4v=01;35:*.mp4v=01;35:*.vob=01;35:*.qt=01;35:*.nuv=01;35:*.wmv=01;35:*.asf=01;35:*.rm=01;35:*.rmvb=01;35:*.flc=01;35:*.avi=01;35:*.fli=01;35:*.flv=01;35:*.gl=01;35:*.dl=01;35:*.xcf=01;35:*.xwd=01;35:*.yuv=01;35:*.cgm=01;35:*.emf=01;35:*.ogv=01;35:*.ogx=01;35:*.aac=00;36:*.au=00;36:*.flac=00;36:*.m4a=00;36:*.mid=00;36:*.midi=00;36:*.mka=00;36:*.mp3=00;36:*.mpc=00;36:*.ogg=00;36:*.ra=00;36:*.wav=00;36:*.oga=00;36:*.opus=00;36:*.spx=00;36:*.xspf=00;36:'), ('SUDO_COMMAND', '/usr/bin/su'), ('AMENT_PREFIX_PATH', '/opt/ros/gazebo_ros_build/install:/opt/ros/humble'), ('SHELL', '/bin/bash'), ('SUDO_USER', 'ultra'), ('PWD', '/opt/ros/gazebo_ros_build/build/gazebo_ros_pkgs'), ('LC_ALL', 'C.UTF-8'), ('PYTHONPATH', '/opt/ros/gazebo_ros_build/install/local/lib/python3.10/dist-packages:/opt/ros/humble/lib/python3.10/site-packages:/opt/ros/humble/local/lib/python3.10/dist-packages'), ('COLCON', '1'), ('CMAKE_PREFIX_PATH', '/opt/ros/gazebo_ros_build/install:/opt/ros/humble')]), 'shell': False}
[1763.053704] (-) TimerEvent: {}
[1763.154683] (-) TimerEvent: {}
[1763.208357] (gazebo_ros_pkgs) CommandEnded: {'returncode': 0}
[1763.211919] (gazebo_ros_pkgs) JobProgress: {'identifier': 'gazebo_ros_pkgs', 'progress': 'install'}
[1763.217381] (gazebo_ros_pkgs) Command: {'cmd': ['/usr/bin/cmake', '--install', '/opt/ros/gazebo_ros_build/build/gazebo_ros_pkgs'], 'cwd': '/opt/ros/gazebo_ros_build/build/gazebo_ros_pkgs', 'env': OrderedDict([('SUDO_GID', '1000'), ('MAIL', '/var/mail/root'), ('USER', 'root'), ('HOSTNAME', 'ubuntu'), ('SHLVL', '1'), ('LD_LIBRARY_PATH', '/usr/lib/aarch64-linux-gnu/gazebo-11/plugins:/opt/ros/gazebo_ros_build/install/lib:/opt/ros/humble/opt/rviz_ogre_vendor/lib:/opt/ros/humble/lib/aarch64-linux-gnu:/opt/ros/humble/lib'), ('HOME', '/root'), ('OLDPWD', '/opt/ros/gazebo_ros_build/src'), ('ROS_PYTHON_VERSION', '3'), ('SUDO_UID', '1000'), ('ROS_DISTRO', 'humble'), ('LOGNAME', 'root'), ('_', '/usr/bin/colcon'), ('ROS_VERSION', '2'), ('TERM', 'xterm'), ('ROS_LOCALHOST_ONLY', '0'), ('PATH', '/opt/ros/humble/bin:/usr/local/sbin:/usr/local/bin:/usr/sbin:/usr/bin:/sbin:/bin:/usr/games:/usr/local/games:/snap/bin'), ('DISPLAY', ':0'), ('LANG', 'C.UTF-8'), ('LS_COLORS', 'rs=0:di=01;34:ln=01;36:mh=00:pi=40;33:so=01;35:do=01;35:bd=40;33;01:cd=40;33;01:or=40;31;01:mi=00:su=37;41:sg=30;43:ca=30;41:tw=30;42:ow=34;42:st=37;44:ex=01;32:*.tar=01;31:*.tgz=01;31:*.arc=01;31:*.arj=01;31:*.taz=01;31:*.lha=01;31:*.lz4=01;31:*.lzh=01;31:*.lzma=01;31:*.tlz=01;31:*.txz=01;31:*.tzo=01;31:*.t7z=01;31:*.zip=01;31:*.z=01;31:*.dz=01;31:*.gz=01;31:*.lrz=01;31:*.lz=01;31:*.lzo=01;31:*.xz=01;31:*.zst=01;31:*.tzst=01;31:*.bz2=01;31:*.bz=01;31:*.tbz=01;31:*.tbz2=01;31:*.tz=01;31:*.deb=01;31:*.rpm=01;31:*.jar=01;31:*.war=01;31:*.ear=01;31:*.sar=01;31:*.rar=01;31:*.alz=01;31:*.ace=01;31:*.zoo=01;31:*.cpio=01;31:*.7z=01;31:*.rz=01;31:*.cab=01;31:*.wim=01;31:*.swm=01;31:*.dwm=01;31:*.esd=01;31:*.jpg=01;35:*.jpeg=01;35:*.mjpg=01;35:*.mjpeg=01;35:*.gif=01;35:*.bmp=01;35:*.pbm=01;35:*.pgm=01;35:*.ppm=01;35:*.tga=01;35:*.xbm=01;35:*.xpm=01;35:*.tif=01;35:*.tiff=01;35:*.png=01;35:*.svg=01;35:*.svgz=01;35:*.mng=01;35:*.pcx=01;35:*.mov=01;35:*.mpg=01;35:*.mpeg=01;35:*.m2v=01;35:*.mkv=01;35:*.webm=01;35:*.webp=01;35:*.ogm=01;35:*.mp4=01;35:*.m4v=01;35:*.mp4v=01;35:*.vob=01;35:*.qt=01;35:*.nuv=01;35:*.wmv=01;35:*.asf=01;35:*.rm=01;35:*.rmvb=01;35:*.flc=01;35:*.avi=01;35:*.fli=01;35:*.flv=01;35:*.gl=01;35:*.dl=01;35:*.xcf=01;35:*.xwd=01;35:*.yuv=01;35:*.cgm=01;35:*.emf=01;35:*.ogv=01;35:*.ogx=01;35:*.aac=00;36:*.au=00;36:*.flac=00;36:*.m4a=00;36:*.mid=00;36:*.midi=00;36:*.mka=00;36:*.mp3=00;36:*.mpc=00;36:*.ogg=00;36:*.ra=00;36:*.wav=00;36:*.oga=00;36:*.opus=00;36:*.spx=00;36:*.xspf=00;36:'), ('SUDO_COMMAND', '/usr/bin/su'), ('AMENT_PREFIX_PATH', '/opt/ros/gazebo_ros_build/install:/opt/ros/humble'), ('SHELL', '/bin/bash'), ('SUDO_USER', 'ultra'), ('PWD', '/opt/ros/gazebo_ros_build/build/gazebo_ros_pkgs'), ('LC_ALL', 'C.UTF-8'), ('PYTHONPATH', '/opt/ros/gazebo_ros_build/install/local/lib/python3.10/dist-packages:/opt/ros/humble/lib/python3.10/site-packages:/opt/ros/humble/local/lib/python3.10/dist-packages'), ('COLCON', '1'), ('CMAKE_PREFIX_PATH', '/opt/ros/gazebo_ros_build/install:/opt/ros/humble')]), 'shell': False}
[1763.254902] (-) TimerEvent: {}
[1763.256037] (gazebo_ros_pkgs) StdoutLine: {'line': b'-- Install configuration: ""\n'}
[1763.257235] (gazebo_ros_pkgs) StdoutLine: {'line': b'-- Installing: /opt/ros/gazebo_ros_build/install/share/ament_index/resource_index/package_run_dependencies/gazebo_ros_pkgs\n'}
[1763.258555] (gazebo_ros_pkgs) StdoutLine: {'line': b'-- Installing: /opt/ros/gazebo_ros_build/install/share/ament_index/resource_index/parent_prefix_path/gazebo_ros_pkgs\n'}
[1763.260316] (gazebo_ros_pkgs) StdoutLine: {'line': b'-- Installing: /opt/ros/gazebo_ros_build/install/share/gazebo_ros_pkgs/environment/ament_prefix_path.sh\n'}
[1763.261457] (gazebo_ros_pkgs) StdoutLine: {'line': b'-- Installing: /opt/ros/gazebo_ros_build/install/share/gazebo_ros_pkgs/environment/ament_prefix_path.dsv\n'}
[1763.262687] (gazebo_ros_pkgs) StdoutLine: {'line': b'-- Installing: /opt/ros/gazebo_ros_build/install/share/gazebo_ros_pkgs/environment/path.sh\n'}
[1763.263920] (gazebo_ros_pkgs) StdoutLine: {'line': b'-- Installing: /opt/ros/gazebo_ros_build/install/share/gazebo_ros_pkgs/environment/path.dsv\n'}
[1763.265119] (gazebo_ros_pkgs) StdoutLine: {'line': b'-- Installing: /opt/ros/gazebo_ros_build/install/share/gazebo_ros_pkgs/local_setup.bash\n'}
[1763.266221] (gazebo_ros_pkgs) StdoutLine: {'line': b'-- Installing: /opt/ros/gazebo_ros_build/install/share/gazebo_ros_pkgs/local_setup.sh\n'}
[1763.267402] (gazebo_ros_pkgs) StdoutLine: {'line': b'-- Installing: /opt/ros/gazebo_ros_build/install/share/gazebo_ros_pkgs/local_setup.zsh\n'}
[1763.268937] (gazebo_ros_pkgs) StdoutLine: {'line': b'-- Installing: /opt/ros/gazebo_ros_build/install/share/gazebo_ros_pkgs/local_setup.dsv\n'}
[1763.269668] (gazebo_ros_pkgs) StdoutLine: {'line': b'-- Installing: /opt/ros/gazebo_ros_build/install/share/gazebo_ros_pkgs/package.dsv\n'}
[1763.270780] (gazebo_ros_pkgs) StdoutLine: {'line': b'-- Installing: /opt/ros/gazebo_ros_build/install/share/ament_index/resource_index/packages/gazebo_ros_pkgs\n'}
[1763.272088] (gazebo_ros_pkgs) StdoutLine: {'line': b'-- Installing: /opt/ros/gazebo_ros_build/install/share/gazebo_ros_pkgs/cmake/gazebo_ros_pkgsConfig.cmake\n'}
[1763.273114] (gazebo_ros_pkgs) StdoutLine: {'line': b'-- Installing: /opt/ros/gazebo_ros_build/install/share/gazebo_ros_pkgs/cmake/gazebo_ros_pkgsConfig-version.cmake\n'}
[1763.274175] (gazebo_ros_pkgs) StdoutLine: {'line': b'-- Installing: /opt/ros/gazebo_ros_build/install/share/gazebo_ros_pkgs/package.xml\n'}
[1763.283405] (gazebo_ros_pkgs) CommandEnded: {'returncode': 0}
[1763.355566] (-) TimerEvent: {}
[1763.384564] (gazebo_ros_pkgs) JobEnded: {'identifier': 'gazebo_ros_pkgs', 'rc': 0}
[1763.391343] (-) EventReactorShutdown: {}
