[0.083s] Invoking command in '/home/ultra/gazebo_ros/build/gazebo_msgs': CMAKE_PREFIX_PATH=${CMAKE_PREFIX_PATH}:/opt/ros/humble /usr/bin/cmake /home/ultra/gazebo_ros/src/gazebo_ros_pkgs/gazebo_msgs -DAMENT_CMAKE_SYMLINK_INSTALL=1 -DCMAKE_INSTALL_PREFIX=/home/ultra/gazebo_ros/install/gazebo_msgs
[0.433s] -- The C compiler identification is GNU 11.4.0
[0.789s] -- The CXX compiler identification is GNU 11.4.0
[0.832s] -- Detecting C compiler ABI info
[1.236s] -- Detecting C compiler ABI info - done
[1.290s] -- Check for working C compiler: /usr/bin/cc - skipped
[1.292s] -- Detecting C compile features
[1.294s] -- Detecting C compile features - done
[1.321s] -- Detecting CXX compiler ABI info
[1.791s] -- Detecting CXX compiler ABI info - done
[1.839s] -- Check for working CXX compiler: /usr/bin/c++ - skipped
[1.840s] -- Detecting CXX compile features
[1.843s] -- Detecting CXX compile features - done
[1.861s] -- Found ament_cmake: 1.3.12 (/opt/ros/humble/share/ament_cmake/cmake)
[2.777s] -- Found Python3: /usr/bin/python3 (found version "3.10.12") found components: Interpreter 
[3.239s] -- Override CMake install command with custom implementation using symlinks instead of copying resources
[3.442s] -- Found builtin_interfaces: 1.2.2 (/opt/ros/humble/share/builtin_interfaces/cmake)
[3.646s] -- Found rosidl_generator_c: 3.1.7 (/opt/ros/humble/share/rosidl_generator_c/cmake)
[3.686s] -- Found rosidl_adapter: 3.1.7 (/opt/ros/humble/share/rosidl_adapter/cmake)
[3.767s] -- Found rosidl_generator_cpp: 3.1.7 (/opt/ros/humble/share/rosidl_generator_cpp/cmake)
[3.864s] -- Using all available rosidl_typesupport_c: rosidl_typesupport_fastrtps_c;rosidl_typesupport_introspection_c
[3.980s] -- Using all available rosidl_typesupport_cpp: rosidl_typesupport_fastrtps_cpp;rosidl_typesupport_introspection_cpp
[4.092s] -- Found std_msgs: 4.9.0 (/opt/ros/humble/share/std_msgs/cmake)
[4.169s] -- Found trajectory_msgs: 4.9.0 (/opt/ros/humble/share/trajectory_msgs/cmake)
[4.362s] -- Found rosidl_default_generators: 1.2.0 (/opt/ros/humble/share/rosidl_default_generators/cmake)
[8.036s] -- Found ament_cmake_cppcheck: 0.12.14 (/opt/ros/humble/share/ament_cmake_cppcheck/cmake)
[8.051s] -- Found ament_cmake_cpplint: 0.12.14 (/opt/ros/humble/share/ament_cmake_cpplint/cmake)
[8.066s] -- Found ament_cmake_uncrustify: 0.12.14 (/opt/ros/humble/share/ament_cmake_uncrustify/cmake)
[8.082s] -- Found ament_cmake_ros: 0.10.0 (/opt/ros/humble/share/ament_cmake_ros/cmake)
[10.922s] -- Using all available rosidl_typesupport_c: rosidl_typesupport_fastrtps_c;rosidl_typesupport_introspection_c
[11.959s] -- Using all available rosidl_typesupport_cpp: rosidl_typesupport_fastrtps_cpp;rosidl_typesupport_introspection_cpp
[12.092s] -- Found PythonInterp: /usr/bin/python3 (found suitable version "3.10.12", minimum required is "3.6") 
[12.104s] -- Found python_cmake_module: 0.10.0 (/opt/ros/humble/share/python_cmake_module/cmake)
[12.236s] -- Found PythonLibs: /usr/lib/aarch64-linux-gnu/libpython3.10.so (found suitable version "3.10.12", minimum required is "3.5") 
[12.237s] -- Using PYTHON_EXECUTABLE: /usr/bin/python3
[12.237s] -- Using PYTHON_INCLUDE_DIRS: /usr/include/python3.10
[12.238s] -- Using PYTHON_LIBRARIES: /usr/lib/aarch64-linux-gnu/libpython3.10.so
[12.348s] -- Found PythonExtra: .so  
[12.786s] -- Found ament_cmake_flake8: 0.12.14 (/opt/ros/humble/share/ament_cmake_flake8/cmake)
[12.800s] -- Found ament_cmake_pep257: 0.12.14 (/opt/ros/humble/share/ament_cmake_pep257/cmake)
[12.991s] -- Configuring done
[13.695s] -- Generating done
[13.807s] -- Build files have been written to: /home/ultra/gazebo_ros/build/gazebo_msgs
[13.857s] Invoked command in '/home/ultra/gazebo_ros/build/gazebo_msgs' returned '0': CMAKE_PREFIX_PATH=${CMAKE_PREFIX_PATH}:/opt/ros/humble /usr/bin/cmake /home/ultra/gazebo_ros/src/gazebo_ros_pkgs/gazebo_msgs -DAMENT_CMAKE_SYMLINK_INSTALL=1 -DCMAKE_INSTALL_PREFIX=/home/ultra/gazebo_ros/install/gazebo_msgs
[13.866s] Invoking command in '/home/ultra/gazebo_ros/build/gazebo_msgs': CMAKE_PREFIX_PATH=${CMAKE_PREFIX_PATH}:/opt/ros/humble /usr/bin/cmake --build /home/ultra/gazebo_ros/build/gazebo_msgs -- -j6 -l6
[14.214s] [  0%] [34m[1mGenerating C code for ROS interfaces[0m
[14.285s] [  0%] [34m[1mGenerating C++ code for ROS interfaces[0m
[14.290s] [  0%] Built target ament_cmake_python_symlink_gazebo_msgs
[15.587s] running egg_info
[15.590s] creating gazebo_msgs.egg-info
[15.591s] writing gazebo_msgs.egg-info/PKG-INFO
[15.592s] writing dependency_links to gazebo_msgs.egg-info/dependency_links.txt
[15.594s] writing top-level names to gazebo_msgs.egg-info/top_level.txt
[15.594s] writing manifest file 'gazebo_msgs.egg-info/SOURCES.txt'
[15.605s] reading manifest file 'gazebo_msgs.egg-info/SOURCES.txt'
[15.608s] writing manifest file 'gazebo_msgs.egg-info/SOURCES.txt'
[15.731s] [  0%] Built target ament_cmake_python_build_gazebo_msgs_egg
[39.186s] [  1%] [32mBuilding C object CMakeFiles/gazebo_msgs__rosidl_generator_c.dir/rosidl_generator_c/gazebo_msgs/msg/detail/contact_state__functions.c.o[0m
[39.205s] [  1%] [32mBuilding C object CMakeFiles/gazebo_msgs__rosidl_generator_c.dir/rosidl_generator_c/gazebo_msgs/msg/detail/contacts_state__functions.c.o[0m
[39.298s] [  1%] [32mBuilding C object CMakeFiles/gazebo_msgs__rosidl_generator_c.dir/rosidl_generator_c/gazebo_msgs/msg/detail/entity_state__functions.c.o[0m
[39.600s] [  1%] [32mBuilding C object CMakeFiles/gazebo_msgs__rosidl_generator_c.dir/rosidl_generator_c/gazebo_msgs/msg/detail/link_state__functions.c.o[0m
[39.601s] [  2%] [32mBuilding C object CMakeFiles/gazebo_msgs__rosidl_generator_c.dir/rosidl_generator_c/gazebo_msgs/msg/detail/link_states__functions.c.o[0m
[39.745s] [  2%] [32mBuilding C object CMakeFiles/gazebo_msgs__rosidl_generator_c.dir/rosidl_generator_c/gazebo_msgs/msg/detail/model_state__functions.c.o[0m
[39.850s] [  2%] [32mBuilding C object CMakeFiles/gazebo_msgs__rosidl_generator_c.dir/rosidl_generator_c/gazebo_msgs/msg/detail/ode_joint_properties__functions.c.o[0m
[39.855s] [  2%] [32mBuilding C object CMakeFiles/gazebo_msgs__rosidl_generator_c.dir/rosidl_generator_c/gazebo_msgs/msg/detail/model_states__functions.c.o[0m
[39.871s] [  2%] Built target gazebo_msgs__cpp
[39.945s] [  2%] [34m[1mGenerating C++ type support dispatch for ROS interfaces[0m
[39.991s] [  3%] [32mBuilding C object CMakeFiles/gazebo_msgs__rosidl_generator_c.dir/rosidl_generator_c/gazebo_msgs/msg/detail/ode_physics__functions.c.o[0m
[40.017s] [  3%] [32mBuilding C object CMakeFiles/gazebo_msgs__rosidl_generator_c.dir/rosidl_generator_c/gazebo_msgs/msg/detail/performance_metrics__functions.c.o[0m
[40.136s] [  3%] [32mBuilding C object CMakeFiles/gazebo_msgs__rosidl_generator_c.dir/rosidl_generator_c/gazebo_msgs/msg/detail/sensor_performance_metric__functions.c.o[0m
[40.274s] [  4%] [32mBuilding C object CMakeFiles/gazebo_msgs__rosidl_generator_c.dir/rosidl_generator_c/gazebo_msgs/msg/detail/wheel_slip__functions.c.o[0m
[40.296s] [  4%] [32mBuilding C object CMakeFiles/gazebo_msgs__rosidl_generator_c.dir/rosidl_generator_c/gazebo_msgs/msg/detail/world_state__functions.c.o[0m
[40.361s] [  4%] [32mBuilding C object CMakeFiles/gazebo_msgs__rosidl_generator_c.dir/rosidl_generator_c/gazebo_msgs/srv/detail/apply_body_wrench__functions.c.o[0m
[40.425s] [  4%] [34m[1mGenerating C++ type support for eProsima Fast-RTPS[0m
[40.509s] [  4%] [32mBuilding C object CMakeFiles/gazebo_msgs__rosidl_generator_c.dir/rosidl_generator_c/gazebo_msgs/srv/detail/apply_link_wrench__functions.c.o[0m
[40.677s] [  5%] [32mBuilding C object CMakeFiles/gazebo_msgs__rosidl_generator_c.dir/rosidl_generator_c/gazebo_msgs/srv/detail/apply_joint_effort__functions.c.o[0m
[40.708s] [  5%] [32mBuilding C object CMakeFiles/gazebo_msgs__rosidl_generator_c.dir/rosidl_generator_c/gazebo_msgs/srv/detail/body_request__functions.c.o[0m
[40.832s] [  5%] [32mBuilding C object CMakeFiles/gazebo_msgs__rosidl_generator_c.dir/rosidl_generator_c/gazebo_msgs/srv/detail/delete_entity__functions.c.o[0m
[40.990s] [  5%] [32mBuilding C object CMakeFiles/gazebo_msgs__rosidl_generator_c.dir/rosidl_generator_c/gazebo_msgs/srv/detail/delete_light__functions.c.o[0m
[41.147s] [  6%] [32mBuilding C object CMakeFiles/gazebo_msgs__rosidl_generator_c.dir/rosidl_generator_c/gazebo_msgs/srv/detail/delete_model__functions.c.o[0m
[41.181s] [  6%] [32mBuilding C object CMakeFiles/gazebo_msgs__rosidl_generator_c.dir/rosidl_generator_c/gazebo_msgs/srv/detail/get_joint_properties__functions.c.o[0m
[41.268s] [  6%] [32mBuilding C object CMakeFiles/gazebo_msgs__rosidl_generator_c.dir/rosidl_generator_c/gazebo_msgs/srv/detail/get_entity_state__functions.c.o[0m
[41.431s] [  7%] [32mBuilding C object CMakeFiles/gazebo_msgs__rosidl_generator_c.dir/rosidl_generator_c/gazebo_msgs/srv/detail/get_light_properties__functions.c.o[0m
[41.589s] [  7%] [32mBuilding C object CMakeFiles/gazebo_msgs__rosidl_generator_c.dir/rosidl_generator_c/gazebo_msgs/srv/detail/get_link_properties__functions.c.o[0m
[41.687s] [  7%] [32mBuilding C object CMakeFiles/gazebo_msgs__rosidl_generator_c.dir/rosidl_generator_c/gazebo_msgs/srv/detail/get_link_state__functions.c.o[0m
[41.715s] [  7%] [32mBuilding C object CMakeFiles/gazebo_msgs__rosidl_generator_c.dir/rosidl_generator_c/gazebo_msgs/srv/detail/get_model_list__functions.c.o[0m
[41.866s] [  8%] [32mBuilding C object CMakeFiles/gazebo_msgs__rosidl_generator_c.dir/rosidl_generator_c/gazebo_msgs/srv/detail/get_model_properties__functions.c.o[0m
[42.056s] [  8%] [32mBuilding C object CMakeFiles/gazebo_msgs__rosidl_generator_c.dir/rosidl_generator_c/gazebo_msgs/srv/detail/get_model_state__functions.c.o[0m
[42.146s] [  8%] [32mBuilding C object CMakeFiles/gazebo_msgs__rosidl_generator_c.dir/rosidl_generator_c/gazebo_msgs/srv/detail/get_physics_properties__functions.c.o[0m
[42.193s] [  8%] [32mBuilding C object CMakeFiles/gazebo_msgs__rosidl_generator_c.dir/rosidl_generator_c/gazebo_msgs/srv/detail/get_world_properties__functions.c.o[0m
[42.439s] [  9%] [32mBuilding C object CMakeFiles/gazebo_msgs__rosidl_generator_c.dir/rosidl_generator_c/gazebo_msgs/srv/detail/joint_request__functions.c.o[0m
[42.683s] [  9%] [32mBuilding C object CMakeFiles/gazebo_msgs__rosidl_generator_c.dir/rosidl_generator_c/gazebo_msgs/srv/detail/set_entity_state__functions.c.o[0m
[42.701s] [  9%] [32mBuilding C object CMakeFiles/gazebo_msgs__rosidl_generator_c.dir/rosidl_generator_c/gazebo_msgs/srv/detail/link_request__functions.c.o[0m
[42.775s] [ 10%] [32mBuilding C object CMakeFiles/gazebo_msgs__rosidl_generator_c.dir/rosidl_generator_c/gazebo_msgs/srv/detail/set_joint_properties__functions.c.o[0m
[42.940s] [ 10%] [32mBuilding C object CMakeFiles/gazebo_msgs__rosidl_generator_c.dir/rosidl_generator_c/gazebo_msgs/srv/detail/set_joint_trajectory__functions.c.o[0m
[43.161s] [ 10%] [32mBuilding C object CMakeFiles/gazebo_msgs__rosidl_generator_c.dir/rosidl_generator_c/gazebo_msgs/srv/detail/set_light_properties__functions.c.o[0m
[43.171s] [ 10%] [32mBuilding C object CMakeFiles/gazebo_msgs__rosidl_generator_c.dir/rosidl_generator_c/gazebo_msgs/srv/detail/set_link_properties__functions.c.o[0m
[43.210s] [ 11%] [32mBuilding C object CMakeFiles/gazebo_msgs__rosidl_generator_c.dir/rosidl_generator_c/gazebo_msgs/srv/detail/set_link_state__functions.c.o[0m
[43.393s] [ 11%] [32mBuilding C object CMakeFiles/gazebo_msgs__rosidl_generator_c.dir/rosidl_generator_c/gazebo_msgs/srv/detail/set_model_configuration__functions.c.o[0m
[43.629s] [ 11%] [32mBuilding C object CMakeFiles/gazebo_msgs__rosidl_generator_c.dir/rosidl_generator_c/gazebo_msgs/srv/detail/set_model_state__functions.c.o[0m
[43.656s] [ 11%] [32mBuilding C object CMakeFiles/gazebo_msgs__rosidl_generator_c.dir/rosidl_generator_c/gazebo_msgs/srv/detail/set_physics_properties__functions.c.o[0m
[43.707s] [ 12%] [32mBuilding C object CMakeFiles/gazebo_msgs__rosidl_generator_c.dir/rosidl_generator_c/gazebo_msgs/srv/detail/spawn_entity__functions.c.o[0m
[43.828s] [ 12%] [32mBuilding C object CMakeFiles/gazebo_msgs__rosidl_generator_c.dir/rosidl_generator_c/gazebo_msgs/srv/detail/spawn_model__functions.c.o[0m
[44.110s] [ 13%] [34m[1mGenerating C++ introspection for ROS interfaces[0m
[44.266s] [ 13%] [32m[1mLinking C shared library libgazebo_msgs__rosidl_generator_c.so[0m
[44.598s] [ 13%] Built target gazebo_msgs__rosidl_generator_c
[44.680s] [ 15%] [34m[1mGenerating C type support dispatch for ROS interfaces[0m
[44.681s] [ 15%] [34m[1mGenerating C type support for eProsima Fast-RTPS[0m
[44.683s] [ 16%] [34m[1mGenerating C introspection for ROS interfaces[0m
[59.357s] [ 17%] [32mBuilding CXX object CMakeFiles/gazebo_msgs__rosidl_typesupport_cpp.dir/rosidl_typesupport_cpp/gazebo_msgs/msg/contact_state__type_support.cpp.o[0m
[61.278s] [ 17%] [32mBuilding CXX object CMakeFiles/gazebo_msgs__rosidl_typesupport_cpp.dir/rosidl_typesupport_cpp/gazebo_msgs/msg/contacts_state__type_support.cpp.o[0m
[63.247s] [ 17%] [32mBuilding CXX object CMakeFiles/gazebo_msgs__rosidl_typesupport_cpp.dir/rosidl_typesupport_cpp/gazebo_msgs/msg/entity_state__type_support.cpp.o[0m
[64.058s] [ 17%] [32mBuilding CXX object CMakeFiles/gazebo_msgs__rosidl_typesupport_c.dir/rosidl_typesupport_c/gazebo_msgs/msg/contact_state__type_support.cpp.o[0m
[64.308s] [ 17%] [32mBuilding CXX object CMakeFiles/gazebo_msgs__rosidl_typesupport_c.dir/rosidl_typesupport_c/gazebo_msgs/msg/contacts_state__type_support.cpp.o[0m
[64.551s] [ 17%] [32mBuilding CXX object CMakeFiles/gazebo_msgs__rosidl_typesupport_c.dir/rosidl_typesupport_c/gazebo_msgs/msg/entity_state__type_support.cpp.o[0m
[64.789s] [ 18%] [32mBuilding CXX object CMakeFiles/gazebo_msgs__rosidl_typesupport_c.dir/rosidl_typesupport_c/gazebo_msgs/msg/link_state__type_support.cpp.o[0m
[65.027s] [ 18%] [32mBuilding CXX object CMakeFiles/gazebo_msgs__rosidl_typesupport_c.dir/rosidl_typesupport_c/gazebo_msgs/msg/link_states__type_support.cpp.o[0m
[65.278s] [ 18%] [32mBuilding CXX object CMakeFiles/gazebo_msgs__rosidl_typesupport_cpp.dir/rosidl_typesupport_cpp/gazebo_msgs/msg/link_state__type_support.cpp.o[0m
[65.291s] [ 18%] [32mBuilding CXX object CMakeFiles/gazebo_msgs__rosidl_typesupport_c.dir/rosidl_typesupport_c/gazebo_msgs/msg/model_state__type_support.cpp.o[0m
[65.546s] [ 18%] [32mBuilding CXX object CMakeFiles/gazebo_msgs__rosidl_typesupport_c.dir/rosidl_typesupport_c/gazebo_msgs/msg/model_states__type_support.cpp.o[0m
[65.801s] [ 19%] [32mBuilding CXX object CMakeFiles/gazebo_msgs__rosidl_typesupport_c.dir/rosidl_typesupport_c/gazebo_msgs/msg/ode_joint_properties__type_support.cpp.o[0m
[66.039s] [ 19%] [32mBuilding CXX object CMakeFiles/gazebo_msgs__rosidl_typesupport_c.dir/rosidl_typesupport_c/gazebo_msgs/msg/ode_physics__type_support.cpp.o[0m
[66.288s] [ 19%] [32mBuilding CXX object CMakeFiles/gazebo_msgs__rosidl_typesupport_c.dir/rosidl_typesupport_c/gazebo_msgs/msg/performance_metrics__type_support.cpp.o[0m
[66.543s] [ 20%] [32mBuilding CXX object CMakeFiles/gazebo_msgs__rosidl_typesupport_c.dir/rosidl_typesupport_c/gazebo_msgs/msg/sensor_performance_metric__type_support.cpp.o[0m
[66.799s] [ 20%] [32mBuilding CXX object CMakeFiles/gazebo_msgs__rosidl_typesupport_c.dir/rosidl_typesupport_c/gazebo_msgs/msg/wheel_slip__type_support.cpp.o[0m
[67.037s] [ 20%] [32mBuilding CXX object CMakeFiles/gazebo_msgs__rosidl_typesupport_c.dir/rosidl_typesupport_c/gazebo_msgs/msg/world_state__type_support.cpp.o[0m
[67.091s] [ 21%] [32mBuilding CXX object CMakeFiles/gazebo_msgs__rosidl_typesupport_fastrtps_cpp.dir/rosidl_typesupport_fastrtps_cpp/gazebo_msgs/msg/detail/dds_fastrtps/contact_state__type_support.cpp.o[0m
[67.262s] [ 22%] [32mBuilding CXX object CMakeFiles/gazebo_msgs__rosidl_typesupport_cpp.dir/rosidl_typesupport_cpp/gazebo_msgs/msg/link_states__type_support.cpp.o[0m
[67.284s] [ 22%] [32mBuilding CXX object CMakeFiles/gazebo_msgs__rosidl_typesupport_c.dir/rosidl_typesupport_c/gazebo_msgs/srv/apply_body_wrench__type_support.cpp.o[0m
[67.486s] [ 22%] [32mBuilding CXX object CMakeFiles/gazebo_msgs__rosidl_typesupport_introspection_cpp.dir/rosidl_typesupport_introspection_cpp/gazebo_msgs/msg/detail/contact_state__type_support.cpp.o[0m
[67.538s] [ 23%] [32mBuilding CXX object CMakeFiles/gazebo_msgs__rosidl_typesupport_c.dir/rosidl_typesupport_c/gazebo_msgs/srv/apply_link_wrench__type_support.cpp.o[0m
[67.802s] [ 23%] [32mBuilding CXX object CMakeFiles/gazebo_msgs__rosidl_typesupport_c.dir/rosidl_typesupport_c/gazebo_msgs/srv/apply_joint_effort__type_support.cpp.o[0m
[68.060s] [ 23%] [32mBuilding CXX object CMakeFiles/gazebo_msgs__rosidl_typesupport_c.dir/rosidl_typesupport_c/gazebo_msgs/srv/body_request__type_support.cpp.o[0m
[68.318s] [ 23%] [32mBuilding CXX object CMakeFiles/gazebo_msgs__rosidl_typesupport_c.dir/rosidl_typesupport_c/gazebo_msgs/srv/delete_entity__type_support.cpp.o[0m
[68.581s] [ 24%] [32mBuilding CXX object CMakeFiles/gazebo_msgs__rosidl_typesupport_c.dir/rosidl_typesupport_c/gazebo_msgs/srv/delete_light__type_support.cpp.o[0m
[68.825s] [ 24%] [32mBuilding CXX object CMakeFiles/gazebo_msgs__rosidl_typesupport_c.dir/rosidl_typesupport_c/gazebo_msgs/srv/delete_model__type_support.cpp.o[0m
[69.085s] [ 24%] [32mBuilding CXX object CMakeFiles/gazebo_msgs__rosidl_typesupport_c.dir/rosidl_typesupport_c/gazebo_msgs/srv/get_joint_properties__type_support.cpp.o[0m
[69.180s] [ 24%] [32mBuilding CXX object CMakeFiles/gazebo_msgs__rosidl_typesupport_cpp.dir/rosidl_typesupport_cpp/gazebo_msgs/msg/model_state__type_support.cpp.o[0m
[69.328s] [ 25%] [32mBuilding CXX object CMakeFiles/gazebo_msgs__rosidl_typesupport_c.dir/rosidl_typesupport_c/gazebo_msgs/srv/get_entity_state__type_support.cpp.o[0m
[69.586s] [ 25%] [32mBuilding CXX object CMakeFiles/gazebo_msgs__rosidl_typesupport_c.dir/rosidl_typesupport_c/gazebo_msgs/srv/get_light_properties__type_support.cpp.o[0m
[69.840s] [ 25%] [32mBuilding CXX object CMakeFiles/gazebo_msgs__rosidl_typesupport_c.dir/rosidl_typesupport_c/gazebo_msgs/srv/get_link_properties__type_support.cpp.o[0m
[70.101s] [ 25%] [32mBuilding CXX object CMakeFiles/gazebo_msgs__rosidl_typesupport_c.dir/rosidl_typesupport_c/gazebo_msgs/srv/get_link_state__type_support.cpp.o[0m
[70.368s] [ 26%] [32mBuilding CXX object CMakeFiles/gazebo_msgs__rosidl_typesupport_c.dir/rosidl_typesupport_c/gazebo_msgs/srv/get_model_list__type_support.cpp.o[0m
[70.635s] [ 26%] [32mBuilding CXX object CMakeFiles/gazebo_msgs__rosidl_typesupport_c.dir/rosidl_typesupport_c/gazebo_msgs/srv/get_model_properties__type_support.cpp.o[0m
[70.636s] [ 26%] [32mBuilding CXX object CMakeFiles/gazebo_msgs__rosidl_typesupport_introspection_cpp.dir/rosidl_typesupport_introspection_cpp/gazebo_msgs/msg/detail/contacts_state__type_support.cpp.o[0m
[70.748s] [ 26%] [32mBuilding CXX object CMakeFiles/gazebo_msgs__rosidl_typesupport_fastrtps_c.dir/rosidl_typesupport_fastrtps_c/gazebo_msgs/msg/detail/contact_state__type_support_c.cpp.o[0m
[70.765s] [ 26%] [32mBuilding CXX object CMakeFiles/gazebo_msgs__rosidl_typesupport_fastrtps_cpp.dir/rosidl_typesupport_fastrtps_cpp/gazebo_msgs/msg/detail/dds_fastrtps/contacts_state__type_support.cpp.o[0m
[70.822s] [ 26%] [32mBuilding C object CMakeFiles/gazebo_msgs__rosidl_typesupport_introspection_c.dir/rosidl_typesupport_introspection_c/gazebo_msgs/msg/detail/contact_state__type_support.c.o[0m
[70.884s] [ 26%] [32mBuilding CXX object CMakeFiles/gazebo_msgs__rosidl_typesupport_c.dir/rosidl_typesupport_c/gazebo_msgs/srv/get_model_state__type_support.cpp.o[0m
[71.098s] [ 26%] [32mBuilding CXX object CMakeFiles/gazebo_msgs__rosidl_typesupport_cpp.dir/rosidl_typesupport_cpp/gazebo_msgs/msg/model_states__type_support.cpp.o[0m
[71.159s] [ 26%] [32mBuilding CXX object CMakeFiles/gazebo_msgs__rosidl_typesupport_c.dir/rosidl_typesupport_c/gazebo_msgs/srv/get_physics_properties__type_support.cpp.o[0m
[71.212s] [ 26%] [32mBuilding C object CMakeFiles/gazebo_msgs__rosidl_typesupport_introspection_c.dir/rosidl_typesupport_introspection_c/gazebo_msgs/msg/detail/contacts_state__type_support.c.o[0m
[71.402s] [ 27%] [32mBuilding CXX object CMakeFiles/gazebo_msgs__rosidl_typesupport_c.dir/rosidl_typesupport_c/gazebo_msgs/srv/get_world_properties__type_support.cpp.o[0m
[71.550s] [ 28%] [32mBuilding C object CMakeFiles/gazebo_msgs__rosidl_typesupport_introspection_c.dir/rosidl_typesupport_introspection_c/gazebo_msgs/msg/detail/entity_state__type_support.c.o[0m
[71.635s] [ 28%] [32mBuilding CXX object CMakeFiles/gazebo_msgs__rosidl_typesupport_c.dir/rosidl_typesupport_c/gazebo_msgs/srv/joint_request__type_support.cpp.o[0m
[71.882s] [ 28%] [32mBuilding C object CMakeFiles/gazebo_msgs__rosidl_typesupport_introspection_c.dir/rosidl_typesupport_introspection_c/gazebo_msgs/msg/detail/link_state__type_support.c.o[0m
[71.888s] [ 28%] [32mBuilding CXX object CMakeFiles/gazebo_msgs__rosidl_typesupport_c.dir/rosidl_typesupport_c/gazebo_msgs/srv/link_request__type_support.cpp.o[0m
[72.151s] [ 29%] [32mBuilding CXX object CMakeFiles/gazebo_msgs__rosidl_typesupport_c.dir/rosidl_typesupport_c/gazebo_msgs/srv/set_entity_state__type_support.cpp.o[0m
[72.191s] [ 29%] [32mBuilding C object CMakeFiles/gazebo_msgs__rosidl_typesupport_introspection_c.dir/rosidl_typesupport_introspection_c/gazebo_msgs/msg/detail/link_states__type_support.c.o[0m
[72.402s] [ 29%] [32mBuilding CXX object CMakeFiles/gazebo_msgs__rosidl_typesupport_c.dir/rosidl_typesupport_c/gazebo_msgs/srv/set_joint_properties__type_support.cpp.o[0m
[72.590s] [ 29%] [32mBuilding C object CMakeFiles/gazebo_msgs__rosidl_typesupport_introspection_c.dir/rosidl_typesupport_introspection_c/gazebo_msgs/msg/detail/model_state__type_support.c.o[0m
[72.645s] [ 29%] [32mBuilding CXX object CMakeFiles/gazebo_msgs__rosidl_typesupport_c.dir/rosidl_typesupport_c/gazebo_msgs/srv/set_joint_trajectory__type_support.cpp.o[0m
[72.889s] [ 30%] [32mBuilding C object CMakeFiles/gazebo_msgs__rosidl_typesupport_introspection_c.dir/rosidl_typesupport_introspection_c/gazebo_msgs/msg/detail/model_states__type_support.c.o[0m
[72.935s] [ 30%] [32mBuilding CXX object CMakeFiles/gazebo_msgs__rosidl_typesupport_c.dir/rosidl_typesupport_c/gazebo_msgs/srv/set_light_properties__type_support.cpp.o[0m
[72.936s] [ 31%] [32mBuilding CXX object CMakeFiles/gazebo_msgs__rosidl_typesupport_cpp.dir/rosidl_typesupport_cpp/gazebo_msgs/msg/ode_joint_properties__type_support.cpp.o[0m
[73.223s] [ 32%] [32mBuilding CXX object CMakeFiles/gazebo_msgs__rosidl_typesupport_c.dir/rosidl_typesupport_c/gazebo_msgs/srv/set_link_properties__type_support.cpp.o[0m
[73.242s] [ 32%] [32mBuilding C object CMakeFiles/gazebo_msgs__rosidl_typesupport_introspection_c.dir/rosidl_typesupport_introspection_c/gazebo_msgs/msg/detail/ode_joint_properties__type_support.c.o[0m
[73.463s] [ 32%] [32mBuilding CXX object CMakeFiles/gazebo_msgs__rosidl_typesupport_c.dir/rosidl_typesupport_c/gazebo_msgs/srv/set_link_state__type_support.cpp.o[0m
[73.607s] [ 32%] [32mBuilding CXX object CMakeFiles/gazebo_msgs__rosidl_typesupport_fastrtps_c.dir/rosidl_typesupport_fastrtps_c/gazebo_msgs/msg/detail/contacts_state__type_support_c.cpp.o[0m
[73.713s] [ 32%] [32mBuilding CXX object CMakeFiles/gazebo_msgs__rosidl_typesupport_c.dir/rosidl_typesupport_c/gazebo_msgs/srv/set_model_configuration__type_support.cpp.o[0m
[73.720s] [ 32%] [32mBuilding C object CMakeFiles/gazebo_msgs__rosidl_typesupport_introspection_c.dir/rosidl_typesupport_introspection_c/gazebo_msgs/msg/detail/ode_physics__type_support.c.o[0m
[73.924s] [ 32%] [32mBuilding CXX object CMakeFiles/gazebo_msgs__rosidl_typesupport_fastrtps_cpp.dir/rosidl_typesupport_fastrtps_cpp/gazebo_msgs/msg/detail/dds_fastrtps/entity_state__type_support.cpp.o[0m
[73.963s] [ 32%] [32mBuilding CXX object CMakeFiles/gazebo_msgs__rosidl_typesupport_c.dir/rosidl_typesupport_c/gazebo_msgs/srv/set_model_state__type_support.cpp.o[0m
[74.018s] [ 32%] [32mBuilding C object CMakeFiles/gazebo_msgs__rosidl_typesupport_introspection_c.dir/rosidl_typesupport_introspection_c/gazebo_msgs/msg/detail/performance_metrics__type_support.c.o[0m
[74.138s] [ 32%] [32mBuilding CXX object CMakeFiles/gazebo_msgs__rosidl_typesupport_introspection_cpp.dir/rosidl_typesupport_introspection_cpp/gazebo_msgs/msg/detail/entity_state__type_support.cpp.o[0m
[74.218s] [ 33%] [32mBuilding CXX object CMakeFiles/gazebo_msgs__rosidl_typesupport_c.dir/rosidl_typesupport_c/gazebo_msgs/srv/set_physics_properties__type_support.cpp.o[0m
[74.364s] [ 34%] [32mBuilding C object CMakeFiles/gazebo_msgs__rosidl_typesupport_introspection_c.dir/rosidl_typesupport_introspection_c/gazebo_msgs/msg/detail/sensor_performance_metric__type_support.c.o[0m
[74.451s] [ 34%] [32mBuilding CXX object CMakeFiles/gazebo_msgs__rosidl_typesupport_c.dir/rosidl_typesupport_c/gazebo_msgs/srv/spawn_entity__type_support.cpp.o[0m
[74.669s] [ 34%] [32mBuilding C object CMakeFiles/gazebo_msgs__rosidl_typesupport_introspection_c.dir/rosidl_typesupport_introspection_c/gazebo_msgs/msg/detail/wheel_slip__type_support.c.o[0m
[74.706s] [ 34%] [32mBuilding CXX object CMakeFiles/gazebo_msgs__rosidl_typesupport_c.dir/rosidl_typesupport_c/gazebo_msgs/srv/spawn_model__type_support.cpp.o[0m
[74.750s] [ 34%] [32mBuilding CXX object CMakeFiles/gazebo_msgs__rosidl_typesupport_cpp.dir/rosidl_typesupport_cpp/gazebo_msgs/msg/ode_physics__type_support.cpp.o[0m
[74.975s] [ 35%] [32m[1mLinking CXX shared library libgazebo_msgs__rosidl_typesupport_c.so[0m
[75.000s] [ 35%] [32mBuilding C object CMakeFiles/gazebo_msgs__rosidl_typesupport_introspection_c.dir/rosidl_typesupport_introspection_c/gazebo_msgs/msg/detail/world_state__type_support.c.o[0m
[75.354s] [ 35%] Built target gazebo_msgs__rosidl_typesupport_c
[75.392s] [ 36%] [32mBuilding C object CMakeFiles/gazebo_msgs__rosidl_typesupport_introspection_c.dir/rosidl_typesupport_introspection_c/gazebo_msgs/srv/detail/apply_body_wrench__type_support.c.o[0m
[75.404s] [ 36%] [32mBuilding CXX object CMakeFiles/gazebo_msgs__rosidl_typesupport_fastrtps_c.dir/rosidl_typesupport_fastrtps_c/gazebo_msgs/msg/detail/entity_state__type_support_c.cpp.o[0m
[75.739s] [ 36%] [32mBuilding C object CMakeFiles/gazebo_msgs__rosidl_typesupport_introspection_c.dir/rosidl_typesupport_introspection_c/gazebo_msgs/srv/detail/apply_link_wrench__type_support.c.o[0m
[76.086s] [ 36%] [32mBuilding C object CMakeFiles/gazebo_msgs__rosidl_typesupport_introspection_c.dir/rosidl_typesupport_introspection_c/gazebo_msgs/srv/detail/apply_joint_effort__type_support.c.o[0m
[76.119s] [ 36%] [32mBuilding C object CMakeFiles/gazebo_msgs__rosidl_typesupport_introspection_c.dir/rosidl_typesupport_introspection_c/gazebo_msgs/srv/detail/body_request__type_support.c.o[0m
[76.418s] [ 37%] [32mBuilding C object CMakeFiles/gazebo_msgs__rosidl_typesupport_introspection_c.dir/rosidl_typesupport_introspection_c/gazebo_msgs/srv/detail/delete_light__type_support.c.o[0m
[76.419s] [ 37%] [32mBuilding C object CMakeFiles/gazebo_msgs__rosidl_typesupport_introspection_c.dir/rosidl_typesupport_introspection_c/gazebo_msgs/srv/detail/delete_entity__type_support.c.o[0m
[76.572s] [ 37%] [32mBuilding CXX object CMakeFiles/gazebo_msgs__rosidl_typesupport_cpp.dir/rosidl_typesupport_cpp/gazebo_msgs/msg/performance_metrics__type_support.cpp.o[0m
[76.640s] [ 38%] [32mBuilding CXX object CMakeFiles/gazebo_msgs__rosidl_typesupport_fastrtps_cpp.dir/rosidl_typesupport_fastrtps_cpp/gazebo_msgs/msg/detail/dds_fastrtps/link_state__type_support.cpp.o[0m
[76.723s] [ 38%] [32mBuilding C object CMakeFiles/gazebo_msgs__rosidl_typesupport_introspection_c.dir/rosidl_typesupport_introspection_c/gazebo_msgs/srv/detail/delete_model__type_support.c.o[0m
[76.735s] [ 38%] [32mBuilding C object CMakeFiles/gazebo_msgs__rosidl_typesupport_introspection_c.dir/rosidl_typesupport_introspection_c/gazebo_msgs/srv/detail/get_joint_properties__type_support.c.o[0m
[76.935s] [ 39%] [32mBuilding CXX object CMakeFiles/gazebo_msgs__rosidl_typesupport_introspection_cpp.dir/rosidl_typesupport_introspection_cpp/gazebo_msgs/msg/detail/link_state__type_support.cpp.o[0m
[77.013s] [ 40%] [32mBuilding C object CMakeFiles/gazebo_msgs__rosidl_typesupport_introspection_c.dir/rosidl_typesupport_introspection_c/gazebo_msgs/srv/detail/get_entity_state__type_support.c.o[0m
[77.100s] [ 40%] [32mBuilding CXX object CMakeFiles/gazebo_msgs__rosidl_typesupport_introspection_cpp.dir/rosidl_typesupport_introspection_cpp/gazebo_msgs/msg/detail/link_states__type_support.cpp.o[0m
[77.333s] [ 40%] [32mBuilding C object CMakeFiles/gazebo_msgs__rosidl_typesupport_introspection_c.dir/rosidl_typesupport_introspection_c/gazebo_msgs/srv/detail/get_light_properties__type_support.c.o[0m
[77.640s] [ 40%] [32mBuilding C object CMakeFiles/gazebo_msgs__rosidl_typesupport_introspection_c.dir/rosidl_typesupport_introspection_c/gazebo_msgs/srv/detail/get_link_properties__type_support.c.o[0m
[77.896s] [ 41%] [32mBuilding CXX object CMakeFiles/gazebo_msgs__rosidl_typesupport_fastrtps_c.dir/rosidl_typesupport_fastrtps_c/gazebo_msgs/msg/detail/link_state__type_support_c.cpp.o[0m
[77.941s] [ 42%] [32mBuilding C object CMakeFiles/gazebo_msgs__rosidl_typesupport_introspection_c.dir/rosidl_typesupport_introspection_c/gazebo_msgs/srv/detail/get_link_state__type_support.c.o[0m
[78.243s] [ 42%] [32mBuilding C object CMakeFiles/gazebo_msgs__rosidl_typesupport_introspection_c.dir/rosidl_typesupport_introspection_c/gazebo_msgs/srv/detail/get_model_list__type_support.c.o[0m
[78.419s] [ 42%] [32mBuilding CXX object CMakeFiles/gazebo_msgs__rosidl_typesupport_cpp.dir/rosidl_typesupport_cpp/gazebo_msgs/msg/sensor_performance_metric__type_support.cpp.o[0m
[78.569s] [ 42%] [32mBuilding C object CMakeFiles/gazebo_msgs__rosidl_typesupport_introspection_c.dir/rosidl_typesupport_introspection_c/gazebo_msgs/srv/detail/get_model_properties__type_support.c.o[0m
[78.932s] [ 42%] [32mBuilding C object CMakeFiles/gazebo_msgs__rosidl_typesupport_introspection_c.dir/rosidl_typesupport_introspection_c/gazebo_msgs/srv/detail/get_model_state__type_support.c.o[0m
[79.249s] [ 43%] [32mBuilding C object CMakeFiles/gazebo_msgs__rosidl_typesupport_introspection_c.dir/rosidl_typesupport_introspection_c/gazebo_msgs/srv/detail/get_physics_properties__type_support.c.o[0m
[79.508s] [ 43%] [32mBuilding CXX object CMakeFiles/gazebo_msgs__rosidl_typesupport_introspection_cpp.dir/rosidl_typesupport_introspection_cpp/gazebo_msgs/msg/detail/model_state__type_support.cpp.o[0m
[79.547s] [ 43%] [32mBuilding C object CMakeFiles/gazebo_msgs__rosidl_typesupport_introspection_c.dir/rosidl_typesupport_introspection_c/gazebo_msgs/srv/detail/get_world_properties__type_support.c.o[0m
[79.615s] [ 43%] [32mBuilding CXX object CMakeFiles/gazebo_msgs__rosidl_typesupport_fastrtps_cpp.dir/rosidl_typesupport_fastrtps_cpp/gazebo_msgs/msg/detail/dds_fastrtps/link_states__type_support.cpp.o[0m
[79.848s] [ 43%] [32mBuilding C object CMakeFiles/gazebo_msgs__rosidl_typesupport_introspection_c.dir/rosidl_typesupport_introspection_c/gazebo_msgs/srv/detail/joint_request__type_support.c.o[0m
[80.126s] [ 43%] [32mBuilding C object CMakeFiles/gazebo_msgs__rosidl_typesupport_introspection_c.dir/rosidl_typesupport_introspection_c/gazebo_msgs/srv/detail/link_request__type_support.c.o[0m
[80.285s] [ 43%] [32mBuilding CXX object CMakeFiles/gazebo_msgs__rosidl_typesupport_fastrtps_c.dir/rosidl_typesupport_fastrtps_c/gazebo_msgs/msg/detail/link_states__type_support_c.cpp.o[0m
[80.330s] [ 44%] [32mBuilding CXX object CMakeFiles/gazebo_msgs__rosidl_typesupport_cpp.dir/rosidl_typesupport_cpp/gazebo_msgs/msg/wheel_slip__type_support.cpp.o[0m
[80.411s] [ 45%] [32mBuilding C object CMakeFiles/gazebo_msgs__rosidl_typesupport_introspection_c.dir/rosidl_typesupport_introspection_c/gazebo_msgs/srv/detail/set_entity_state__type_support.c.o[0m
[80.487s] [ 45%] [32mBuilding CXX object CMakeFiles/gazebo_msgs__rosidl_typesupport_introspection_cpp.dir/rosidl_typesupport_introspection_cpp/gazebo_msgs/msg/detail/model_states__type_support.cpp.o[0m
[80.713s] [ 45%] [32mBuilding C object CMakeFiles/gazebo_msgs__rosidl_typesupport_introspection_c.dir/rosidl_typesupport_introspection_c/gazebo_msgs/srv/detail/set_joint_properties__type_support.c.o[0m
[81.011s] [ 45%] [32mBuilding C object CMakeFiles/gazebo_msgs__rosidl_typesupport_introspection_c.dir/rosidl_typesupport_introspection_c/gazebo_msgs/srv/detail/set_joint_trajectory__type_support.c.o[0m
[81.340s] [ 46%] [32mBuilding C object CMakeFiles/gazebo_msgs__rosidl_typesupport_introspection_c.dir/rosidl_typesupport_introspection_c/gazebo_msgs/srv/detail/set_light_properties__type_support.c.o[0m
[81.644s] [ 46%] [32mBuilding C object CMakeFiles/gazebo_msgs__rosidl_typesupport_introspection_c.dir/rosidl_typesupport_introspection_c/gazebo_msgs/srv/detail/set_link_properties__type_support.c.o[0m
[81.958s] [ 46%] [32mBuilding C object CMakeFiles/gazebo_msgs__rosidl_typesupport_introspection_c.dir/rosidl_typesupport_introspection_c/gazebo_msgs/srv/detail/set_link_state__type_support.c.o[0m
[82.084s] [ 47%] [32mBuilding CXX object CMakeFiles/gazebo_msgs__rosidl_typesupport_introspection_cpp.dir/rosidl_typesupport_introspection_cpp/gazebo_msgs/msg/detail/ode_joint_properties__type_support.cpp.o[0m
[82.273s] [ 47%] [32mBuilding C object CMakeFiles/gazebo_msgs__rosidl_typesupport_introspection_c.dir/rosidl_typesupport_introspection_c/gazebo_msgs/srv/detail/set_model_configuration__type_support.c.o[0m
[82.321s] [ 47%] [32mBuilding CXX object CMakeFiles/gazebo_msgs__rosidl_typesupport_cpp.dir/rosidl_typesupport_cpp/gazebo_msgs/msg/world_state__type_support.cpp.o[0m
[82.614s] [ 48%] [32mBuilding C object CMakeFiles/gazebo_msgs__rosidl_typesupport_introspection_c.dir/rosidl_typesupport_introspection_c/gazebo_msgs/srv/detail/set_model_state__type_support.c.o[0m
[82.721s] [ 48%] [32mBuilding CXX object CMakeFiles/gazebo_msgs__rosidl_typesupport_fastrtps_c.dir/rosidl_typesupport_fastrtps_c/gazebo_msgs/msg/detail/model_state__type_support_c.cpp.o[0m
[82.941s] [ 48%] [32mBuilding C object CMakeFiles/gazebo_msgs__rosidl_typesupport_introspection_c.dir/rosidl_typesupport_introspection_c/gazebo_msgs/srv/detail/set_physics_properties__type_support.c.o[0m
[83.181s] [ 48%] [32mBuilding CXX object CMakeFiles/gazebo_msgs__rosidl_typesupport_fastrtps_cpp.dir/rosidl_typesupport_fastrtps_cpp/gazebo_msgs/msg/detail/dds_fastrtps/model_state__type_support.cpp.o[0m
[83.272s] [ 48%] [32mBuilding C object CMakeFiles/gazebo_msgs__rosidl_typesupport_introspection_c.dir/rosidl_typesupport_introspection_c/gazebo_msgs/srv/detail/spawn_entity__type_support.c.o[0m
[83.606s] [ 48%] [32mBuilding C object CMakeFiles/gazebo_msgs__rosidl_typesupport_introspection_c.dir/rosidl_typesupport_introspection_c/gazebo_msgs/srv/detail/spawn_model__type_support.c.o[0m
[83.937s] [ 49%] [32m[1mLinking C shared library libgazebo_msgs__rosidl_typesupport_introspection_c.so[0m
[83.944s] [ 49%] [32mBuilding CXX object CMakeFiles/gazebo_msgs__rosidl_typesupport_introspection_cpp.dir/rosidl_typesupport_introspection_cpp/gazebo_msgs/msg/detail/ode_physics__type_support.cpp.o[0m
[84.259s] [ 49%] [32mBuilding CXX object CMakeFiles/gazebo_msgs__rosidl_typesupport_cpp.dir/rosidl_typesupport_cpp/gazebo_msgs/srv/apply_body_wrench__type_support.cpp.o[0m
[84.308s] [ 49%] Built target gazebo_msgs__rosidl_typesupport_introspection_c
[84.364s] [ 49%] [32mBuilding CXX object CMakeFiles/gazebo_msgs__rosidl_typesupport_cpp.dir/rosidl_typesupport_cpp/gazebo_msgs/srv/apply_link_wrench__type_support.cpp.o[0m
[85.007s] [ 49%] [32mBuilding CXX object CMakeFiles/gazebo_msgs__rosidl_typesupport_introspection_cpp.dir/rosidl_typesupport_introspection_cpp/gazebo_msgs/msg/detail/performance_metrics__type_support.cpp.o[0m
[85.130s] [ 50%] [32mBuilding CXX object CMakeFiles/gazebo_msgs__rosidl_typesupport_fastrtps_c.dir/rosidl_typesupport_fastrtps_c/gazebo_msgs/msg/detail/model_states__type_support_c.cpp.o[0m
[85.934s] [ 50%] [32mBuilding CXX object CMakeFiles/gazebo_msgs__rosidl_typesupport_fastrtps_cpp.dir/rosidl_typesupport_fastrtps_cpp/gazebo_msgs/msg/detail/dds_fastrtps/model_states__type_support.cpp.o[0m
[86.198s] [ 51%] [32mBuilding CXX object CMakeFiles/gazebo_msgs__rosidl_typesupport_cpp.dir/rosidl_typesupport_cpp/gazebo_msgs/srv/apply_joint_effort__type_support.cpp.o[0m
[86.250s] [ 51%] [32mBuilding CXX object CMakeFiles/gazebo_msgs__rosidl_typesupport_cpp.dir/rosidl_typesupport_cpp/gazebo_msgs/srv/body_request__type_support.cpp.o[0m
[86.585s] [ 52%] [32mBuilding CXX object CMakeFiles/gazebo_msgs__rosidl_typesupport_introspection_cpp.dir/rosidl_typesupport_introspection_cpp/gazebo_msgs/msg/detail/sensor_performance_metric__type_support.cpp.o[0m
[87.560s] [ 52%] [32mBuilding CXX object CMakeFiles/gazebo_msgs__rosidl_typesupport_fastrtps_c.dir/rosidl_typesupport_fastrtps_c/gazebo_msgs/msg/detail/ode_joint_properties__type_support_c.cpp.o[0m
[88.026s] [ 52%] [32mBuilding CXX object CMakeFiles/gazebo_msgs__rosidl_typesupport_introspection_cpp.dir/rosidl_typesupport_introspection_cpp/gazebo_msgs/msg/detail/wheel_slip__type_support.cpp.o[0m
[88.138s] [ 52%] [32mBuilding CXX object CMakeFiles/gazebo_msgs__rosidl_typesupport_cpp.dir/rosidl_typesupport_cpp/gazebo_msgs/srv/delete_entity__type_support.cpp.o[0m
[88.183s] [ 52%] [32mBuilding CXX object CMakeFiles/gazebo_msgs__rosidl_typesupport_introspection_cpp.dir/rosidl_typesupport_introspection_cpp/gazebo_msgs/msg/detail/world_state__type_support.cpp.o[0m
[89.263s] [ 52%] [32mBuilding CXX object CMakeFiles/gazebo_msgs__rosidl_typesupport_introspection_cpp.dir/rosidl_typesupport_introspection_cpp/gazebo_msgs/srv/detail/apply_body_wrench__type_support.cpp.o[0m
[89.399s] [ 53%] [32mBuilding CXX object CMakeFiles/gazebo_msgs__rosidl_typesupport_fastrtps_cpp.dir/rosidl_typesupport_fastrtps_cpp/gazebo_msgs/msg/detail/dds_fastrtps/ode_joint_properties__type_support.cpp.o[0m
[90.035s] [ 53%] [32mBuilding CXX object CMakeFiles/gazebo_msgs__rosidl_typesupport_fastrtps_c.dir/rosidl_typesupport_fastrtps_c/gazebo_msgs/msg/detail/ode_physics__type_support_c.cpp.o[0m
[90.080s] [ 54%] [32mBuilding CXX object CMakeFiles/gazebo_msgs__rosidl_typesupport_cpp.dir/rosidl_typesupport_cpp/gazebo_msgs/srv/delete_light__type_support.cpp.o[0m
[91.210s] [ 55%] [32mBuilding CXX object CMakeFiles/gazebo_msgs__rosidl_typesupport_introspection_cpp.dir/rosidl_typesupport_introspection_cpp/gazebo_msgs/srv/detail/apply_link_wrench__type_support.cpp.o[0m
[91.774s] [ 55%] [32mBuilding CXX object CMakeFiles/gazebo_msgs__rosidl_typesupport_introspection_cpp.dir/rosidl_typesupport_introspection_cpp/gazebo_msgs/srv/detail/apply_joint_effort__type_support.cpp.o[0m
[91.823s] [ 55%] [32mBuilding CXX object CMakeFiles/gazebo_msgs__rosidl_typesupport_introspection_cpp.dir/rosidl_typesupport_introspection_cpp/gazebo_msgs/srv/detail/body_request__type_support.cpp.o[0m
[92.210s] [ 55%] [32mBuilding CXX object CMakeFiles/gazebo_msgs__rosidl_typesupport_cpp.dir/rosidl_typesupport_cpp/gazebo_msgs/srv/delete_model__type_support.cpp.o[0m
[92.322s] [ 55%] [32mBuilding CXX object CMakeFiles/gazebo_msgs__rosidl_typesupport_fastrtps_cpp.dir/rosidl_typesupport_fastrtps_cpp/gazebo_msgs/msg/detail/dds_fastrtps/ode_physics__type_support.cpp.o[0m
[92.450s] [ 55%] [32mBuilding CXX object CMakeFiles/gazebo_msgs__rosidl_typesupport_fastrtps_c.dir/rosidl_typesupport_fastrtps_c/gazebo_msgs/msg/detail/performance_metrics__type_support_c.cpp.o[0m
[93.896s] [ 55%] [32mBuilding CXX object CMakeFiles/gazebo_msgs__rosidl_typesupport_introspection_cpp.dir/rosidl_typesupport_introspection_cpp/gazebo_msgs/srv/detail/delete_entity__type_support.cpp.o[0m
[94.109s] [ 55%] [32mBuilding CXX object CMakeFiles/gazebo_msgs__rosidl_typesupport_cpp.dir/rosidl_typesupport_cpp/gazebo_msgs/srv/get_joint_properties__type_support.cpp.o[0m
[94.349s] [ 56%] [32mBuilding CXX object CMakeFiles/gazebo_msgs__rosidl_typesupport_introspection_cpp.dir/rosidl_typesupport_introspection_cpp/gazebo_msgs/srv/detail/delete_light__type_support.cpp.o[0m
[94.359s] [ 56%] [32mBuilding CXX object CMakeFiles/gazebo_msgs__rosidl_typesupport_introspection_cpp.dir/rosidl_typesupport_introspection_cpp/gazebo_msgs/srv/detail/delete_model__type_support.cpp.o[0m
[94.901s] [ 57%] [32mBuilding CXX object CMakeFiles/gazebo_msgs__rosidl_typesupport_fastrtps_c.dir/rosidl_typesupport_fastrtps_c/gazebo_msgs/msg/detail/sensor_performance_metric__type_support_c.cpp.o[0m
[95.333s] [ 57%] [32mBuilding CXX object CMakeFiles/gazebo_msgs__rosidl_typesupport_fastrtps_cpp.dir/rosidl_typesupport_fastrtps_cpp/gazebo_msgs/msg/detail/dds_fastrtps/performance_metrics__type_support.cpp.o[0m
[95.997s] [ 57%] [32mBuilding CXX object CMakeFiles/gazebo_msgs__rosidl_typesupport_cpp.dir/rosidl_typesupport_cpp/gazebo_msgs/srv/get_entity_state__type_support.cpp.o[0m
[96.425s] [ 57%] [32mBuilding CXX object CMakeFiles/gazebo_msgs__rosidl_typesupport_introspection_cpp.dir/rosidl_typesupport_introspection_cpp/gazebo_msgs/srv/detail/get_joint_properties__type_support.cpp.o[0m
[96.895s] [ 58%] [32mBuilding CXX object CMakeFiles/gazebo_msgs__rosidl_typesupport_introspection_cpp.dir/rosidl_typesupport_introspection_cpp/gazebo_msgs/srv/detail/get_entity_state__type_support.cpp.o[0m
[96.925s] [ 58%] [32mBuilding CXX object CMakeFiles/gazebo_msgs__rosidl_typesupport_introspection_cpp.dir/rosidl_typesupport_introspection_cpp/gazebo_msgs/srv/detail/get_light_properties__type_support.cpp.o[0m
[97.398s] [ 58%] [32mBuilding CXX object CMakeFiles/gazebo_msgs__rosidl_typesupport_fastrtps_c.dir/rosidl_typesupport_fastrtps_c/gazebo_msgs/msg/detail/wheel_slip__type_support_c.cpp.o[0m
[97.846s] [ 59%] [32mBuilding CXX object CMakeFiles/gazebo_msgs__rosidl_typesupport_cpp.dir/rosidl_typesupport_cpp/gazebo_msgs/srv/get_light_properties__type_support.cpp.o[0m
[98.380s] [ 59%] [32mBuilding CXX object CMakeFiles/gazebo_msgs__rosidl_typesupport_fastrtps_cpp.dir/rosidl_typesupport_fastrtps_cpp/gazebo_msgs/msg/detail/dds_fastrtps/sensor_performance_metric__type_support.cpp.o[0m
[99.470s] [ 59%] [32mBuilding CXX object CMakeFiles/gazebo_msgs__rosidl_typesupport_introspection_cpp.dir/rosidl_typesupport_introspection_cpp/gazebo_msgs/srv/detail/get_link_properties__type_support.cpp.o[0m
[99.551s] [ 59%] [32mBuilding CXX object CMakeFiles/gazebo_msgs__rosidl_typesupport_introspection_cpp.dir/rosidl_typesupport_introspection_cpp/gazebo_msgs/srv/detail/get_link_state__type_support.cpp.o[0m
[99.633s] [ 59%] [32mBuilding CXX object CMakeFiles/gazebo_msgs__rosidl_typesupport_fastrtps_c.dir/rosidl_typesupport_fastrtps_c/gazebo_msgs/msg/detail/world_state__type_support_c.cpp.o[0m
[99.665s] [ 59%] [32mBuilding CXX object CMakeFiles/gazebo_msgs__rosidl_typesupport_cpp.dir/rosidl_typesupport_cpp/gazebo_msgs/srv/get_link_properties__type_support.cpp.o[0m
[99.822s] [ 60%] [32mBuilding CXX object CMakeFiles/gazebo_msgs__rosidl_typesupport_introspection_cpp.dir/rosidl_typesupport_introspection_cpp/gazebo_msgs/srv/detail/get_model_list__type_support.cpp.o[0m
[101.076s] [ 61%] [32mBuilding CXX object CMakeFiles/gazebo_msgs__rosidl_typesupport_fastrtps_cpp.dir/rosidl_typesupport_fastrtps_cpp/gazebo_msgs/msg/detail/dds_fastrtps/wheel_slip__type_support.cpp.o[0m
[101.630s] [ 61%] [32mBuilding CXX object CMakeFiles/gazebo_msgs__rosidl_typesupport_cpp.dir/rosidl_typesupport_cpp/gazebo_msgs/srv/get_link_state__type_support.cpp.o[0m
[102.066s] [ 61%] [32mBuilding CXX object CMakeFiles/gazebo_msgs__rosidl_typesupport_introspection_cpp.dir/rosidl_typesupport_introspection_cpp/gazebo_msgs/srv/detail/get_model_properties__type_support.cpp.o[0m
[102.185s] [ 61%] [32mBuilding CXX object CMakeFiles/gazebo_msgs__rosidl_typesupport_introspection_cpp.dir/rosidl_typesupport_introspection_cpp/gazebo_msgs/srv/detail/get_model_state__type_support.cpp.o[0m
[102.300s] [ 61%] [32mBuilding CXX object CMakeFiles/gazebo_msgs__rosidl_typesupport_fastrtps_c.dir/rosidl_typesupport_fastrtps_c/gazebo_msgs/srv/detail/apply_body_wrench__type_support_c.cpp.o[0m
[102.610s] [ 61%] [32mBuilding CXX object CMakeFiles/gazebo_msgs__rosidl_typesupport_introspection_cpp.dir/rosidl_typesupport_introspection_cpp/gazebo_msgs/srv/detail/get_physics_properties__type_support.cpp.o[0m
[103.654s] [ 61%] [32mBuilding CXX object CMakeFiles/gazebo_msgs__rosidl_typesupport_cpp.dir/rosidl_typesupport_cpp/gazebo_msgs/srv/get_model_list__type_support.cpp.o[0m
[104.637s] [ 61%] [32mBuilding CXX object CMakeFiles/gazebo_msgs__rosidl_typesupport_fastrtps_cpp.dir/rosidl_typesupport_fastrtps_cpp/gazebo_msgs/msg/detail/dds_fastrtps/world_state__type_support.cpp.o[0m
[104.984s] [ 62%] [32mBuilding CXX object CMakeFiles/gazebo_msgs__rosidl_typesupport_cpp.dir/rosidl_typesupport_cpp/gazebo_msgs/srv/get_model_properties__type_support.cpp.o[0m
[104.991s] [ 63%] [32mBuilding CXX object CMakeFiles/gazebo_msgs__rosidl_typesupport_fastrtps_c.dir/rosidl_typesupport_fastrtps_c/gazebo_msgs/srv/detail/apply_link_wrench__type_support_c.cpp.o[0m
[105.040s] [ 63%] [32mBuilding CXX object CMakeFiles/gazebo_msgs__rosidl_typesupport_fastrtps_c.dir/rosidl_typesupport_fastrtps_c/gazebo_msgs/srv/detail/apply_joint_effort__type_support_c.cpp.o[0m
[105.462s] [ 64%] [32mBuilding CXX object CMakeFiles/gazebo_msgs__rosidl_typesupport_introspection_cpp.dir/rosidl_typesupport_introspection_cpp/gazebo_msgs/srv/detail/get_world_properties__type_support.cpp.o[0m
[105.594s] [ 64%] [32mBuilding CXX object CMakeFiles/gazebo_msgs__rosidl_typesupport_introspection_cpp.dir/rosidl_typesupport_introspection_cpp/gazebo_msgs/srv/detail/joint_request__type_support.cpp.o[0m
[106.846s] [ 64%] [32mBuilding CXX object CMakeFiles/gazebo_msgs__rosidl_typesupport_cpp.dir/rosidl_typesupport_cpp/gazebo_msgs/srv/get_model_state__type_support.cpp.o[0m
[107.526s] [ 64%] [32mBuilding CXX object CMakeFiles/gazebo_msgs__rosidl_typesupport_fastrtps_c.dir/rosidl_typesupport_fastrtps_c/gazebo_msgs/srv/detail/body_request__type_support_c.cpp.o[0m
[107.541s] [ 64%] [32mBuilding CXX object CMakeFiles/gazebo_msgs__rosidl_typesupport_cpp.dir/rosidl_typesupport_cpp/gazebo_msgs/srv/get_physics_properties__type_support.cpp.o[0m
[108.276s] [ 64%] [32mBuilding CXX object CMakeFiles/gazebo_msgs__rosidl_typesupport_introspection_cpp.dir/rosidl_typesupport_introspection_cpp/gazebo_msgs/srv/detail/link_request__type_support.cpp.o[0m
[108.396s] [ 64%] [32mBuilding CXX object CMakeFiles/gazebo_msgs__rosidl_typesupport_fastrtps_cpp.dir/rosidl_typesupport_fastrtps_cpp/gazebo_msgs/srv/detail/dds_fastrtps/apply_body_wrench__type_support.cpp.o[0m
[108.401s] [ 65%] [32mBuilding CXX object CMakeFiles/gazebo_msgs__rosidl_typesupport_fastrtps_cpp.dir/rosidl_typesupport_fastrtps_cpp/gazebo_msgs/srv/detail/dds_fastrtps/apply_link_wrench__type_support.cpp.o[0m
[108.823s] [ 66%] [32mBuilding CXX object CMakeFiles/gazebo_msgs__rosidl_typesupport_cpp.dir/rosidl_typesupport_cpp/gazebo_msgs/srv/get_world_properties__type_support.cpp.o[0m
[109.543s] [ 66%] [32mBuilding CXX object CMakeFiles/gazebo_msgs__rosidl_typesupport_cpp.dir/rosidl_typesupport_cpp/gazebo_msgs/srv/joint_request__type_support.cpp.o[0m
[110.023s] [ 67%] [32mBuilding CXX object CMakeFiles/gazebo_msgs__rosidl_typesupport_fastrtps_c.dir/rosidl_typesupport_fastrtps_c/gazebo_msgs/srv/detail/delete_entity__type_support_c.cpp.o[0m
[110.858s] [ 68%] [32mBuilding CXX object CMakeFiles/gazebo_msgs__rosidl_typesupport_introspection_cpp.dir/rosidl_typesupport_introspection_cpp/gazebo_msgs/srv/detail/set_entity_state__type_support.cpp.o[0m
[110.901s] [ 68%] [32mBuilding CXX object CMakeFiles/gazebo_msgs__rosidl_typesupport_introspection_cpp.dir/rosidl_typesupport_introspection_cpp/gazebo_msgs/srv/detail/set_joint_properties__type_support.cpp.o[0m
[111.101s] [ 68%] [32mBuilding CXX object CMakeFiles/gazebo_msgs__rosidl_typesupport_fastrtps_cpp.dir/rosidl_typesupport_fastrtps_cpp/gazebo_msgs/srv/detail/dds_fastrtps/apply_joint_effort__type_support.cpp.o[0m
[111.184s] [ 68%] [32mBuilding CXX object CMakeFiles/gazebo_msgs__rosidl_typesupport_fastrtps_cpp.dir/rosidl_typesupport_fastrtps_cpp/gazebo_msgs/srv/detail/dds_fastrtps/body_request__type_support.cpp.o[0m
[111.381s] [ 68%] [32mBuilding CXX object CMakeFiles/gazebo_msgs__rosidl_typesupport_cpp.dir/rosidl_typesupport_cpp/gazebo_msgs/srv/link_request__type_support.cpp.o[0m
[112.703s] [ 68%] [32mBuilding CXX object CMakeFiles/gazebo_msgs__rosidl_typesupport_fastrtps_c.dir/rosidl_typesupport_fastrtps_c/gazebo_msgs/srv/detail/delete_light__type_support_c.cpp.o[0m
[113.245s] [ 68%] [32mBuilding CXX object CMakeFiles/gazebo_msgs__rosidl_typesupport_cpp.dir/rosidl_typesupport_cpp/gazebo_msgs/srv/set_entity_state__type_support.cpp.o[0m
[113.596s] [ 68%] [32mBuilding CXX object CMakeFiles/gazebo_msgs__rosidl_typesupport_introspection_cpp.dir/rosidl_typesupport_introspection_cpp/gazebo_msgs/srv/detail/set_joint_trajectory__type_support.cpp.o[0m
[113.626s] [ 68%] [32mBuilding CXX object CMakeFiles/gazebo_msgs__rosidl_typesupport_introspection_cpp.dir/rosidl_typesupport_introspection_cpp/gazebo_msgs/srv/detail/set_light_properties__type_support.cpp.o[0m
[113.803s] [ 68%] [32mBuilding CXX object CMakeFiles/gazebo_msgs__rosidl_typesupport_fastrtps_cpp.dir/rosidl_typesupport_fastrtps_cpp/gazebo_msgs/srv/detail/dds_fastrtps/delete_entity__type_support.cpp.o[0m
[113.852s] [ 69%] [32mBuilding CXX object CMakeFiles/gazebo_msgs__rosidl_typesupport_fastrtps_cpp.dir/rosidl_typesupport_fastrtps_cpp/gazebo_msgs/srv/detail/dds_fastrtps/delete_light__type_support.cpp.o[0m
[115.153s] [ 69%] [32mBuilding CXX object CMakeFiles/gazebo_msgs__rosidl_typesupport_fastrtps_c.dir/rosidl_typesupport_fastrtps_c/gazebo_msgs/srv/detail/delete_model__type_support_c.cpp.o[0m
[115.271s] [ 70%] [32mBuilding CXX object CMakeFiles/gazebo_msgs__rosidl_typesupport_cpp.dir/rosidl_typesupport_cpp/gazebo_msgs/srv/set_joint_properties__type_support.cpp.o[0m
[116.388s] [ 71%] [32mBuilding CXX object CMakeFiles/gazebo_msgs__rosidl_typesupport_introspection_cpp.dir/rosidl_typesupport_introspection_cpp/gazebo_msgs/srv/detail/set_link_properties__type_support.cpp.o[0m
[116.432s] [ 71%] [32mBuilding CXX object CMakeFiles/gazebo_msgs__rosidl_typesupport_introspection_cpp.dir/rosidl_typesupport_introspection_cpp/gazebo_msgs/srv/detail/set_link_state__type_support.cpp.o[0m
[116.501s] [ 71%] [32mBuilding CXX object CMakeFiles/gazebo_msgs__rosidl_typesupport_fastrtps_cpp.dir/rosidl_typesupport_fastrtps_cpp/gazebo_msgs/srv/detail/dds_fastrtps/delete_model__type_support.cpp.o[0m
[116.533s] [ 71%] [32mBuilding CXX object CMakeFiles/gazebo_msgs__rosidl_typesupport_fastrtps_cpp.dir/rosidl_typesupport_fastrtps_cpp/gazebo_msgs/srv/detail/dds_fastrtps/get_joint_properties__type_support.cpp.o[0m
[117.388s] [ 71%] [32mBuilding CXX object CMakeFiles/gazebo_msgs__rosidl_typesupport_cpp.dir/rosidl_typesupport_cpp/gazebo_msgs/srv/set_joint_trajectory__type_support.cpp.o[0m
[117.577s] [ 71%] [32mBuilding CXX object CMakeFiles/gazebo_msgs__rosidl_typesupport_fastrtps_c.dir/rosidl_typesupport_fastrtps_c/gazebo_msgs/srv/detail/get_joint_properties__type_support_c.cpp.o[0m
[119.021s] [ 71%] [32mBuilding CXX object CMakeFiles/gazebo_msgs__rosidl_typesupport_introspection_cpp.dir/rosidl_typesupport_introspection_cpp/gazebo_msgs/srv/detail/set_model_configuration__type_support.cpp.o[0m
[119.024s] [ 71%] [32mBuilding CXX object CMakeFiles/gazebo_msgs__rosidl_typesupport_introspection_cpp.dir/rosidl_typesupport_introspection_cpp/gazebo_msgs/srv/detail/set_model_state__type_support.cpp.o[0m
[119.295s] [ 71%] [32mBuilding CXX object CMakeFiles/gazebo_msgs__rosidl_typesupport_fastrtps_cpp.dir/rosidl_typesupport_fastrtps_cpp/gazebo_msgs/srv/detail/dds_fastrtps/get_entity_state__type_support.cpp.o[0m
[119.370s] [ 71%] [32mBuilding CXX object CMakeFiles/gazebo_msgs__rosidl_typesupport_cpp.dir/rosidl_typesupport_cpp/gazebo_msgs/srv/set_light_properties__type_support.cpp.o[0m
[119.645s] [ 72%] [32mBuilding CXX object CMakeFiles/gazebo_msgs__rosidl_typesupport_fastrtps_cpp.dir/rosidl_typesupport_fastrtps_cpp/gazebo_msgs/srv/detail/dds_fastrtps/get_light_properties__type_support.cpp.o[0m
[120.415s] [ 73%] [32mBuilding CXX object CMakeFiles/gazebo_msgs__rosidl_typesupport_fastrtps_c.dir/rosidl_typesupport_fastrtps_c/gazebo_msgs/srv/detail/get_entity_state__type_support_c.cpp.o[0m
[121.359s] [ 73%] [32mBuilding CXX object CMakeFiles/gazebo_msgs__rosidl_typesupport_cpp.dir/rosidl_typesupport_cpp/gazebo_msgs/srv/set_link_properties__type_support.cpp.o[0m
[121.656s] [ 74%] [32mBuilding CXX object CMakeFiles/gazebo_msgs__rosidl_typesupport_introspection_cpp.dir/rosidl_typesupport_introspection_cpp/gazebo_msgs/srv/detail/set_physics_properties__type_support.cpp.o[0m
[122.111s] [ 74%] [32mBuilding CXX object CMakeFiles/gazebo_msgs__rosidl_typesupport_fastrtps_cpp.dir/rosidl_typesupport_fastrtps_cpp/gazebo_msgs/srv/detail/dds_fastrtps/get_link_properties__type_support.cpp.o[0m
[122.115s] [ 74%] [32mBuilding CXX object CMakeFiles/gazebo_msgs__rosidl_typesupport_introspection_cpp.dir/rosidl_typesupport_introspection_cpp/gazebo_msgs/srv/detail/spawn_entity__type_support.cpp.o[0m
[122.570s] [ 74%] [32mBuilding CXX object CMakeFiles/gazebo_msgs__rosidl_typesupport_fastrtps_cpp.dir/rosidl_typesupport_fastrtps_cpp/gazebo_msgs/srv/detail/dds_fastrtps/get_link_state__type_support.cpp.o[0m
[123.151s] [ 74%] [32mBuilding CXX object CMakeFiles/gazebo_msgs__rosidl_typesupport_fastrtps_c.dir/rosidl_typesupport_fastrtps_c/gazebo_msgs/srv/detail/get_light_properties__type_support_c.cpp.o[0m
[123.203s] [ 75%] [32mBuilding CXX object CMakeFiles/gazebo_msgs__rosidl_typesupport_cpp.dir/rosidl_typesupport_cpp/gazebo_msgs/srv/set_link_state__type_support.cpp.o[0m
[124.198s] [ 75%] [32mBuilding CXX object CMakeFiles/gazebo_msgs__rosidl_typesupport_introspection_cpp.dir/rosidl_typesupport_introspection_cpp/gazebo_msgs/srv/detail/spawn_model__type_support.cpp.o[0m
[124.686s] [ 75%] [32mBuilding CXX object CMakeFiles/gazebo_msgs__rosidl_typesupport_fastrtps_c.dir/rosidl_typesupport_fastrtps_c/gazebo_msgs/srv/detail/get_link_properties__type_support_c.cpp.o[0m
[125.054s] [ 76%] [32mBuilding CXX object CMakeFiles/gazebo_msgs__rosidl_typesupport_fastrtps_cpp.dir/rosidl_typesupport_fastrtps_cpp/gazebo_msgs/srv/detail/dds_fastrtps/get_model_list__type_support.cpp.o[0m
[125.062s] [ 76%] [32mBuilding CXX object CMakeFiles/gazebo_msgs__rosidl_typesupport_cpp.dir/rosidl_typesupport_cpp/gazebo_msgs/srv/set_model_configuration__type_support.cpp.o[0m
[125.606s] [ 76%] [32mBuilding CXX object CMakeFiles/gazebo_msgs__rosidl_typesupport_fastrtps_cpp.dir/rosidl_typesupport_fastrtps_cpp/gazebo_msgs/srv/detail/dds_fastrtps/get_model_properties__type_support.cpp.o[0m
[125.616s] [ 76%] [32mBuilding CXX object CMakeFiles/gazebo_msgs__rosidl_typesupport_cpp.dir/rosidl_typesupport_cpp/gazebo_msgs/srv/set_model_state__type_support.cpp.o[0m
[126.753s] [ 77%] [32m[1mLinking CXX shared library libgazebo_msgs__rosidl_typesupport_introspection_cpp.so[0m
[126.983s] [ 78%] [32mBuilding CXX object CMakeFiles/gazebo_msgs__rosidl_typesupport_cpp.dir/rosidl_typesupport_cpp/gazebo_msgs/srv/set_physics_properties__type_support.cpp.o[0m
[127.235s] [ 78%] [32mBuilding CXX object CMakeFiles/gazebo_msgs__rosidl_typesupport_fastrtps_c.dir/rosidl_typesupport_fastrtps_c/gazebo_msgs/srv/detail/get_link_state__type_support_c.cpp.o[0m
[127.446s] [ 78%] Built target gazebo_msgs__rosidl_typesupport_introspection_cpp
[127.495s] [ 79%] [32mBuilding CXX object CMakeFiles/gazebo_msgs__rosidl_typesupport_fastrtps_c.dir/rosidl_typesupport_fastrtps_c/gazebo_msgs/srv/detail/get_model_list__type_support_c.cpp.o[0m
[127.501s] [ 79%] [32mBuilding CXX object CMakeFiles/gazebo_msgs__rosidl_typesupport_cpp.dir/rosidl_typesupport_cpp/gazebo_msgs/srv/spawn_entity__type_support.cpp.o[0m
[128.106s] [ 79%] [32mBuilding CXX object CMakeFiles/gazebo_msgs__rosidl_typesupport_cpp.dir/rosidl_typesupport_cpp/gazebo_msgs/srv/spawn_model__type_support.cpp.o[0m
[128.875s] [ 79%] [32mBuilding CXX object CMakeFiles/gazebo_msgs__rosidl_typesupport_fastrtps_cpp.dir/rosidl_typesupport_fastrtps_cpp/gazebo_msgs/srv/detail/dds_fastrtps/get_model_state__type_support.cpp.o[0m
[129.196s] [ 79%] [32mBuilding CXX object CMakeFiles/gazebo_msgs__rosidl_typesupport_fastrtps_cpp.dir/rosidl_typesupport_fastrtps_cpp/gazebo_msgs/srv/detail/dds_fastrtps/get_physics_properties__type_support.cpp.o[0m
[129.331s] [ 80%] [32mBuilding CXX object CMakeFiles/gazebo_msgs__rosidl_typesupport_fastrtps_cpp.dir/rosidl_typesupport_fastrtps_cpp/gazebo_msgs/srv/detail/dds_fastrtps/get_world_properties__type_support.cpp.o[0m
[129.699s] [ 80%] [32mBuilding CXX object CMakeFiles/gazebo_msgs__rosidl_typesupport_fastrtps_c.dir/rosidl_typesupport_fastrtps_c/gazebo_msgs/srv/detail/get_model_properties__type_support_c.cpp.o[0m
[129.936s] [ 80%] [32m[1mLinking CXX shared library libgazebo_msgs__rosidl_typesupport_cpp.so[0m
[129.976s] [ 80%] [32mBuilding CXX object CMakeFiles/gazebo_msgs__rosidl_typesupport_fastrtps_c.dir/rosidl_typesupport_fastrtps_c/gazebo_msgs/srv/detail/get_model_state__type_support_c.cpp.o[0m
[130.293s] [ 80%] Built target gazebo_msgs__rosidl_typesupport_cpp
[130.344s] [ 80%] [32mBuilding CXX object CMakeFiles/gazebo_msgs__rosidl_typesupport_fastrtps_cpp.dir/rosidl_typesupport_fastrtps_cpp/gazebo_msgs/srv/detail/dds_fastrtps/joint_request__type_support.cpp.o[0m
[131.952s] [ 80%] [32mBuilding CXX object CMakeFiles/gazebo_msgs__rosidl_typesupport_fastrtps_cpp.dir/rosidl_typesupport_fastrtps_cpp/gazebo_msgs/srv/detail/dds_fastrtps/link_request__type_support.cpp.o[0m
[132.115s] [ 80%] [32mBuilding CXX object CMakeFiles/gazebo_msgs__rosidl_typesupport_fastrtps_cpp.dir/rosidl_typesupport_fastrtps_cpp/gazebo_msgs/srv/detail/dds_fastrtps/set_entity_state__type_support.cpp.o[0m
[132.240s] [ 81%] [32mBuilding CXX object CMakeFiles/gazebo_msgs__rosidl_typesupport_fastrtps_c.dir/rosidl_typesupport_fastrtps_c/gazebo_msgs/srv/detail/get_physics_properties__type_support_c.cpp.o[0m
[132.499s] [ 81%] [32mBuilding CXX object CMakeFiles/gazebo_msgs__rosidl_typesupport_fastrtps_c.dir/rosidl_typesupport_fastrtps_c/gazebo_msgs/srv/detail/get_world_properties__type_support_c.cpp.o[0m
[132.553s] [ 82%] [32mBuilding CXX object CMakeFiles/gazebo_msgs__rosidl_typesupport_fastrtps_cpp.dir/rosidl_typesupport_fastrtps_cpp/gazebo_msgs/srv/detail/dds_fastrtps/set_joint_properties__type_support.cpp.o[0m
[133.144s] [ 82%] [32mBuilding CXX object CMakeFiles/gazebo_msgs__rosidl_typesupport_fastrtps_cpp.dir/rosidl_typesupport_fastrtps_cpp/gazebo_msgs/srv/detail/dds_fastrtps/set_joint_trajectory__type_support.cpp.o[0m
[134.822s] [ 82%] [32mBuilding CXX object CMakeFiles/gazebo_msgs__rosidl_typesupport_fastrtps_cpp.dir/rosidl_typesupport_fastrtps_cpp/gazebo_msgs/srv/detail/dds_fastrtps/set_light_properties__type_support.cpp.o[0m
[134.897s] [ 83%] [32mBuilding CXX object CMakeFiles/gazebo_msgs__rosidl_typesupport_fastrtps_cpp.dir/rosidl_typesupport_fastrtps_cpp/gazebo_msgs/srv/detail/dds_fastrtps/set_link_properties__type_support.cpp.o[0m
[134.953s] [ 83%] [32mBuilding CXX object CMakeFiles/gazebo_msgs__rosidl_typesupport_fastrtps_c.dir/rosidl_typesupport_fastrtps_c/gazebo_msgs/srv/detail/joint_request__type_support_c.cpp.o[0m
[134.989s] [ 83%] [32mBuilding CXX object CMakeFiles/gazebo_msgs__rosidl_typesupport_fastrtps_c.dir/rosidl_typesupport_fastrtps_c/gazebo_msgs/srv/detail/link_request__type_support_c.cpp.o[0m
[135.383s] [ 83%] [32mBuilding CXX object CMakeFiles/gazebo_msgs__rosidl_typesupport_fastrtps_cpp.dir/rosidl_typesupport_fastrtps_cpp/gazebo_msgs/srv/detail/dds_fastrtps/set_link_state__type_support.cpp.o[0m
[135.955s] [ 83%] [32mBuilding CXX object CMakeFiles/gazebo_msgs__rosidl_typesupport_fastrtps_cpp.dir/rosidl_typesupport_fastrtps_cpp/gazebo_msgs/srv/detail/dds_fastrtps/set_model_configuration__type_support.cpp.o[0m
[137.447s] [ 84%] [32mBuilding CXX object CMakeFiles/gazebo_msgs__rosidl_typesupport_fastrtps_c.dir/rosidl_typesupport_fastrtps_c/gazebo_msgs/srv/detail/set_entity_state__type_support_c.cpp.o[0m
[137.592s] [ 84%] [32mBuilding CXX object CMakeFiles/gazebo_msgs__rosidl_typesupport_fastrtps_c.dir/rosidl_typesupport_fastrtps_c/gazebo_msgs/srv/detail/set_joint_properties__type_support_c.cpp.o[0m
[137.693s] [ 84%] [32mBuilding CXX object CMakeFiles/gazebo_msgs__rosidl_typesupport_fastrtps_cpp.dir/rosidl_typesupport_fastrtps_cpp/gazebo_msgs/srv/detail/dds_fastrtps/set_model_state__type_support.cpp.o[0m
[137.836s] [ 85%] [32mBuilding CXX object CMakeFiles/gazebo_msgs__rosidl_typesupport_fastrtps_cpp.dir/rosidl_typesupport_fastrtps_cpp/gazebo_msgs/srv/detail/dds_fastrtps/set_physics_properties__type_support.cpp.o[0m
[138.235s] [ 85%] [32mBuilding CXX object CMakeFiles/gazebo_msgs__rosidl_typesupport_fastrtps_cpp.dir/rosidl_typesupport_fastrtps_cpp/gazebo_msgs/srv/detail/dds_fastrtps/spawn_entity__type_support.cpp.o[0m
[139.205s] [ 85%] [32mBuilding CXX object CMakeFiles/gazebo_msgs__rosidl_typesupport_fastrtps_cpp.dir/rosidl_typesupport_fastrtps_cpp/gazebo_msgs/srv/detail/dds_fastrtps/spawn_model__type_support.cpp.o[0m
[139.864s] [ 85%] [32mBuilding CXX object CMakeFiles/gazebo_msgs__rosidl_typesupport_fastrtps_c.dir/rosidl_typesupport_fastrtps_c/gazebo_msgs/srv/detail/set_joint_trajectory__type_support_c.cpp.o[0m
[140.082s] [ 85%] [32mBuilding CXX object CMakeFiles/gazebo_msgs__rosidl_typesupport_fastrtps_c.dir/rosidl_typesupport_fastrtps_c/gazebo_msgs/srv/detail/set_light_properties__type_support_c.cpp.o[0m
[140.759s] [ 86%] [32mBuilding CXX object CMakeFiles/gazebo_msgs__rosidl_typesupport_fastrtps_c.dir/rosidl_typesupport_fastrtps_c/gazebo_msgs/srv/detail/set_link_properties__type_support_c.cpp.o[0m
[141.074s] [ 86%] [32mBuilding CXX object CMakeFiles/gazebo_msgs__rosidl_typesupport_fastrtps_c.dir/rosidl_typesupport_fastrtps_c/gazebo_msgs/srv/detail/set_model_configuration__type_support_c.cpp.o[0m
[141.783s] [ 86%] [32m[1mLinking CXX shared library libgazebo_msgs__rosidl_typesupport_fastrtps_cpp.so[0m
[142.138s] [ 86%] [32mBuilding CXX object CMakeFiles/gazebo_msgs__rosidl_typesupport_fastrtps_c.dir/rosidl_typesupport_fastrtps_c/gazebo_msgs/srv/detail/set_link_state__type_support_c.cpp.o[0m
[142.273s] [ 87%] [32mBuilding CXX object CMakeFiles/gazebo_msgs__rosidl_typesupport_fastrtps_c.dir/rosidl_typesupport_fastrtps_c/gazebo_msgs/srv/detail/set_model_state__type_support_c.cpp.o[0m
[142.467s] [ 87%] [32mBuilding CXX object CMakeFiles/gazebo_msgs__rosidl_typesupport_fastrtps_c.dir/rosidl_typesupport_fastrtps_c/gazebo_msgs/srv/detail/set_physics_properties__type_support_c.cpp.o[0m
[142.517s] [ 87%] Built target gazebo_msgs__rosidl_typesupport_fastrtps_cpp
[142.579s] [ 87%] [32mBuilding CXX object CMakeFiles/gazebo_msgs__rosidl_typesupport_fastrtps_c.dir/rosidl_typesupport_fastrtps_c/gazebo_msgs/srv/detail/spawn_entity__type_support_c.cpp.o[0m
[143.159s] [ 87%] [32mBuilding CXX object CMakeFiles/gazebo_msgs__rosidl_typesupport_fastrtps_c.dir/rosidl_typesupport_fastrtps_c/gazebo_msgs/srv/detail/spawn_model__type_support_c.cpp.o[0m
[145.428s] [ 88%] [32m[1mLinking CXX shared library libgazebo_msgs__rosidl_typesupport_fastrtps_c.so[0m
[145.893s] [ 88%] Built target gazebo_msgs__rosidl_typesupport_fastrtps_c
[146.006s] [ 88%] Built target gazebo_msgs
[146.131s] [ 88%] [34m[1mGenerating Python code for ROS interfaces[0m
[189.094s] [ 88%] Built target gazebo_msgs__py
[189.225s] [ 89%] [32mBuilding C object CMakeFiles/gazebo_msgs__rosidl_generator_py.dir/rosidl_generator_py/gazebo_msgs/msg/_contacts_state_s.c.o[0m
[189.226s] [ 89%] [32mBuilding C object CMakeFiles/gazebo_msgs__rosidl_generator_py.dir/rosidl_generator_py/gazebo_msgs/msg/_contact_state_s.c.o[0m
[189.227s] [ 89%] [32mBuilding C object CMakeFiles/gazebo_msgs__rosidl_generator_py.dir/rosidl_generator_py/gazebo_msgs/msg/_entity_state_s.c.o[0m
[189.229s] [ 89%] [32mBuilding C object CMakeFiles/gazebo_msgs__rosidl_generator_py.dir/rosidl_generator_py/gazebo_msgs/msg/_link_state_s.c.o[0m
[189.236s] [ 89%] [32mBuilding C object CMakeFiles/gazebo_msgs__rosidl_generator_py.dir/rosidl_generator_py/gazebo_msgs/msg/_model_state_s.c.o[0m
[189.239s] [ 90%] [32mBuilding C object CMakeFiles/gazebo_msgs__rosidl_generator_py.dir/rosidl_generator_py/gazebo_msgs/msg/_link_states_s.c.o[0m
[190.001s] [ 90%] [32mBuilding C object CMakeFiles/gazebo_msgs__rosidl_generator_py.dir/rosidl_generator_py/gazebo_msgs/msg/_model_states_s.c.o[0m
[190.013s] [ 90%] [32mBuilding C object CMakeFiles/gazebo_msgs__rosidl_generator_py.dir/rosidl_generator_py/gazebo_msgs/msg/_ode_joint_properties_s.c.o[0m
[190.016s] [ 91%] [32mBuilding C object CMakeFiles/gazebo_msgs__rosidl_generator_py.dir/rosidl_generator_py/gazebo_msgs/msg/_ode_physics_s.c.o[0m
[190.052s] [ 91%] [32mBuilding C object CMakeFiles/gazebo_msgs__rosidl_generator_py.dir/rosidl_generator_py/gazebo_msgs/msg/_performance_metrics_s.c.o[0m
[190.138s] [ 91%] [32mBuilding C object CMakeFiles/gazebo_msgs__rosidl_generator_py.dir/rosidl_generator_py/gazebo_msgs/msg/_sensor_performance_metric_s.c.o[0m
[190.148s] [ 92%] [32mBuilding C object CMakeFiles/gazebo_msgs__rosidl_generator_py.dir/rosidl_generator_py/gazebo_msgs/msg/_wheel_slip_s.c.o[0m
[190.821s] [ 92%] [32mBuilding C object CMakeFiles/gazebo_msgs__rosidl_generator_py.dir/rosidl_generator_py/gazebo_msgs/msg/_world_state_s.c.o[0m
[190.856s] [ 92%] [32mBuilding C object CMakeFiles/gazebo_msgs__rosidl_generator_py.dir/rosidl_generator_py/gazebo_msgs/srv/_apply_body_wrench_s.c.o[0m
[190.863s] [ 92%] [32mBuilding C object CMakeFiles/gazebo_msgs__rosidl_generator_py.dir/rosidl_generator_py/gazebo_msgs/srv/_apply_link_wrench_s.c.o[0m
[190.920s] [ 93%] [32mBuilding C object CMakeFiles/gazebo_msgs__rosidl_generator_py.dir/rosidl_generator_py/gazebo_msgs/srv/_apply_joint_effort_s.c.o[0m
[191.077s] [ 93%] [32mBuilding C object CMakeFiles/gazebo_msgs__rosidl_generator_py.dir/rosidl_generator_py/gazebo_msgs/srv/_body_request_s.c.o[0m
[191.153s] [ 93%] [32mBuilding C object CMakeFiles/gazebo_msgs__rosidl_generator_py.dir/rosidl_generator_py/gazebo_msgs/srv/_delete_entity_s.c.o[0m
[191.678s] [ 93%] [32mBuilding C object CMakeFiles/gazebo_msgs__rosidl_generator_py.dir/rosidl_generator_py/gazebo_msgs/srv/_delete_light_s.c.o[0m
[191.704s] [ 93%] [32mBuilding C object CMakeFiles/gazebo_msgs__rosidl_generator_py.dir/rosidl_generator_py/gazebo_msgs/srv/_get_joint_properties_s.c.o[0m
[191.707s] [ 94%] [32mBuilding C object CMakeFiles/gazebo_msgs__rosidl_generator_py.dir/rosidl_generator_py/gazebo_msgs/srv/_delete_model_s.c.o[0m
[191.730s] [ 94%] [32mBuilding C object CMakeFiles/gazebo_msgs__rosidl_generator_py.dir/rosidl_generator_py/gazebo_msgs/srv/_get_entity_state_s.c.o[0m
[191.895s] [ 95%] [32mBuilding C object CMakeFiles/gazebo_msgs__rosidl_generator_py.dir/rosidl_generator_py/gazebo_msgs/srv/_get_light_properties_s.c.o[0m
[191.923s] [ 95%] [32mBuilding C object CMakeFiles/gazebo_msgs__rosidl_generator_py.dir/rosidl_generator_py/gazebo_msgs/srv/_get_link_properties_s.c.o[0m
[192.451s] [ 95%] [32mBuilding C object CMakeFiles/gazebo_msgs__rosidl_generator_py.dir/rosidl_generator_py/gazebo_msgs/srv/_get_link_state_s.c.o[0m
[192.550s] [ 95%] [32mBuilding C object CMakeFiles/gazebo_msgs__rosidl_generator_py.dir/rosidl_generator_py/gazebo_msgs/srv/_get_model_list_s.c.o[0m
[192.573s] [ 96%] [32mBuilding C object CMakeFiles/gazebo_msgs__rosidl_generator_py.dir/rosidl_generator_py/gazebo_msgs/srv/_get_model_properties_s.c.o[0m
[192.625s] [ 96%] [32mBuilding C object CMakeFiles/gazebo_msgs__rosidl_generator_py.dir/rosidl_generator_py/gazebo_msgs/srv/_get_model_state_s.c.o[0m
[192.696s] [ 96%] [32mBuilding C object CMakeFiles/gazebo_msgs__rosidl_generator_py.dir/rosidl_generator_py/gazebo_msgs/srv/_get_physics_properties_s.c.o[0m
[192.720s] [ 96%] [32mBuilding C object CMakeFiles/gazebo_msgs__rosidl_generator_py.dir/rosidl_generator_py/gazebo_msgs/srv/_get_world_properties_s.c.o[0m
[193.262s] [ 97%] [32mBuilding C object CMakeFiles/gazebo_msgs__rosidl_generator_py.dir/rosidl_generator_py/gazebo_msgs/srv/_joint_request_s.c.o[0m
[193.350s] [ 97%] [32mBuilding C object CMakeFiles/gazebo_msgs__rosidl_generator_py.dir/rosidl_generator_py/gazebo_msgs/srv/_link_request_s.c.o[0m
[193.482s] [ 97%] [32mBuilding C object CMakeFiles/gazebo_msgs__rosidl_generator_py.dir/rosidl_generator_py/gazebo_msgs/srv/_set_entity_state_s.c.o[0m
[193.524s] [ 98%] [32mBuilding C object CMakeFiles/gazebo_msgs__rosidl_generator_py.dir/rosidl_generator_py/gazebo_msgs/srv/_set_joint_properties_s.c.o[0m
[193.528s] [ 98%] [32mBuilding C object CMakeFiles/gazebo_msgs__rosidl_generator_py.dir/rosidl_generator_py/gazebo_msgs/srv/_set_joint_trajectory_s.c.o[0m
[193.567s] [ 98%] [32mBuilding C object CMakeFiles/gazebo_msgs__rosidl_generator_py.dir/rosidl_generator_py/gazebo_msgs/srv/_set_light_properties_s.c.o[0m
[194.018s] [ 98%] [32mBuilding C object CMakeFiles/gazebo_msgs__rosidl_generator_py.dir/rosidl_generator_py/gazebo_msgs/srv/_set_link_properties_s.c.o[0m
[194.125s] [ 99%] [32mBuilding C object CMakeFiles/gazebo_msgs__rosidl_generator_py.dir/rosidl_generator_py/gazebo_msgs/srv/_set_link_state_s.c.o[0m
[194.236s] [ 99%] [32mBuilding C object CMakeFiles/gazebo_msgs__rosidl_generator_py.dir/rosidl_generator_py/gazebo_msgs/srv/_set_model_configuration_s.c.o[0m
[194.347s] [ 99%] [32mBuilding C object CMakeFiles/gazebo_msgs__rosidl_generator_py.dir/rosidl_generator_py/gazebo_msgs/srv/_set_model_state_s.c.o[0m
[194.375s] [ 99%] [32mBuilding C object CMakeFiles/gazebo_msgs__rosidl_generator_py.dir/rosidl_generator_py/gazebo_msgs/srv/_set_physics_properties_s.c.o[0m
[194.418s] [100%] [32mBuilding C object CMakeFiles/gazebo_msgs__rosidl_generator_py.dir/rosidl_generator_py/gazebo_msgs/srv/_spawn_entity_s.c.o[0m
[194.837s] [100%] [32mBuilding C object CMakeFiles/gazebo_msgs__rosidl_generator_py.dir/rosidl_generator_py/gazebo_msgs/srv/_spawn_model_s.c.o[0m
[195.554s] [100%] [32m[1mLinking C shared library rosidl_generator_py/gazebo_msgs/libgazebo_msgs__rosidl_generator_py.so[0m
[195.889s] [100%] Built target gazebo_msgs__rosidl_generator_py
[196.003s] [100%] [32mBuilding C object CMakeFiles/gazebo_msgs__rosidl_typesupport_introspection_c__pyext.dir/rosidl_generator_py/gazebo_msgs/_gazebo_msgs_s.ep.rosidl_typesupport_introspection_c.c.o[0m
[196.004s] [100%] [32mBuilding C object CMakeFiles/gazebo_msgs__rosidl_typesupport_fastrtps_c__pyext.dir/rosidl_generator_py/gazebo_msgs/_gazebo_msgs_s.ep.rosidl_typesupport_fastrtps_c.c.o[0m
[196.005s] [100%] [32mBuilding C object CMakeFiles/gazebo_msgs__rosidl_typesupport_c__pyext.dir/rosidl_generator_py/gazebo_msgs/_gazebo_msgs_s.ep.rosidl_typesupport_c.c.o[0m
[198.127s] [100%] [32m[1mLinking C shared library rosidl_generator_py/gazebo_msgs/gazebo_msgs_s__rosidl_typesupport_introspection_c.cpython-310-aarch64-linux-gnu.so[0m
[198.128s] [100%] [32m[1mLinking C shared library rosidl_generator_py/gazebo_msgs/gazebo_msgs_s__rosidl_typesupport_c.cpython-310-aarch64-linux-gnu.so[0m
[198.136s] [100%] [32m[1mLinking C shared library rosidl_generator_py/gazebo_msgs/gazebo_msgs_s__rosidl_typesupport_fastrtps_c.cpython-310-aarch64-linux-gnu.so[0m
[198.411s] [100%] Built target gazebo_msgs__rosidl_typesupport_c__pyext
[198.415s] [100%] Built target gazebo_msgs__rosidl_typesupport_introspection_c__pyext
[198.428s] [100%] Built target gazebo_msgs__rosidl_typesupport_fastrtps_c__pyext
[198.500s] Invoked command in '/home/ultra/gazebo_ros/build/gazebo_msgs' returned '0': CMAKE_PREFIX_PATH=${CMAKE_PREFIX_PATH}:/opt/ros/humble /usr/bin/cmake --build /home/ultra/gazebo_ros/build/gazebo_msgs -- -j6 -l6
[198.507s] Invoking command in '/home/ultra/gazebo_ros/build/gazebo_msgs': CMAKE_PREFIX_PATH=${CMAKE_PREFIX_PATH}:/opt/ros/humble /usr/bin/cmake --install /home/ultra/gazebo_ros/build/gazebo_msgs
[198.548s] -- Install configuration: ""
[198.553s] -- Execute custom install script
[198.557s] -- Symlinking: /home/ultra/gazebo_ros/install/gazebo_msgs/share/ament_index/resource_index/rosidl_interfaces/gazebo_msgs
[198.620s] -- Symlinking: /home/ultra/gazebo_ros/install/gazebo_msgs/include/gazebo_msgs/gazebo_msgs/msg/contact_state.h
[198.662s] -- Symlinking: /home/ultra/gazebo_ros/install/gazebo_msgs/include/gazebo_msgs/gazebo_msgs/msg/contacts_state.h
[198.704s] -- Symlinking: /home/ultra/gazebo_ros/install/gazebo_msgs/include/gazebo_msgs/gazebo_msgs/msg/detail/contact_state__functions.h
[198.746s] -- Symlinking: /home/ultra/gazebo_ros/install/gazebo_msgs/include/gazebo_msgs/gazebo_msgs/msg/detail/contact_state__struct.h
[198.790s] -- Symlinking: /home/ultra/gazebo_ros/install/gazebo_msgs/include/gazebo_msgs/gazebo_msgs/msg/detail/contact_state__type_support.h
[198.832s] -- Symlinking: /home/ultra/gazebo_ros/install/gazebo_msgs/include/gazebo_msgs/gazebo_msgs/msg/detail/contacts_state__functions.h
[198.877s] -- Symlinking: /home/ultra/gazebo_ros/install/gazebo_msgs/include/gazebo_msgs/gazebo_msgs/msg/detail/contacts_state__struct.h
[198.919s] -- Symlinking: /home/ultra/gazebo_ros/install/gazebo_msgs/include/gazebo_msgs/gazebo_msgs/msg/detail/contacts_state__type_support.h
[198.960s] -- Symlinking: /home/ultra/gazebo_ros/install/gazebo_msgs/include/gazebo_msgs/gazebo_msgs/msg/detail/entity_state__functions.h
[199.002s] -- Symlinking: /home/ultra/gazebo_ros/install/gazebo_msgs/include/gazebo_msgs/gazebo_msgs/msg/detail/entity_state__struct.h
[199.044s] -- Symlinking: /home/ultra/gazebo_ros/install/gazebo_msgs/include/gazebo_msgs/gazebo_msgs/msg/detail/entity_state__type_support.h
[199.086s] -- Symlinking: /home/ultra/gazebo_ros/install/gazebo_msgs/include/gazebo_msgs/gazebo_msgs/msg/detail/link_state__functions.h
[199.128s] -- Symlinking: /home/ultra/gazebo_ros/install/gazebo_msgs/include/gazebo_msgs/gazebo_msgs/msg/detail/link_state__struct.h
[199.172s] -- Symlinking: /home/ultra/gazebo_ros/install/gazebo_msgs/include/gazebo_msgs/gazebo_msgs/msg/detail/link_state__type_support.h
[199.214s] -- Symlinking: /home/ultra/gazebo_ros/install/gazebo_msgs/include/gazebo_msgs/gazebo_msgs/msg/detail/link_states__functions.h
[199.255s] -- Symlinking: /home/ultra/gazebo_ros/install/gazebo_msgs/include/gazebo_msgs/gazebo_msgs/msg/detail/link_states__struct.h
[199.298s] -- Symlinking: /home/ultra/gazebo_ros/install/gazebo_msgs/include/gazebo_msgs/gazebo_msgs/msg/detail/link_states__type_support.h
[199.340s] -- Symlinking: /home/ultra/gazebo_ros/install/gazebo_msgs/include/gazebo_msgs/gazebo_msgs/msg/detail/model_state__functions.h
[199.382s] -- Symlinking: /home/ultra/gazebo_ros/install/gazebo_msgs/include/gazebo_msgs/gazebo_msgs/msg/detail/model_state__struct.h
[199.424s] -- Symlinking: /home/ultra/gazebo_ros/install/gazebo_msgs/include/gazebo_msgs/gazebo_msgs/msg/detail/model_state__type_support.h
[199.467s] -- Symlinking: /home/ultra/gazebo_ros/install/gazebo_msgs/include/gazebo_msgs/gazebo_msgs/msg/detail/model_states__functions.h
[199.509s] -- Symlinking: /home/ultra/gazebo_ros/install/gazebo_msgs/include/gazebo_msgs/gazebo_msgs/msg/detail/model_states__struct.h
[199.552s] -- Symlinking: /home/ultra/gazebo_ros/install/gazebo_msgs/include/gazebo_msgs/gazebo_msgs/msg/detail/model_states__type_support.h
[199.594s] -- Symlinking: /home/ultra/gazebo_ros/install/gazebo_msgs/include/gazebo_msgs/gazebo_msgs/msg/detail/ode_joint_properties__functions.h
[199.637s] -- Symlinking: /home/ultra/gazebo_ros/install/gazebo_msgs/include/gazebo_msgs/gazebo_msgs/msg/detail/ode_joint_properties__struct.h
[199.683s] -- Symlinking: /home/ultra/gazebo_ros/install/gazebo_msgs/include/gazebo_msgs/gazebo_msgs/msg/detail/ode_joint_properties__type_support.h
[199.726s] -- Symlinking: /home/ultra/gazebo_ros/install/gazebo_msgs/include/gazebo_msgs/gazebo_msgs/msg/detail/ode_physics__functions.h
[199.769s] -- Symlinking: /home/ultra/gazebo_ros/install/gazebo_msgs/include/gazebo_msgs/gazebo_msgs/msg/detail/ode_physics__struct.h
[199.812s] -- Symlinking: /home/ultra/gazebo_ros/install/gazebo_msgs/include/gazebo_msgs/gazebo_msgs/msg/detail/ode_physics__type_support.h
[199.855s] -- Symlinking: /home/ultra/gazebo_ros/install/gazebo_msgs/include/gazebo_msgs/gazebo_msgs/msg/detail/performance_metrics__functions.h
[199.900s] -- Symlinking: /home/ultra/gazebo_ros/install/gazebo_msgs/include/gazebo_msgs/gazebo_msgs/msg/detail/performance_metrics__struct.h
[199.943s] -- Symlinking: /home/ultra/gazebo_ros/install/gazebo_msgs/include/gazebo_msgs/gazebo_msgs/msg/detail/performance_metrics__type_support.h
[199.990s] -- Symlinking: /home/ultra/gazebo_ros/install/gazebo_msgs/include/gazebo_msgs/gazebo_msgs/msg/detail/sensor_performance_metric__functions.h
[200.032s] -- Symlinking: /home/ultra/gazebo_ros/install/gazebo_msgs/include/gazebo_msgs/gazebo_msgs/msg/detail/sensor_performance_metric__struct.h
[200.075s] -- Symlinking: /home/ultra/gazebo_ros/install/gazebo_msgs/include/gazebo_msgs/gazebo_msgs/msg/detail/sensor_performance_metric__type_support.h
[200.118s] -- Symlinking: /home/ultra/gazebo_ros/install/gazebo_msgs/include/gazebo_msgs/gazebo_msgs/msg/detail/wheel_slip__functions.h
[200.161s] -- Symlinking: /home/ultra/gazebo_ros/install/gazebo_msgs/include/gazebo_msgs/gazebo_msgs/msg/detail/wheel_slip__struct.h
[200.204s] -- Symlinking: /home/ultra/gazebo_ros/install/gazebo_msgs/include/gazebo_msgs/gazebo_msgs/msg/detail/wheel_slip__type_support.h
[200.246s] -- Symlinking: /home/ultra/gazebo_ros/install/gazebo_msgs/include/gazebo_msgs/gazebo_msgs/msg/detail/world_state__functions.h
[200.288s] -- Symlinking: /home/ultra/gazebo_ros/install/gazebo_msgs/include/gazebo_msgs/gazebo_msgs/msg/detail/world_state__struct.h
[200.330s] -- Symlinking: /home/ultra/gazebo_ros/install/gazebo_msgs/include/gazebo_msgs/gazebo_msgs/msg/detail/world_state__type_support.h
[200.372s] -- Symlinking: /home/ultra/gazebo_ros/install/gazebo_msgs/include/gazebo_msgs/gazebo_msgs/msg/entity_state.h
[200.414s] -- Symlinking: /home/ultra/gazebo_ros/install/gazebo_msgs/include/gazebo_msgs/gazebo_msgs/msg/link_state.h
[200.456s] -- Symlinking: /home/ultra/gazebo_ros/install/gazebo_msgs/include/gazebo_msgs/gazebo_msgs/msg/link_states.h
[200.499s] -- Symlinking: /home/ultra/gazebo_ros/install/gazebo_msgs/include/gazebo_msgs/gazebo_msgs/msg/model_state.h
[200.540s] -- Symlinking: /home/ultra/gazebo_ros/install/gazebo_msgs/include/gazebo_msgs/gazebo_msgs/msg/model_states.h
[200.582s] -- Symlinking: /home/ultra/gazebo_ros/install/gazebo_msgs/include/gazebo_msgs/gazebo_msgs/msg/ode_joint_properties.h
[200.624s] -- Symlinking: /home/ultra/gazebo_ros/install/gazebo_msgs/include/gazebo_msgs/gazebo_msgs/msg/ode_physics.h
[200.667s] -- Symlinking: /home/ultra/gazebo_ros/install/gazebo_msgs/include/gazebo_msgs/gazebo_msgs/msg/performance_metrics.h
[200.709s] -- Symlinking: /home/ultra/gazebo_ros/install/gazebo_msgs/include/gazebo_msgs/gazebo_msgs/msg/rosidl_generator_c__visibility_control.h
[200.753s] -- Symlinking: /home/ultra/gazebo_ros/install/gazebo_msgs/include/gazebo_msgs/gazebo_msgs/msg/sensor_performance_metric.h
[200.796s] -- Symlinking: /home/ultra/gazebo_ros/install/gazebo_msgs/include/gazebo_msgs/gazebo_msgs/msg/wheel_slip.h
[200.837s] -- Symlinking: /home/ultra/gazebo_ros/install/gazebo_msgs/include/gazebo_msgs/gazebo_msgs/msg/world_state.h
[200.880s] -- Symlinking: /home/ultra/gazebo_ros/install/gazebo_msgs/include/gazebo_msgs/gazebo_msgs/srv/apply_body_wrench.h
[200.923s] -- Symlinking: /home/ultra/gazebo_ros/install/gazebo_msgs/include/gazebo_msgs/gazebo_msgs/srv/apply_joint_effort.h
[200.966s] -- Symlinking: /home/ultra/gazebo_ros/install/gazebo_msgs/include/gazebo_msgs/gazebo_msgs/srv/apply_link_wrench.h
[201.008s] -- Symlinking: /home/ultra/gazebo_ros/install/gazebo_msgs/include/gazebo_msgs/gazebo_msgs/srv/body_request.h
[201.048s] -- Symlinking: /home/ultra/gazebo_ros/install/gazebo_msgs/include/gazebo_msgs/gazebo_msgs/srv/delete_entity.h
[201.092s] -- Symlinking: /home/ultra/gazebo_ros/install/gazebo_msgs/include/gazebo_msgs/gazebo_msgs/srv/delete_light.h
[201.134s] -- Symlinking: /home/ultra/gazebo_ros/install/gazebo_msgs/include/gazebo_msgs/gazebo_msgs/srv/delete_model.h
[201.177s] -- Symlinking: /home/ultra/gazebo_ros/install/gazebo_msgs/include/gazebo_msgs/gazebo_msgs/srv/detail/apply_body_wrench__functions.h
[201.218s] -- Symlinking: /home/ultra/gazebo_ros/install/gazebo_msgs/include/gazebo_msgs/gazebo_msgs/srv/detail/apply_body_wrench__struct.h
[201.260s] -- Symlinking: /home/ultra/gazebo_ros/install/gazebo_msgs/include/gazebo_msgs/gazebo_msgs/srv/detail/apply_body_wrench__type_support.h
[201.303s] -- Symlinking: /home/ultra/gazebo_ros/install/gazebo_msgs/include/gazebo_msgs/gazebo_msgs/srv/detail/apply_joint_effort__functions.h
[201.344s] -- Symlinking: /home/ultra/gazebo_ros/install/gazebo_msgs/include/gazebo_msgs/gazebo_msgs/srv/detail/apply_joint_effort__struct.h
[201.386s] -- Symlinking: /home/ultra/gazebo_ros/install/gazebo_msgs/include/gazebo_msgs/gazebo_msgs/srv/detail/apply_joint_effort__type_support.h
[201.428s] -- Symlinking: /home/ultra/gazebo_ros/install/gazebo_msgs/include/gazebo_msgs/gazebo_msgs/srv/detail/apply_link_wrench__functions.h
[201.471s] -- Symlinking: /home/ultra/gazebo_ros/install/gazebo_msgs/include/gazebo_msgs/gazebo_msgs/srv/detail/apply_link_wrench__struct.h
[201.512s] -- Symlinking: /home/ultra/gazebo_ros/install/gazebo_msgs/include/gazebo_msgs/gazebo_msgs/srv/detail/apply_link_wrench__type_support.h
[201.556s] -- Symlinking: /home/ultra/gazebo_ros/install/gazebo_msgs/include/gazebo_msgs/gazebo_msgs/srv/detail/body_request__functions.h
[201.597s] -- Symlinking: /home/ultra/gazebo_ros/install/gazebo_msgs/include/gazebo_msgs/gazebo_msgs/srv/detail/body_request__struct.h
[201.640s] -- Symlinking: /home/ultra/gazebo_ros/install/gazebo_msgs/include/gazebo_msgs/gazebo_msgs/srv/detail/body_request__type_support.h
[201.682s] -- Symlinking: /home/ultra/gazebo_ros/install/gazebo_msgs/include/gazebo_msgs/gazebo_msgs/srv/detail/delete_entity__functions.h
[201.724s] -- Symlinking: /home/ultra/gazebo_ros/install/gazebo_msgs/include/gazebo_msgs/gazebo_msgs/srv/detail/delete_entity__struct.h
[201.766s] -- Symlinking: /home/ultra/gazebo_ros/install/gazebo_msgs/include/gazebo_msgs/gazebo_msgs/srv/detail/delete_entity__type_support.h
[201.808s] -- Symlinking: /home/ultra/gazebo_ros/install/gazebo_msgs/include/gazebo_msgs/gazebo_msgs/srv/detail/delete_light__functions.h
[201.849s] -- Symlinking: /home/ultra/gazebo_ros/install/gazebo_msgs/include/gazebo_msgs/gazebo_msgs/srv/detail/delete_light__struct.h
[201.892s] -- Symlinking: /home/ultra/gazebo_ros/install/gazebo_msgs/include/gazebo_msgs/gazebo_msgs/srv/detail/delete_light__type_support.h
[201.933s] -- Symlinking: /home/ultra/gazebo_ros/install/gazebo_msgs/include/gazebo_msgs/gazebo_msgs/srv/detail/delete_model__functions.h
[201.975s] -- Symlinking: /home/ultra/gazebo_ros/install/gazebo_msgs/include/gazebo_msgs/gazebo_msgs/srv/detail/delete_model__struct.h
[202.019s] -- Symlinking: /home/ultra/gazebo_ros/install/gazebo_msgs/include/gazebo_msgs/gazebo_msgs/srv/detail/delete_model__type_support.h
[202.061s] -- Symlinking: /home/ultra/gazebo_ros/install/gazebo_msgs/include/gazebo_msgs/gazebo_msgs/srv/detail/get_entity_state__functions.h
[202.105s] -- Symlinking: /home/ultra/gazebo_ros/install/gazebo_msgs/include/gazebo_msgs/gazebo_msgs/srv/detail/get_entity_state__struct.h
[202.148s] -- Symlinking: /home/ultra/gazebo_ros/install/gazebo_msgs/include/gazebo_msgs/gazebo_msgs/srv/detail/get_entity_state__type_support.h
[202.191s] -- Symlinking: /home/ultra/gazebo_ros/install/gazebo_msgs/include/gazebo_msgs/gazebo_msgs/srv/detail/get_joint_properties__functions.h
[202.232s] -- Symlinking: /home/ultra/gazebo_ros/install/gazebo_msgs/include/gazebo_msgs/gazebo_msgs/srv/detail/get_joint_properties__struct.h
[202.274s] -- Symlinking: /home/ultra/gazebo_ros/install/gazebo_msgs/include/gazebo_msgs/gazebo_msgs/srv/detail/get_joint_properties__type_support.h
[202.318s] -- Symlinking: /home/ultra/gazebo_ros/install/gazebo_msgs/include/gazebo_msgs/gazebo_msgs/srv/detail/get_light_properties__functions.h
[202.360s] -- Symlinking: /home/ultra/gazebo_ros/install/gazebo_msgs/include/gazebo_msgs/gazebo_msgs/srv/detail/get_light_properties__struct.h
[202.404s] -- Symlinking: /home/ultra/gazebo_ros/install/gazebo_msgs/include/gazebo_msgs/gazebo_msgs/srv/detail/get_light_properties__type_support.h
[202.446s] -- Symlinking: /home/ultra/gazebo_ros/install/gazebo_msgs/include/gazebo_msgs/gazebo_msgs/srv/detail/get_link_properties__functions.h
[202.488s] -- Symlinking: /home/ultra/gazebo_ros/install/gazebo_msgs/include/gazebo_msgs/gazebo_msgs/srv/detail/get_link_properties__struct.h
[202.530s] -- Symlinking: /home/ultra/gazebo_ros/install/gazebo_msgs/include/gazebo_msgs/gazebo_msgs/srv/detail/get_link_properties__type_support.h
[202.571s] -- Symlinking: /home/ultra/gazebo_ros/install/gazebo_msgs/include/gazebo_msgs/gazebo_msgs/srv/detail/get_link_state__functions.h
[202.613s] -- Symlinking: /home/ultra/gazebo_ros/install/gazebo_msgs/include/gazebo_msgs/gazebo_msgs/srv/detail/get_link_state__struct.h
[202.655s] -- Symlinking: /home/ultra/gazebo_ros/install/gazebo_msgs/include/gazebo_msgs/gazebo_msgs/srv/detail/get_link_state__type_support.h
[202.697s] -- Symlinking: /home/ultra/gazebo_ros/install/gazebo_msgs/include/gazebo_msgs/gazebo_msgs/srv/detail/get_model_list__functions.h
[202.738s] -- Symlinking: /home/ultra/gazebo_ros/install/gazebo_msgs/include/gazebo_msgs/gazebo_msgs/srv/detail/get_model_list__struct.h
[202.780s] -- Symlinking: /home/ultra/gazebo_ros/install/gazebo_msgs/include/gazebo_msgs/gazebo_msgs/srv/detail/get_model_list__type_support.h
[202.822s] -- Symlinking: /home/ultra/gazebo_ros/install/gazebo_msgs/include/gazebo_msgs/gazebo_msgs/srv/detail/get_model_properties__functions.h
[202.865s] -- Symlinking: /home/ultra/gazebo_ros/install/gazebo_msgs/include/gazebo_msgs/gazebo_msgs/srv/detail/get_model_properties__struct.h
[202.907s] -- Symlinking: /home/ultra/gazebo_ros/install/gazebo_msgs/include/gazebo_msgs/gazebo_msgs/srv/detail/get_model_properties__type_support.h
[202.949s] -- Symlinking: /home/ultra/gazebo_ros/install/gazebo_msgs/include/gazebo_msgs/gazebo_msgs/srv/detail/get_model_state__functions.h
[202.991s] -- Symlinking: /home/ultra/gazebo_ros/install/gazebo_msgs/include/gazebo_msgs/gazebo_msgs/srv/detail/get_model_state__struct.h
[203.033s] -- Symlinking: /home/ultra/gazebo_ros/install/gazebo_msgs/include/gazebo_msgs/gazebo_msgs/srv/detail/get_model_state__type_support.h
[203.075s] -- Symlinking: /home/ultra/gazebo_ros/install/gazebo_msgs/include/gazebo_msgs/gazebo_msgs/srv/detail/get_physics_properties__functions.h
[203.118s] -- Symlinking: /home/ultra/gazebo_ros/install/gazebo_msgs/include/gazebo_msgs/gazebo_msgs/srv/detail/get_physics_properties__struct.h
[203.160s] -- Symlinking: /home/ultra/gazebo_ros/install/gazebo_msgs/include/gazebo_msgs/gazebo_msgs/srv/detail/get_physics_properties__type_support.h
[203.203s] -- Symlinking: /home/ultra/gazebo_ros/install/gazebo_msgs/include/gazebo_msgs/gazebo_msgs/srv/detail/get_world_properties__functions.h
[203.246s] -- Symlinking: /home/ultra/gazebo_ros/install/gazebo_msgs/include/gazebo_msgs/gazebo_msgs/srv/detail/get_world_properties__struct.h
[203.289s] -- Symlinking: /home/ultra/gazebo_ros/install/gazebo_msgs/include/gazebo_msgs/gazebo_msgs/srv/detail/get_world_properties__type_support.h
[203.331s] -- Symlinking: /home/ultra/gazebo_ros/install/gazebo_msgs/include/gazebo_msgs/gazebo_msgs/srv/detail/joint_request__functions.h
[203.374s] -- Symlinking: /home/ultra/gazebo_ros/install/gazebo_msgs/include/gazebo_msgs/gazebo_msgs/srv/detail/joint_request__struct.h
[203.416s] -- Symlinking: /home/ultra/gazebo_ros/install/gazebo_msgs/include/gazebo_msgs/gazebo_msgs/srv/detail/joint_request__type_support.h
[203.458s] -- Symlinking: /home/ultra/gazebo_ros/install/gazebo_msgs/include/gazebo_msgs/gazebo_msgs/srv/detail/link_request__functions.h
[203.502s] -- Symlinking: /home/ultra/gazebo_ros/install/gazebo_msgs/include/gazebo_msgs/gazebo_msgs/srv/detail/link_request__struct.h
[203.544s] -- Symlinking: /home/ultra/gazebo_ros/install/gazebo_msgs/include/gazebo_msgs/gazebo_msgs/srv/detail/link_request__type_support.h
[203.588s] -- Symlinking: /home/ultra/gazebo_ros/install/gazebo_msgs/include/gazebo_msgs/gazebo_msgs/srv/detail/set_entity_state__functions.h
[203.630s] -- Symlinking: /home/ultra/gazebo_ros/install/gazebo_msgs/include/gazebo_msgs/gazebo_msgs/srv/detail/set_entity_state__struct.h
[203.672s] -- Symlinking: /home/ultra/gazebo_ros/install/gazebo_msgs/include/gazebo_msgs/gazebo_msgs/srv/detail/set_entity_state__type_support.h
[203.714s] -- Symlinking: /home/ultra/gazebo_ros/install/gazebo_msgs/include/gazebo_msgs/gazebo_msgs/srv/detail/set_joint_properties__functions.h
[203.756s] -- Symlinking: /home/ultra/gazebo_ros/install/gazebo_msgs/include/gazebo_msgs/gazebo_msgs/srv/detail/set_joint_properties__struct.h
[203.800s] -- Symlinking: /home/ultra/gazebo_ros/install/gazebo_msgs/include/gazebo_msgs/gazebo_msgs/srv/detail/set_joint_properties__type_support.h
[203.841s] -- Symlinking: /home/ultra/gazebo_ros/install/gazebo_msgs/include/gazebo_msgs/gazebo_msgs/srv/detail/set_joint_trajectory__functions.h
[203.886s] -- Symlinking: /home/ultra/gazebo_ros/install/gazebo_msgs/include/gazebo_msgs/gazebo_msgs/srv/detail/set_joint_trajectory__struct.h
[203.928s] -- Symlinking: /home/ultra/gazebo_ros/install/gazebo_msgs/include/gazebo_msgs/gazebo_msgs/srv/detail/set_joint_trajectory__type_support.h
[203.971s] -- Symlinking: /home/ultra/gazebo_ros/install/gazebo_msgs/include/gazebo_msgs/gazebo_msgs/srv/detail/set_light_properties__functions.h
[204.015s] -- Symlinking: /home/ultra/gazebo_ros/install/gazebo_msgs/include/gazebo_msgs/gazebo_msgs/srv/detail/set_light_properties__struct.h
[204.057s] -- Symlinking: /home/ultra/gazebo_ros/install/gazebo_msgs/include/gazebo_msgs/gazebo_msgs/srv/detail/set_light_properties__type_support.h
[204.100s] -- Symlinking: /home/ultra/gazebo_ros/install/gazebo_msgs/include/gazebo_msgs/gazebo_msgs/srv/detail/set_link_properties__functions.h
[204.143s] -- Symlinking: /home/ultra/gazebo_ros/install/gazebo_msgs/include/gazebo_msgs/gazebo_msgs/srv/detail/set_link_properties__struct.h
[204.187s] -- Symlinking: /home/ultra/gazebo_ros/install/gazebo_msgs/include/gazebo_msgs/gazebo_msgs/srv/detail/set_link_properties__type_support.h
[204.229s] -- Symlinking: /home/ultra/gazebo_ros/install/gazebo_msgs/include/gazebo_msgs/gazebo_msgs/srv/detail/set_link_state__functions.h
[204.271s] -- Symlinking: /home/ultra/gazebo_ros/install/gazebo_msgs/include/gazebo_msgs/gazebo_msgs/srv/detail/set_link_state__struct.h
[204.315s] -- Symlinking: /home/ultra/gazebo_ros/install/gazebo_msgs/include/gazebo_msgs/gazebo_msgs/srv/detail/set_link_state__type_support.h
[204.357s] -- Symlinking: /home/ultra/gazebo_ros/install/gazebo_msgs/include/gazebo_msgs/gazebo_msgs/srv/detail/set_model_configuration__functions.h
[204.401s] -- Symlinking: /home/ultra/gazebo_ros/install/gazebo_msgs/include/gazebo_msgs/gazebo_msgs/srv/detail/set_model_configuration__struct.h
[204.443s] -- Symlinking: /home/ultra/gazebo_ros/install/gazebo_msgs/include/gazebo_msgs/gazebo_msgs/srv/detail/set_model_configuration__type_support.h
[204.487s] -- Symlinking: /home/ultra/gazebo_ros/install/gazebo_msgs/include/gazebo_msgs/gazebo_msgs/srv/detail/set_model_state__functions.h
[204.529s] -- Symlinking: /home/ultra/gazebo_ros/install/gazebo_msgs/include/gazebo_msgs/gazebo_msgs/srv/detail/set_model_state__struct.h
[204.571s] -- Symlinking: /home/ultra/gazebo_ros/install/gazebo_msgs/include/gazebo_msgs/gazebo_msgs/srv/detail/set_model_state__type_support.h
[204.617s] -- Symlinking: /home/ultra/gazebo_ros/install/gazebo_msgs/include/gazebo_msgs/gazebo_msgs/srv/detail/set_physics_properties__functions.h
[204.659s] -- Symlinking: /home/ultra/gazebo_ros/install/gazebo_msgs/include/gazebo_msgs/gazebo_msgs/srv/detail/set_physics_properties__struct.h
[204.702s] -- Symlinking: /home/ultra/gazebo_ros/install/gazebo_msgs/include/gazebo_msgs/gazebo_msgs/srv/detail/set_physics_properties__type_support.h
[204.744s] -- Symlinking: /home/ultra/gazebo_ros/install/gazebo_msgs/include/gazebo_msgs/gazebo_msgs/srv/detail/spawn_entity__functions.h
[204.786s] -- Symlinking: /home/ultra/gazebo_ros/install/gazebo_msgs/include/gazebo_msgs/gazebo_msgs/srv/detail/spawn_entity__struct.h
[204.828s] -- Symlinking: /home/ultra/gazebo_ros/install/gazebo_msgs/include/gazebo_msgs/gazebo_msgs/srv/detail/spawn_entity__type_support.h
[204.870s] -- Symlinking: /home/ultra/gazebo_ros/install/gazebo_msgs/include/gazebo_msgs/gazebo_msgs/srv/detail/spawn_model__functions.h
[204.912s] -- Symlinking: /home/ultra/gazebo_ros/install/gazebo_msgs/include/gazebo_msgs/gazebo_msgs/srv/detail/spawn_model__struct.h
[204.955s] -- Symlinking: /home/ultra/gazebo_ros/install/gazebo_msgs/include/gazebo_msgs/gazebo_msgs/srv/detail/spawn_model__type_support.h
[204.998s] -- Symlinking: /home/ultra/gazebo_ros/install/gazebo_msgs/include/gazebo_msgs/gazebo_msgs/srv/get_entity_state.h
[205.040s] -- Symlinking: /home/ultra/gazebo_ros/install/gazebo_msgs/include/gazebo_msgs/gazebo_msgs/srv/get_joint_properties.h
[205.082s] -- Symlinking: /home/ultra/gazebo_ros/install/gazebo_msgs/include/gazebo_msgs/gazebo_msgs/srv/get_light_properties.h
[205.126s] -- Symlinking: /home/ultra/gazebo_ros/install/gazebo_msgs/include/gazebo_msgs/gazebo_msgs/srv/get_link_properties.h
[205.169s] -- Symlinking: /home/ultra/gazebo_ros/install/gazebo_msgs/include/gazebo_msgs/gazebo_msgs/srv/get_link_state.h
[205.212s] -- Symlinking: /home/ultra/gazebo_ros/install/gazebo_msgs/include/gazebo_msgs/gazebo_msgs/srv/get_model_list.h
[205.253s] -- Symlinking: /home/ultra/gazebo_ros/install/gazebo_msgs/include/gazebo_msgs/gazebo_msgs/srv/get_model_properties.h
[205.296s] -- Symlinking: /home/ultra/gazebo_ros/install/gazebo_msgs/include/gazebo_msgs/gazebo_msgs/srv/get_model_state.h
[205.338s] -- Symlinking: /home/ultra/gazebo_ros/install/gazebo_msgs/include/gazebo_msgs/gazebo_msgs/srv/get_physics_properties.h
[205.388s] -- Symlinking: /home/ultra/gazebo_ros/install/gazebo_msgs/include/gazebo_msgs/gazebo_msgs/srv/get_world_properties.h
[205.429s] -- Symlinking: /home/ultra/gazebo_ros/install/gazebo_msgs/include/gazebo_msgs/gazebo_msgs/srv/joint_request.h
[205.472s] -- Symlinking: /home/ultra/gazebo_ros/install/gazebo_msgs/include/gazebo_msgs/gazebo_msgs/srv/link_request.h
[205.514s] -- Symlinking: /home/ultra/gazebo_ros/install/gazebo_msgs/include/gazebo_msgs/gazebo_msgs/srv/set_entity_state.h
[205.556s] -- Symlinking: /home/ultra/gazebo_ros/install/gazebo_msgs/include/gazebo_msgs/gazebo_msgs/srv/set_joint_properties.h
[205.599s] -- Symlinking: /home/ultra/gazebo_ros/install/gazebo_msgs/include/gazebo_msgs/gazebo_msgs/srv/set_joint_trajectory.h
[205.640s] -- Symlinking: /home/ultra/gazebo_ros/install/gazebo_msgs/include/gazebo_msgs/gazebo_msgs/srv/set_light_properties.h
[205.681s] -- Symlinking: /home/ultra/gazebo_ros/install/gazebo_msgs/include/gazebo_msgs/gazebo_msgs/srv/set_link_properties.h
[205.724s] -- Symlinking: /home/ultra/gazebo_ros/install/gazebo_msgs/include/gazebo_msgs/gazebo_msgs/srv/set_link_state.h
[205.766s] -- Symlinking: /home/ultra/gazebo_ros/install/gazebo_msgs/include/gazebo_msgs/gazebo_msgs/srv/set_model_configuration.h
[205.808s] -- Symlinking: /home/ultra/gazebo_ros/install/gazebo_msgs/include/gazebo_msgs/gazebo_msgs/srv/set_model_state.h
[205.850s] -- Symlinking: /home/ultra/gazebo_ros/install/gazebo_msgs/include/gazebo_msgs/gazebo_msgs/srv/set_physics_properties.h
[205.892s] -- Symlinking: /home/ultra/gazebo_ros/install/gazebo_msgs/include/gazebo_msgs/gazebo_msgs/srv/spawn_entity.h
[205.934s] -- Symlinking: /home/ultra/gazebo_ros/install/gazebo_msgs/include/gazebo_msgs/gazebo_msgs/srv/spawn_model.h
[205.978s] -- Symlinking: /home/ultra/gazebo_ros/install/gazebo_msgs/share/gazebo_msgs/environment/library_path.sh
[206.020s] -- Symlinking: /home/ultra/gazebo_ros/install/gazebo_msgs/share/gazebo_msgs/environment/library_path.dsv
[206.079s] -- Symlinking: /home/ultra/gazebo_ros/install/gazebo_msgs/include/gazebo_msgs/gazebo_msgs/msg/detail/contact_state__rosidl_typesupport_fastrtps_c.h
[206.120s] -- Symlinking: /home/ultra/gazebo_ros/install/gazebo_msgs/include/gazebo_msgs/gazebo_msgs/msg/detail/contacts_state__rosidl_typesupport_fastrtps_c.h
[206.162s] -- Symlinking: /home/ultra/gazebo_ros/install/gazebo_msgs/include/gazebo_msgs/gazebo_msgs/msg/detail/entity_state__rosidl_typesupport_fastrtps_c.h
[206.206s] -- Symlinking: /home/ultra/gazebo_ros/install/gazebo_msgs/include/gazebo_msgs/gazebo_msgs/msg/detail/link_state__rosidl_typesupport_fastrtps_c.h
[206.247s] -- Symlinking: /home/ultra/gazebo_ros/install/gazebo_msgs/include/gazebo_msgs/gazebo_msgs/msg/detail/link_states__rosidl_typesupport_fastrtps_c.h
[206.290s] -- Symlinking: /home/ultra/gazebo_ros/install/gazebo_msgs/include/gazebo_msgs/gazebo_msgs/msg/detail/model_state__rosidl_typesupport_fastrtps_c.h
[206.332s] -- Symlinking: /home/ultra/gazebo_ros/install/gazebo_msgs/include/gazebo_msgs/gazebo_msgs/msg/detail/model_states__rosidl_typesupport_fastrtps_c.h
[206.374s] -- Symlinking: /home/ultra/gazebo_ros/install/gazebo_msgs/include/gazebo_msgs/gazebo_msgs/msg/detail/ode_joint_properties__rosidl_typesupport_fastrtps_c.h
[206.416s] -- Symlinking: /home/ultra/gazebo_ros/install/gazebo_msgs/include/gazebo_msgs/gazebo_msgs/msg/detail/ode_physics__rosidl_typesupport_fastrtps_c.h
[206.457s] -- Symlinking: /home/ultra/gazebo_ros/install/gazebo_msgs/include/gazebo_msgs/gazebo_msgs/msg/detail/performance_metrics__rosidl_typesupport_fastrtps_c.h
[206.499s] -- Symlinking: /home/ultra/gazebo_ros/install/gazebo_msgs/include/gazebo_msgs/gazebo_msgs/msg/detail/sensor_performance_metric__rosidl_typesupport_fastrtps_c.h
[206.541s] -- Symlinking: /home/ultra/gazebo_ros/install/gazebo_msgs/include/gazebo_msgs/gazebo_msgs/msg/detail/wheel_slip__rosidl_typesupport_fastrtps_c.h
[206.583s] -- Symlinking: /home/ultra/gazebo_ros/install/gazebo_msgs/include/gazebo_msgs/gazebo_msgs/msg/detail/world_state__rosidl_typesupport_fastrtps_c.h
[206.624s] -- Symlinking: /home/ultra/gazebo_ros/install/gazebo_msgs/include/gazebo_msgs/gazebo_msgs/msg/rosidl_typesupport_fastrtps_c__visibility_control.h
[206.666s] -- Symlinking: /home/ultra/gazebo_ros/install/gazebo_msgs/include/gazebo_msgs/gazebo_msgs/srv/detail/apply_body_wrench__rosidl_typesupport_fastrtps_c.h
[206.708s] -- Symlinking: /home/ultra/gazebo_ros/install/gazebo_msgs/include/gazebo_msgs/gazebo_msgs/srv/detail/apply_joint_effort__rosidl_typesupport_fastrtps_c.h
[206.750s] -- Symlinking: /home/ultra/gazebo_ros/install/gazebo_msgs/include/gazebo_msgs/gazebo_msgs/srv/detail/apply_link_wrench__rosidl_typesupport_fastrtps_c.h
[206.792s] -- Symlinking: /home/ultra/gazebo_ros/install/gazebo_msgs/include/gazebo_msgs/gazebo_msgs/srv/detail/body_request__rosidl_typesupport_fastrtps_c.h
[206.834s] -- Symlinking: /home/ultra/gazebo_ros/install/gazebo_msgs/include/gazebo_msgs/gazebo_msgs/srv/detail/delete_entity__rosidl_typesupport_fastrtps_c.h
[206.876s] -- Symlinking: /home/ultra/gazebo_ros/install/gazebo_msgs/include/gazebo_msgs/gazebo_msgs/srv/detail/delete_light__rosidl_typesupport_fastrtps_c.h
[206.919s] -- Symlinking: /home/ultra/gazebo_ros/install/gazebo_msgs/include/gazebo_msgs/gazebo_msgs/srv/detail/delete_model__rosidl_typesupport_fastrtps_c.h
[206.960s] -- Symlinking: /home/ultra/gazebo_ros/install/gazebo_msgs/include/gazebo_msgs/gazebo_msgs/srv/detail/get_entity_state__rosidl_typesupport_fastrtps_c.h
[207.003s] -- Symlinking: /home/ultra/gazebo_ros/install/gazebo_msgs/include/gazebo_msgs/gazebo_msgs/srv/detail/get_joint_properties__rosidl_typesupport_fastrtps_c.h
[207.044s] -- Symlinking: /home/ultra/gazebo_ros/install/gazebo_msgs/include/gazebo_msgs/gazebo_msgs/srv/detail/get_light_properties__rosidl_typesupport_fastrtps_c.h
[207.086s] -- Symlinking: /home/ultra/gazebo_ros/install/gazebo_msgs/include/gazebo_msgs/gazebo_msgs/srv/detail/get_link_properties__rosidl_typesupport_fastrtps_c.h
[207.128s] -- Symlinking: /home/ultra/gazebo_ros/install/gazebo_msgs/include/gazebo_msgs/gazebo_msgs/srv/detail/get_link_state__rosidl_typesupport_fastrtps_c.h
[207.171s] -- Symlinking: /home/ultra/gazebo_ros/install/gazebo_msgs/include/gazebo_msgs/gazebo_msgs/srv/detail/get_model_list__rosidl_typesupport_fastrtps_c.h
[207.214s] -- Symlinking: /home/ultra/gazebo_ros/install/gazebo_msgs/include/gazebo_msgs/gazebo_msgs/srv/detail/get_model_properties__rosidl_typesupport_fastrtps_c.h
[207.255s] -- Symlinking: /home/ultra/gazebo_ros/install/gazebo_msgs/include/gazebo_msgs/gazebo_msgs/srv/detail/get_model_state__rosidl_typesupport_fastrtps_c.h
[207.298s] -- Symlinking: /home/ultra/gazebo_ros/install/gazebo_msgs/include/gazebo_msgs/gazebo_msgs/srv/detail/get_physics_properties__rosidl_typesupport_fastrtps_c.h
[207.340s] -- Symlinking: /home/ultra/gazebo_ros/install/gazebo_msgs/include/gazebo_msgs/gazebo_msgs/srv/detail/get_world_properties__rosidl_typesupport_fastrtps_c.h
[207.381s] -- Symlinking: /home/ultra/gazebo_ros/install/gazebo_msgs/include/gazebo_msgs/gazebo_msgs/srv/detail/joint_request__rosidl_typesupport_fastrtps_c.h
[207.424s] -- Symlinking: /home/ultra/gazebo_ros/install/gazebo_msgs/include/gazebo_msgs/gazebo_msgs/srv/detail/link_request__rosidl_typesupport_fastrtps_c.h
[207.465s] -- Symlinking: /home/ultra/gazebo_ros/install/gazebo_msgs/include/gazebo_msgs/gazebo_msgs/srv/detail/set_entity_state__rosidl_typesupport_fastrtps_c.h
[207.508s] -- Symlinking: /home/ultra/gazebo_ros/install/gazebo_msgs/include/gazebo_msgs/gazebo_msgs/srv/detail/set_joint_properties__rosidl_typesupport_fastrtps_c.h
[207.549s] -- Symlinking: /home/ultra/gazebo_ros/install/gazebo_msgs/include/gazebo_msgs/gazebo_msgs/srv/detail/set_joint_trajectory__rosidl_typesupport_fastrtps_c.h
[207.590s] -- Symlinking: /home/ultra/gazebo_ros/install/gazebo_msgs/include/gazebo_msgs/gazebo_msgs/srv/detail/set_light_properties__rosidl_typesupport_fastrtps_c.h
[207.634s] -- Symlinking: /home/ultra/gazebo_ros/install/gazebo_msgs/include/gazebo_msgs/gazebo_msgs/srv/detail/set_link_properties__rosidl_typesupport_fastrtps_c.h
[207.676s] -- Symlinking: /home/ultra/gazebo_ros/install/gazebo_msgs/include/gazebo_msgs/gazebo_msgs/srv/detail/set_link_state__rosidl_typesupport_fastrtps_c.h
[207.717s] -- Symlinking: /home/ultra/gazebo_ros/install/gazebo_msgs/include/gazebo_msgs/gazebo_msgs/srv/detail/set_model_configuration__rosidl_typesupport_fastrtps_c.h
[207.759s] -- Symlinking: /home/ultra/gazebo_ros/install/gazebo_msgs/include/gazebo_msgs/gazebo_msgs/srv/detail/set_model_state__rosidl_typesupport_fastrtps_c.h
[207.802s] -- Symlinking: /home/ultra/gazebo_ros/install/gazebo_msgs/include/gazebo_msgs/gazebo_msgs/srv/detail/set_physics_properties__rosidl_typesupport_fastrtps_c.h
[207.843s] -- Symlinking: /home/ultra/gazebo_ros/install/gazebo_msgs/include/gazebo_msgs/gazebo_msgs/srv/detail/spawn_entity__rosidl_typesupport_fastrtps_c.h
[207.885s] -- Symlinking: /home/ultra/gazebo_ros/install/gazebo_msgs/include/gazebo_msgs/gazebo_msgs/srv/detail/spawn_model__rosidl_typesupport_fastrtps_c.h
[207.949s] -- Symlinking: /home/ultra/gazebo_ros/install/gazebo_msgs/include/gazebo_msgs/gazebo_msgs/msg/contact_state.hpp
[207.991s] -- Symlinking: /home/ultra/gazebo_ros/install/gazebo_msgs/include/gazebo_msgs/gazebo_msgs/msg/contacts_state.hpp
[208.035s] -- Symlinking: /home/ultra/gazebo_ros/install/gazebo_msgs/include/gazebo_msgs/gazebo_msgs/msg/detail/contact_state__builder.hpp
[208.077s] -- Symlinking: /home/ultra/gazebo_ros/install/gazebo_msgs/include/gazebo_msgs/gazebo_msgs/msg/detail/contact_state__struct.hpp
[208.119s] -- Symlinking: /home/ultra/gazebo_ros/install/gazebo_msgs/include/gazebo_msgs/gazebo_msgs/msg/detail/contact_state__traits.hpp
[208.160s] -- Symlinking: /home/ultra/gazebo_ros/install/gazebo_msgs/include/gazebo_msgs/gazebo_msgs/msg/detail/contact_state__type_support.hpp
[208.202s] -- Symlinking: /home/ultra/gazebo_ros/install/gazebo_msgs/include/gazebo_msgs/gazebo_msgs/msg/detail/contacts_state__builder.hpp
[208.244s] -- Symlinking: /home/ultra/gazebo_ros/install/gazebo_msgs/include/gazebo_msgs/gazebo_msgs/msg/detail/contacts_state__struct.hpp
[208.286s] -- Symlinking: /home/ultra/gazebo_ros/install/gazebo_msgs/include/gazebo_msgs/gazebo_msgs/msg/detail/contacts_state__traits.hpp
[208.331s] -- Symlinking: /home/ultra/gazebo_ros/install/gazebo_msgs/include/gazebo_msgs/gazebo_msgs/msg/detail/contacts_state__type_support.hpp
[208.376s] -- Symlinking: /home/ultra/gazebo_ros/install/gazebo_msgs/include/gazebo_msgs/gazebo_msgs/msg/detail/entity_state__builder.hpp
[208.421s] -- Symlinking: /home/ultra/gazebo_ros/install/gazebo_msgs/include/gazebo_msgs/gazebo_msgs/msg/detail/entity_state__struct.hpp
[208.463s] -- Symlinking: /home/ultra/gazebo_ros/install/gazebo_msgs/include/gazebo_msgs/gazebo_msgs/msg/detail/entity_state__traits.hpp
[208.506s] -- Symlinking: /home/ultra/gazebo_ros/install/gazebo_msgs/include/gazebo_msgs/gazebo_msgs/msg/detail/entity_state__type_support.hpp
[208.548s] -- Symlinking: /home/ultra/gazebo_ros/install/gazebo_msgs/include/gazebo_msgs/gazebo_msgs/msg/detail/link_state__builder.hpp
[208.590s] -- Symlinking: /home/ultra/gazebo_ros/install/gazebo_msgs/include/gazebo_msgs/gazebo_msgs/msg/detail/link_state__struct.hpp
[208.633s] -- Symlinking: /home/ultra/gazebo_ros/install/gazebo_msgs/include/gazebo_msgs/gazebo_msgs/msg/detail/link_state__traits.hpp
[208.675s] -- Symlinking: /home/ultra/gazebo_ros/install/gazebo_msgs/include/gazebo_msgs/gazebo_msgs/msg/detail/link_state__type_support.hpp
[208.717s] -- Symlinking: /home/ultra/gazebo_ros/install/gazebo_msgs/include/gazebo_msgs/gazebo_msgs/msg/detail/link_states__builder.hpp
[208.759s] -- Symlinking: /home/ultra/gazebo_ros/install/gazebo_msgs/include/gazebo_msgs/gazebo_msgs/msg/detail/link_states__struct.hpp
[208.802s] -- Symlinking: /home/ultra/gazebo_ros/install/gazebo_msgs/include/gazebo_msgs/gazebo_msgs/msg/detail/link_states__traits.hpp
[208.844s] -- Symlinking: /home/ultra/gazebo_ros/install/gazebo_msgs/include/gazebo_msgs/gazebo_msgs/msg/detail/link_states__type_support.hpp
[208.885s] -- Symlinking: /home/ultra/gazebo_ros/install/gazebo_msgs/include/gazebo_msgs/gazebo_msgs/msg/detail/model_state__builder.hpp
[208.927s] -- Symlinking: /home/ultra/gazebo_ros/install/gazebo_msgs/include/gazebo_msgs/gazebo_msgs/msg/detail/model_state__struct.hpp
[208.968s] -- Symlinking: /home/ultra/gazebo_ros/install/gazebo_msgs/include/gazebo_msgs/gazebo_msgs/msg/detail/model_state__traits.hpp
[209.010s] -- Symlinking: /home/ultra/gazebo_ros/install/gazebo_msgs/include/gazebo_msgs/gazebo_msgs/msg/detail/model_state__type_support.hpp
[209.052s] -- Symlinking: /home/ultra/gazebo_ros/install/gazebo_msgs/include/gazebo_msgs/gazebo_msgs/msg/detail/model_states__builder.hpp
[209.094s] -- Symlinking: /home/ultra/gazebo_ros/install/gazebo_msgs/include/gazebo_msgs/gazebo_msgs/msg/detail/model_states__struct.hpp
[209.136s] -- Symlinking: /home/ultra/gazebo_ros/install/gazebo_msgs/include/gazebo_msgs/gazebo_msgs/msg/detail/model_states__traits.hpp
[209.177s] -- Symlinking: /home/ultra/gazebo_ros/install/gazebo_msgs/include/gazebo_msgs/gazebo_msgs/msg/detail/model_states__type_support.hpp
[209.220s] -- Symlinking: /home/ultra/gazebo_ros/install/gazebo_msgs/include/gazebo_msgs/gazebo_msgs/msg/detail/ode_joint_properties__builder.hpp
[209.262s] -- Symlinking: /home/ultra/gazebo_ros/install/gazebo_msgs/include/gazebo_msgs/gazebo_msgs/msg/detail/ode_joint_properties__struct.hpp
[209.304s] -- Symlinking: /home/ultra/gazebo_ros/install/gazebo_msgs/include/gazebo_msgs/gazebo_msgs/msg/detail/ode_joint_properties__traits.hpp
[209.351s] -- Symlinking: /home/ultra/gazebo_ros/install/gazebo_msgs/include/gazebo_msgs/gazebo_msgs/msg/detail/ode_joint_properties__type_support.hpp
[209.395s] -- Symlinking: /home/ultra/gazebo_ros/install/gazebo_msgs/include/gazebo_msgs/gazebo_msgs/msg/detail/ode_physics__builder.hpp
[209.436s] -- Symlinking: /home/ultra/gazebo_ros/install/gazebo_msgs/include/gazebo_msgs/gazebo_msgs/msg/detail/ode_physics__struct.hpp
[209.478s] -- Symlinking: /home/ultra/gazebo_ros/install/gazebo_msgs/include/gazebo_msgs/gazebo_msgs/msg/detail/ode_physics__traits.hpp
[209.520s] -- Symlinking: /home/ultra/gazebo_ros/install/gazebo_msgs/include/gazebo_msgs/gazebo_msgs/msg/detail/ode_physics__type_support.hpp
[209.562s] -- Symlinking: /home/ultra/gazebo_ros/install/gazebo_msgs/include/gazebo_msgs/gazebo_msgs/msg/detail/performance_metrics__builder.hpp
[209.604s] -- Symlinking: /home/ultra/gazebo_ros/install/gazebo_msgs/include/gazebo_msgs/gazebo_msgs/msg/detail/performance_metrics__struct.hpp
[209.646s] -- Symlinking: /home/ultra/gazebo_ros/install/gazebo_msgs/include/gazebo_msgs/gazebo_msgs/msg/detail/performance_metrics__traits.hpp
[209.688s] -- Symlinking: /home/ultra/gazebo_ros/install/gazebo_msgs/include/gazebo_msgs/gazebo_msgs/msg/detail/performance_metrics__type_support.hpp
[209.731s] -- Symlinking: /home/ultra/gazebo_ros/install/gazebo_msgs/include/gazebo_msgs/gazebo_msgs/msg/detail/sensor_performance_metric__builder.hpp
[209.773s] -- Symlinking: /home/ultra/gazebo_ros/install/gazebo_msgs/include/gazebo_msgs/gazebo_msgs/msg/detail/sensor_performance_metric__struct.hpp
[209.815s] -- Symlinking: /home/ultra/gazebo_ros/install/gazebo_msgs/include/gazebo_msgs/gazebo_msgs/msg/detail/sensor_performance_metric__traits.hpp
[209.856s] -- Symlinking: /home/ultra/gazebo_ros/install/gazebo_msgs/include/gazebo_msgs/gazebo_msgs/msg/detail/sensor_performance_metric__type_support.hpp
[209.901s] -- Symlinking: /home/ultra/gazebo_ros/install/gazebo_msgs/include/gazebo_msgs/gazebo_msgs/msg/detail/wheel_slip__builder.hpp
[209.944s] -- Symlinking: /home/ultra/gazebo_ros/install/gazebo_msgs/include/gazebo_msgs/gazebo_msgs/msg/detail/wheel_slip__struct.hpp
[209.987s] -- Symlinking: /home/ultra/gazebo_ros/install/gazebo_msgs/include/gazebo_msgs/gazebo_msgs/msg/detail/wheel_slip__traits.hpp
[210.031s] -- Symlinking: /home/ultra/gazebo_ros/install/gazebo_msgs/include/gazebo_msgs/gazebo_msgs/msg/detail/wheel_slip__type_support.hpp
[210.072s] -- Symlinking: /home/ultra/gazebo_ros/install/gazebo_msgs/include/gazebo_msgs/gazebo_msgs/msg/detail/world_state__builder.hpp
[210.114s] -- Symlinking: /home/ultra/gazebo_ros/install/gazebo_msgs/include/gazebo_msgs/gazebo_msgs/msg/detail/world_state__struct.hpp
[210.155s] -- Symlinking: /home/ultra/gazebo_ros/install/gazebo_msgs/include/gazebo_msgs/gazebo_msgs/msg/detail/world_state__traits.hpp
[210.200s] -- Symlinking: /home/ultra/gazebo_ros/install/gazebo_msgs/include/gazebo_msgs/gazebo_msgs/msg/detail/world_state__type_support.hpp
[210.242s] -- Symlinking: /home/ultra/gazebo_ros/install/gazebo_msgs/include/gazebo_msgs/gazebo_msgs/msg/entity_state.hpp
[210.285s] -- Symlinking: /home/ultra/gazebo_ros/install/gazebo_msgs/include/gazebo_msgs/gazebo_msgs/msg/link_state.hpp
[210.328s] -- Symlinking: /home/ultra/gazebo_ros/install/gazebo_msgs/include/gazebo_msgs/gazebo_msgs/msg/link_states.hpp
[210.370s] -- Symlinking: /home/ultra/gazebo_ros/install/gazebo_msgs/include/gazebo_msgs/gazebo_msgs/msg/model_state.hpp
[210.413s] -- Symlinking: /home/ultra/gazebo_ros/install/gazebo_msgs/include/gazebo_msgs/gazebo_msgs/msg/model_states.hpp
[210.455s] -- Symlinking: /home/ultra/gazebo_ros/install/gazebo_msgs/include/gazebo_msgs/gazebo_msgs/msg/ode_joint_properties.hpp
[210.497s] -- Symlinking: /home/ultra/gazebo_ros/install/gazebo_msgs/include/gazebo_msgs/gazebo_msgs/msg/ode_physics.hpp
[210.539s] -- Symlinking: /home/ultra/gazebo_ros/install/gazebo_msgs/include/gazebo_msgs/gazebo_msgs/msg/performance_metrics.hpp
[210.580s] -- Symlinking: /home/ultra/gazebo_ros/install/gazebo_msgs/include/gazebo_msgs/gazebo_msgs/msg/rosidl_generator_cpp__visibility_control.hpp
[210.622s] -- Symlinking: /home/ultra/gazebo_ros/install/gazebo_msgs/include/gazebo_msgs/gazebo_msgs/msg/sensor_performance_metric.hpp
[210.663s] -- Symlinking: /home/ultra/gazebo_ros/install/gazebo_msgs/include/gazebo_msgs/gazebo_msgs/msg/wheel_slip.hpp
[210.706s] -- Symlinking: /home/ultra/gazebo_ros/install/gazebo_msgs/include/gazebo_msgs/gazebo_msgs/msg/world_state.hpp
[210.747s] -- Symlinking: /home/ultra/gazebo_ros/install/gazebo_msgs/include/gazebo_msgs/gazebo_msgs/srv/apply_body_wrench.hpp
[210.789s] -- Symlinking: /home/ultra/gazebo_ros/install/gazebo_msgs/include/gazebo_msgs/gazebo_msgs/srv/apply_joint_effort.hpp
[210.831s] -- Symlinking: /home/ultra/gazebo_ros/install/gazebo_msgs/include/gazebo_msgs/gazebo_msgs/srv/apply_link_wrench.hpp
[210.872s] -- Symlinking: /home/ultra/gazebo_ros/install/gazebo_msgs/include/gazebo_msgs/gazebo_msgs/srv/body_request.hpp
[210.914s] -- Symlinking: /home/ultra/gazebo_ros/install/gazebo_msgs/include/gazebo_msgs/gazebo_msgs/srv/delete_entity.hpp
[210.955s] -- Symlinking: /home/ultra/gazebo_ros/install/gazebo_msgs/include/gazebo_msgs/gazebo_msgs/srv/delete_light.hpp
[210.997s] -- Symlinking: /home/ultra/gazebo_ros/install/gazebo_msgs/include/gazebo_msgs/gazebo_msgs/srv/delete_model.hpp
[211.038s] -- Symlinking: /home/ultra/gazebo_ros/install/gazebo_msgs/include/gazebo_msgs/gazebo_msgs/srv/detail/apply_body_wrench__builder.hpp
[211.080s] -- Symlinking: /home/ultra/gazebo_ros/install/gazebo_msgs/include/gazebo_msgs/gazebo_msgs/srv/detail/apply_body_wrench__struct.hpp
[211.122s] -- Symlinking: /home/ultra/gazebo_ros/install/gazebo_msgs/include/gazebo_msgs/gazebo_msgs/srv/detail/apply_body_wrench__traits.hpp
[211.164s] -- Symlinking: /home/ultra/gazebo_ros/install/gazebo_msgs/include/gazebo_msgs/gazebo_msgs/srv/detail/apply_body_wrench__type_support.hpp
[211.206s] -- Symlinking: /home/ultra/gazebo_ros/install/gazebo_msgs/include/gazebo_msgs/gazebo_msgs/srv/detail/apply_joint_effort__builder.hpp
[211.248s] -- Symlinking: /home/ultra/gazebo_ros/install/gazebo_msgs/include/gazebo_msgs/gazebo_msgs/srv/detail/apply_joint_effort__struct.hpp
[211.291s] -- Symlinking: /home/ultra/gazebo_ros/install/gazebo_msgs/include/gazebo_msgs/gazebo_msgs/srv/detail/apply_joint_effort__traits.hpp
[211.332s] -- Symlinking: /home/ultra/gazebo_ros/install/gazebo_msgs/include/gazebo_msgs/gazebo_msgs/srv/detail/apply_joint_effort__type_support.hpp
[211.374s] -- Symlinking: /home/ultra/gazebo_ros/install/gazebo_msgs/include/gazebo_msgs/gazebo_msgs/srv/detail/apply_link_wrench__builder.hpp
[211.416s] -- Symlinking: /home/ultra/gazebo_ros/install/gazebo_msgs/include/gazebo_msgs/gazebo_msgs/srv/detail/apply_link_wrench__struct.hpp
[211.457s] -- Symlinking: /home/ultra/gazebo_ros/install/gazebo_msgs/include/gazebo_msgs/gazebo_msgs/srv/detail/apply_link_wrench__traits.hpp
[211.500s] -- Symlinking: /home/ultra/gazebo_ros/install/gazebo_msgs/include/gazebo_msgs/gazebo_msgs/srv/detail/apply_link_wrench__type_support.hpp
[211.541s] -- Symlinking: /home/ultra/gazebo_ros/install/gazebo_msgs/include/gazebo_msgs/gazebo_msgs/srv/detail/body_request__builder.hpp
[211.584s] -- Symlinking: /home/ultra/gazebo_ros/install/gazebo_msgs/include/gazebo_msgs/gazebo_msgs/srv/detail/body_request__struct.hpp
[211.626s] -- Symlinking: /home/ultra/gazebo_ros/install/gazebo_msgs/include/gazebo_msgs/gazebo_msgs/srv/detail/body_request__traits.hpp
[211.668s] -- Symlinking: /home/ultra/gazebo_ros/install/gazebo_msgs/include/gazebo_msgs/gazebo_msgs/srv/detail/body_request__type_support.hpp
[211.711s] -- Symlinking: /home/ultra/gazebo_ros/install/gazebo_msgs/include/gazebo_msgs/gazebo_msgs/srv/detail/delete_entity__builder.hpp
[211.752s] -- Symlinking: /home/ultra/gazebo_ros/install/gazebo_msgs/include/gazebo_msgs/gazebo_msgs/srv/detail/delete_entity__struct.hpp
[211.795s] -- Symlinking: /home/ultra/gazebo_ros/install/gazebo_msgs/include/gazebo_msgs/gazebo_msgs/srv/detail/delete_entity__traits.hpp
[211.836s] -- Symlinking: /home/ultra/gazebo_ros/install/gazebo_msgs/include/gazebo_msgs/gazebo_msgs/srv/detail/delete_entity__type_support.hpp
[211.878s] -- Symlinking: /home/ultra/gazebo_ros/install/gazebo_msgs/include/gazebo_msgs/gazebo_msgs/srv/detail/delete_light__builder.hpp
[211.920s] -- Symlinking: /home/ultra/gazebo_ros/install/gazebo_msgs/include/gazebo_msgs/gazebo_msgs/srv/detail/delete_light__struct.hpp
[211.961s] -- Symlinking: /home/ultra/gazebo_ros/install/gazebo_msgs/include/gazebo_msgs/gazebo_msgs/srv/detail/delete_light__traits.hpp
[212.004s] -- Symlinking: /home/ultra/gazebo_ros/install/gazebo_msgs/include/gazebo_msgs/gazebo_msgs/srv/detail/delete_light__type_support.hpp
[212.046s] -- Symlinking: /home/ultra/gazebo_ros/install/gazebo_msgs/include/gazebo_msgs/gazebo_msgs/srv/detail/delete_model__builder.hpp
[212.087s] -- Symlinking: /home/ultra/gazebo_ros/install/gazebo_msgs/include/gazebo_msgs/gazebo_msgs/srv/detail/delete_model__struct.hpp
[212.129s] -- Symlinking: /home/ultra/gazebo_ros/install/gazebo_msgs/include/gazebo_msgs/gazebo_msgs/srv/detail/delete_model__traits.hpp
[212.172s] -- Symlinking: /home/ultra/gazebo_ros/install/gazebo_msgs/include/gazebo_msgs/gazebo_msgs/srv/detail/delete_model__type_support.hpp
[212.214s] -- Symlinking: /home/ultra/gazebo_ros/install/gazebo_msgs/include/gazebo_msgs/gazebo_msgs/srv/detail/get_entity_state__builder.hpp
[212.255s] -- Symlinking: /home/ultra/gazebo_ros/install/gazebo_msgs/include/gazebo_msgs/gazebo_msgs/srv/detail/get_entity_state__struct.hpp
[212.297s] -- Symlinking: /home/ultra/gazebo_ros/install/gazebo_msgs/include/gazebo_msgs/gazebo_msgs/srv/detail/get_entity_state__traits.hpp
[212.340s] -- Symlinking: /home/ultra/gazebo_ros/install/gazebo_msgs/include/gazebo_msgs/gazebo_msgs/srv/detail/get_entity_state__type_support.hpp
[212.382s] -- Symlinking: /home/ultra/gazebo_ros/install/gazebo_msgs/include/gazebo_msgs/gazebo_msgs/srv/detail/get_joint_properties__builder.hpp
[212.424s] -- Symlinking: /home/ultra/gazebo_ros/install/gazebo_msgs/include/gazebo_msgs/gazebo_msgs/srv/detail/get_joint_properties__struct.hpp
[212.466s] -- Symlinking: /home/ultra/gazebo_ros/install/gazebo_msgs/include/gazebo_msgs/gazebo_msgs/srv/detail/get_joint_properties__traits.hpp
[212.508s] -- Symlinking: /home/ultra/gazebo_ros/install/gazebo_msgs/include/gazebo_msgs/gazebo_msgs/srv/detail/get_joint_properties__type_support.hpp
[212.550s] -- Symlinking: /home/ultra/gazebo_ros/install/gazebo_msgs/include/gazebo_msgs/gazebo_msgs/srv/detail/get_light_properties__builder.hpp
[212.592s] -- Symlinking: /home/ultra/gazebo_ros/install/gazebo_msgs/include/gazebo_msgs/gazebo_msgs/srv/detail/get_light_properties__struct.hpp
[212.634s] -- Symlinking: /home/ultra/gazebo_ros/install/gazebo_msgs/include/gazebo_msgs/gazebo_msgs/srv/detail/get_light_properties__traits.hpp
[212.676s] -- Symlinking: /home/ultra/gazebo_ros/install/gazebo_msgs/include/gazebo_msgs/gazebo_msgs/srv/detail/get_light_properties__type_support.hpp
[212.719s] -- Symlinking: /home/ultra/gazebo_ros/install/gazebo_msgs/include/gazebo_msgs/gazebo_msgs/srv/detail/get_link_properties__builder.hpp
[212.761s] -- Symlinking: /home/ultra/gazebo_ros/install/gazebo_msgs/include/gazebo_msgs/gazebo_msgs/srv/detail/get_link_properties__struct.hpp
[212.803s] -- Symlinking: /home/ultra/gazebo_ros/install/gazebo_msgs/include/gazebo_msgs/gazebo_msgs/srv/detail/get_link_properties__traits.hpp
[212.844s] -- Symlinking: /home/ultra/gazebo_ros/install/gazebo_msgs/include/gazebo_msgs/gazebo_msgs/srv/detail/get_link_properties__type_support.hpp
[212.886s] -- Symlinking: /home/ultra/gazebo_ros/install/gazebo_msgs/include/gazebo_msgs/gazebo_msgs/srv/detail/get_link_state__builder.hpp
[212.928s] -- Symlinking: /home/ultra/gazebo_ros/install/gazebo_msgs/include/gazebo_msgs/gazebo_msgs/srv/detail/get_link_state__struct.hpp
[212.970s] -- Symlinking: /home/ultra/gazebo_ros/install/gazebo_msgs/include/gazebo_msgs/gazebo_msgs/srv/detail/get_link_state__traits.hpp
[213.012s] -- Symlinking: /home/ultra/gazebo_ros/install/gazebo_msgs/include/gazebo_msgs/gazebo_msgs/srv/detail/get_link_state__type_support.hpp
[213.054s] -- Symlinking: /home/ultra/gazebo_ros/install/gazebo_msgs/include/gazebo_msgs/gazebo_msgs/srv/detail/get_model_list__builder.hpp
[213.097s] -- Symlinking: /home/ultra/gazebo_ros/install/gazebo_msgs/include/gazebo_msgs/gazebo_msgs/srv/detail/get_model_list__struct.hpp
[213.140s] -- Symlinking: /home/ultra/gazebo_ros/install/gazebo_msgs/include/gazebo_msgs/gazebo_msgs/srv/detail/get_model_list__traits.hpp
[213.181s] -- Symlinking: /home/ultra/gazebo_ros/install/gazebo_msgs/include/gazebo_msgs/gazebo_msgs/srv/detail/get_model_list__type_support.hpp
[213.224s] -- Symlinking: /home/ultra/gazebo_ros/install/gazebo_msgs/include/gazebo_msgs/gazebo_msgs/srv/detail/get_model_properties__builder.hpp
[213.266s] -- Symlinking: /home/ultra/gazebo_ros/install/gazebo_msgs/include/gazebo_msgs/gazebo_msgs/srv/detail/get_model_properties__struct.hpp
[213.308s] -- Symlinking: /home/ultra/gazebo_ros/install/gazebo_msgs/include/gazebo_msgs/gazebo_msgs/srv/detail/get_model_properties__traits.hpp
[213.350s] -- Symlinking: /home/ultra/gazebo_ros/install/gazebo_msgs/include/gazebo_msgs/gazebo_msgs/srv/detail/get_model_properties__type_support.hpp
[213.392s] -- Symlinking: /home/ultra/gazebo_ros/install/gazebo_msgs/include/gazebo_msgs/gazebo_msgs/srv/detail/get_model_state__builder.hpp
[213.434s] -- Symlinking: /home/ultra/gazebo_ros/install/gazebo_msgs/include/gazebo_msgs/gazebo_msgs/srv/detail/get_model_state__struct.hpp
[213.476s] -- Symlinking: /home/ultra/gazebo_ros/install/gazebo_msgs/include/gazebo_msgs/gazebo_msgs/srv/detail/get_model_state__traits.hpp
[213.518s] -- Symlinking: /home/ultra/gazebo_ros/install/gazebo_msgs/include/gazebo_msgs/gazebo_msgs/srv/detail/get_model_state__type_support.hpp
[213.560s] -- Symlinking: /home/ultra/gazebo_ros/install/gazebo_msgs/include/gazebo_msgs/gazebo_msgs/srv/detail/get_physics_properties__builder.hpp
[213.603s] -- Symlinking: /home/ultra/gazebo_ros/install/gazebo_msgs/include/gazebo_msgs/gazebo_msgs/srv/detail/get_physics_properties__struct.hpp
[213.644s] -- Symlinking: /home/ultra/gazebo_ros/install/gazebo_msgs/include/gazebo_msgs/gazebo_msgs/srv/detail/get_physics_properties__traits.hpp
[213.687s] -- Symlinking: /home/ultra/gazebo_ros/install/gazebo_msgs/include/gazebo_msgs/gazebo_msgs/srv/detail/get_physics_properties__type_support.hpp
[213.729s] -- Symlinking: /home/ultra/gazebo_ros/install/gazebo_msgs/include/gazebo_msgs/gazebo_msgs/srv/detail/get_world_properties__builder.hpp
[213.771s] -- Symlinking: /home/ultra/gazebo_ros/install/gazebo_msgs/include/gazebo_msgs/gazebo_msgs/srv/detail/get_world_properties__struct.hpp
[213.814s] -- Symlinking: /home/ultra/gazebo_ros/install/gazebo_msgs/include/gazebo_msgs/gazebo_msgs/srv/detail/get_world_properties__traits.hpp
[213.855s] -- Symlinking: /home/ultra/gazebo_ros/install/gazebo_msgs/include/gazebo_msgs/gazebo_msgs/srv/detail/get_world_properties__type_support.hpp
[213.898s] -- Symlinking: /home/ultra/gazebo_ros/install/gazebo_msgs/include/gazebo_msgs/gazebo_msgs/srv/detail/joint_request__builder.hpp
[213.941s] -- Symlinking: /home/ultra/gazebo_ros/install/gazebo_msgs/include/gazebo_msgs/gazebo_msgs/srv/detail/joint_request__struct.hpp
[213.982s] -- Symlinking: /home/ultra/gazebo_ros/install/gazebo_msgs/include/gazebo_msgs/gazebo_msgs/srv/detail/joint_request__traits.hpp
[214.026s] -- Symlinking: /home/ultra/gazebo_ros/install/gazebo_msgs/include/gazebo_msgs/gazebo_msgs/srv/detail/joint_request__type_support.hpp
[214.067s] -- Symlinking: /home/ultra/gazebo_ros/install/gazebo_msgs/include/gazebo_msgs/gazebo_msgs/srv/detail/link_request__builder.hpp
[214.109s] -- Symlinking: /home/ultra/gazebo_ros/install/gazebo_msgs/include/gazebo_msgs/gazebo_msgs/srv/detail/link_request__struct.hpp
[214.151s] -- Symlinking: /home/ultra/gazebo_ros/install/gazebo_msgs/include/gazebo_msgs/gazebo_msgs/srv/detail/link_request__traits.hpp
[214.192s] -- Symlinking: /home/ultra/gazebo_ros/install/gazebo_msgs/include/gazebo_msgs/gazebo_msgs/srv/detail/link_request__type_support.hpp
[214.235s] -- Symlinking: /home/ultra/gazebo_ros/install/gazebo_msgs/include/gazebo_msgs/gazebo_msgs/srv/detail/set_entity_state__builder.hpp
[214.276s] -- Symlinking: /home/ultra/gazebo_ros/install/gazebo_msgs/include/gazebo_msgs/gazebo_msgs/srv/detail/set_entity_state__struct.hpp
[214.318s] -- Symlinking: /home/ultra/gazebo_ros/install/gazebo_msgs/include/gazebo_msgs/gazebo_msgs/srv/detail/set_entity_state__traits.hpp
[214.360s] -- Symlinking: /home/ultra/gazebo_ros/install/gazebo_msgs/include/gazebo_msgs/gazebo_msgs/srv/detail/set_entity_state__type_support.hpp
[214.402s] -- Symlinking: /home/ultra/gazebo_ros/install/gazebo_msgs/include/gazebo_msgs/gazebo_msgs/srv/detail/set_joint_properties__builder.hpp
[214.444s] -- Symlinking: /home/ultra/gazebo_ros/install/gazebo_msgs/include/gazebo_msgs/gazebo_msgs/srv/detail/set_joint_properties__struct.hpp
[214.486s] -- Symlinking: /home/ultra/gazebo_ros/install/gazebo_msgs/include/gazebo_msgs/gazebo_msgs/srv/detail/set_joint_properties__traits.hpp
[214.529s] -- Symlinking: /home/ultra/gazebo_ros/install/gazebo_msgs/include/gazebo_msgs/gazebo_msgs/srv/detail/set_joint_properties__type_support.hpp
[214.571s] -- Symlinking: /home/ultra/gazebo_ros/install/gazebo_msgs/include/gazebo_msgs/gazebo_msgs/srv/detail/set_joint_trajectory__builder.hpp
[214.614s] -- Symlinking: /home/ultra/gazebo_ros/install/gazebo_msgs/include/gazebo_msgs/gazebo_msgs/srv/detail/set_joint_trajectory__struct.hpp
[214.656s] -- Symlinking: /home/ultra/gazebo_ros/install/gazebo_msgs/include/gazebo_msgs/gazebo_msgs/srv/detail/set_joint_trajectory__traits.hpp
[214.698s] -- Symlinking: /home/ultra/gazebo_ros/install/gazebo_msgs/include/gazebo_msgs/gazebo_msgs/srv/detail/set_joint_trajectory__type_support.hpp
[214.740s] -- Symlinking: /home/ultra/gazebo_ros/install/gazebo_msgs/include/gazebo_msgs/gazebo_msgs/srv/detail/set_light_properties__builder.hpp
[214.782s] -- Symlinking: /home/ultra/gazebo_ros/install/gazebo_msgs/include/gazebo_msgs/gazebo_msgs/srv/detail/set_light_properties__struct.hpp
[214.824s] -- Symlinking: /home/ultra/gazebo_ros/install/gazebo_msgs/include/gazebo_msgs/gazebo_msgs/srv/detail/set_light_properties__traits.hpp
[214.866s] -- Symlinking: /home/ultra/gazebo_ros/install/gazebo_msgs/include/gazebo_msgs/gazebo_msgs/srv/detail/set_light_properties__type_support.hpp
[214.909s] -- Symlinking: /home/ultra/gazebo_ros/install/gazebo_msgs/include/gazebo_msgs/gazebo_msgs/srv/detail/set_link_properties__builder.hpp
[214.952s] -- Symlinking: /home/ultra/gazebo_ros/install/gazebo_msgs/include/gazebo_msgs/gazebo_msgs/srv/detail/set_link_properties__struct.hpp
[214.993s] -- Symlinking: /home/ultra/gazebo_ros/install/gazebo_msgs/include/gazebo_msgs/gazebo_msgs/srv/detail/set_link_properties__traits.hpp
[215.036s] -- Symlinking: /home/ultra/gazebo_ros/install/gazebo_msgs/include/gazebo_msgs/gazebo_msgs/srv/detail/set_link_properties__type_support.hpp
[215.078s] -- Symlinking: /home/ultra/gazebo_ros/install/gazebo_msgs/include/gazebo_msgs/gazebo_msgs/srv/detail/set_link_state__builder.hpp
[215.120s] -- Symlinking: /home/ultra/gazebo_ros/install/gazebo_msgs/include/gazebo_msgs/gazebo_msgs/srv/detail/set_link_state__struct.hpp
[215.161s] -- Symlinking: /home/ultra/gazebo_ros/install/gazebo_msgs/include/gazebo_msgs/gazebo_msgs/srv/detail/set_link_state__traits.hpp
[215.203s] -- Symlinking: /home/ultra/gazebo_ros/install/gazebo_msgs/include/gazebo_msgs/gazebo_msgs/srv/detail/set_link_state__type_support.hpp
[215.245s] -- Symlinking: /home/ultra/gazebo_ros/install/gazebo_msgs/include/gazebo_msgs/gazebo_msgs/srv/detail/set_model_configuration__builder.hpp
[215.288s] -- Symlinking: /home/ultra/gazebo_ros/install/gazebo_msgs/include/gazebo_msgs/gazebo_msgs/srv/detail/set_model_configuration__struct.hpp
[215.331s] -- Symlinking: /home/ultra/gazebo_ros/install/gazebo_msgs/include/gazebo_msgs/gazebo_msgs/srv/detail/set_model_configuration__traits.hpp
[215.372s] -- Symlinking: /home/ultra/gazebo_ros/install/gazebo_msgs/include/gazebo_msgs/gazebo_msgs/srv/detail/set_model_configuration__type_support.hpp
[215.414s] -- Symlinking: /home/ultra/gazebo_ros/install/gazebo_msgs/include/gazebo_msgs/gazebo_msgs/srv/detail/set_model_state__builder.hpp
[215.455s] -- Symlinking: /home/ultra/gazebo_ros/install/gazebo_msgs/include/gazebo_msgs/gazebo_msgs/srv/detail/set_model_state__struct.hpp
[215.498s] -- Symlinking: /home/ultra/gazebo_ros/install/gazebo_msgs/include/gazebo_msgs/gazebo_msgs/srv/detail/set_model_state__traits.hpp
[215.544s] -- Symlinking: /home/ultra/gazebo_ros/install/gazebo_msgs/include/gazebo_msgs/gazebo_msgs/srv/detail/set_model_state__type_support.hpp
[215.590s] -- Symlinking: /home/ultra/gazebo_ros/install/gazebo_msgs/include/gazebo_msgs/gazebo_msgs/srv/detail/set_physics_properties__builder.hpp
[215.637s] -- Symlinking: /home/ultra/gazebo_ros/install/gazebo_msgs/include/gazebo_msgs/gazebo_msgs/srv/detail/set_physics_properties__struct.hpp
[215.679s] -- Symlinking: /home/ultra/gazebo_ros/install/gazebo_msgs/include/gazebo_msgs/gazebo_msgs/srv/detail/set_physics_properties__traits.hpp
[215.721s] -- Symlinking: /home/ultra/gazebo_ros/install/gazebo_msgs/include/gazebo_msgs/gazebo_msgs/srv/detail/set_physics_properties__type_support.hpp
[215.762s] -- Symlinking: /home/ultra/gazebo_ros/install/gazebo_msgs/include/gazebo_msgs/gazebo_msgs/srv/detail/spawn_entity__builder.hpp
[215.804s] -- Symlinking: /home/ultra/gazebo_ros/install/gazebo_msgs/include/gazebo_msgs/gazebo_msgs/srv/detail/spawn_entity__struct.hpp
[215.846s] -- Symlinking: /home/ultra/gazebo_ros/install/gazebo_msgs/include/gazebo_msgs/gazebo_msgs/srv/detail/spawn_entity__traits.hpp
[215.888s] -- Symlinking: /home/ultra/gazebo_ros/install/gazebo_msgs/include/gazebo_msgs/gazebo_msgs/srv/detail/spawn_entity__type_support.hpp
[215.931s] -- Symlinking: /home/ultra/gazebo_ros/install/gazebo_msgs/include/gazebo_msgs/gazebo_msgs/srv/detail/spawn_model__builder.hpp
[215.972s] -- Symlinking: /home/ultra/gazebo_ros/install/gazebo_msgs/include/gazebo_msgs/gazebo_msgs/srv/detail/spawn_model__struct.hpp
[216.018s] -- Symlinking: /home/ultra/gazebo_ros/install/gazebo_msgs/include/gazebo_msgs/gazebo_msgs/srv/detail/spawn_model__traits.hpp
[216.060s] -- Symlinking: /home/ultra/gazebo_ros/install/gazebo_msgs/include/gazebo_msgs/gazebo_msgs/srv/detail/spawn_model__type_support.hpp
[216.102s] -- Symlinking: /home/ultra/gazebo_ros/install/gazebo_msgs/include/gazebo_msgs/gazebo_msgs/srv/get_entity_state.hpp
[216.144s] -- Symlinking: /home/ultra/gazebo_ros/install/gazebo_msgs/include/gazebo_msgs/gazebo_msgs/srv/get_joint_properties.hpp
[216.186s] -- Symlinking: /home/ultra/gazebo_ros/install/gazebo_msgs/include/gazebo_msgs/gazebo_msgs/srv/get_light_properties.hpp
[216.230s] -- Symlinking: /home/ultra/gazebo_ros/install/gazebo_msgs/include/gazebo_msgs/gazebo_msgs/srv/get_link_properties.hpp
[216.272s] -- Symlinking: /home/ultra/gazebo_ros/install/gazebo_msgs/include/gazebo_msgs/gazebo_msgs/srv/get_link_state.hpp
[216.315s] -- Symlinking: /home/ultra/gazebo_ros/install/gazebo_msgs/include/gazebo_msgs/gazebo_msgs/srv/get_model_list.hpp
[216.358s] -- Symlinking: /home/ultra/gazebo_ros/install/gazebo_msgs/include/gazebo_msgs/gazebo_msgs/srv/get_model_properties.hpp
[216.400s] -- Symlinking: /home/ultra/gazebo_ros/install/gazebo_msgs/include/gazebo_msgs/gazebo_msgs/srv/get_model_state.hpp
[216.443s] -- Symlinking: /home/ultra/gazebo_ros/install/gazebo_msgs/include/gazebo_msgs/gazebo_msgs/srv/get_physics_properties.hpp
[216.485s] -- Symlinking: /home/ultra/gazebo_ros/install/gazebo_msgs/include/gazebo_msgs/gazebo_msgs/srv/get_world_properties.hpp
[216.530s] -- Symlinking: /home/ultra/gazebo_ros/install/gazebo_msgs/include/gazebo_msgs/gazebo_msgs/srv/joint_request.hpp
[216.572s] -- Symlinking: /home/ultra/gazebo_ros/install/gazebo_msgs/include/gazebo_msgs/gazebo_msgs/srv/link_request.hpp
[216.616s] -- Symlinking: /home/ultra/gazebo_ros/install/gazebo_msgs/include/gazebo_msgs/gazebo_msgs/srv/set_entity_state.hpp
[216.658s] -- Symlinking: /home/ultra/gazebo_ros/install/gazebo_msgs/include/gazebo_msgs/gazebo_msgs/srv/set_joint_properties.hpp
[216.700s] -- Symlinking: /home/ultra/gazebo_ros/install/gazebo_msgs/include/gazebo_msgs/gazebo_msgs/srv/set_joint_trajectory.hpp
[216.743s] -- Symlinking: /home/ultra/gazebo_ros/install/gazebo_msgs/include/gazebo_msgs/gazebo_msgs/srv/set_light_properties.hpp
[216.785s] -- Symlinking: /home/ultra/gazebo_ros/install/gazebo_msgs/include/gazebo_msgs/gazebo_msgs/srv/set_link_properties.hpp
[216.827s] -- Symlinking: /home/ultra/gazebo_ros/install/gazebo_msgs/include/gazebo_msgs/gazebo_msgs/srv/set_link_state.hpp
[216.869s] -- Symlinking: /home/ultra/gazebo_ros/install/gazebo_msgs/include/gazebo_msgs/gazebo_msgs/srv/set_model_configuration.hpp
[216.911s] -- Symlinking: /home/ultra/gazebo_ros/install/gazebo_msgs/include/gazebo_msgs/gazebo_msgs/srv/set_model_state.hpp
[216.953s] -- Symlinking: /home/ultra/gazebo_ros/install/gazebo_msgs/include/gazebo_msgs/gazebo_msgs/srv/set_physics_properties.hpp
[216.994s] -- Symlinking: /home/ultra/gazebo_ros/install/gazebo_msgs/include/gazebo_msgs/gazebo_msgs/srv/spawn_entity.hpp
[217.036s] -- Symlinking: /home/ultra/gazebo_ros/install/gazebo_msgs/include/gazebo_msgs/gazebo_msgs/srv/spawn_model.hpp
[217.095s] -- Symlinking: /home/ultra/gazebo_ros/install/gazebo_msgs/include/gazebo_msgs/gazebo_msgs/msg/detail/contact_state__rosidl_typesupport_fastrtps_cpp.hpp
[217.140s] -- Symlinking: /home/ultra/gazebo_ros/install/gazebo_msgs/include/gazebo_msgs/gazebo_msgs/msg/detail/contacts_state__rosidl_typesupport_fastrtps_cpp.hpp
[217.182s] -- Symlinking: /home/ultra/gazebo_ros/install/gazebo_msgs/include/gazebo_msgs/gazebo_msgs/msg/detail/entity_state__rosidl_typesupport_fastrtps_cpp.hpp
[217.226s] -- Symlinking: /home/ultra/gazebo_ros/install/gazebo_msgs/include/gazebo_msgs/gazebo_msgs/msg/detail/link_state__rosidl_typesupport_fastrtps_cpp.hpp
[217.268s] -- Symlinking: /home/ultra/gazebo_ros/install/gazebo_msgs/include/gazebo_msgs/gazebo_msgs/msg/detail/link_states__rosidl_typesupport_fastrtps_cpp.hpp
[217.310s] -- Symlinking: /home/ultra/gazebo_ros/install/gazebo_msgs/include/gazebo_msgs/gazebo_msgs/msg/detail/model_state__rosidl_typesupport_fastrtps_cpp.hpp
[217.352s] -- Symlinking: /home/ultra/gazebo_ros/install/gazebo_msgs/include/gazebo_msgs/gazebo_msgs/msg/detail/model_states__rosidl_typesupport_fastrtps_cpp.hpp
[217.394s] -- Symlinking: /home/ultra/gazebo_ros/install/gazebo_msgs/include/gazebo_msgs/gazebo_msgs/msg/detail/ode_joint_properties__rosidl_typesupport_fastrtps_cpp.hpp
[217.437s] -- Symlinking: /home/ultra/gazebo_ros/install/gazebo_msgs/include/gazebo_msgs/gazebo_msgs/msg/detail/ode_physics__rosidl_typesupport_fastrtps_cpp.hpp
[217.478s] -- Symlinking: /home/ultra/gazebo_ros/install/gazebo_msgs/include/gazebo_msgs/gazebo_msgs/msg/detail/performance_metrics__rosidl_typesupport_fastrtps_cpp.hpp
[217.522s] -- Symlinking: /home/ultra/gazebo_ros/install/gazebo_msgs/include/gazebo_msgs/gazebo_msgs/msg/detail/sensor_performance_metric__rosidl_typesupport_fastrtps_cpp.hpp
[217.564s] -- Symlinking: /home/ultra/gazebo_ros/install/gazebo_msgs/include/gazebo_msgs/gazebo_msgs/msg/detail/wheel_slip__rosidl_typesupport_fastrtps_cpp.hpp
[217.606s] -- Symlinking: /home/ultra/gazebo_ros/install/gazebo_msgs/include/gazebo_msgs/gazebo_msgs/msg/detail/world_state__rosidl_typesupport_fastrtps_cpp.hpp
[217.648s] -- Symlinking: /home/ultra/gazebo_ros/install/gazebo_msgs/include/gazebo_msgs/gazebo_msgs/msg/rosidl_typesupport_fastrtps_cpp__visibility_control.h
[217.689s] -- Symlinking: /home/ultra/gazebo_ros/install/gazebo_msgs/include/gazebo_msgs/gazebo_msgs/srv/detail/apply_body_wrench__rosidl_typesupport_fastrtps_cpp.hpp
[217.731s] -- Symlinking: /home/ultra/gazebo_ros/install/gazebo_msgs/include/gazebo_msgs/gazebo_msgs/srv/detail/apply_joint_effort__rosidl_typesupport_fastrtps_cpp.hpp
[217.773s] -- Symlinking: /home/ultra/gazebo_ros/install/gazebo_msgs/include/gazebo_msgs/gazebo_msgs/srv/detail/apply_link_wrench__rosidl_typesupport_fastrtps_cpp.hpp
[217.816s] -- Symlinking: /home/ultra/gazebo_ros/install/gazebo_msgs/include/gazebo_msgs/gazebo_msgs/srv/detail/body_request__rosidl_typesupport_fastrtps_cpp.hpp
[217.857s] -- Symlinking: /home/ultra/gazebo_ros/install/gazebo_msgs/include/gazebo_msgs/gazebo_msgs/srv/detail/delete_entity__rosidl_typesupport_fastrtps_cpp.hpp
[217.899s] -- Symlinking: /home/ultra/gazebo_ros/install/gazebo_msgs/include/gazebo_msgs/gazebo_msgs/srv/detail/delete_light__rosidl_typesupport_fastrtps_cpp.hpp
[217.940s] -- Symlinking: /home/ultra/gazebo_ros/install/gazebo_msgs/include/gazebo_msgs/gazebo_msgs/srv/detail/delete_model__rosidl_typesupport_fastrtps_cpp.hpp
[217.982s] -- Symlinking: /home/ultra/gazebo_ros/install/gazebo_msgs/include/gazebo_msgs/gazebo_msgs/srv/detail/get_entity_state__rosidl_typesupport_fastrtps_cpp.hpp
[218.024s] -- Symlinking: /home/ultra/gazebo_ros/install/gazebo_msgs/include/gazebo_msgs/gazebo_msgs/srv/detail/get_joint_properties__rosidl_typesupport_fastrtps_cpp.hpp
[218.065s] -- Symlinking: /home/ultra/gazebo_ros/install/gazebo_msgs/include/gazebo_msgs/gazebo_msgs/srv/detail/get_light_properties__rosidl_typesupport_fastrtps_cpp.hpp
[218.107s] -- Symlinking: /home/ultra/gazebo_ros/install/gazebo_msgs/include/gazebo_msgs/gazebo_msgs/srv/detail/get_link_properties__rosidl_typesupport_fastrtps_cpp.hpp
[218.149s] -- Symlinking: /home/ultra/gazebo_ros/install/gazebo_msgs/include/gazebo_msgs/gazebo_msgs/srv/detail/get_link_state__rosidl_typesupport_fastrtps_cpp.hpp
[218.191s] -- Symlinking: /home/ultra/gazebo_ros/install/gazebo_msgs/include/gazebo_msgs/gazebo_msgs/srv/detail/get_model_list__rosidl_typesupport_fastrtps_cpp.hpp
[218.233s] -- Symlinking: /home/ultra/gazebo_ros/install/gazebo_msgs/include/gazebo_msgs/gazebo_msgs/srv/detail/get_model_properties__rosidl_typesupport_fastrtps_cpp.hpp
[218.274s] -- Symlinking: /home/ultra/gazebo_ros/install/gazebo_msgs/include/gazebo_msgs/gazebo_msgs/srv/detail/get_model_state__rosidl_typesupport_fastrtps_cpp.hpp
[218.316s] -- Symlinking: /home/ultra/gazebo_ros/install/gazebo_msgs/include/gazebo_msgs/gazebo_msgs/srv/detail/get_physics_properties__rosidl_typesupport_fastrtps_cpp.hpp
[218.359s] -- Symlinking: /home/ultra/gazebo_ros/install/gazebo_msgs/include/gazebo_msgs/gazebo_msgs/srv/detail/get_world_properties__rosidl_typesupport_fastrtps_cpp.hpp
[218.400s] -- Symlinking: /home/ultra/gazebo_ros/install/gazebo_msgs/include/gazebo_msgs/gazebo_msgs/srv/detail/joint_request__rosidl_typesupport_fastrtps_cpp.hpp
[218.442s] -- Symlinking: /home/ultra/gazebo_ros/install/gazebo_msgs/include/gazebo_msgs/gazebo_msgs/srv/detail/link_request__rosidl_typesupport_fastrtps_cpp.hpp
[218.484s] -- Symlinking: /home/ultra/gazebo_ros/install/gazebo_msgs/include/gazebo_msgs/gazebo_msgs/srv/detail/set_entity_state__rosidl_typesupport_fastrtps_cpp.hpp
[218.526s] -- Symlinking: /home/ultra/gazebo_ros/install/gazebo_msgs/include/gazebo_msgs/gazebo_msgs/srv/detail/set_joint_properties__rosidl_typesupport_fastrtps_cpp.hpp
[218.568s] -- Symlinking: /home/ultra/gazebo_ros/install/gazebo_msgs/include/gazebo_msgs/gazebo_msgs/srv/detail/set_joint_trajectory__rosidl_typesupport_fastrtps_cpp.hpp
[218.611s] -- Symlinking: /home/ultra/gazebo_ros/install/gazebo_msgs/include/gazebo_msgs/gazebo_msgs/srv/detail/set_light_properties__rosidl_typesupport_fastrtps_cpp.hpp
[218.652s] -- Symlinking: /home/ultra/gazebo_ros/install/gazebo_msgs/include/gazebo_msgs/gazebo_msgs/srv/detail/set_link_properties__rosidl_typesupport_fastrtps_cpp.hpp
[218.695s] -- Symlinking: /home/ultra/gazebo_ros/install/gazebo_msgs/include/gazebo_msgs/gazebo_msgs/srv/detail/set_link_state__rosidl_typesupport_fastrtps_cpp.hpp
[218.737s] -- Symlinking: /home/ultra/gazebo_ros/install/gazebo_msgs/include/gazebo_msgs/gazebo_msgs/srv/detail/set_model_configuration__rosidl_typesupport_fastrtps_cpp.hpp
[218.779s] -- Symlinking: /home/ultra/gazebo_ros/install/gazebo_msgs/include/gazebo_msgs/gazebo_msgs/srv/detail/set_model_state__rosidl_typesupport_fastrtps_cpp.hpp
[218.822s] -- Symlinking: /home/ultra/gazebo_ros/install/gazebo_msgs/include/gazebo_msgs/gazebo_msgs/srv/detail/set_physics_properties__rosidl_typesupport_fastrtps_cpp.hpp
[218.864s] -- Symlinking: /home/ultra/gazebo_ros/install/gazebo_msgs/include/gazebo_msgs/gazebo_msgs/srv/detail/spawn_entity__rosidl_typesupport_fastrtps_cpp.hpp
[218.907s] -- Symlinking: /home/ultra/gazebo_ros/install/gazebo_msgs/include/gazebo_msgs/gazebo_msgs/srv/detail/spawn_model__rosidl_typesupport_fastrtps_cpp.hpp
[218.960s] -- Symlinking: /home/ultra/gazebo_ros/install/gazebo_msgs/include/gazebo_msgs/gazebo_msgs/msg/detail/contact_state__rosidl_typesupport_introspection_c.h
[219.002s] -- Symlinking: /home/ultra/gazebo_ros/install/gazebo_msgs/include/gazebo_msgs/gazebo_msgs/msg/detail/contacts_state__rosidl_typesupport_introspection_c.h
[219.046s] -- Symlinking: /home/ultra/gazebo_ros/install/gazebo_msgs/include/gazebo_msgs/gazebo_msgs/msg/detail/entity_state__rosidl_typesupport_introspection_c.h
[219.088s] -- Symlinking: /home/ultra/gazebo_ros/install/gazebo_msgs/include/gazebo_msgs/gazebo_msgs/msg/detail/link_state__rosidl_typesupport_introspection_c.h
[219.131s] -- Symlinking: /home/ultra/gazebo_ros/install/gazebo_msgs/include/gazebo_msgs/gazebo_msgs/msg/detail/link_states__rosidl_typesupport_introspection_c.h
[219.172s] -- Symlinking: /home/ultra/gazebo_ros/install/gazebo_msgs/include/gazebo_msgs/gazebo_msgs/msg/detail/model_state__rosidl_typesupport_introspection_c.h
[219.216s] -- Symlinking: /home/ultra/gazebo_ros/install/gazebo_msgs/include/gazebo_msgs/gazebo_msgs/msg/detail/model_states__rosidl_typesupport_introspection_c.h
[219.257s] -- Symlinking: /home/ultra/gazebo_ros/install/gazebo_msgs/include/gazebo_msgs/gazebo_msgs/msg/detail/ode_joint_properties__rosidl_typesupport_introspection_c.h
[219.299s] -- Symlinking: /home/ultra/gazebo_ros/install/gazebo_msgs/include/gazebo_msgs/gazebo_msgs/msg/detail/ode_physics__rosidl_typesupport_introspection_c.h
[219.342s] -- Symlinking: /home/ultra/gazebo_ros/install/gazebo_msgs/include/gazebo_msgs/gazebo_msgs/msg/detail/performance_metrics__rosidl_typesupport_introspection_c.h
[219.386s] -- Symlinking: /home/ultra/gazebo_ros/install/gazebo_msgs/include/gazebo_msgs/gazebo_msgs/msg/detail/sensor_performance_metric__rosidl_typesupport_introspection_c.h
[219.430s] -- Symlinking: /home/ultra/gazebo_ros/install/gazebo_msgs/include/gazebo_msgs/gazebo_msgs/msg/detail/wheel_slip__rosidl_typesupport_introspection_c.h
[219.473s] -- Symlinking: /home/ultra/gazebo_ros/install/gazebo_msgs/include/gazebo_msgs/gazebo_msgs/msg/detail/world_state__rosidl_typesupport_introspection_c.h
[219.515s] -- Symlinking: /home/ultra/gazebo_ros/install/gazebo_msgs/include/gazebo_msgs/gazebo_msgs/msg/rosidl_typesupport_introspection_c__visibility_control.h
[219.557s] -- Symlinking: /home/ultra/gazebo_ros/install/gazebo_msgs/include/gazebo_msgs/gazebo_msgs/srv/detail/apply_body_wrench__rosidl_typesupport_introspection_c.h
[219.600s] -- Symlinking: /home/ultra/gazebo_ros/install/gazebo_msgs/include/gazebo_msgs/gazebo_msgs/srv/detail/apply_joint_effort__rosidl_typesupport_introspection_c.h
[219.644s] -- Symlinking: /home/ultra/gazebo_ros/install/gazebo_msgs/include/gazebo_msgs/gazebo_msgs/srv/detail/apply_link_wrench__rosidl_typesupport_introspection_c.h
[219.685s] -- Symlinking: /home/ultra/gazebo_ros/install/gazebo_msgs/include/gazebo_msgs/gazebo_msgs/srv/detail/body_request__rosidl_typesupport_introspection_c.h
[219.728s] -- Symlinking: /home/ultra/gazebo_ros/install/gazebo_msgs/include/gazebo_msgs/gazebo_msgs/srv/detail/delete_entity__rosidl_typesupport_introspection_c.h
[219.771s] -- Symlinking: /home/ultra/gazebo_ros/install/gazebo_msgs/include/gazebo_msgs/gazebo_msgs/srv/detail/delete_light__rosidl_typesupport_introspection_c.h
[219.813s] -- Symlinking: /home/ultra/gazebo_ros/install/gazebo_msgs/include/gazebo_msgs/gazebo_msgs/srv/detail/delete_model__rosidl_typesupport_introspection_c.h
[219.855s] -- Symlinking: /home/ultra/gazebo_ros/install/gazebo_msgs/include/gazebo_msgs/gazebo_msgs/srv/detail/get_entity_state__rosidl_typesupport_introspection_c.h
[219.897s] -- Symlinking: /home/ultra/gazebo_ros/install/gazebo_msgs/include/gazebo_msgs/gazebo_msgs/srv/detail/get_joint_properties__rosidl_typesupport_introspection_c.h
[219.940s] -- Symlinking: /home/ultra/gazebo_ros/install/gazebo_msgs/include/gazebo_msgs/gazebo_msgs/srv/detail/get_light_properties__rosidl_typesupport_introspection_c.h
[219.982s] -- Symlinking: /home/ultra/gazebo_ros/install/gazebo_msgs/include/gazebo_msgs/gazebo_msgs/srv/detail/get_link_properties__rosidl_typesupport_introspection_c.h
[220.027s] -- Symlinking: /home/ultra/gazebo_ros/install/gazebo_msgs/include/gazebo_msgs/gazebo_msgs/srv/detail/get_link_state__rosidl_typesupport_introspection_c.h
[220.068s] -- Symlinking: /home/ultra/gazebo_ros/install/gazebo_msgs/include/gazebo_msgs/gazebo_msgs/srv/detail/get_model_list__rosidl_typesupport_introspection_c.h
[220.111s] -- Symlinking: /home/ultra/gazebo_ros/install/gazebo_msgs/include/gazebo_msgs/gazebo_msgs/srv/detail/get_model_properties__rosidl_typesupport_introspection_c.h
[220.152s] -- Symlinking: /home/ultra/gazebo_ros/install/gazebo_msgs/include/gazebo_msgs/gazebo_msgs/srv/detail/get_model_state__rosidl_typesupport_introspection_c.h
[220.194s] -- Symlinking: /home/ultra/gazebo_ros/install/gazebo_msgs/include/gazebo_msgs/gazebo_msgs/srv/detail/get_physics_properties__rosidl_typesupport_introspection_c.h
[220.238s] -- Symlinking: /home/ultra/gazebo_ros/install/gazebo_msgs/include/gazebo_msgs/gazebo_msgs/srv/detail/get_world_properties__rosidl_typesupport_introspection_c.h
[220.280s] -- Symlinking: /home/ultra/gazebo_ros/install/gazebo_msgs/include/gazebo_msgs/gazebo_msgs/srv/detail/joint_request__rosidl_typesupport_introspection_c.h
[220.324s] -- Symlinking: /home/ultra/gazebo_ros/install/gazebo_msgs/include/gazebo_msgs/gazebo_msgs/srv/detail/link_request__rosidl_typesupport_introspection_c.h
[220.366s] -- Symlinking: /home/ultra/gazebo_ros/install/gazebo_msgs/include/gazebo_msgs/gazebo_msgs/srv/detail/set_entity_state__rosidl_typesupport_introspection_c.h
[220.408s] -- Symlinking: /home/ultra/gazebo_ros/install/gazebo_msgs/include/gazebo_msgs/gazebo_msgs/srv/detail/set_joint_properties__rosidl_typesupport_introspection_c.h
[220.452s] -- Symlinking: /home/ultra/gazebo_ros/install/gazebo_msgs/include/gazebo_msgs/gazebo_msgs/srv/detail/set_joint_trajectory__rosidl_typesupport_introspection_c.h
[220.494s] -- Symlinking: /home/ultra/gazebo_ros/install/gazebo_msgs/include/gazebo_msgs/gazebo_msgs/srv/detail/set_light_properties__rosidl_typesupport_introspection_c.h
[220.538s] -- Symlinking: /home/ultra/gazebo_ros/install/gazebo_msgs/include/gazebo_msgs/gazebo_msgs/srv/detail/set_link_properties__rosidl_typesupport_introspection_c.h
[220.580s] -- Symlinking: /home/ultra/gazebo_ros/install/gazebo_msgs/include/gazebo_msgs/gazebo_msgs/srv/detail/set_link_state__rosidl_typesupport_introspection_c.h
[220.623s] -- Symlinking: /home/ultra/gazebo_ros/install/gazebo_msgs/include/gazebo_msgs/gazebo_msgs/srv/detail/set_model_configuration__rosidl_typesupport_introspection_c.h
[220.664s] -- Symlinking: /home/ultra/gazebo_ros/install/gazebo_msgs/include/gazebo_msgs/gazebo_msgs/srv/detail/set_model_state__rosidl_typesupport_introspection_c.h
[220.705s] -- Symlinking: /home/ultra/gazebo_ros/install/gazebo_msgs/include/gazebo_msgs/gazebo_msgs/srv/detail/set_physics_properties__rosidl_typesupport_introspection_c.h
[220.749s] -- Symlinking: /home/ultra/gazebo_ros/install/gazebo_msgs/include/gazebo_msgs/gazebo_msgs/srv/detail/spawn_entity__rosidl_typesupport_introspection_c.h
[220.790s] -- Symlinking: /home/ultra/gazebo_ros/install/gazebo_msgs/include/gazebo_msgs/gazebo_msgs/srv/detail/spawn_model__rosidl_typesupport_introspection_c.h
[220.841s] -- Symlinking: /home/ultra/gazebo_ros/install/gazebo_msgs/include/gazebo_msgs/gazebo_msgs/msg/detail/contact_state__rosidl_typesupport_introspection_cpp.hpp
[220.883s] -- Symlinking: /home/ultra/gazebo_ros/install/gazebo_msgs/include/gazebo_msgs/gazebo_msgs/msg/detail/contacts_state__rosidl_typesupport_introspection_cpp.hpp
[220.925s] -- Symlinking: /home/ultra/gazebo_ros/install/gazebo_msgs/include/gazebo_msgs/gazebo_msgs/msg/detail/entity_state__rosidl_typesupport_introspection_cpp.hpp
[220.968s] -- Symlinking: /home/ultra/gazebo_ros/install/gazebo_msgs/include/gazebo_msgs/gazebo_msgs/msg/detail/link_state__rosidl_typesupport_introspection_cpp.hpp
[221.010s] -- Symlinking: /home/ultra/gazebo_ros/install/gazebo_msgs/include/gazebo_msgs/gazebo_msgs/msg/detail/link_states__rosidl_typesupport_introspection_cpp.hpp
[221.054s] -- Symlinking: /home/ultra/gazebo_ros/install/gazebo_msgs/include/gazebo_msgs/gazebo_msgs/msg/detail/model_state__rosidl_typesupport_introspection_cpp.hpp
[221.096s] -- Symlinking: /home/ultra/gazebo_ros/install/gazebo_msgs/include/gazebo_msgs/gazebo_msgs/msg/detail/model_states__rosidl_typesupport_introspection_cpp.hpp
[221.138s] -- Symlinking: /home/ultra/gazebo_ros/install/gazebo_msgs/include/gazebo_msgs/gazebo_msgs/msg/detail/ode_joint_properties__rosidl_typesupport_introspection_cpp.hpp
[221.179s] -- Symlinking: /home/ultra/gazebo_ros/install/gazebo_msgs/include/gazebo_msgs/gazebo_msgs/msg/detail/ode_physics__rosidl_typesupport_introspection_cpp.hpp
[221.220s] -- Symlinking: /home/ultra/gazebo_ros/install/gazebo_msgs/include/gazebo_msgs/gazebo_msgs/msg/detail/performance_metrics__rosidl_typesupport_introspection_cpp.hpp
[221.263s] -- Symlinking: /home/ultra/gazebo_ros/install/gazebo_msgs/include/gazebo_msgs/gazebo_msgs/msg/detail/sensor_performance_metric__rosidl_typesupport_introspection_cpp.hpp
[221.305s] -- Symlinking: /home/ultra/gazebo_ros/install/gazebo_msgs/include/gazebo_msgs/gazebo_msgs/msg/detail/wheel_slip__rosidl_typesupport_introspection_cpp.hpp
[221.347s] -- Symlinking: /home/ultra/gazebo_ros/install/gazebo_msgs/include/gazebo_msgs/gazebo_msgs/msg/detail/world_state__rosidl_typesupport_introspection_cpp.hpp
[221.388s] -- Symlinking: /home/ultra/gazebo_ros/install/gazebo_msgs/include/gazebo_msgs/gazebo_msgs/srv/detail/apply_body_wrench__rosidl_typesupport_introspection_cpp.hpp
[221.432s] -- Symlinking: /home/ultra/gazebo_ros/install/gazebo_msgs/include/gazebo_msgs/gazebo_msgs/srv/detail/apply_joint_effort__rosidl_typesupport_introspection_cpp.hpp
[221.473s] -- Symlinking: /home/ultra/gazebo_ros/install/gazebo_msgs/include/gazebo_msgs/gazebo_msgs/srv/detail/apply_link_wrench__rosidl_typesupport_introspection_cpp.hpp
[221.516s] -- Symlinking: /home/ultra/gazebo_ros/install/gazebo_msgs/include/gazebo_msgs/gazebo_msgs/srv/detail/body_request__rosidl_typesupport_introspection_cpp.hpp
[221.558s] -- Symlinking: /home/ultra/gazebo_ros/install/gazebo_msgs/include/gazebo_msgs/gazebo_msgs/srv/detail/delete_entity__rosidl_typesupport_introspection_cpp.hpp
[221.600s] -- Symlinking: /home/ultra/gazebo_ros/install/gazebo_msgs/include/gazebo_msgs/gazebo_msgs/srv/detail/delete_light__rosidl_typesupport_introspection_cpp.hpp
[221.642s] -- Symlinking: /home/ultra/gazebo_ros/install/gazebo_msgs/include/gazebo_msgs/gazebo_msgs/srv/detail/delete_model__rosidl_typesupport_introspection_cpp.hpp
[221.684s] -- Symlinking: /home/ultra/gazebo_ros/install/gazebo_msgs/include/gazebo_msgs/gazebo_msgs/srv/detail/get_entity_state__rosidl_typesupport_introspection_cpp.hpp
[221.727s] -- Symlinking: /home/ultra/gazebo_ros/install/gazebo_msgs/include/gazebo_msgs/gazebo_msgs/srv/detail/get_joint_properties__rosidl_typesupport_introspection_cpp.hpp
[221.768s] -- Symlinking: /home/ultra/gazebo_ros/install/gazebo_msgs/include/gazebo_msgs/gazebo_msgs/srv/detail/get_light_properties__rosidl_typesupport_introspection_cpp.hpp
[221.810s] -- Symlinking: /home/ultra/gazebo_ros/install/gazebo_msgs/include/gazebo_msgs/gazebo_msgs/srv/detail/get_link_properties__rosidl_typesupport_introspection_cpp.hpp
[221.854s] -- Symlinking: /home/ultra/gazebo_ros/install/gazebo_msgs/include/gazebo_msgs/gazebo_msgs/srv/detail/get_link_state__rosidl_typesupport_introspection_cpp.hpp
[221.896s] -- Symlinking: /home/ultra/gazebo_ros/install/gazebo_msgs/include/gazebo_msgs/gazebo_msgs/srv/detail/get_model_list__rosidl_typesupport_introspection_cpp.hpp
[221.940s] -- Symlinking: /home/ultra/gazebo_ros/install/gazebo_msgs/include/gazebo_msgs/gazebo_msgs/srv/detail/get_model_properties__rosidl_typesupport_introspection_cpp.hpp
[221.981s] -- Symlinking: /home/ultra/gazebo_ros/install/gazebo_msgs/include/gazebo_msgs/gazebo_msgs/srv/detail/get_model_state__rosidl_typesupport_introspection_cpp.hpp
[222.024s] -- Symlinking: /home/ultra/gazebo_ros/install/gazebo_msgs/include/gazebo_msgs/gazebo_msgs/srv/detail/get_physics_properties__rosidl_typesupport_introspection_cpp.hpp
[222.066s] -- Symlinking: /home/ultra/gazebo_ros/install/gazebo_msgs/include/gazebo_msgs/gazebo_msgs/srv/detail/get_world_properties__rosidl_typesupport_introspection_cpp.hpp
[222.108s] -- Symlinking: /home/ultra/gazebo_ros/install/gazebo_msgs/include/gazebo_msgs/gazebo_msgs/srv/detail/joint_request__rosidl_typesupport_introspection_cpp.hpp
[222.150s] -- Symlinking: /home/ultra/gazebo_ros/install/gazebo_msgs/include/gazebo_msgs/gazebo_msgs/srv/detail/link_request__rosidl_typesupport_introspection_cpp.hpp
[222.192s] -- Symlinking: /home/ultra/gazebo_ros/install/gazebo_msgs/include/gazebo_msgs/gazebo_msgs/srv/detail/set_entity_state__rosidl_typesupport_introspection_cpp.hpp
[222.236s] -- Symlinking: /home/ultra/gazebo_ros/install/gazebo_msgs/include/gazebo_msgs/gazebo_msgs/srv/detail/set_joint_properties__rosidl_typesupport_introspection_cpp.hpp
[222.278s] -- Symlinking: /home/ultra/gazebo_ros/install/gazebo_msgs/include/gazebo_msgs/gazebo_msgs/srv/detail/set_joint_trajectory__rosidl_typesupport_introspection_cpp.hpp
[222.320s] -- Symlinking: /home/ultra/gazebo_ros/install/gazebo_msgs/include/gazebo_msgs/gazebo_msgs/srv/detail/set_light_properties__rosidl_typesupport_introspection_cpp.hpp
[222.362s] -- Symlinking: /home/ultra/gazebo_ros/install/gazebo_msgs/include/gazebo_msgs/gazebo_msgs/srv/detail/set_link_properties__rosidl_typesupport_introspection_cpp.hpp
[222.404s] -- Symlinking: /home/ultra/gazebo_ros/install/gazebo_msgs/include/gazebo_msgs/gazebo_msgs/srv/detail/set_link_state__rosidl_typesupport_introspection_cpp.hpp
[222.447s] -- Symlinking: /home/ultra/gazebo_ros/install/gazebo_msgs/include/gazebo_msgs/gazebo_msgs/srv/detail/set_model_configuration__rosidl_typesupport_introspection_cpp.hpp
[222.488s] -- Symlinking: /home/ultra/gazebo_ros/install/gazebo_msgs/include/gazebo_msgs/gazebo_msgs/srv/detail/set_model_state__rosidl_typesupport_introspection_cpp.hpp
[222.532s] -- Symlinking: /home/ultra/gazebo_ros/install/gazebo_msgs/include/gazebo_msgs/gazebo_msgs/srv/detail/set_physics_properties__rosidl_typesupport_introspection_cpp.hpp
[222.574s] -- Symlinking: /home/ultra/gazebo_ros/install/gazebo_msgs/include/gazebo_msgs/gazebo_msgs/srv/detail/spawn_entity__rosidl_typesupport_introspection_cpp.hpp
[222.616s] -- Symlinking: /home/ultra/gazebo_ros/install/gazebo_msgs/include/gazebo_msgs/gazebo_msgs/srv/detail/spawn_model__rosidl_typesupport_introspection_cpp.hpp
[222.658s] -- Symlinking: /home/ultra/gazebo_ros/install/gazebo_msgs/share/gazebo_msgs/environment/pythonpath.sh
[222.702s] -- Symlinking: /home/ultra/gazebo_ros/install/gazebo_msgs/share/gazebo_msgs/environment/pythonpath.dsv
[222.749s] -- Symlinking: /home/ultra/gazebo_ros/install/gazebo_msgs/local/lib/python3.10/dist-packages/gazebo_msgs-3.9.0-py3.10.egg-info/PKG-INFO
[222.792s] -- Symlinking: /home/ultra/gazebo_ros/install/gazebo_msgs/local/lib/python3.10/dist-packages/gazebo_msgs-3.9.0-py3.10.egg-info/SOURCES.txt
[222.835s] -- Symlinking: /home/ultra/gazebo_ros/install/gazebo_msgs/local/lib/python3.10/dist-packages/gazebo_msgs-3.9.0-py3.10.egg-info/dependency_links.txt
[222.876s] -- Symlinking: /home/ultra/gazebo_ros/install/gazebo_msgs/local/lib/python3.10/dist-packages/gazebo_msgs-3.9.0-py3.10.egg-info/top_level.txt
[222.941s] -- Symlinking: /home/ultra/gazebo_ros/install/gazebo_msgs/local/lib/python3.10/dist-packages/gazebo_msgs/__init__.py
[222.984s] -- Symlinking: /home/ultra/gazebo_ros/install/gazebo_msgs/local/lib/python3.10/dist-packages/gazebo_msgs/_gazebo_msgs_s.ep.rosidl_typesupport_c.c
[223.026s] -- Symlinking: /home/ultra/gazebo_ros/install/gazebo_msgs/local/lib/python3.10/dist-packages/gazebo_msgs/_gazebo_msgs_s.ep.rosidl_typesupport_fastrtps_c.c
[223.068s] -- Symlinking: /home/ultra/gazebo_ros/install/gazebo_msgs/local/lib/python3.10/dist-packages/gazebo_msgs/_gazebo_msgs_s.ep.rosidl_typesupport_introspection_c.c
[223.110s] -- Symlinking: /home/ultra/gazebo_ros/install/gazebo_msgs/local/lib/python3.10/dist-packages/gazebo_msgs/gazebo_msgs_s__rosidl_typesupport_c.cpython-310-aarch64-linux-gnu.so
[223.152s] -- Symlinking: /home/ultra/gazebo_ros/install/gazebo_msgs/local/lib/python3.10/dist-packages/gazebo_msgs/gazebo_msgs_s__rosidl_typesupport_fastrtps_c.cpython-310-aarch64-linux-gnu.so
[223.194s] -- Symlinking: /home/ultra/gazebo_ros/install/gazebo_msgs/local/lib/python3.10/dist-packages/gazebo_msgs/gazebo_msgs_s__rosidl_typesupport_introspection_c.cpython-310-aarch64-linux-gnu.so
[223.240s] -- Symlinking: /home/ultra/gazebo_ros/install/gazebo_msgs/local/lib/python3.10/dist-packages/gazebo_msgs/libgazebo_msgs__rosidl_generator_py.so
[223.283s] -- Symlinking: /home/ultra/gazebo_ros/install/gazebo_msgs/local/lib/python3.10/dist-packages/gazebo_msgs/msg/__init__.py
[223.325s] -- Symlinking: /home/ultra/gazebo_ros/install/gazebo_msgs/local/lib/python3.10/dist-packages/gazebo_msgs/msg/_contact_state.py
[223.367s] -- Symlinking: /home/ultra/gazebo_ros/install/gazebo_msgs/local/lib/python3.10/dist-packages/gazebo_msgs/msg/_contact_state_s.c
[223.410s] -- Symlinking: /home/ultra/gazebo_ros/install/gazebo_msgs/local/lib/python3.10/dist-packages/gazebo_msgs/msg/_contacts_state.py
[223.454s] -- Symlinking: /home/ultra/gazebo_ros/install/gazebo_msgs/local/lib/python3.10/dist-packages/gazebo_msgs/msg/_contacts_state_s.c
[223.495s] -- Symlinking: /home/ultra/gazebo_ros/install/gazebo_msgs/local/lib/python3.10/dist-packages/gazebo_msgs/msg/_entity_state.py
[223.537s] -- Symlinking: /home/ultra/gazebo_ros/install/gazebo_msgs/local/lib/python3.10/dist-packages/gazebo_msgs/msg/_entity_state_s.c
[223.579s] -- Symlinking: /home/ultra/gazebo_ros/install/gazebo_msgs/local/lib/python3.10/dist-packages/gazebo_msgs/msg/_link_state.py
[223.622s] -- Symlinking: /home/ultra/gazebo_ros/install/gazebo_msgs/local/lib/python3.10/dist-packages/gazebo_msgs/msg/_link_state_s.c
[223.665s] -- Symlinking: /home/ultra/gazebo_ros/install/gazebo_msgs/local/lib/python3.10/dist-packages/gazebo_msgs/msg/_link_states.py
[223.706s] -- Symlinking: /home/ultra/gazebo_ros/install/gazebo_msgs/local/lib/python3.10/dist-packages/gazebo_msgs/msg/_link_states_s.c
[223.748s] -- Symlinking: /home/ultra/gazebo_ros/install/gazebo_msgs/local/lib/python3.10/dist-packages/gazebo_msgs/msg/_model_state.py
[223.789s] -- Symlinking: /home/ultra/gazebo_ros/install/gazebo_msgs/local/lib/python3.10/dist-packages/gazebo_msgs/msg/_model_state_s.c
[223.832s] -- Symlinking: /home/ultra/gazebo_ros/install/gazebo_msgs/local/lib/python3.10/dist-packages/gazebo_msgs/msg/_model_states.py
[223.874s] -- Symlinking: /home/ultra/gazebo_ros/install/gazebo_msgs/local/lib/python3.10/dist-packages/gazebo_msgs/msg/_model_states_s.c
[223.917s] -- Symlinking: /home/ultra/gazebo_ros/install/gazebo_msgs/local/lib/python3.10/dist-packages/gazebo_msgs/msg/_ode_joint_properties.py
[223.959s] -- Symlinking: /home/ultra/gazebo_ros/install/gazebo_msgs/local/lib/python3.10/dist-packages/gazebo_msgs/msg/_ode_joint_properties_s.c
[224.000s] -- Symlinking: /home/ultra/gazebo_ros/install/gazebo_msgs/local/lib/python3.10/dist-packages/gazebo_msgs/msg/_ode_physics.py
[224.042s] -- Symlinking: /home/ultra/gazebo_ros/install/gazebo_msgs/local/lib/python3.10/dist-packages/gazebo_msgs/msg/_ode_physics_s.c
[224.084s] -- Symlinking: /home/ultra/gazebo_ros/install/gazebo_msgs/local/lib/python3.10/dist-packages/gazebo_msgs/msg/_performance_metrics.py
[224.126s] -- Symlinking: /home/ultra/gazebo_ros/install/gazebo_msgs/local/lib/python3.10/dist-packages/gazebo_msgs/msg/_performance_metrics_s.c
[224.168s] -- Symlinking: /home/ultra/gazebo_ros/install/gazebo_msgs/local/lib/python3.10/dist-packages/gazebo_msgs/msg/_sensor_performance_metric.py
[224.209s] -- Symlinking: /home/ultra/gazebo_ros/install/gazebo_msgs/local/lib/python3.10/dist-packages/gazebo_msgs/msg/_sensor_performance_metric_s.c
[224.252s] -- Symlinking: /home/ultra/gazebo_ros/install/gazebo_msgs/local/lib/python3.10/dist-packages/gazebo_msgs/msg/_wheel_slip.py
[224.292s] -- Symlinking: /home/ultra/gazebo_ros/install/gazebo_msgs/local/lib/python3.10/dist-packages/gazebo_msgs/msg/_wheel_slip_s.c
[224.335s] -- Symlinking: /home/ultra/gazebo_ros/install/gazebo_msgs/local/lib/python3.10/dist-packages/gazebo_msgs/msg/_world_state.py
[224.377s] -- Symlinking: /home/ultra/gazebo_ros/install/gazebo_msgs/local/lib/python3.10/dist-packages/gazebo_msgs/msg/_world_state_s.c
[224.419s] -- Symlinking: /home/ultra/gazebo_ros/install/gazebo_msgs/local/lib/python3.10/dist-packages/gazebo_msgs/srv/__init__.py
[224.461s] -- Symlinking: /home/ultra/gazebo_ros/install/gazebo_msgs/local/lib/python3.10/dist-packages/gazebo_msgs/srv/_apply_body_wrench.py
[224.503s] -- Symlinking: /home/ultra/gazebo_ros/install/gazebo_msgs/local/lib/python3.10/dist-packages/gazebo_msgs/srv/_apply_body_wrench_s.c
[224.549s] -- Symlinking: /home/ultra/gazebo_ros/install/gazebo_msgs/local/lib/python3.10/dist-packages/gazebo_msgs/srv/_apply_joint_effort.py
[224.593s] -- Symlinking: /home/ultra/gazebo_ros/install/gazebo_msgs/local/lib/python3.10/dist-packages/gazebo_msgs/srv/_apply_joint_effort_s.c
[224.635s] -- Symlinking: /home/ultra/gazebo_ros/install/gazebo_msgs/local/lib/python3.10/dist-packages/gazebo_msgs/srv/_apply_link_wrench.py
[224.677s] -- Symlinking: /home/ultra/gazebo_ros/install/gazebo_msgs/local/lib/python3.10/dist-packages/gazebo_msgs/srv/_apply_link_wrench_s.c
[224.719s] -- Symlinking: /home/ultra/gazebo_ros/install/gazebo_msgs/local/lib/python3.10/dist-packages/gazebo_msgs/srv/_body_request.py
[224.762s] -- Symlinking: /home/ultra/gazebo_ros/install/gazebo_msgs/local/lib/python3.10/dist-packages/gazebo_msgs/srv/_body_request_s.c
[224.803s] -- Symlinking: /home/ultra/gazebo_ros/install/gazebo_msgs/local/lib/python3.10/dist-packages/gazebo_msgs/srv/_delete_entity.py
[224.844s] -- Symlinking: /home/ultra/gazebo_ros/install/gazebo_msgs/local/lib/python3.10/dist-packages/gazebo_msgs/srv/_delete_entity_s.c
[224.886s] -- Symlinking: /home/ultra/gazebo_ros/install/gazebo_msgs/local/lib/python3.10/dist-packages/gazebo_msgs/srv/_delete_light.py
[224.931s] -- Symlinking: /home/ultra/gazebo_ros/install/gazebo_msgs/local/lib/python3.10/dist-packages/gazebo_msgs/srv/_delete_light_s.c
[224.973s] -- Symlinking: /home/ultra/gazebo_ros/install/gazebo_msgs/local/lib/python3.10/dist-packages/gazebo_msgs/srv/_delete_model.py
[225.015s] -- Symlinking: /home/ultra/gazebo_ros/install/gazebo_msgs/local/lib/python3.10/dist-packages/gazebo_msgs/srv/_delete_model_s.c
[225.059s] -- Symlinking: /home/ultra/gazebo_ros/install/gazebo_msgs/local/lib/python3.10/dist-packages/gazebo_msgs/srv/_get_entity_state.py
[225.100s] -- Symlinking: /home/ultra/gazebo_ros/install/gazebo_msgs/local/lib/python3.10/dist-packages/gazebo_msgs/srv/_get_entity_state_s.c
[225.142s] -- Symlinking: /home/ultra/gazebo_ros/install/gazebo_msgs/local/lib/python3.10/dist-packages/gazebo_msgs/srv/_get_joint_properties.py
[225.184s] -- Symlinking: /home/ultra/gazebo_ros/install/gazebo_msgs/local/lib/python3.10/dist-packages/gazebo_msgs/srv/_get_joint_properties_s.c
[225.226s] -- Symlinking: /home/ultra/gazebo_ros/install/gazebo_msgs/local/lib/python3.10/dist-packages/gazebo_msgs/srv/_get_light_properties.py
[225.268s] -- Symlinking: /home/ultra/gazebo_ros/install/gazebo_msgs/local/lib/python3.10/dist-packages/gazebo_msgs/srv/_get_light_properties_s.c
[225.312s] -- Symlinking: /home/ultra/gazebo_ros/install/gazebo_msgs/local/lib/python3.10/dist-packages/gazebo_msgs/srv/_get_link_properties.py
[225.354s] -- Symlinking: /home/ultra/gazebo_ros/install/gazebo_msgs/local/lib/python3.10/dist-packages/gazebo_msgs/srv/_get_link_properties_s.c
[225.395s] -- Symlinking: /home/ultra/gazebo_ros/install/gazebo_msgs/local/lib/python3.10/dist-packages/gazebo_msgs/srv/_get_link_state.py
[225.437s] -- Symlinking: /home/ultra/gazebo_ros/install/gazebo_msgs/local/lib/python3.10/dist-packages/gazebo_msgs/srv/_get_link_state_s.c
[225.479s] -- Symlinking: /home/ultra/gazebo_ros/install/gazebo_msgs/local/lib/python3.10/dist-packages/gazebo_msgs/srv/_get_model_list.py
[225.522s] -- Symlinking: /home/ultra/gazebo_ros/install/gazebo_msgs/local/lib/python3.10/dist-packages/gazebo_msgs/srv/_get_model_list_s.c
[225.564s] -- Symlinking: /home/ultra/gazebo_ros/install/gazebo_msgs/local/lib/python3.10/dist-packages/gazebo_msgs/srv/_get_model_properties.py
[225.607s] -- Symlinking: /home/ultra/gazebo_ros/install/gazebo_msgs/local/lib/python3.10/dist-packages/gazebo_msgs/srv/_get_model_properties_s.c
[225.648s] -- Symlinking: /home/ultra/gazebo_ros/install/gazebo_msgs/local/lib/python3.10/dist-packages/gazebo_msgs/srv/_get_model_state.py
[225.689s] -- Symlinking: /home/ultra/gazebo_ros/install/gazebo_msgs/local/lib/python3.10/dist-packages/gazebo_msgs/srv/_get_model_state_s.c
[225.731s] -- Symlinking: /home/ultra/gazebo_ros/install/gazebo_msgs/local/lib/python3.10/dist-packages/gazebo_msgs/srv/_get_physics_properties.py
[225.773s] -- Symlinking: /home/ultra/gazebo_ros/install/gazebo_msgs/local/lib/python3.10/dist-packages/gazebo_msgs/srv/_get_physics_properties_s.c
[225.816s] -- Symlinking: /home/ultra/gazebo_ros/install/gazebo_msgs/local/lib/python3.10/dist-packages/gazebo_msgs/srv/_get_world_properties.py
[225.858s] -- Symlinking: /home/ultra/gazebo_ros/install/gazebo_msgs/local/lib/python3.10/dist-packages/gazebo_msgs/srv/_get_world_properties_s.c
[225.899s] -- Symlinking: /home/ultra/gazebo_ros/install/gazebo_msgs/local/lib/python3.10/dist-packages/gazebo_msgs/srv/_joint_request.py
[225.941s] -- Symlinking: /home/ultra/gazebo_ros/install/gazebo_msgs/local/lib/python3.10/dist-packages/gazebo_msgs/srv/_joint_request_s.c
[225.983s] -- Symlinking: /home/ultra/gazebo_ros/install/gazebo_msgs/local/lib/python3.10/dist-packages/gazebo_msgs/srv/_link_request.py
[226.026s] -- Symlinking: /home/ultra/gazebo_ros/install/gazebo_msgs/local/lib/python3.10/dist-packages/gazebo_msgs/srv/_link_request_s.c
[226.067s] -- Symlinking: /home/ultra/gazebo_ros/install/gazebo_msgs/local/lib/python3.10/dist-packages/gazebo_msgs/srv/_set_entity_state.py
[226.109s] -- Symlinking: /home/ultra/gazebo_ros/install/gazebo_msgs/local/lib/python3.10/dist-packages/gazebo_msgs/srv/_set_entity_state_s.c
[226.151s] -- Symlinking: /home/ultra/gazebo_ros/install/gazebo_msgs/local/lib/python3.10/dist-packages/gazebo_msgs/srv/_set_joint_properties.py
[226.193s] -- Symlinking: /home/ultra/gazebo_ros/install/gazebo_msgs/local/lib/python3.10/dist-packages/gazebo_msgs/srv/_set_joint_properties_s.c
[226.235s] -- Symlinking: /home/ultra/gazebo_ros/install/gazebo_msgs/local/lib/python3.10/dist-packages/gazebo_msgs/srv/_set_joint_trajectory.py
[226.276s] -- Symlinking: /home/ultra/gazebo_ros/install/gazebo_msgs/local/lib/python3.10/dist-packages/gazebo_msgs/srv/_set_joint_trajectory_s.c
[226.318s] -- Symlinking: /home/ultra/gazebo_ros/install/gazebo_msgs/local/lib/python3.10/dist-packages/gazebo_msgs/srv/_set_light_properties.py
[226.360s] -- Symlinking: /home/ultra/gazebo_ros/install/gazebo_msgs/local/lib/python3.10/dist-packages/gazebo_msgs/srv/_set_light_properties_s.c
[226.402s] -- Symlinking: /home/ultra/gazebo_ros/install/gazebo_msgs/local/lib/python3.10/dist-packages/gazebo_msgs/srv/_set_link_properties.py
[226.446s] -- Symlinking: /home/ultra/gazebo_ros/install/gazebo_msgs/local/lib/python3.10/dist-packages/gazebo_msgs/srv/_set_link_properties_s.c
[226.488s] -- Symlinking: /home/ultra/gazebo_ros/install/gazebo_msgs/local/lib/python3.10/dist-packages/gazebo_msgs/srv/_set_link_state.py
[226.531s] -- Symlinking: /home/ultra/gazebo_ros/install/gazebo_msgs/local/lib/python3.10/dist-packages/gazebo_msgs/srv/_set_link_state_s.c
[226.573s] -- Symlinking: /home/ultra/gazebo_ros/install/gazebo_msgs/local/lib/python3.10/dist-packages/gazebo_msgs/srv/_set_model_configuration.py
[226.614s] -- Symlinking: /home/ultra/gazebo_ros/install/gazebo_msgs/local/lib/python3.10/dist-packages/gazebo_msgs/srv/_set_model_configuration_s.c
[226.657s] -- Symlinking: /home/ultra/gazebo_ros/install/gazebo_msgs/local/lib/python3.10/dist-packages/gazebo_msgs/srv/_set_model_state.py
[226.699s] -- Symlinking: /home/ultra/gazebo_ros/install/gazebo_msgs/local/lib/python3.10/dist-packages/gazebo_msgs/srv/_set_model_state_s.c
[226.742s] -- Symlinking: /home/ultra/gazebo_ros/install/gazebo_msgs/local/lib/python3.10/dist-packages/gazebo_msgs/srv/_set_physics_properties.py
[226.783s] -- Symlinking: /home/ultra/gazebo_ros/install/gazebo_msgs/local/lib/python3.10/dist-packages/gazebo_msgs/srv/_set_physics_properties_s.c
[226.825s] -- Symlinking: /home/ultra/gazebo_ros/install/gazebo_msgs/local/lib/python3.10/dist-packages/gazebo_msgs/srv/_spawn_entity.py
[226.867s] -- Symlinking: /home/ultra/gazebo_ros/install/gazebo_msgs/local/lib/python3.10/dist-packages/gazebo_msgs/srv/_spawn_entity_s.c
[226.908s] -- Symlinking: /home/ultra/gazebo_ros/install/gazebo_msgs/local/lib/python3.10/dist-packages/gazebo_msgs/srv/_spawn_model.py
[226.951s] -- Symlinking: /home/ultra/gazebo_ros/install/gazebo_msgs/local/lib/python3.10/dist-packages/gazebo_msgs/srv/_spawn_model_s.c
[226.994s] -- Up-to-date symlink: /home/ultra/gazebo_ros/install/gazebo_msgs/local/lib/python3.10/dist-packages/gazebo_msgs/gazebo_msgs_s__rosidl_typesupport_fastrtps_c.cpython-310-aarch64-linux-gnu.so
[226.996s] -- Up-to-date symlink: /home/ultra/gazebo_ros/install/gazebo_msgs/local/lib/python3.10/dist-packages/gazebo_msgs/gazebo_msgs_s__rosidl_typesupport_introspection_c.cpython-310-aarch64-linux-gnu.so
[226.998s] -- Up-to-date symlink: /home/ultra/gazebo_ros/install/gazebo_msgs/local/lib/python3.10/dist-packages/gazebo_msgs/gazebo_msgs_s__rosidl_typesupport_c.cpython-310-aarch64-linux-gnu.so
[227.000s] -- Symlinking: /home/ultra/gazebo_ros/install/gazebo_msgs/share/gazebo_msgs/msg/ContactState.idl
[227.043s] -- Symlinking: /home/ultra/gazebo_ros/install/gazebo_msgs/share/gazebo_msgs/msg/ContactsState.idl
[227.085s] -- Symlinking: /home/ultra/gazebo_ros/install/gazebo_msgs/share/gazebo_msgs/msg/EntityState.idl
[227.128s] -- Symlinking: /home/ultra/gazebo_ros/install/gazebo_msgs/share/gazebo_msgs/msg/LinkState.idl
[227.170s] -- Symlinking: /home/ultra/gazebo_ros/install/gazebo_msgs/share/gazebo_msgs/msg/LinkStates.idl
[227.212s] -- Symlinking: /home/ultra/gazebo_ros/install/gazebo_msgs/share/gazebo_msgs/msg/ModelState.idl
[227.254s] -- Symlinking: /home/ultra/gazebo_ros/install/gazebo_msgs/share/gazebo_msgs/msg/ModelStates.idl
[227.296s] -- Symlinking: /home/ultra/gazebo_ros/install/gazebo_msgs/share/gazebo_msgs/msg/ODEJointProperties.idl
[227.339s] -- Symlinking: /home/ultra/gazebo_ros/install/gazebo_msgs/share/gazebo_msgs/msg/ODEPhysics.idl
[227.381s] -- Symlinking: /home/ultra/gazebo_ros/install/gazebo_msgs/share/gazebo_msgs/msg/PerformanceMetrics.idl
[227.423s] -- Symlinking: /home/ultra/gazebo_ros/install/gazebo_msgs/share/gazebo_msgs/msg/SensorPerformanceMetric.idl
[227.466s] -- Symlinking: /home/ultra/gazebo_ros/install/gazebo_msgs/share/gazebo_msgs/msg/WheelSlip.idl
[227.507s] -- Symlinking: /home/ultra/gazebo_ros/install/gazebo_msgs/share/gazebo_msgs/msg/WorldState.idl
[227.550s] -- Symlinking: /home/ultra/gazebo_ros/install/gazebo_msgs/share/gazebo_msgs/srv/ApplyBodyWrench.idl
[227.592s] -- Symlinking: /home/ultra/gazebo_ros/install/gazebo_msgs/share/gazebo_msgs/srv/ApplyLinkWrench.idl
[227.635s] -- Symlinking: /home/ultra/gazebo_ros/install/gazebo_msgs/share/gazebo_msgs/srv/ApplyJointEffort.idl
[227.677s] -- Symlinking: /home/ultra/gazebo_ros/install/gazebo_msgs/share/gazebo_msgs/srv/BodyRequest.idl
[227.720s] -- Symlinking: /home/ultra/gazebo_ros/install/gazebo_msgs/share/gazebo_msgs/srv/DeleteEntity.idl
[227.762s] -- Symlinking: /home/ultra/gazebo_ros/install/gazebo_msgs/share/gazebo_msgs/srv/DeleteLight.idl
[227.805s] -- Symlinking: /home/ultra/gazebo_ros/install/gazebo_msgs/share/gazebo_msgs/srv/DeleteModel.idl
[227.848s] -- Symlinking: /home/ultra/gazebo_ros/install/gazebo_msgs/share/gazebo_msgs/srv/GetJointProperties.idl
[227.891s] -- Symlinking: /home/ultra/gazebo_ros/install/gazebo_msgs/share/gazebo_msgs/srv/GetEntityState.idl
[227.935s] -- Symlinking: /home/ultra/gazebo_ros/install/gazebo_msgs/share/gazebo_msgs/srv/GetLightProperties.idl
[227.977s] -- Symlinking: /home/ultra/gazebo_ros/install/gazebo_msgs/share/gazebo_msgs/srv/GetLinkProperties.idl
[228.020s] -- Symlinking: /home/ultra/gazebo_ros/install/gazebo_msgs/share/gazebo_msgs/srv/GetLinkState.idl
[228.062s] -- Symlinking: /home/ultra/gazebo_ros/install/gazebo_msgs/share/gazebo_msgs/srv/GetModelList.idl
[228.104s] -- Symlinking: /home/ultra/gazebo_ros/install/gazebo_msgs/share/gazebo_msgs/srv/GetModelProperties.idl
[228.148s] -- Symlinking: /home/ultra/gazebo_ros/install/gazebo_msgs/share/gazebo_msgs/srv/GetModelState.idl
[228.189s] -- Symlinking: /home/ultra/gazebo_ros/install/gazebo_msgs/share/gazebo_msgs/srv/GetPhysicsProperties.idl
[228.232s] -- Symlinking: /home/ultra/gazebo_ros/install/gazebo_msgs/share/gazebo_msgs/srv/GetWorldProperties.idl
[228.275s] -- Symlinking: /home/ultra/gazebo_ros/install/gazebo_msgs/share/gazebo_msgs/srv/JointRequest.idl
[228.317s] -- Symlinking: /home/ultra/gazebo_ros/install/gazebo_msgs/share/gazebo_msgs/srv/LinkRequest.idl
[228.359s] -- Symlinking: /home/ultra/gazebo_ros/install/gazebo_msgs/share/gazebo_msgs/srv/SetEntityState.idl
[228.402s] -- Symlinking: /home/ultra/gazebo_ros/install/gazebo_msgs/share/gazebo_msgs/srv/SetJointProperties.idl
[228.444s] -- Symlinking: /home/ultra/gazebo_ros/install/gazebo_msgs/share/gazebo_msgs/srv/SetJointTrajectory.idl
[228.486s] -- Symlinking: /home/ultra/gazebo_ros/install/gazebo_msgs/share/gazebo_msgs/srv/SetLightProperties.idl
[228.528s] -- Symlinking: /home/ultra/gazebo_ros/install/gazebo_msgs/share/gazebo_msgs/srv/SetLinkProperties.idl
[228.571s] -- Symlinking: /home/ultra/gazebo_ros/install/gazebo_msgs/share/gazebo_msgs/srv/SetLinkState.idl
[228.613s] -- Symlinking: /home/ultra/gazebo_ros/install/gazebo_msgs/share/gazebo_msgs/srv/SetModelConfiguration.idl
[228.655s] -- Symlinking: /home/ultra/gazebo_ros/install/gazebo_msgs/share/gazebo_msgs/srv/SetModelState.idl
[228.697s] -- Symlinking: /home/ultra/gazebo_ros/install/gazebo_msgs/share/gazebo_msgs/srv/SetPhysicsProperties.idl
[228.739s] -- Symlinking: /home/ultra/gazebo_ros/install/gazebo_msgs/share/gazebo_msgs/srv/SpawnEntity.idl
[228.781s] -- Symlinking: /home/ultra/gazebo_ros/install/gazebo_msgs/share/gazebo_msgs/srv/SpawnModel.idl
[228.824s] -- Symlinking: /home/ultra/gazebo_ros/install/gazebo_msgs/share/gazebo_msgs/msg/ContactState.msg
[228.866s] -- Symlinking: /home/ultra/gazebo_ros/install/gazebo_msgs/share/gazebo_msgs/msg/ContactsState.msg
[228.909s] -- Symlinking: /home/ultra/gazebo_ros/install/gazebo_msgs/share/gazebo_msgs/msg/EntityState.msg
[228.951s] -- Symlinking: /home/ultra/gazebo_ros/install/gazebo_msgs/share/gazebo_msgs/msg/LinkState.msg
[228.994s] -- Symlinking: /home/ultra/gazebo_ros/install/gazebo_msgs/share/gazebo_msgs/msg/LinkStates.msg
[229.037s] -- Symlinking: /home/ultra/gazebo_ros/install/gazebo_msgs/share/gazebo_msgs/msg/ModelState.msg
[229.080s] -- Symlinking: /home/ultra/gazebo_ros/install/gazebo_msgs/share/gazebo_msgs/msg/ModelStates.msg
[229.122s] -- Symlinking: /home/ultra/gazebo_ros/install/gazebo_msgs/share/gazebo_msgs/msg/ODEJointProperties.msg
[229.165s] -- Symlinking: /home/ultra/gazebo_ros/install/gazebo_msgs/share/gazebo_msgs/msg/ODEPhysics.msg
[229.207s] -- Symlinking: /home/ultra/gazebo_ros/install/gazebo_msgs/share/gazebo_msgs/msg/PerformanceMetrics.msg
[229.249s] -- Symlinking: /home/ultra/gazebo_ros/install/gazebo_msgs/share/gazebo_msgs/msg/SensorPerformanceMetric.msg
[229.291s] -- Symlinking: /home/ultra/gazebo_ros/install/gazebo_msgs/share/gazebo_msgs/msg/WheelSlip.msg
[229.334s] -- Symlinking: /home/ultra/gazebo_ros/install/gazebo_msgs/share/gazebo_msgs/msg/WorldState.msg
[229.376s] -- Symlinking: /home/ultra/gazebo_ros/install/gazebo_msgs/share/gazebo_msgs/srv/ApplyBodyWrench.srv
[229.418s] -- Symlinking: /home/ultra/gazebo_ros/install/gazebo_msgs/share/gazebo_msgs/srv/ApplyBodyWrench_Request.msg
[229.462s] -- Symlinking: /home/ultra/gazebo_ros/install/gazebo_msgs/share/gazebo_msgs/srv/ApplyBodyWrench_Response.msg
[229.504s] -- Symlinking: /home/ultra/gazebo_ros/install/gazebo_msgs/share/gazebo_msgs/srv/ApplyLinkWrench.srv
[229.548s] -- Symlinking: /home/ultra/gazebo_ros/install/gazebo_msgs/share/gazebo_msgs/srv/ApplyLinkWrench_Request.msg
[229.590s] -- Symlinking: /home/ultra/gazebo_ros/install/gazebo_msgs/share/gazebo_msgs/srv/ApplyLinkWrench_Response.msg
[229.633s] -- Symlinking: /home/ultra/gazebo_ros/install/gazebo_msgs/share/gazebo_msgs/srv/ApplyJointEffort.srv
[229.676s] -- Symlinking: /home/ultra/gazebo_ros/install/gazebo_msgs/share/gazebo_msgs/srv/ApplyJointEffort_Request.msg
[229.719s] -- Symlinking: /home/ultra/gazebo_ros/install/gazebo_msgs/share/gazebo_msgs/srv/ApplyJointEffort_Response.msg
[229.760s] -- Symlinking: /home/ultra/gazebo_ros/install/gazebo_msgs/share/gazebo_msgs/srv/BodyRequest.srv
[229.803s] -- Symlinking: /home/ultra/gazebo_ros/install/gazebo_msgs/share/gazebo_msgs/srv/BodyRequest_Request.msg
[229.846s] -- Symlinking: /home/ultra/gazebo_ros/install/gazebo_msgs/share/gazebo_msgs/srv/BodyRequest_Response.msg
[229.888s] -- Symlinking: /home/ultra/gazebo_ros/install/gazebo_msgs/share/gazebo_msgs/srv/DeleteEntity.srv
[229.930s] -- Symlinking: /home/ultra/gazebo_ros/install/gazebo_msgs/share/gazebo_msgs/srv/DeleteEntity_Request.msg
[229.973s] -- Symlinking: /home/ultra/gazebo_ros/install/gazebo_msgs/share/gazebo_msgs/srv/DeleteEntity_Response.msg
[230.015s] -- Symlinking: /home/ultra/gazebo_ros/install/gazebo_msgs/share/gazebo_msgs/srv/DeleteLight.srv
[230.058s] -- Symlinking: /home/ultra/gazebo_ros/install/gazebo_msgs/share/gazebo_msgs/srv/DeleteLight_Request.msg
[230.100s] -- Symlinking: /home/ultra/gazebo_ros/install/gazebo_msgs/share/gazebo_msgs/srv/DeleteLight_Response.msg
[230.142s] -- Symlinking: /home/ultra/gazebo_ros/install/gazebo_msgs/share/gazebo_msgs/srv/DeleteModel.srv
[230.184s] -- Symlinking: /home/ultra/gazebo_ros/install/gazebo_msgs/share/gazebo_msgs/srv/DeleteModel_Request.msg
[230.227s] -- Symlinking: /home/ultra/gazebo_ros/install/gazebo_msgs/share/gazebo_msgs/srv/DeleteModel_Response.msg
[230.270s] -- Symlinking: /home/ultra/gazebo_ros/install/gazebo_msgs/share/gazebo_msgs/srv/GetJointProperties.srv
[230.312s] -- Symlinking: /home/ultra/gazebo_ros/install/gazebo_msgs/share/gazebo_msgs/srv/GetJointProperties_Request.msg
[230.356s] -- Symlinking: /home/ultra/gazebo_ros/install/gazebo_msgs/share/gazebo_msgs/srv/GetJointProperties_Response.msg
[230.398s] -- Symlinking: /home/ultra/gazebo_ros/install/gazebo_msgs/share/gazebo_msgs/srv/GetEntityState.srv
[230.442s] -- Symlinking: /home/ultra/gazebo_ros/install/gazebo_msgs/share/gazebo_msgs/srv/GetEntityState_Request.msg
[230.484s] -- Symlinking: /home/ultra/gazebo_ros/install/gazebo_msgs/share/gazebo_msgs/srv/GetEntityState_Response.msg
[230.526s] -- Symlinking: /home/ultra/gazebo_ros/install/gazebo_msgs/share/gazebo_msgs/srv/GetLightProperties.srv
[230.571s] -- Symlinking: /home/ultra/gazebo_ros/install/gazebo_msgs/share/gazebo_msgs/srv/GetLightProperties_Request.msg
[230.613s] -- Symlinking: /home/ultra/gazebo_ros/install/gazebo_msgs/share/gazebo_msgs/srv/GetLightProperties_Response.msg
[230.654s] -- Symlinking: /home/ultra/gazebo_ros/install/gazebo_msgs/share/gazebo_msgs/srv/GetLinkProperties.srv
[230.696s] -- Symlinking: /home/ultra/gazebo_ros/install/gazebo_msgs/share/gazebo_msgs/srv/GetLinkProperties_Request.msg
[230.739s] -- Symlinking: /home/ultra/gazebo_ros/install/gazebo_msgs/share/gazebo_msgs/srv/GetLinkProperties_Response.msg
[230.782s] -- Symlinking: /home/ultra/gazebo_ros/install/gazebo_msgs/share/gazebo_msgs/srv/GetLinkState.srv
[230.825s] -- Symlinking: /home/ultra/gazebo_ros/install/gazebo_msgs/share/gazebo_msgs/srv/GetLinkState_Request.msg
[230.869s] -- Symlinking: /home/ultra/gazebo_ros/install/gazebo_msgs/share/gazebo_msgs/srv/GetLinkState_Response.msg
[230.912s] -- Symlinking: /home/ultra/gazebo_ros/install/gazebo_msgs/share/gazebo_msgs/srv/GetModelList.srv
[230.954s] -- Symlinking: /home/ultra/gazebo_ros/install/gazebo_msgs/share/gazebo_msgs/srv/GetModelList_Request.msg
[230.996s] -- Symlinking: /home/ultra/gazebo_ros/install/gazebo_msgs/share/gazebo_msgs/srv/GetModelList_Response.msg
[231.040s] -- Symlinking: /home/ultra/gazebo_ros/install/gazebo_msgs/share/gazebo_msgs/srv/GetModelProperties.srv
[231.083s] -- Symlinking: /home/ultra/gazebo_ros/install/gazebo_msgs/share/gazebo_msgs/srv/GetModelProperties_Request.msg
[231.125s] -- Symlinking: /home/ultra/gazebo_ros/install/gazebo_msgs/share/gazebo_msgs/srv/GetModelProperties_Response.msg
[231.167s] -- Symlinking: /home/ultra/gazebo_ros/install/gazebo_msgs/share/gazebo_msgs/srv/GetModelState.srv
[231.209s] -- Symlinking: /home/ultra/gazebo_ros/install/gazebo_msgs/share/gazebo_msgs/srv/GetModelState_Request.msg
[231.252s] -- Symlinking: /home/ultra/gazebo_ros/install/gazebo_msgs/share/gazebo_msgs/srv/GetModelState_Response.msg
[231.293s] -- Symlinking: /home/ultra/gazebo_ros/install/gazebo_msgs/share/gazebo_msgs/srv/GetPhysicsProperties.srv
[231.336s] -- Symlinking: /home/ultra/gazebo_ros/install/gazebo_msgs/share/gazebo_msgs/srv/GetPhysicsProperties_Request.msg
[231.379s] -- Symlinking: /home/ultra/gazebo_ros/install/gazebo_msgs/share/gazebo_msgs/srv/GetPhysicsProperties_Response.msg
[231.421s] -- Symlinking: /home/ultra/gazebo_ros/install/gazebo_msgs/share/gazebo_msgs/srv/GetWorldProperties.srv
[231.463s] -- Symlinking: /home/ultra/gazebo_ros/install/gazebo_msgs/share/gazebo_msgs/srv/GetWorldProperties_Request.msg
[231.505s] -- Symlinking: /home/ultra/gazebo_ros/install/gazebo_msgs/share/gazebo_msgs/srv/GetWorldProperties_Response.msg
[231.547s] -- Symlinking: /home/ultra/gazebo_ros/install/gazebo_msgs/share/gazebo_msgs/srv/JointRequest.srv
[231.589s] -- Symlinking: /home/ultra/gazebo_ros/install/gazebo_msgs/share/gazebo_msgs/srv/JointRequest_Request.msg
[231.631s] -- Symlinking: /home/ultra/gazebo_ros/install/gazebo_msgs/share/gazebo_msgs/srv/JointRequest_Response.msg
[231.673s] -- Symlinking: /home/ultra/gazebo_ros/install/gazebo_msgs/share/gazebo_msgs/srv/LinkRequest.srv
[231.715s] -- Symlinking: /home/ultra/gazebo_ros/install/gazebo_msgs/share/gazebo_msgs/srv/LinkRequest_Request.msg
[231.757s] -- Symlinking: /home/ultra/gazebo_ros/install/gazebo_msgs/share/gazebo_msgs/srv/LinkRequest_Response.msg
[231.798s] -- Symlinking: /home/ultra/gazebo_ros/install/gazebo_msgs/share/gazebo_msgs/srv/SetEntityState.srv
[231.840s] -- Symlinking: /home/ultra/gazebo_ros/install/gazebo_msgs/share/gazebo_msgs/srv/SetEntityState_Request.msg
[231.882s] -- Symlinking: /home/ultra/gazebo_ros/install/gazebo_msgs/share/gazebo_msgs/srv/SetEntityState_Response.msg
[231.925s] -- Symlinking: /home/ultra/gazebo_ros/install/gazebo_msgs/share/gazebo_msgs/srv/SetJointProperties.srv
[231.968s] -- Symlinking: /home/ultra/gazebo_ros/install/gazebo_msgs/share/gazebo_msgs/srv/SetJointProperties_Request.msg
[232.014s] -- Symlinking: /home/ultra/gazebo_ros/install/gazebo_msgs/share/gazebo_msgs/srv/SetJointProperties_Response.msg
[232.057s] -- Symlinking: /home/ultra/gazebo_ros/install/gazebo_msgs/share/gazebo_msgs/srv/SetJointTrajectory.srv
[232.099s] -- Symlinking: /home/ultra/gazebo_ros/install/gazebo_msgs/share/gazebo_msgs/srv/SetJointTrajectory_Request.msg
[232.142s] -- Symlinking: /home/ultra/gazebo_ros/install/gazebo_msgs/share/gazebo_msgs/srv/SetJointTrajectory_Response.msg
[232.186s] -- Symlinking: /home/ultra/gazebo_ros/install/gazebo_msgs/share/gazebo_msgs/srv/SetLightProperties.srv
[232.228s] -- Symlinking: /home/ultra/gazebo_ros/install/gazebo_msgs/share/gazebo_msgs/srv/SetLightProperties_Request.msg
[232.270s] -- Symlinking: /home/ultra/gazebo_ros/install/gazebo_msgs/share/gazebo_msgs/srv/SetLightProperties_Response.msg
[232.313s] -- Symlinking: /home/ultra/gazebo_ros/install/gazebo_msgs/share/gazebo_msgs/srv/SetLinkProperties.srv
[232.357s] -- Symlinking: /home/ultra/gazebo_ros/install/gazebo_msgs/share/gazebo_msgs/srv/SetLinkProperties_Request.msg
[232.398s] -- Symlinking: /home/ultra/gazebo_ros/install/gazebo_msgs/share/gazebo_msgs/srv/SetLinkProperties_Response.msg
[232.440s] -- Symlinking: /home/ultra/gazebo_ros/install/gazebo_msgs/share/gazebo_msgs/srv/SetLinkState.srv
[232.482s] -- Symlinking: /home/ultra/gazebo_ros/install/gazebo_msgs/share/gazebo_msgs/srv/SetLinkState_Request.msg
[232.525s] -- Symlinking: /home/ultra/gazebo_ros/install/gazebo_msgs/share/gazebo_msgs/srv/SetLinkState_Response.msg
[232.569s] -- Symlinking: /home/ultra/gazebo_ros/install/gazebo_msgs/share/gazebo_msgs/srv/SetModelConfiguration.srv
[232.610s] -- Symlinking: /home/ultra/gazebo_ros/install/gazebo_msgs/share/gazebo_msgs/srv/SetModelConfiguration_Request.msg
[232.655s] -- Symlinking: /home/ultra/gazebo_ros/install/gazebo_msgs/share/gazebo_msgs/srv/SetModelConfiguration_Response.msg
[232.696s] -- Symlinking: /home/ultra/gazebo_ros/install/gazebo_msgs/share/gazebo_msgs/srv/SetModelState.srv
[232.740s] -- Symlinking: /home/ultra/gazebo_ros/install/gazebo_msgs/share/gazebo_msgs/srv/SetModelState_Request.msg
[232.782s] -- Symlinking: /home/ultra/gazebo_ros/install/gazebo_msgs/share/gazebo_msgs/srv/SetModelState_Response.msg
[232.824s] -- Symlinking: /home/ultra/gazebo_ros/install/gazebo_msgs/share/gazebo_msgs/srv/SetPhysicsProperties.srv
[232.868s] -- Symlinking: /home/ultra/gazebo_ros/install/gazebo_msgs/share/gazebo_msgs/srv/SetPhysicsProperties_Request.msg
[232.909s] -- Symlinking: /home/ultra/gazebo_ros/install/gazebo_msgs/share/gazebo_msgs/srv/SetPhysicsProperties_Response.msg
[232.952s] -- Symlinking: /home/ultra/gazebo_ros/install/gazebo_msgs/share/gazebo_msgs/srv/SpawnEntity.srv
[232.995s] -- Symlinking: /home/ultra/gazebo_ros/install/gazebo_msgs/share/gazebo_msgs/srv/SpawnEntity_Request.msg
[233.038s] -- Symlinking: /home/ultra/gazebo_ros/install/gazebo_msgs/share/gazebo_msgs/srv/SpawnEntity_Response.msg
[233.080s] -- Symlinking: /home/ultra/gazebo_ros/install/gazebo_msgs/share/gazebo_msgs/srv/SpawnModel.srv
[233.123s] -- Symlinking: /home/ultra/gazebo_ros/install/gazebo_msgs/share/gazebo_msgs/srv/SpawnModel_Request.msg
[233.165s] -- Symlinking: /home/ultra/gazebo_ros/install/gazebo_msgs/share/gazebo_msgs/srv/SpawnModel_Response.msg
[233.210s] -- Symlinking: /home/ultra/gazebo_ros/install/gazebo_msgs/share/ament_index/resource_index/package_run_dependencies/gazebo_msgs
[233.253s] -- Symlinking: /home/ultra/gazebo_ros/install/gazebo_msgs/share/ament_index/resource_index/parent_prefix_path/gazebo_msgs
[233.295s] -- Symlinking: /home/ultra/gazebo_ros/install/gazebo_msgs/share/gazebo_msgs/environment/ament_prefix_path.sh
[233.337s] -- Symlinking: /home/ultra/gazebo_ros/install/gazebo_msgs/share/gazebo_msgs/environment/ament_prefix_path.dsv
[233.380s] -- Symlinking: /home/ultra/gazebo_ros/install/gazebo_msgs/share/gazebo_msgs/environment/path.sh
[233.421s] -- Symlinking: /home/ultra/gazebo_ros/install/gazebo_msgs/share/gazebo_msgs/environment/path.dsv
[233.464s] -- Symlinking: /home/ultra/gazebo_ros/install/gazebo_msgs/share/gazebo_msgs/local_setup.bash
[233.505s] -- Symlinking: /home/ultra/gazebo_ros/install/gazebo_msgs/share/gazebo_msgs/local_setup.sh
[233.547s] -- Symlinking: /home/ultra/gazebo_ros/install/gazebo_msgs/share/gazebo_msgs/local_setup.zsh
[233.588s] -- Symlinking: /home/ultra/gazebo_ros/install/gazebo_msgs/share/gazebo_msgs/local_setup.dsv
[233.630s] -- Symlinking: /home/ultra/gazebo_ros/install/gazebo_msgs/share/gazebo_msgs/package.dsv
[233.672s] -- Symlinking: /home/ultra/gazebo_ros/install/gazebo_msgs/share/ament_index/resource_index/packages/gazebo_msgs
[233.716s] -- Symlinking: /home/ultra/gazebo_ros/install/gazebo_msgs/share/gazebo_msgs/cmake/gazebo_msgs-extras.cmake
[233.758s] -- Symlinking: /home/ultra/gazebo_ros/install/gazebo_msgs/share/gazebo_msgs/cmake/rosidl_cmake-extras.cmake
[233.800s] -- Symlinking: /home/ultra/gazebo_ros/install/gazebo_msgs/share/gazebo_msgs/cmake/ament_cmake_export_dependencies-extras.cmake
[233.842s] -- Symlinking: /home/ultra/gazebo_ros/install/gazebo_msgs/share/gazebo_msgs/cmake/ament_cmake_export_include_directories-extras.cmake
[233.885s] -- Symlinking: /home/ultra/gazebo_ros/install/gazebo_msgs/share/gazebo_msgs/cmake/ament_cmake_export_libraries-extras.cmake
[233.927s] -- Symlinking: /home/ultra/gazebo_ros/install/gazebo_msgs/share/gazebo_msgs/cmake/ament_cmake_export_targets-extras.cmake
[233.970s] -- Symlinking: /home/ultra/gazebo_ros/install/gazebo_msgs/share/gazebo_msgs/cmake/rosidl_cmake_export_typesupport_targets-extras.cmake
[234.013s] -- Symlinking: /home/ultra/gazebo_ros/install/gazebo_msgs/share/gazebo_msgs/cmake/rosidl_cmake_export_typesupport_libraries-extras.cmake
[234.055s] -- Symlinking: /home/ultra/gazebo_ros/install/gazebo_msgs/share/gazebo_msgs/cmake/gazebo_msgsConfig.cmake
[234.096s] -- Symlinking: /home/ultra/gazebo_ros/install/gazebo_msgs/share/gazebo_msgs/cmake/gazebo_msgsConfig-version.cmake
[234.138s] -- Symlinking: /home/ultra/gazebo_ros/install/gazebo_msgs/share/gazebo_msgs/package.xml
[234.180s] -- Symlinking: /home/ultra/gazebo_ros/install/gazebo_msgs/share/gazebo_msgs/gazebo_msgs_mapping_rules.yaml
[234.223s] -- Installing: /home/ultra/gazebo_ros/install/gazebo_msgs/lib/libgazebo_msgs__rosidl_generator_c.so
[234.234s] -- Set runtime path of "/home/ultra/gazebo_ros/install/gazebo_msgs/lib/libgazebo_msgs__rosidl_generator_c.so" to ""
[234.235s] -- Installing: /home/ultra/gazebo_ros/install/gazebo_msgs/lib/libgazebo_msgs__rosidl_typesupport_fastrtps_c.so
[234.243s] -- Set runtime path of "/home/ultra/gazebo_ros/install/gazebo_msgs/lib/libgazebo_msgs__rosidl_typesupport_fastrtps_c.so" to ""
[234.244s] -- Installing: /home/ultra/gazebo_ros/install/gazebo_msgs/lib/libgazebo_msgs__rosidl_typesupport_fastrtps_cpp.so
[234.256s] -- Set runtime path of "/home/ultra/gazebo_ros/install/gazebo_msgs/lib/libgazebo_msgs__rosidl_typesupport_fastrtps_cpp.so" to ""
[234.257s] -- Installing: /home/ultra/gazebo_ros/install/gazebo_msgs/lib/libgazebo_msgs__rosidl_typesupport_introspection_c.so
[234.264s] -- Set runtime path of "/home/ultra/gazebo_ros/install/gazebo_msgs/lib/libgazebo_msgs__rosidl_typesupport_introspection_c.so" to ""
[234.265s] -- Installing: /home/ultra/gazebo_ros/install/gazebo_msgs/lib/libgazebo_msgs__rosidl_typesupport_c.so
[234.270s] -- Set runtime path of "/home/ultra/gazebo_ros/install/gazebo_msgs/lib/libgazebo_msgs__rosidl_typesupport_c.so" to ""
[234.271s] -- Installing: /home/ultra/gazebo_ros/install/gazebo_msgs/lib/libgazebo_msgs__rosidl_typesupport_introspection_cpp.so
[234.283s] -- Set runtime path of "/home/ultra/gazebo_ros/install/gazebo_msgs/lib/libgazebo_msgs__rosidl_typesupport_introspection_cpp.so" to ""
[234.284s] -- Installing: /home/ultra/gazebo_ros/install/gazebo_msgs/lib/libgazebo_msgs__rosidl_typesupport_cpp.so
[234.290s] -- Set runtime path of "/home/ultra/gazebo_ros/install/gazebo_msgs/lib/libgazebo_msgs__rosidl_typesupport_cpp.so" to ""
[234.878s] Listing '/home/ultra/gazebo_ros/install/gazebo_msgs/local/lib/python3.10/dist-packages/gazebo_msgs'...
[234.879s] Compiling '/home/ultra/gazebo_ros/install/gazebo_msgs/local/lib/python3.10/dist-packages/gazebo_msgs/__init__.py'...
[234.879s] Listing '/home/ultra/gazebo_ros/install/gazebo_msgs/local/lib/python3.10/dist-packages/gazebo_msgs/msg'...
[234.880s] Compiling '/home/ultra/gazebo_ros/install/gazebo_msgs/local/lib/python3.10/dist-packages/gazebo_msgs/msg/__init__.py'...
[234.880s] Compiling '/home/ultra/gazebo_ros/install/gazebo_msgs/local/lib/python3.10/dist-packages/gazebo_msgs/msg/_contact_state.py'...
[234.880s] Compiling '/home/ultra/gazebo_ros/install/gazebo_msgs/local/lib/python3.10/dist-packages/gazebo_msgs/msg/_contacts_state.py'...
[234.881s] Compiling '/home/ultra/gazebo_ros/install/gazebo_msgs/local/lib/python3.10/dist-packages/gazebo_msgs/msg/_entity_state.py'...
[234.881s] Compiling '/home/ultra/gazebo_ros/install/gazebo_msgs/local/lib/python3.10/dist-packages/gazebo_msgs/msg/_link_state.py'...
[234.882s] Compiling '/home/ultra/gazebo_ros/install/gazebo_msgs/local/lib/python3.10/dist-packages/gazebo_msgs/msg/_link_states.py'...
[234.882s] Compiling '/home/ultra/gazebo_ros/install/gazebo_msgs/local/lib/python3.10/dist-packages/gazebo_msgs/msg/_model_state.py'...
[234.883s] Compiling '/home/ultra/gazebo_ros/install/gazebo_msgs/local/lib/python3.10/dist-packages/gazebo_msgs/msg/_model_states.py'...
[234.883s] Compiling '/home/ultra/gazebo_ros/install/gazebo_msgs/local/lib/python3.10/dist-packages/gazebo_msgs/msg/_ode_joint_properties.py'...
[234.883s] Compiling '/home/ultra/gazebo_ros/install/gazebo_msgs/local/lib/python3.10/dist-packages/gazebo_msgs/msg/_ode_physics.py'...
[234.884s] Compiling '/home/ultra/gazebo_ros/install/gazebo_msgs/local/lib/python3.10/dist-packages/gazebo_msgs/msg/_performance_metrics.py'...
[234.884s] Compiling '/home/ultra/gazebo_ros/install/gazebo_msgs/local/lib/python3.10/dist-packages/gazebo_msgs/msg/_sensor_performance_metric.py'...
[234.885s] Compiling '/home/ultra/gazebo_ros/install/gazebo_msgs/local/lib/python3.10/dist-packages/gazebo_msgs/msg/_wheel_slip.py'...
[234.885s] Compiling '/home/ultra/gazebo_ros/install/gazebo_msgs/local/lib/python3.10/dist-packages/gazebo_msgs/msg/_world_state.py'...
[234.886s] Listing '/home/ultra/gazebo_ros/install/gazebo_msgs/local/lib/python3.10/dist-packages/gazebo_msgs/srv'...
[234.886s] Compiling '/home/ultra/gazebo_ros/install/gazebo_msgs/local/lib/python3.10/dist-packages/gazebo_msgs/srv/__init__.py'...
[234.886s] Compiling '/home/ultra/gazebo_ros/install/gazebo_msgs/local/lib/python3.10/dist-packages/gazebo_msgs/srv/_apply_body_wrench.py'...
[234.887s] Compiling '/home/ultra/gazebo_ros/install/gazebo_msgs/local/lib/python3.10/dist-packages/gazebo_msgs/srv/_apply_joint_effort.py'...
[234.887s] Compiling '/home/ultra/gazebo_ros/install/gazebo_msgs/local/lib/python3.10/dist-packages/gazebo_msgs/srv/_apply_link_wrench.py'...
[234.888s] Compiling '/home/ultra/gazebo_ros/install/gazebo_msgs/local/lib/python3.10/dist-packages/gazebo_msgs/srv/_body_request.py'...
[234.888s] Compiling '/home/ultra/gazebo_ros/install/gazebo_msgs/local/lib/python3.10/dist-packages/gazebo_msgs/srv/_delete_entity.py'...
[234.888s] Compiling '/home/ultra/gazebo_ros/install/gazebo_msgs/local/lib/python3.10/dist-packages/gazebo_msgs/srv/_delete_light.py'...
[234.889s] Compiling '/home/ultra/gazebo_ros/install/gazebo_msgs/local/lib/python3.10/dist-packages/gazebo_msgs/srv/_delete_model.py'...
[234.889s] Compiling '/home/ultra/gazebo_ros/install/gazebo_msgs/local/lib/python3.10/dist-packages/gazebo_msgs/srv/_get_entity_state.py'...
[234.890s] Compiling '/home/ultra/gazebo_ros/install/gazebo_msgs/local/lib/python3.10/dist-packages/gazebo_msgs/srv/_get_joint_properties.py'...
[234.890s] Compiling '/home/ultra/gazebo_ros/install/gazebo_msgs/local/lib/python3.10/dist-packages/gazebo_msgs/srv/_get_light_properties.py'...
[234.891s] Compiling '/home/ultra/gazebo_ros/install/gazebo_msgs/local/lib/python3.10/dist-packages/gazebo_msgs/srv/_get_link_properties.py'...
[234.891s] Compiling '/home/ultra/gazebo_ros/install/gazebo_msgs/local/lib/python3.10/dist-packages/gazebo_msgs/srv/_get_link_state.py'...
[234.891s] Compiling '/home/ultra/gazebo_ros/install/gazebo_msgs/local/lib/python3.10/dist-packages/gazebo_msgs/srv/_get_model_list.py'...
[234.892s] Compiling '/home/ultra/gazebo_ros/install/gazebo_msgs/local/lib/python3.10/dist-packages/gazebo_msgs/srv/_get_model_properties.py'...
[234.892s] Compiling '/home/ultra/gazebo_ros/install/gazebo_msgs/local/lib/python3.10/dist-packages/gazebo_msgs/srv/_get_model_state.py'...
[234.893s] Compiling '/home/ultra/gazebo_ros/install/gazebo_msgs/local/lib/python3.10/dist-packages/gazebo_msgs/srv/_get_physics_properties.py'...
[234.893s] Compiling '/home/ultra/gazebo_ros/install/gazebo_msgs/local/lib/python3.10/dist-packages/gazebo_msgs/srv/_get_world_properties.py'...
[234.893s] Compiling '/home/ultra/gazebo_ros/install/gazebo_msgs/local/lib/python3.10/dist-packages/gazebo_msgs/srv/_joint_request.py'...
[234.894s] Compiling '/home/ultra/gazebo_ros/install/gazebo_msgs/local/lib/python3.10/dist-packages/gazebo_msgs/srv/_link_request.py'...
[234.894s] Compiling '/home/ultra/gazebo_ros/install/gazebo_msgs/local/lib/python3.10/dist-packages/gazebo_msgs/srv/_set_entity_state.py'...
[234.895s] Compiling '/home/ultra/gazebo_ros/install/gazebo_msgs/local/lib/python3.10/dist-packages/gazebo_msgs/srv/_set_joint_properties.py'...
[234.895s] Compiling '/home/ultra/gazebo_ros/install/gazebo_msgs/local/lib/python3.10/dist-packages/gazebo_msgs/srv/_set_joint_trajectory.py'...
[234.896s] Compiling '/home/ultra/gazebo_ros/install/gazebo_msgs/local/lib/python3.10/dist-packages/gazebo_msgs/srv/_set_light_properties.py'...
[234.896s] Compiling '/home/ultra/gazebo_ros/install/gazebo_msgs/local/lib/python3.10/dist-packages/gazebo_msgs/srv/_set_link_properties.py'...
[234.896s] Compiling '/home/ultra/gazebo_ros/install/gazebo_msgs/local/lib/python3.10/dist-packages/gazebo_msgs/srv/_set_link_state.py'...
[234.897s] Compiling '/home/ultra/gazebo_ros/install/gazebo_msgs/local/lib/python3.10/dist-packages/gazebo_msgs/srv/_set_model_configuration.py'...
[234.897s] Compiling '/home/ultra/gazebo_ros/install/gazebo_msgs/local/lib/python3.10/dist-packages/gazebo_msgs/srv/_set_model_state.py'...
[234.898s] Compiling '/home/ultra/gazebo_ros/install/gazebo_msgs/local/lib/python3.10/dist-packages/gazebo_msgs/srv/_set_physics_properties.py'...
[234.898s] Compiling '/home/ultra/gazebo_ros/install/gazebo_msgs/local/lib/python3.10/dist-packages/gazebo_msgs/srv/_spawn_entity.py'...
[234.899s] Compiling '/home/ultra/gazebo_ros/install/gazebo_msgs/local/lib/python3.10/dist-packages/gazebo_msgs/srv/_spawn_model.py'...
[234.899s] -- Installing: /home/ultra/gazebo_ros/install/gazebo_msgs/lib/libgazebo_msgs__rosidl_generator_py.so
[234.907s] -- Set runtime path of "/home/ultra/gazebo_ros/install/gazebo_msgs/lib/libgazebo_msgs__rosidl_generator_py.so" to ""
[234.908s] -- Installing: /home/ultra/gazebo_ros/install/gazebo_msgs/share/gazebo_msgs/cmake/export_gazebo_msgs__rosidl_generator_cExport.cmake
[234.909s] -- Installing: /home/ultra/gazebo_ros/install/gazebo_msgs/share/gazebo_msgs/cmake/export_gazebo_msgs__rosidl_generator_cExport-noconfig.cmake
[234.911s] -- Installing: /home/ultra/gazebo_ros/install/gazebo_msgs/share/gazebo_msgs/cmake/export_gazebo_msgs__rosidl_typesupport_fastrtps_cExport.cmake
[234.913s] -- Installing: /home/ultra/gazebo_ros/install/gazebo_msgs/share/gazebo_msgs/cmake/export_gazebo_msgs__rosidl_typesupport_fastrtps_cExport-noconfig.cmake
[234.914s] -- Installing: /home/ultra/gazebo_ros/install/gazebo_msgs/share/gazebo_msgs/cmake/export_gazebo_msgs__rosidl_generator_cppExport.cmake
[234.916s] -- Installing: /home/ultra/gazebo_ros/install/gazebo_msgs/share/gazebo_msgs/cmake/export_gazebo_msgs__rosidl_typesupport_fastrtps_cppExport.cmake
[234.917s] -- Installing: /home/ultra/gazebo_ros/install/gazebo_msgs/share/gazebo_msgs/cmake/export_gazebo_msgs__rosidl_typesupport_fastrtps_cppExport-noconfig.cmake
[234.919s] -- Installing: /home/ultra/gazebo_ros/install/gazebo_msgs/share/gazebo_msgs/cmake/gazebo_msgs__rosidl_typesupport_introspection_cExport.cmake
[234.920s] -- Installing: /home/ultra/gazebo_ros/install/gazebo_msgs/share/gazebo_msgs/cmake/gazebo_msgs__rosidl_typesupport_introspection_cExport-noconfig.cmake
[234.922s] -- Installing: /home/ultra/gazebo_ros/install/gazebo_msgs/share/gazebo_msgs/cmake/gazebo_msgs__rosidl_typesupport_cExport.cmake
[234.923s] -- Installing: /home/ultra/gazebo_ros/install/gazebo_msgs/share/gazebo_msgs/cmake/gazebo_msgs__rosidl_typesupport_cExport-noconfig.cmake
[234.925s] -- Installing: /home/ultra/gazebo_ros/install/gazebo_msgs/share/gazebo_msgs/cmake/gazebo_msgs__rosidl_typesupport_introspection_cppExport.cmake
[234.926s] -- Installing: /home/ultra/gazebo_ros/install/gazebo_msgs/share/gazebo_msgs/cmake/gazebo_msgs__rosidl_typesupport_introspection_cppExport-noconfig.cmake
[234.928s] -- Installing: /home/ultra/gazebo_ros/install/gazebo_msgs/share/gazebo_msgs/cmake/gazebo_msgs__rosidl_typesupport_cppExport.cmake
[234.930s] -- Installing: /home/ultra/gazebo_ros/install/gazebo_msgs/share/gazebo_msgs/cmake/gazebo_msgs__rosidl_typesupport_cppExport-noconfig.cmake
[234.931s] -- Installing: /home/ultra/gazebo_ros/install/gazebo_msgs/share/gazebo_msgs/cmake/export_gazebo_msgs__rosidl_generator_pyExport.cmake
[234.932s] -- Installing: /home/ultra/gazebo_ros/install/gazebo_msgs/share/gazebo_msgs/cmake/export_gazebo_msgs__rosidl_generator_pyExport-noconfig.cmake
[234.948s] Invoked command in '/home/ultra/gazebo_ros/build/gazebo_msgs' returned '0': CMAKE_PREFIX_PATH=${CMAKE_PREFIX_PATH}:/opt/ros/humble /usr/bin/cmake --install /home/ultra/gazebo_ros/build/gazebo_msgs
