-- The C compiler identification is GNU 11.4.0
-- The CXX compiler identification is GNU 11.4.0
-- Detecting C compiler ABI info
-- Detecting C compiler ABI info - done
-- Check for working C compiler: /usr/bin/cc - skipped
-- Detecting C compile features
-- Detecting C compile features - done
-- Detecting CXX compiler ABI info
-- Detecting CXX compiler ABI info - done
-- Check for working CXX compiler: /usr/bin/c++ - skipped
-- Detecting CXX compile features
-- Detecting CXX compile features - done
-- Found ament_cmake: 1.3.12 (/opt/ros/humble/share/ament_cmake/cmake)
-- Found Python3: /usr/bin/python3 (found version "3.10.12") found components: Interpreter 
-- Found builtin_interfaces: 1.2.2 (/opt/ros/humble/share/builtin_interfaces/cmake)
-- Found rosidl_generator_c: 3.1.7 (/opt/ros/humble/share/rosidl_generator_c/cmake)
-- Found rosidl_adapter: 3.1.7 (/opt/ros/humble/share/rosidl_adapter/cmake)
-- Found rosidl_generator_cpp: 3.1.7 (/opt/ros/humble/share/rosidl_generator_cpp/cmake)
-- Using all available rosidl_typesupport_c: rosidl_typesupport_fastrtps_c;rosidl_typesupport_introspection_c
-- Using all available rosidl_typesupport_cpp: rosidl_typesupport_fastrtps_cpp;rosidl_typesupport_introspection_cpp
-- Found std_msgs: 4.9.0 (/opt/ros/humble/share/std_msgs/cmake)
-- Found trajectory_msgs: 4.9.0 (/opt/ros/humble/share/trajectory_msgs/cmake)
-- Found rosidl_default_generators: 1.2.0 (/opt/ros/humble/share/rosidl_default_generators/cmake)
-- Found ament_cmake_cppcheck: 0.12.14 (/opt/ros/humble/share/ament_cmake_cppcheck/cmake)
-- Found ament_cmake_cpplint: 0.12.14 (/opt/ros/humble/share/ament_cmake_cpplint/cmake)
-- Found ament_cmake_uncrustify: 0.12.14 (/opt/ros/humble/share/ament_cmake_uncrustify/cmake)
-- Found ament_cmake_ros: 0.10.0 (/opt/ros/humble/share/ament_cmake_ros/cmake)
-- Using all available rosidl_typesupport_c: rosidl_typesupport_fastrtps_c;rosidl_typesupport_introspection_c
-- Using all available rosidl_typesupport_cpp: rosidl_typesupport_fastrtps_cpp;rosidl_typesupport_introspection_cpp
-- Found PythonInterp: /usr/bin/python3 (found suitable version "3.10.12", minimum required is "3.6") 
-- Found python_cmake_module: 0.10.0 (/opt/ros/humble/share/python_cmake_module/cmake)
-- Found PythonLibs: /usr/lib/aarch64-linux-gnu/libpython3.10.so (found suitable version "3.10.12", minimum required is "3.5") 
-- Using PYTHON_EXECUTABLE: /usr/bin/python3
-- Using PYTHON_INCLUDE_DIRS: /usr/include/python3.10
-- Using PYTHON_LIBRARIES: /usr/lib/aarch64-linux-gnu/libpython3.10.so
-- Found PythonExtra: .so  
-- Found ament_cmake_flake8: 0.12.14 (/opt/ros/humble/share/ament_cmake_flake8/cmake)
-- Found ament_cmake_pep257: 0.12.14 (/opt/ros/humble/share/ament_cmake_pep257/cmake)
-- Configuring done
-- Generating done
-- Build files have been written to: /opt/ros/gazebo_ros_build/build/gazebo_msgs
[  0%] [34m[1mGenerating C code for ROS interfaces[0m
[  0%] [34m[1mGenerating C++ code for ROS interfaces[0m
[  0%] Built target ament_cmake_python_copy_gazebo_msgs
running egg_info
creating gazebo_msgs.egg-info
writing gazebo_msgs.egg-info/PKG-INFO
writing dependency_links to gazebo_msgs.egg-info/dependency_links.txt
writing top-level names to gazebo_msgs.egg-info/top_level.txt
writing manifest file 'gazebo_msgs.egg-info/SOURCES.txt'
reading manifest file 'gazebo_msgs.egg-info/SOURCES.txt'
writing manifest file 'gazebo_msgs.egg-info/SOURCES.txt'
[  0%] Built target ament_cmake_python_build_gazebo_msgs_egg
[  0%] Built target gazebo_msgs__cpp
[  0%] [34m[1mGenerating C++ type support dispatch for ROS interfaces[0m
[  0%] [34m[1mGenerating C++ type support for eProsima Fast-RTPS[0m
[  1%] [34m[1mGenerating C++ introspection for ROS interfaces[0m
[  1%] [32mBuilding C object CMakeFiles/gazebo_msgs__rosidl_generator_c.dir/rosidl_generator_c/gazebo_msgs/msg/detail/contacts_state__functions.c.o[0m
[  2%] [32mBuilding C object CMakeFiles/gazebo_msgs__rosidl_generator_c.dir/rosidl_generator_c/gazebo_msgs/msg/detail/contact_state__functions.c.o[0m
[  2%] [32mBuilding C object CMakeFiles/gazebo_msgs__rosidl_generator_c.dir/rosidl_generator_c/gazebo_msgs/msg/detail/entity_state__functions.c.o[0m
[  2%] [32mBuilding C object CMakeFiles/gazebo_msgs__rosidl_generator_c.dir/rosidl_generator_c/gazebo_msgs/msg/detail/link_state__functions.c.o[0m
[  3%] [32mBuilding C object CMakeFiles/gazebo_msgs__rosidl_generator_c.dir/rosidl_generator_c/gazebo_msgs/msg/detail/link_states__functions.c.o[0m
[  3%] [32mBuilding C object CMakeFiles/gazebo_msgs__rosidl_generator_c.dir/rosidl_generator_c/gazebo_msgs/msg/detail/model_state__functions.c.o[0m
[  3%] [32mBuilding C object CMakeFiles/gazebo_msgs__rosidl_generator_c.dir/rosidl_generator_c/gazebo_msgs/msg/detail/model_states__functions.c.o[0m
[  3%] [32mBuilding C object CMakeFiles/gazebo_msgs__rosidl_generator_c.dir/rosidl_generator_c/gazebo_msgs/msg/detail/ode_joint_properties__functions.c.o[0m
[  4%] [32mBuilding C object CMakeFiles/gazebo_msgs__rosidl_generator_c.dir/rosidl_generator_c/gazebo_msgs/msg/detail/ode_physics__functions.c.o[0m
[  4%] [32mBuilding C object CMakeFiles/gazebo_msgs__rosidl_generator_c.dir/rosidl_generator_c/gazebo_msgs/msg/detail/performance_metrics__functions.c.o[0m
[  4%] [32mBuilding C object CMakeFiles/gazebo_msgs__rosidl_generator_c.dir/rosidl_generator_c/gazebo_msgs/msg/detail/sensor_performance_metric__functions.c.o[0m
[  5%] [32mBuilding C object CMakeFiles/gazebo_msgs__rosidl_generator_c.dir/rosidl_generator_c/gazebo_msgs/msg/detail/wheel_slip__functions.c.o[0m
[  5%] [32mBuilding C object CMakeFiles/gazebo_msgs__rosidl_generator_c.dir/rosidl_generator_c/gazebo_msgs/msg/detail/world_state__functions.c.o[0m
[  5%] [32mBuilding C object CMakeFiles/gazebo_msgs__rosidl_generator_c.dir/rosidl_generator_c/gazebo_msgs/srv/detail/apply_body_wrench__functions.c.o[0m
[  5%] [32mBuilding C object CMakeFiles/gazebo_msgs__rosidl_generator_c.dir/rosidl_generator_c/gazebo_msgs/srv/detail/apply_link_wrench__functions.c.o[0m
[  6%] [32mBuilding C object CMakeFiles/gazebo_msgs__rosidl_generator_c.dir/rosidl_generator_c/gazebo_msgs/srv/detail/apply_joint_effort__functions.c.o[0m
[  6%] [32mBuilding C object CMakeFiles/gazebo_msgs__rosidl_generator_c.dir/rosidl_generator_c/gazebo_msgs/srv/detail/body_request__functions.c.o[0m
[  6%] [32mBuilding C object CMakeFiles/gazebo_msgs__rosidl_generator_c.dir/rosidl_generator_c/gazebo_msgs/srv/detail/delete_entity__functions.c.o[0m
[  6%] [32mBuilding C object CMakeFiles/gazebo_msgs__rosidl_generator_c.dir/rosidl_generator_c/gazebo_msgs/srv/detail/delete_light__functions.c.o[0m
[  7%] [32mBuilding C object CMakeFiles/gazebo_msgs__rosidl_generator_c.dir/rosidl_generator_c/gazebo_msgs/srv/detail/delete_model__functions.c.o[0m
[  7%] [32mBuilding C object CMakeFiles/gazebo_msgs__rosidl_generator_c.dir/rosidl_generator_c/gazebo_msgs/srv/detail/get_joint_properties__functions.c.o[0m
[  7%] [32mBuilding C object CMakeFiles/gazebo_msgs__rosidl_generator_c.dir/rosidl_generator_c/gazebo_msgs/srv/detail/get_entity_state__functions.c.o[0m
[  8%] [32mBuilding C object CMakeFiles/gazebo_msgs__rosidl_generator_c.dir/rosidl_generator_c/gazebo_msgs/srv/detail/get_light_properties__functions.c.o[0m
[  8%] [32mBuilding C object CMakeFiles/gazebo_msgs__rosidl_generator_c.dir/rosidl_generator_c/gazebo_msgs/srv/detail/get_link_properties__functions.c.o[0m
[  8%] [32mBuilding C object CMakeFiles/gazebo_msgs__rosidl_generator_c.dir/rosidl_generator_c/gazebo_msgs/srv/detail/get_link_state__functions.c.o[0m
[  8%] [32mBuilding C object CMakeFiles/gazebo_msgs__rosidl_generator_c.dir/rosidl_generator_c/gazebo_msgs/srv/detail/get_model_list__functions.c.o[0m
[  9%] [32mBuilding C object CMakeFiles/gazebo_msgs__rosidl_generator_c.dir/rosidl_generator_c/gazebo_msgs/srv/detail/get_model_properties__functions.c.o[0m
[  9%] [32mBuilding C object CMakeFiles/gazebo_msgs__rosidl_generator_c.dir/rosidl_generator_c/gazebo_msgs/srv/detail/get_model_state__functions.c.o[0m
[  9%] [32mBuilding C object CMakeFiles/gazebo_msgs__rosidl_generator_c.dir/rosidl_generator_c/gazebo_msgs/srv/detail/get_physics_properties__functions.c.o[0m
[  9%] [32mBuilding C object CMakeFiles/gazebo_msgs__rosidl_generator_c.dir/rosidl_generator_c/gazebo_msgs/srv/detail/get_world_properties__functions.c.o[0m
[ 10%] [32mBuilding C object CMakeFiles/gazebo_msgs__rosidl_generator_c.dir/rosidl_generator_c/gazebo_msgs/srv/detail/joint_request__functions.c.o[0m
[ 10%] [32mBuilding C object CMakeFiles/gazebo_msgs__rosidl_generator_c.dir/rosidl_generator_c/gazebo_msgs/srv/detail/link_request__functions.c.o[0m
[ 10%] [32mBuilding C object CMakeFiles/gazebo_msgs__rosidl_generator_c.dir/rosidl_generator_c/gazebo_msgs/srv/detail/set_entity_state__functions.c.o[0m
[ 11%] [32mBuilding C object CMakeFiles/gazebo_msgs__rosidl_generator_c.dir/rosidl_generator_c/gazebo_msgs/srv/detail/set_joint_properties__functions.c.o[0m
[ 11%] [32mBuilding C object CMakeFiles/gazebo_msgs__rosidl_generator_c.dir/rosidl_generator_c/gazebo_msgs/srv/detail/set_joint_trajectory__functions.c.o[0m
[ 11%] [32mBuilding C object CMakeFiles/gazebo_msgs__rosidl_generator_c.dir/rosidl_generator_c/gazebo_msgs/srv/detail/set_light_properties__functions.c.o[0m
[ 11%] [32mBuilding C object CMakeFiles/gazebo_msgs__rosidl_generator_c.dir/rosidl_generator_c/gazebo_msgs/srv/detail/set_link_properties__functions.c.o[0m
[ 12%] [32mBuilding C object CMakeFiles/gazebo_msgs__rosidl_generator_c.dir/rosidl_generator_c/gazebo_msgs/srv/detail/set_link_state__functions.c.o[0m
[ 12%] [32mBuilding C object CMakeFiles/gazebo_msgs__rosidl_generator_c.dir/rosidl_generator_c/gazebo_msgs/srv/detail/set_model_configuration__functions.c.o[0m
[ 12%] [32mBuilding C object CMakeFiles/gazebo_msgs__rosidl_generator_c.dir/rosidl_generator_c/gazebo_msgs/srv/detail/set_model_state__functions.c.o[0m
[ 12%] [32mBuilding C object CMakeFiles/gazebo_msgs__rosidl_generator_c.dir/rosidl_generator_c/gazebo_msgs/srv/detail/set_physics_properties__functions.c.o[0m
[ 13%] [32mBuilding C object CMakeFiles/gazebo_msgs__rosidl_generator_c.dir/rosidl_generator_c/gazebo_msgs/srv/detail/spawn_entity__functions.c.o[0m
[ 13%] [32mBuilding C object CMakeFiles/gazebo_msgs__rosidl_generator_c.dir/rosidl_generator_c/gazebo_msgs/srv/detail/spawn_model__functions.c.o[0m
[ 13%] [32m[1mLinking C shared library libgazebo_msgs__rosidl_generator_c.so[0m
[ 13%] Built target gazebo_msgs__rosidl_generator_c
[ 14%] [34m[1mGenerating C type support for eProsima Fast-RTPS[0m
[ 15%] [34m[1mGenerating C introspection for ROS interfaces[0m
[ 16%] [34m[1mGenerating C type support dispatch for ROS interfaces[0m
[ 17%] [32mBuilding CXX object CMakeFiles/gazebo_msgs__rosidl_typesupport_cpp.dir/rosidl_typesupport_cpp/gazebo_msgs/msg/contact_state__type_support.cpp.o[0m
[ 17%] [32mBuilding CXX object CMakeFiles/gazebo_msgs__rosidl_typesupport_cpp.dir/rosidl_typesupport_cpp/gazebo_msgs/msg/contacts_state__type_support.cpp.o[0m
[ 17%] [32mBuilding CXX object CMakeFiles/gazebo_msgs__rosidl_typesupport_introspection_cpp.dir/rosidl_typesupport_introspection_cpp/gazebo_msgs/msg/detail/contact_state__type_support.cpp.o[0m
[ 17%] [32mBuilding CXX object CMakeFiles/gazebo_msgs__rosidl_typesupport_cpp.dir/rosidl_typesupport_cpp/gazebo_msgs/msg/entity_state__type_support.cpp.o[0m
[ 17%] [32mBuilding CXX object CMakeFiles/gazebo_msgs__rosidl_typesupport_cpp.dir/rosidl_typesupport_cpp/gazebo_msgs/msg/link_state__type_support.cpp.o[0m
[ 17%] [32mBuilding CXX object CMakeFiles/gazebo_msgs__rosidl_typesupport_c.dir/rosidl_typesupport_c/gazebo_msgs/msg/contact_state__type_support.cpp.o[0m
[ 17%] [32mBuilding CXX object CMakeFiles/gazebo_msgs__rosidl_typesupport_c.dir/rosidl_typesupport_c/gazebo_msgs/msg/contacts_state__type_support.cpp.o[0m
[ 17%] [32mBuilding CXX object CMakeFiles/gazebo_msgs__rosidl_typesupport_introspection_cpp.dir/rosidl_typesupport_introspection_cpp/gazebo_msgs/msg/detail/contacts_state__type_support.cpp.o[0m
[ 17%] [32mBuilding CXX object CMakeFiles/gazebo_msgs__rosidl_typesupport_c.dir/rosidl_typesupport_c/gazebo_msgs/msg/entity_state__type_support.cpp.o[0m
[ 18%] [32mBuilding CXX object CMakeFiles/gazebo_msgs__rosidl_typesupport_c.dir/rosidl_typesupport_c/gazebo_msgs/msg/link_state__type_support.cpp.o[0m
[ 19%] [32mBuilding CXX object CMakeFiles/gazebo_msgs__rosidl_typesupport_fastrtps_cpp.dir/rosidl_typesupport_fastrtps_cpp/gazebo_msgs/msg/detail/dds_fastrtps/contact_state__type_support.cpp.o[0m
[ 19%] [32mBuilding CXX object CMakeFiles/gazebo_msgs__rosidl_typesupport_c.dir/rosidl_typesupport_c/gazebo_msgs/msg/link_states__type_support.cpp.o[0m
[ 19%] [32mBuilding CXX object CMakeFiles/gazebo_msgs__rosidl_typesupport_c.dir/rosidl_typesupport_c/gazebo_msgs/msg/model_state__type_support.cpp.o[0m
[ 19%] [32mBuilding CXX object CMakeFiles/gazebo_msgs__rosidl_typesupport_c.dir/rosidl_typesupport_c/gazebo_msgs/msg/model_states__type_support.cpp.o[0m
[ 20%] [32mBuilding CXX object CMakeFiles/gazebo_msgs__rosidl_typesupport_cpp.dir/rosidl_typesupport_cpp/gazebo_msgs/msg/link_states__type_support.cpp.o[0m
[ 21%] [32mBuilding CXX object CMakeFiles/gazebo_msgs__rosidl_typesupport_c.dir/rosidl_typesupport_c/gazebo_msgs/msg/ode_joint_properties__type_support.cpp.o[0m
[ 21%] [32mBuilding CXX object CMakeFiles/gazebo_msgs__rosidl_typesupport_c.dir/rosidl_typesupport_c/gazebo_msgs/msg/ode_physics__type_support.cpp.o[0m
[ 21%] [32mBuilding CXX object CMakeFiles/gazebo_msgs__rosidl_typesupport_c.dir/rosidl_typesupport_c/gazebo_msgs/msg/performance_metrics__type_support.cpp.o[0m
[ 22%] [32mBuilding CXX object CMakeFiles/gazebo_msgs__rosidl_typesupport_c.dir/rosidl_typesupport_c/gazebo_msgs/msg/sensor_performance_metric__type_support.cpp.o[0m
[ 22%] [32mBuilding CXX object CMakeFiles/gazebo_msgs__rosidl_typesupport_c.dir/rosidl_typesupport_c/gazebo_msgs/msg/wheel_slip__type_support.cpp.o[0m
[ 22%] [32mBuilding CXX object CMakeFiles/gazebo_msgs__rosidl_typesupport_c.dir/rosidl_typesupport_c/gazebo_msgs/msg/world_state__type_support.cpp.o[0m
[ 22%] [32mBuilding CXX object CMakeFiles/gazebo_msgs__rosidl_typesupport_c.dir/rosidl_typesupport_c/gazebo_msgs/srv/apply_body_wrench__type_support.cpp.o[0m
[ 23%] [32mBuilding CXX object CMakeFiles/gazebo_msgs__rosidl_typesupport_c.dir/rosidl_typesupport_c/gazebo_msgs/srv/apply_link_wrench__type_support.cpp.o[0m
[ 23%] [32mBuilding CXX object CMakeFiles/gazebo_msgs__rosidl_typesupport_c.dir/rosidl_typesupport_c/gazebo_msgs/srv/apply_joint_effort__type_support.cpp.o[0m
[ 23%] [32mBuilding CXX object CMakeFiles/gazebo_msgs__rosidl_typesupport_cpp.dir/rosidl_typesupport_cpp/gazebo_msgs/msg/model_state__type_support.cpp.o[0m
[ 23%] [32mBuilding CXX object CMakeFiles/gazebo_msgs__rosidl_typesupport_c.dir/rosidl_typesupport_c/gazebo_msgs/srv/body_request__type_support.cpp.o[0m
[ 23%] [32mBuilding CXX object CMakeFiles/gazebo_msgs__rosidl_typesupport_c.dir/rosidl_typesupport_c/gazebo_msgs/srv/delete_entity__type_support.cpp.o[0m
[ 23%] [32mBuilding CXX object CMakeFiles/gazebo_msgs__rosidl_typesupport_introspection_cpp.dir/rosidl_typesupport_introspection_cpp/gazebo_msgs/msg/detail/entity_state__type_support.cpp.o[0m
[ 24%] [32mBuilding CXX object CMakeFiles/gazebo_msgs__rosidl_typesupport_c.dir/rosidl_typesupport_c/gazebo_msgs/srv/delete_light__type_support.cpp.o[0m
[ 24%] [32mBuilding CXX object CMakeFiles/gazebo_msgs__rosidl_typesupport_c.dir/rosidl_typesupport_c/gazebo_msgs/srv/delete_model__type_support.cpp.o[0m
[ 24%] [32mBuilding CXX object CMakeFiles/gazebo_msgs__rosidl_typesupport_fastrtps_cpp.dir/rosidl_typesupport_fastrtps_cpp/gazebo_msgs/msg/detail/dds_fastrtps/contacts_state__type_support.cpp.o[0m
[ 24%] [32mBuilding CXX object CMakeFiles/gazebo_msgs__rosidl_typesupport_c.dir/rosidl_typesupport_c/gazebo_msgs/srv/get_joint_properties__type_support.cpp.o[0m
[ 25%] [32mBuilding CXX object CMakeFiles/gazebo_msgs__rosidl_typesupport_c.dir/rosidl_typesupport_c/gazebo_msgs/srv/get_entity_state__type_support.cpp.o[0m
[ 25%] [32mBuilding CXX object CMakeFiles/gazebo_msgs__rosidl_typesupport_c.dir/rosidl_typesupport_c/gazebo_msgs/srv/get_light_properties__type_support.cpp.o[0m
[ 25%] [32mBuilding CXX object CMakeFiles/gazebo_msgs__rosidl_typesupport_c.dir/rosidl_typesupport_c/gazebo_msgs/srv/get_link_properties__type_support.cpp.o[0m
[ 25%] [32mBuilding CXX object CMakeFiles/gazebo_msgs__rosidl_typesupport_cpp.dir/rosidl_typesupport_cpp/gazebo_msgs/msg/model_states__type_support.cpp.o[0m
[ 25%] [32mBuilding CXX object CMakeFiles/gazebo_msgs__rosidl_typesupport_c.dir/rosidl_typesupport_c/gazebo_msgs/srv/get_link_state__type_support.cpp.o[0m
[ 26%] [32mBuilding CXX object CMakeFiles/gazebo_msgs__rosidl_typesupport_c.dir/rosidl_typesupport_c/gazebo_msgs/srv/get_model_list__type_support.cpp.o[0m
[ 26%] [32mBuilding CXX object CMakeFiles/gazebo_msgs__rosidl_typesupport_c.dir/rosidl_typesupport_c/gazebo_msgs/srv/get_model_properties__type_support.cpp.o[0m
[ 26%] [32mBuilding CXX object CMakeFiles/gazebo_msgs__rosidl_typesupport_c.dir/rosidl_typesupport_c/gazebo_msgs/srv/get_model_state__type_support.cpp.o[0m
[ 27%] [32mBuilding CXX object CMakeFiles/gazebo_msgs__rosidl_typesupport_introspection_cpp.dir/rosidl_typesupport_introspection_cpp/gazebo_msgs/msg/detail/link_state__type_support.cpp.o[0m
[ 27%] [32mBuilding C object CMakeFiles/gazebo_msgs__rosidl_typesupport_introspection_c.dir/rosidl_typesupport_introspection_c/gazebo_msgs/msg/detail/contact_state__type_support.c.o[0m
[ 27%] [32mBuilding CXX object CMakeFiles/gazebo_msgs__rosidl_typesupport_c.dir/rosidl_typesupport_c/gazebo_msgs/srv/get_physics_properties__type_support.cpp.o[0m
[ 28%] [32mBuilding CXX object CMakeFiles/gazebo_msgs__rosidl_typesupport_c.dir/rosidl_typesupport_c/gazebo_msgs/srv/get_world_properties__type_support.cpp.o[0m
[ 28%] [32mBuilding C object CMakeFiles/gazebo_msgs__rosidl_typesupport_introspection_c.dir/rosidl_typesupport_introspection_c/gazebo_msgs/msg/detail/contacts_state__type_support.c.o[0m
[ 28%] [32mBuilding CXX object CMakeFiles/gazebo_msgs__rosidl_typesupport_c.dir/rosidl_typesupport_c/gazebo_msgs/srv/joint_request__type_support.cpp.o[0m
[ 29%] [32mBuilding C object CMakeFiles/gazebo_msgs__rosidl_typesupport_introspection_c.dir/rosidl_typesupport_introspection_c/gazebo_msgs/msg/detail/entity_state__type_support.c.o[0m
[ 30%] [32mBuilding CXX object CMakeFiles/gazebo_msgs__rosidl_typesupport_cpp.dir/rosidl_typesupport_cpp/gazebo_msgs/msg/ode_joint_properties__type_support.cpp.o[0m
[ 30%] [32mBuilding CXX object CMakeFiles/gazebo_msgs__rosidl_typesupport_c.dir/rosidl_typesupport_c/gazebo_msgs/srv/link_request__type_support.cpp.o[0m
[ 30%] [32mBuilding C object CMakeFiles/gazebo_msgs__rosidl_typesupport_introspection_c.dir/rosidl_typesupport_introspection_c/gazebo_msgs/msg/detail/link_state__type_support.c.o[0m
[ 30%] [32mBuilding CXX object CMakeFiles/gazebo_msgs__rosidl_typesupport_fastrtps_c.dir/rosidl_typesupport_fastrtps_c/gazebo_msgs/msg/detail/contact_state__type_support_c.cpp.o[0m
[ 31%] [32mBuilding CXX object CMakeFiles/gazebo_msgs__rosidl_typesupport_c.dir/rosidl_typesupport_c/gazebo_msgs/srv/set_entity_state__type_support.cpp.o[0m
[ 31%] [32mBuilding C object CMakeFiles/gazebo_msgs__rosidl_typesupport_introspection_c.dir/rosidl_typesupport_introspection_c/gazebo_msgs/msg/detail/link_states__type_support.c.o[0m
[ 31%] [32mBuilding CXX object CMakeFiles/gazebo_msgs__rosidl_typesupport_fastrtps_cpp.dir/rosidl_typesupport_fastrtps_cpp/gazebo_msgs/msg/detail/dds_fastrtps/entity_state__type_support.cpp.o[0m
[ 31%] [32mBuilding CXX object CMakeFiles/gazebo_msgs__rosidl_typesupport_c.dir/rosidl_typesupport_c/gazebo_msgs/srv/set_joint_properties__type_support.cpp.o[0m
[ 31%] [32mBuilding CXX object CMakeFiles/gazebo_msgs__rosidl_typesupport_c.dir/rosidl_typesupport_c/gazebo_msgs/srv/set_joint_trajectory__type_support.cpp.o[0m
[ 31%] [32mBuilding C object CMakeFiles/gazebo_msgs__rosidl_typesupport_introspection_c.dir/rosidl_typesupport_introspection_c/gazebo_msgs/msg/detail/model_state__type_support.c.o[0m
[ 31%] [32mBuilding CXX object CMakeFiles/gazebo_msgs__rosidl_typesupport_c.dir/rosidl_typesupport_c/gazebo_msgs/srv/set_light_properties__type_support.cpp.o[0m
[ 32%] [32mBuilding C object CMakeFiles/gazebo_msgs__rosidl_typesupport_introspection_c.dir/rosidl_typesupport_introspection_c/gazebo_msgs/msg/detail/model_states__type_support.c.o[0m
[ 33%] [32mBuilding CXX object CMakeFiles/gazebo_msgs__rosidl_typesupport_c.dir/rosidl_typesupport_c/gazebo_msgs/srv/set_link_properties__type_support.cpp.o[0m
[ 33%] [32mBuilding CXX object CMakeFiles/gazebo_msgs__rosidl_typesupport_c.dir/rosidl_typesupport_c/gazebo_msgs/srv/set_link_state__type_support.cpp.o[0m
[ 33%] [32mBuilding C object CMakeFiles/gazebo_msgs__rosidl_typesupport_introspection_c.dir/rosidl_typesupport_introspection_c/gazebo_msgs/msg/detail/ode_joint_properties__type_support.c.o[0m
[ 33%] [32mBuilding CXX object CMakeFiles/gazebo_msgs__rosidl_typesupport_introspection_cpp.dir/rosidl_typesupport_introspection_cpp/gazebo_msgs/msg/detail/link_states__type_support.cpp.o[0m
[ 33%] [32mBuilding CXX object CMakeFiles/gazebo_msgs__rosidl_typesupport_cpp.dir/rosidl_typesupport_cpp/gazebo_msgs/msg/ode_physics__type_support.cpp.o[0m
[ 33%] [32mBuilding CXX object CMakeFiles/gazebo_msgs__rosidl_typesupport_c.dir/rosidl_typesupport_c/gazebo_msgs/srv/set_model_configuration__type_support.cpp.o[0m
[ 33%] [32mBuilding C object CMakeFiles/gazebo_msgs__rosidl_typesupport_introspection_c.dir/rosidl_typesupport_introspection_c/gazebo_msgs/msg/detail/ode_physics__type_support.c.o[0m
[ 33%] [32mBuilding CXX object CMakeFiles/gazebo_msgs__rosidl_typesupport_c.dir/rosidl_typesupport_c/gazebo_msgs/srv/set_model_state__type_support.cpp.o[0m
[ 33%] [32mBuilding C object CMakeFiles/gazebo_msgs__rosidl_typesupport_introspection_c.dir/rosidl_typesupport_introspection_c/gazebo_msgs/msg/detail/performance_metrics__type_support.c.o[0m
[ 34%] [32mBuilding CXX object CMakeFiles/gazebo_msgs__rosidl_typesupport_c.dir/rosidl_typesupport_c/gazebo_msgs/srv/set_physics_properties__type_support.cpp.o[0m
[ 34%] [32mBuilding CXX object CMakeFiles/gazebo_msgs__rosidl_typesupport_c.dir/rosidl_typesupport_c/gazebo_msgs/srv/spawn_entity__type_support.cpp.o[0m
[ 35%] [32mBuilding C object CMakeFiles/gazebo_msgs__rosidl_typesupport_introspection_c.dir/rosidl_typesupport_introspection_c/gazebo_msgs/msg/detail/sensor_performance_metric__type_support.c.o[0m
[ 35%] [32mBuilding CXX object CMakeFiles/gazebo_msgs__rosidl_typesupport_fastrtps_c.dir/rosidl_typesupport_fastrtps_c/gazebo_msgs/msg/detail/contacts_state__type_support_c.cpp.o[0m
[ 35%] [32mBuilding CXX object CMakeFiles/gazebo_msgs__rosidl_typesupport_c.dir/rosidl_typesupport_c/gazebo_msgs/srv/spawn_model__type_support.cpp.o[0m
[ 35%] [32mBuilding C object CMakeFiles/gazebo_msgs__rosidl_typesupport_introspection_c.dir/rosidl_typesupport_introspection_c/gazebo_msgs/msg/detail/wheel_slip__type_support.c.o[0m
[ 36%] [32mBuilding CXX object CMakeFiles/gazebo_msgs__rosidl_typesupport_fastrtps_cpp.dir/rosidl_typesupport_fastrtps_cpp/gazebo_msgs/msg/detail/dds_fastrtps/link_state__type_support.cpp.o[0m
[ 37%] [32m[1mLinking CXX shared library libgazebo_msgs__rosidl_typesupport_c.so[0m
[ 37%] [32mBuilding C object CMakeFiles/gazebo_msgs__rosidl_typesupport_introspection_c.dir/rosidl_typesupport_introspection_c/gazebo_msgs/msg/detail/world_state__type_support.c.o[0m
[ 37%] Built target gazebo_msgs__rosidl_typesupport_c
[ 38%] [32mBuilding C object CMakeFiles/gazebo_msgs__rosidl_typesupport_introspection_c.dir/rosidl_typesupport_introspection_c/gazebo_msgs/srv/detail/apply_body_wrench__type_support.c.o[0m
[ 38%] [32mBuilding CXX object CMakeFiles/gazebo_msgs__rosidl_typesupport_cpp.dir/rosidl_typesupport_cpp/gazebo_msgs/msg/performance_metrics__type_support.cpp.o[0m
[ 38%] [32mBuilding CXX object CMakeFiles/gazebo_msgs__rosidl_typesupport_fastrtps_c.dir/rosidl_typesupport_fastrtps_c/gazebo_msgs/msg/detail/entity_state__type_support_c.cpp.o[0m
[ 38%] [32mBuilding C object CMakeFiles/gazebo_msgs__rosidl_typesupport_introspection_c.dir/rosidl_typesupport_introspection_c/gazebo_msgs/srv/detail/apply_link_wrench__type_support.c.o[0m
[ 38%] [32mBuilding C object CMakeFiles/gazebo_msgs__rosidl_typesupport_introspection_c.dir/rosidl_typesupport_introspection_c/gazebo_msgs/srv/detail/apply_joint_effort__type_support.c.o[0m
[ 38%] [32mBuilding C object CMakeFiles/gazebo_msgs__rosidl_typesupport_introspection_c.dir/rosidl_typesupport_introspection_c/gazebo_msgs/srv/detail/body_request__type_support.c.o[0m
[ 39%] [32mBuilding C object CMakeFiles/gazebo_msgs__rosidl_typesupport_introspection_c.dir/rosidl_typesupport_introspection_c/gazebo_msgs/srv/detail/delete_entity__type_support.c.o[0m
[ 39%] [32mBuilding CXX object CMakeFiles/gazebo_msgs__rosidl_typesupport_introspection_cpp.dir/rosidl_typesupport_introspection_cpp/gazebo_msgs/msg/detail/model_state__type_support.cpp.o[0m
[ 40%] [32mBuilding CXX object CMakeFiles/gazebo_msgs__rosidl_typesupport_fastrtps_c.dir/rosidl_typesupport_fastrtps_c/gazebo_msgs/msg/detail/link_state__type_support_c.cpp.o[0m
[ 40%] [32mBuilding C object CMakeFiles/gazebo_msgs__rosidl_typesupport_introspection_c.dir/rosidl_typesupport_introspection_c/gazebo_msgs/srv/detail/delete_light__type_support.c.o[0m
[ 40%] [32mBuilding C object CMakeFiles/gazebo_msgs__rosidl_typesupport_introspection_c.dir/rosidl_typesupport_introspection_c/gazebo_msgs/srv/detail/delete_model__type_support.c.o[0m
[ 40%] [32mBuilding CXX object CMakeFiles/gazebo_msgs__rosidl_typesupport_cpp.dir/rosidl_typesupport_cpp/gazebo_msgs/msg/sensor_performance_metric__type_support.cpp.o[0m
[ 40%] [32mBuilding C object CMakeFiles/gazebo_msgs__rosidl_typesupport_introspection_c.dir/rosidl_typesupport_introspection_c/gazebo_msgs/srv/detail/get_joint_properties__type_support.c.o[0m
[ 40%] [32mBuilding CXX object CMakeFiles/gazebo_msgs__rosidl_typesupport_fastrtps_cpp.dir/rosidl_typesupport_fastrtps_cpp/gazebo_msgs/msg/detail/dds_fastrtps/link_states__type_support.cpp.o[0m
[ 41%] [32mBuilding C object CMakeFiles/gazebo_msgs__rosidl_typesupport_introspection_c.dir/rosidl_typesupport_introspection_c/gazebo_msgs/srv/detail/get_entity_state__type_support.c.o[0m
[ 41%] [32mBuilding CXX object CMakeFiles/gazebo_msgs__rosidl_typesupport_fastrtps_c.dir/rosidl_typesupport_fastrtps_c/gazebo_msgs/msg/detail/link_states__type_support_c.cpp.o[0m
[ 41%] [32mBuilding C object CMakeFiles/gazebo_msgs__rosidl_typesupport_introspection_c.dir/rosidl_typesupport_introspection_c/gazebo_msgs/srv/detail/get_light_properties__type_support.c.o[0m
[ 41%] [32mBuilding C object CMakeFiles/gazebo_msgs__rosidl_typesupport_introspection_c.dir/rosidl_typesupport_introspection_c/gazebo_msgs/srv/detail/get_link_properties__type_support.c.o[0m
[ 42%] [32mBuilding C object CMakeFiles/gazebo_msgs__rosidl_typesupport_introspection_c.dir/rosidl_typesupport_introspection_c/gazebo_msgs/srv/detail/get_link_state__type_support.c.o[0m
[ 42%] [32mBuilding C object CMakeFiles/gazebo_msgs__rosidl_typesupport_introspection_c.dir/rosidl_typesupport_introspection_c/gazebo_msgs/srv/detail/get_model_list__type_support.c.o[0m
[ 43%] [32mBuilding CXX object CMakeFiles/gazebo_msgs__rosidl_typesupport_cpp.dir/rosidl_typesupport_cpp/gazebo_msgs/msg/wheel_slip__type_support.cpp.o[0m
[ 43%] [32mBuilding CXX object CMakeFiles/gazebo_msgs__rosidl_typesupport_fastrtps_c.dir/rosidl_typesupport_fastrtps_c/gazebo_msgs/msg/detail/model_state__type_support_c.cpp.o[0m
[ 43%] [32mBuilding CXX object CMakeFiles/gazebo_msgs__rosidl_typesupport_introspection_cpp.dir/rosidl_typesupport_introspection_cpp/gazebo_msgs/msg/detail/model_states__type_support.cpp.o[0m
[ 43%] [32mBuilding C object CMakeFiles/gazebo_msgs__rosidl_typesupport_introspection_c.dir/rosidl_typesupport_introspection_c/gazebo_msgs/srv/detail/get_model_properties__type_support.c.o[0m
[ 43%] [32mBuilding C object CMakeFiles/gazebo_msgs__rosidl_typesupport_introspection_c.dir/rosidl_typesupport_introspection_c/gazebo_msgs/srv/detail/get_model_state__type_support.c.o[0m
[ 44%] [32mBuilding C object CMakeFiles/gazebo_msgs__rosidl_typesupport_introspection_c.dir/rosidl_typesupport_introspection_c/gazebo_msgs/srv/detail/get_physics_properties__type_support.c.o[0m
[ 45%] [32mBuilding CXX object CMakeFiles/gazebo_msgs__rosidl_typesupport_fastrtps_c.dir/rosidl_typesupport_fastrtps_c/gazebo_msgs/msg/detail/model_states__type_support_c.cpp.o[0m
[ 45%] [32mBuilding C object CMakeFiles/gazebo_msgs__rosidl_typesupport_introspection_c.dir/rosidl_typesupport_introspection_c/gazebo_msgs/srv/detail/get_world_properties__type_support.c.o[0m
[ 45%] [32mBuilding C object CMakeFiles/gazebo_msgs__rosidl_typesupport_introspection_c.dir/rosidl_typesupport_introspection_c/gazebo_msgs/srv/detail/joint_request__type_support.c.o[0m
[ 45%] [32mBuilding CXX object CMakeFiles/gazebo_msgs__rosidl_typesupport_cpp.dir/rosidl_typesupport_cpp/gazebo_msgs/msg/world_state__type_support.cpp.o[0m
[ 45%] [32mBuilding C object CMakeFiles/gazebo_msgs__rosidl_typesupport_introspection_c.dir/rosidl_typesupport_introspection_c/gazebo_msgs/srv/detail/link_request__type_support.c.o[0m
[ 45%] [32mBuilding CXX object CMakeFiles/gazebo_msgs__rosidl_typesupport_fastrtps_cpp.dir/rosidl_typesupport_fastrtps_cpp/gazebo_msgs/msg/detail/dds_fastrtps/model_state__type_support.cpp.o[0m
[ 46%] [32mBuilding C object CMakeFiles/gazebo_msgs__rosidl_typesupport_introspection_c.dir/rosidl_typesupport_introspection_c/gazebo_msgs/srv/detail/set_entity_state__type_support.c.o[0m
[ 46%] [32mBuilding C object CMakeFiles/gazebo_msgs__rosidl_typesupport_introspection_c.dir/rosidl_typesupport_introspection_c/gazebo_msgs/srv/detail/set_joint_properties__type_support.c.o[0m
[ 46%] [32mBuilding C object CMakeFiles/gazebo_msgs__rosidl_typesupport_introspection_c.dir/rosidl_typesupport_introspection_c/gazebo_msgs/srv/detail/set_joint_trajectory__type_support.c.o[0m
[ 47%] [32mBuilding C object CMakeFiles/gazebo_msgs__rosidl_typesupport_introspection_c.dir/rosidl_typesupport_introspection_c/gazebo_msgs/srv/detail/set_light_properties__type_support.c.o[0m
[ 47%] [32mBuilding C object CMakeFiles/gazebo_msgs__rosidl_typesupport_introspection_c.dir/rosidl_typesupport_introspection_c/gazebo_msgs/srv/detail/set_link_properties__type_support.c.o[0m
[ 47%] [32mBuilding C object CMakeFiles/gazebo_msgs__rosidl_typesupport_introspection_c.dir/rosidl_typesupport_introspection_c/gazebo_msgs/srv/detail/set_link_state__type_support.c.o[0m
[ 47%] [32mBuilding C object CMakeFiles/gazebo_msgs__rosidl_typesupport_introspection_c.dir/rosidl_typesupport_introspection_c/gazebo_msgs/srv/detail/set_model_configuration__type_support.c.o[0m
[ 48%] [32mBuilding CXX object CMakeFiles/gazebo_msgs__rosidl_typesupport_introspection_cpp.dir/rosidl_typesupport_introspection_cpp/gazebo_msgs/msg/detail/ode_joint_properties__type_support.cpp.o[0m
[ 49%] [32mBuilding C object CMakeFiles/gazebo_msgs__rosidl_typesupport_introspection_c.dir/rosidl_typesupport_introspection_c/gazebo_msgs/srv/detail/set_model_state__type_support.c.o[0m
[ 49%] [32mBuilding C object CMakeFiles/gazebo_msgs__rosidl_typesupport_introspection_c.dir/rosidl_typesupport_introspection_c/gazebo_msgs/srv/detail/set_physics_properties__type_support.c.o[0m
[ 49%] [32mBuilding CXX object CMakeFiles/gazebo_msgs__rosidl_typesupport_fastrtps_c.dir/rosidl_typesupport_fastrtps_c/gazebo_msgs/msg/detail/ode_joint_properties__type_support_c.cpp.o[0m
[ 49%] [32mBuilding C object CMakeFiles/gazebo_msgs__rosidl_typesupport_introspection_c.dir/rosidl_typesupport_introspection_c/gazebo_msgs/srv/detail/spawn_entity__type_support.c.o[0m
[ 49%] [32mBuilding CXX object CMakeFiles/gazebo_msgs__rosidl_typesupport_fastrtps_c.dir/rosidl_typesupport_fastrtps_c/gazebo_msgs/msg/detail/ode_physics__type_support_c.cpp.o[0m
[ 49%] [32mBuilding CXX object CMakeFiles/gazebo_msgs__rosidl_typesupport_cpp.dir/rosidl_typesupport_cpp/gazebo_msgs/srv/apply_body_wrench__type_support.cpp.o[0m
[ 49%] [32mBuilding C object CMakeFiles/gazebo_msgs__rosidl_typesupport_introspection_c.dir/rosidl_typesupport_introspection_c/gazebo_msgs/srv/detail/spawn_model__type_support.c.o[0m
[ 50%] [32m[1mLinking C shared library libgazebo_msgs__rosidl_typesupport_introspection_c.so[0m
[ 50%] [32mBuilding CXX object CMakeFiles/gazebo_msgs__rosidl_typesupport_fastrtps_cpp.dir/rosidl_typesupport_fastrtps_cpp/gazebo_msgs/msg/detail/dds_fastrtps/model_states__type_support.cpp.o[0m
[ 50%] Built target gazebo_msgs__rosidl_typesupport_introspection_c
[ 50%] [32mBuilding CXX object CMakeFiles/gazebo_msgs__rosidl_typesupport_cpp.dir/rosidl_typesupport_cpp/gazebo_msgs/srv/apply_link_wrench__type_support.cpp.o[0m
[ 50%] [32mBuilding CXX object CMakeFiles/gazebo_msgs__rosidl_typesupport_fastrtps_c.dir/rosidl_typesupport_fastrtps_c/gazebo_msgs/msg/detail/performance_metrics__type_support_c.cpp.o[0m
[ 51%] [32mBuilding CXX object CMakeFiles/gazebo_msgs__rosidl_typesupport_cpp.dir/rosidl_typesupport_cpp/gazebo_msgs/srv/apply_joint_effort__type_support.cpp.o[0m
[ 52%] [32mBuilding CXX object CMakeFiles/gazebo_msgs__rosidl_typesupport_fastrtps_c.dir/rosidl_typesupport_fastrtps_c/gazebo_msgs/msg/detail/sensor_performance_metric__type_support_c.cpp.o[0m
[ 52%] [32mBuilding CXX object CMakeFiles/gazebo_msgs__rosidl_typesupport_introspection_cpp.dir/rosidl_typesupport_introspection_cpp/gazebo_msgs/msg/detail/ode_physics__type_support.cpp.o[0m
[ 52%] [32mBuilding CXX object CMakeFiles/gazebo_msgs__rosidl_typesupport_introspection_cpp.dir/rosidl_typesupport_introspection_cpp/gazebo_msgs/msg/detail/performance_metrics__type_support.cpp.o[0m
[ 52%] [32mBuilding CXX object CMakeFiles/gazebo_msgs__rosidl_typesupport_cpp.dir/rosidl_typesupport_cpp/gazebo_msgs/srv/body_request__type_support.cpp.o[0m
[ 52%] [32mBuilding CXX object CMakeFiles/gazebo_msgs__rosidl_typesupport_fastrtps_c.dir/rosidl_typesupport_fastrtps_c/gazebo_msgs/msg/detail/wheel_slip__type_support_c.cpp.o[0m
[ 53%] [32mBuilding CXX object CMakeFiles/gazebo_msgs__rosidl_typesupport_fastrtps_cpp.dir/rosidl_typesupport_fastrtps_cpp/gazebo_msgs/msg/detail/dds_fastrtps/ode_joint_properties__type_support.cpp.o[0m
[ 53%] [32mBuilding CXX object CMakeFiles/gazebo_msgs__rosidl_typesupport_fastrtps_c.dir/rosidl_typesupport_fastrtps_c/gazebo_msgs/msg/detail/world_state__type_support_c.cpp.o[0m
[ 53%] [32mBuilding CXX object CMakeFiles/gazebo_msgs__rosidl_typesupport_fastrtps_c.dir/rosidl_typesupport_fastrtps_c/gazebo_msgs/srv/detail/apply_body_wrench__type_support_c.cpp.o[0m
[ 54%] [32mBuilding CXX object CMakeFiles/gazebo_msgs__rosidl_typesupport_introspection_cpp.dir/rosidl_typesupport_introspection_cpp/gazebo_msgs/msg/detail/sensor_performance_metric__type_support.cpp.o[0m
[ 54%] [32mBuilding CXX object CMakeFiles/gazebo_msgs__rosidl_typesupport_cpp.dir/rosidl_typesupport_cpp/gazebo_msgs/srv/delete_entity__type_support.cpp.o[0m
[ 55%] [32mBuilding CXX object CMakeFiles/gazebo_msgs__rosidl_typesupport_cpp.dir/rosidl_typesupport_cpp/gazebo_msgs/srv/delete_light__type_support.cpp.o[0m
[ 56%] [32mBuilding CXX object CMakeFiles/gazebo_msgs__rosidl_typesupport_fastrtps_c.dir/rosidl_typesupport_fastrtps_c/gazebo_msgs/srv/detail/apply_link_wrench__type_support_c.cpp.o[0m
[ 56%] [32mBuilding CXX object CMakeFiles/gazebo_msgs__rosidl_typesupport_fastrtps_cpp.dir/rosidl_typesupport_fastrtps_cpp/gazebo_msgs/msg/detail/dds_fastrtps/ode_physics__type_support.cpp.o[0m
[ 56%] [32mBuilding CXX object CMakeFiles/gazebo_msgs__rosidl_typesupport_cpp.dir/rosidl_typesupport_cpp/gazebo_msgs/srv/delete_model__type_support.cpp.o[0m
[ 56%] [32mBuilding CXX object CMakeFiles/gazebo_msgs__rosidl_typesupport_cpp.dir/rosidl_typesupport_cpp/gazebo_msgs/srv/get_joint_properties__type_support.cpp.o[0m
[ 56%] [32mBuilding CXX object CMakeFiles/gazebo_msgs__rosidl_typesupport_introspection_cpp.dir/rosidl_typesupport_introspection_cpp/gazebo_msgs/msg/detail/wheel_slip__type_support.cpp.o[0m
[ 56%] [32mBuilding CXX object CMakeFiles/gazebo_msgs__rosidl_typesupport_cpp.dir/rosidl_typesupport_cpp/gazebo_msgs/srv/get_entity_state__type_support.cpp.o[0m
[ 56%] [32mBuilding CXX object CMakeFiles/gazebo_msgs__rosidl_typesupport_fastrtps_c.dir/rosidl_typesupport_fastrtps_c/gazebo_msgs/srv/detail/apply_joint_effort__type_support_c.cpp.o[0m
[ 57%] [32mBuilding CXX object CMakeFiles/gazebo_msgs__rosidl_typesupport_cpp.dir/rosidl_typesupport_cpp/gazebo_msgs/srv/get_light_properties__type_support.cpp.o[0m
[ 57%] [32mBuilding CXX object CMakeFiles/gazebo_msgs__rosidl_typesupport_cpp.dir/rosidl_typesupport_cpp/gazebo_msgs/srv/get_link_properties__type_support.cpp.o[0m
[ 57%] [32mBuilding CXX object CMakeFiles/gazebo_msgs__rosidl_typesupport_fastrtps_cpp.dir/rosidl_typesupport_fastrtps_cpp/gazebo_msgs/msg/detail/dds_fastrtps/performance_metrics__type_support.cpp.o[0m
[ 57%] [32mBuilding CXX object CMakeFiles/gazebo_msgs__rosidl_typesupport_cpp.dir/rosidl_typesupport_cpp/gazebo_msgs/srv/get_link_state__type_support.cpp.o[0m
[ 57%] [32mBuilding CXX object CMakeFiles/gazebo_msgs__rosidl_typesupport_introspection_cpp.dir/rosidl_typesupport_introspection_cpp/gazebo_msgs/msg/detail/world_state__type_support.cpp.o[0m
[ 57%] [32mBuilding CXX object CMakeFiles/gazebo_msgs__rosidl_typesupport_cpp.dir/rosidl_typesupport_cpp/gazebo_msgs/srv/get_model_list__type_support.cpp.o[0m
[ 57%] [32mBuilding CXX object CMakeFiles/gazebo_msgs__rosidl_typesupport_introspection_cpp.dir/rosidl_typesupport_introspection_cpp/gazebo_msgs/srv/detail/apply_body_wrench__type_support.cpp.o[0m
[ 57%] [32mBuilding CXX object CMakeFiles/gazebo_msgs__rosidl_typesupport_fastrtps_c.dir/rosidl_typesupport_fastrtps_c/gazebo_msgs/srv/detail/body_request__type_support_c.cpp.o[0m
[ 58%] [32mBuilding CXX object CMakeFiles/gazebo_msgs__rosidl_typesupport_cpp.dir/rosidl_typesupport_cpp/gazebo_msgs/srv/get_model_properties__type_support.cpp.o[0m
[ 58%] [32mBuilding CXX object CMakeFiles/gazebo_msgs__rosidl_typesupport_fastrtps_cpp.dir/rosidl_typesupport_fastrtps_cpp/gazebo_msgs/msg/detail/dds_fastrtps/sensor_performance_metric__type_support.cpp.o[0m
[ 58%] [32mBuilding CXX object CMakeFiles/gazebo_msgs__rosidl_typesupport_cpp.dir/rosidl_typesupport_cpp/gazebo_msgs/srv/get_model_state__type_support.cpp.o[0m
[ 59%] [32mBuilding CXX object CMakeFiles/gazebo_msgs__rosidl_typesupport_introspection_cpp.dir/rosidl_typesupport_introspection_cpp/gazebo_msgs/srv/detail/apply_link_wrench__type_support.cpp.o[0m
[ 60%] [32mBuilding CXX object CMakeFiles/gazebo_msgs__rosidl_typesupport_fastrtps_c.dir/rosidl_typesupport_fastrtps_c/gazebo_msgs/srv/detail/delete_entity__type_support_c.cpp.o[0m
[ 60%] [32mBuilding CXX object CMakeFiles/gazebo_msgs__rosidl_typesupport_introspection_cpp.dir/rosidl_typesupport_introspection_cpp/gazebo_msgs/srv/detail/apply_joint_effort__type_support.cpp.o[0m
[ 60%] [32mBuilding CXX object CMakeFiles/gazebo_msgs__rosidl_typesupport_introspection_cpp.dir/rosidl_typesupport_introspection_cpp/gazebo_msgs/srv/detail/body_request__type_support.cpp.o[0m
[ 60%] [32mBuilding CXX object CMakeFiles/gazebo_msgs__rosidl_typesupport_cpp.dir/rosidl_typesupport_cpp/gazebo_msgs/srv/get_physics_properties__type_support.cpp.o[0m
[ 61%] [32mBuilding CXX object CMakeFiles/gazebo_msgs__rosidl_typesupport_fastrtps_cpp.dir/rosidl_typesupport_fastrtps_cpp/gazebo_msgs/msg/detail/dds_fastrtps/wheel_slip__type_support.cpp.o[0m
[ 62%] [32mBuilding CXX object CMakeFiles/gazebo_msgs__rosidl_typesupport_cpp.dir/rosidl_typesupport_cpp/gazebo_msgs/srv/get_world_properties__type_support.cpp.o[0m
[ 62%] [32mBuilding CXX object CMakeFiles/gazebo_msgs__rosidl_typesupport_introspection_cpp.dir/rosidl_typesupport_introspection_cpp/gazebo_msgs/srv/detail/delete_entity__type_support.cpp.o[0m
[ 62%] [32mBuilding CXX object CMakeFiles/gazebo_msgs__rosidl_typesupport_fastrtps_c.dir/rosidl_typesupport_fastrtps_c/gazebo_msgs/srv/detail/delete_light__type_support_c.cpp.o[0m
[ 63%] [32mBuilding CXX object CMakeFiles/gazebo_msgs__rosidl_typesupport_introspection_cpp.dir/rosidl_typesupport_introspection_cpp/gazebo_msgs/srv/detail/delete_light__type_support.cpp.o[0m
[ 63%] [32mBuilding CXX object CMakeFiles/gazebo_msgs__rosidl_typesupport_introspection_cpp.dir/rosidl_typesupport_introspection_cpp/gazebo_msgs/srv/detail/delete_model__type_support.cpp.o[0m
[ 63%] [32mBuilding CXX object CMakeFiles/gazebo_msgs__rosidl_typesupport_cpp.dir/rosidl_typesupport_cpp/gazebo_msgs/srv/joint_request__type_support.cpp.o[0m
[ 63%] [32mBuilding CXX object CMakeFiles/gazebo_msgs__rosidl_typesupport_fastrtps_cpp.dir/rosidl_typesupport_fastrtps_cpp/gazebo_msgs/msg/detail/dds_fastrtps/world_state__type_support.cpp.o[0m
[ 63%] [32mBuilding CXX object CMakeFiles/gazebo_msgs__rosidl_typesupport_fastrtps_c.dir/rosidl_typesupport_fastrtps_c/gazebo_msgs/srv/detail/delete_model__type_support_c.cpp.o[0m
[ 63%] [32mBuilding CXX object CMakeFiles/gazebo_msgs__rosidl_typesupport_introspection_cpp.dir/rosidl_typesupport_introspection_cpp/gazebo_msgs/srv/detail/get_joint_properties__type_support.cpp.o[0m
[ 64%] [32mBuilding CXX object CMakeFiles/gazebo_msgs__rosidl_typesupport_introspection_cpp.dir/rosidl_typesupport_introspection_cpp/gazebo_msgs/srv/detail/get_entity_state__type_support.cpp.o[0m
[ 64%] [32mBuilding CXX object CMakeFiles/gazebo_msgs__rosidl_typesupport_introspection_cpp.dir/rosidl_typesupport_introspection_cpp/gazebo_msgs/srv/detail/get_light_properties__type_support.cpp.o[0m
[ 64%] [32mBuilding CXX object CMakeFiles/gazebo_msgs__rosidl_typesupport_cpp.dir/rosidl_typesupport_cpp/gazebo_msgs/srv/link_request__type_support.cpp.o[0m
[ 64%] [32mBuilding CXX object CMakeFiles/gazebo_msgs__rosidl_typesupport_fastrtps_c.dir/rosidl_typesupport_fastrtps_c/gazebo_msgs/srv/detail/get_joint_properties__type_support_c.cpp.o[0m
[ 64%] [32mBuilding CXX object CMakeFiles/gazebo_msgs__rosidl_typesupport_cpp.dir/rosidl_typesupport_cpp/gazebo_msgs/srv/set_entity_state__type_support.cpp.o[0m
[ 64%] [32mBuilding CXX object CMakeFiles/gazebo_msgs__rosidl_typesupport_introspection_cpp.dir/rosidl_typesupport_introspection_cpp/gazebo_msgs/srv/detail/get_link_properties__type_support.cpp.o[0m
[ 65%] [32mBuilding CXX object CMakeFiles/gazebo_msgs__rosidl_typesupport_cpp.dir/rosidl_typesupport_cpp/gazebo_msgs/srv/set_joint_properties__type_support.cpp.o[0m
[ 65%] [32mBuilding CXX object CMakeFiles/gazebo_msgs__rosidl_typesupport_fastrtps_cpp.dir/rosidl_typesupport_fastrtps_cpp/gazebo_msgs/srv/detail/dds_fastrtps/apply_body_wrench__type_support.cpp.o[0m
[ 65%] [32mBuilding CXX object CMakeFiles/gazebo_msgs__rosidl_typesupport_introspection_cpp.dir/rosidl_typesupport_introspection_cpp/gazebo_msgs/srv/detail/get_link_state__type_support.cpp.o[0m
[ 65%] [32mBuilding CXX object CMakeFiles/gazebo_msgs__rosidl_typesupport_cpp.dir/rosidl_typesupport_cpp/gazebo_msgs/srv/set_joint_trajectory__type_support.cpp.o[0m
[ 65%] [32mBuilding CXX object CMakeFiles/gazebo_msgs__rosidl_typesupport_cpp.dir/rosidl_typesupport_cpp/gazebo_msgs/srv/set_light_properties__type_support.cpp.o[0m
[ 66%] [32mBuilding CXX object CMakeFiles/gazebo_msgs__rosidl_typesupport_fastrtps_c.dir/rosidl_typesupport_fastrtps_c/gazebo_msgs/srv/detail/get_entity_state__type_support_c.cpp.o[0m
[ 67%] [32mBuilding CXX object CMakeFiles/gazebo_msgs__rosidl_typesupport_introspection_cpp.dir/rosidl_typesupport_introspection_cpp/gazebo_msgs/srv/detail/get_model_list__type_support.cpp.o[0m
[ 67%] [32mBuilding CXX object CMakeFiles/gazebo_msgs__rosidl_typesupport_introspection_cpp.dir/rosidl_typesupport_introspection_cpp/gazebo_msgs/srv/detail/get_model_properties__type_support.cpp.o[0m
[ 68%] [32mBuilding CXX object CMakeFiles/gazebo_msgs__rosidl_typesupport_fastrtps_cpp.dir/rosidl_typesupport_fastrtps_cpp/gazebo_msgs/srv/detail/dds_fastrtps/apply_link_wrench__type_support.cpp.o[0m
[ 68%] [32mBuilding CXX object CMakeFiles/gazebo_msgs__rosidl_typesupport_cpp.dir/rosidl_typesupport_cpp/gazebo_msgs/srv/set_link_properties__type_support.cpp.o[0m
[ 69%] [32mBuilding CXX object CMakeFiles/gazebo_msgs__rosidl_typesupport_cpp.dir/rosidl_typesupport_cpp/gazebo_msgs/srv/set_link_state__type_support.cpp.o[0m
[ 69%] [32mBuilding CXX object CMakeFiles/gazebo_msgs__rosidl_typesupport_fastrtps_c.dir/rosidl_typesupport_fastrtps_c/gazebo_msgs/srv/detail/get_light_properties__type_support_c.cpp.o[0m
[ 69%] [32mBuilding CXX object CMakeFiles/gazebo_msgs__rosidl_typesupport_introspection_cpp.dir/rosidl_typesupport_introspection_cpp/gazebo_msgs/srv/detail/get_model_state__type_support.cpp.o[0m
[ 69%] [32mBuilding CXX object CMakeFiles/gazebo_msgs__rosidl_typesupport_cpp.dir/rosidl_typesupport_cpp/gazebo_msgs/srv/set_model_configuration__type_support.cpp.o[0m
[ 69%] [32mBuilding CXX object CMakeFiles/gazebo_msgs__rosidl_typesupport_cpp.dir/rosidl_typesupport_cpp/gazebo_msgs/srv/set_model_state__type_support.cpp.o[0m
[ 69%] [32mBuilding CXX object CMakeFiles/gazebo_msgs__rosidl_typesupport_fastrtps_cpp.dir/rosidl_typesupport_fastrtps_cpp/gazebo_msgs/srv/detail/dds_fastrtps/apply_joint_effort__type_support.cpp.o[0m
[ 69%] [32mBuilding CXX object CMakeFiles/gazebo_msgs__rosidl_typesupport_introspection_cpp.dir/rosidl_typesupport_introspection_cpp/gazebo_msgs/srv/detail/get_physics_properties__type_support.cpp.o[0m
[ 69%] [32mBuilding CXX object CMakeFiles/gazebo_msgs__rosidl_typesupport_fastrtps_c.dir/rosidl_typesupport_fastrtps_c/gazebo_msgs/srv/detail/get_link_properties__type_support_c.cpp.o[0m
[ 70%] [32mBuilding CXX object CMakeFiles/gazebo_msgs__rosidl_typesupport_cpp.dir/rosidl_typesupport_cpp/gazebo_msgs/srv/set_physics_properties__type_support.cpp.o[0m
[ 70%] [32mBuilding CXX object CMakeFiles/gazebo_msgs__rosidl_typesupport_cpp.dir/rosidl_typesupport_cpp/gazebo_msgs/srv/spawn_entity__type_support.cpp.o[0m
[ 71%] [32mBuilding CXX object CMakeFiles/gazebo_msgs__rosidl_typesupport_introspection_cpp.dir/rosidl_typesupport_introspection_cpp/gazebo_msgs/srv/detail/get_world_properties__type_support.cpp.o[0m
[ 71%] [32mBuilding CXX object CMakeFiles/gazebo_msgs__rosidl_typesupport_introspection_cpp.dir/rosidl_typesupport_introspection_cpp/gazebo_msgs/srv/detail/joint_request__type_support.cpp.o[0m
[ 71%] [32mBuilding CXX object CMakeFiles/gazebo_msgs__rosidl_typesupport_fastrtps_cpp.dir/rosidl_typesupport_fastrtps_cpp/gazebo_msgs/srv/detail/dds_fastrtps/body_request__type_support.cpp.o[0m
[ 71%] [32mBuilding CXX object CMakeFiles/gazebo_msgs__rosidl_typesupport_cpp.dir/rosidl_typesupport_cpp/gazebo_msgs/srv/spawn_model__type_support.cpp.o[0m
[ 71%] [32mBuilding CXX object CMakeFiles/gazebo_msgs__rosidl_typesupport_fastrtps_cpp.dir/rosidl_typesupport_fastrtps_cpp/gazebo_msgs/srv/detail/dds_fastrtps/delete_entity__type_support.cpp.o[0m
[ 71%] [32mBuilding CXX object CMakeFiles/gazebo_msgs__rosidl_typesupport_fastrtps_c.dir/rosidl_typesupport_fastrtps_c/gazebo_msgs/srv/detail/get_link_state__type_support_c.cpp.o[0m
[ 71%] [32mBuilding CXX object CMakeFiles/gazebo_msgs__rosidl_typesupport_introspection_cpp.dir/rosidl_typesupport_introspection_cpp/gazebo_msgs/srv/detail/link_request__type_support.cpp.o[0m
[ 71%] [32m[1mLinking CXX shared library libgazebo_msgs__rosidl_typesupport_cpp.so[0m
[ 72%] [32mBuilding CXX object CMakeFiles/gazebo_msgs__rosidl_typesupport_introspection_cpp.dir/rosidl_typesupport_introspection_cpp/gazebo_msgs/srv/detail/set_entity_state__type_support.cpp.o[0m
[ 72%] Built target gazebo_msgs__rosidl_typesupport_cpp
[ 72%] [32mBuilding CXX object CMakeFiles/gazebo_msgs__rosidl_typesupport_introspection_cpp.dir/rosidl_typesupport_introspection_cpp/gazebo_msgs/srv/detail/set_joint_properties__type_support.cpp.o[0m
[ 73%] [32mBuilding CXX object CMakeFiles/gazebo_msgs__rosidl_typesupport_fastrtps_cpp.dir/rosidl_typesupport_fastrtps_cpp/gazebo_msgs/srv/detail/dds_fastrtps/delete_light__type_support.cpp.o[0m
[ 73%] [32mBuilding CXX object CMakeFiles/gazebo_msgs__rosidl_typesupport_fastrtps_cpp.dir/rosidl_typesupport_fastrtps_cpp/gazebo_msgs/srv/detail/dds_fastrtps/delete_model__type_support.cpp.o[0m
[ 74%] [32mBuilding CXX object CMakeFiles/gazebo_msgs__rosidl_typesupport_fastrtps_c.dir/rosidl_typesupport_fastrtps_c/gazebo_msgs/srv/detail/get_model_list__type_support_c.cpp.o[0m
[ 74%] [32mBuilding CXX object CMakeFiles/gazebo_msgs__rosidl_typesupport_introspection_cpp.dir/rosidl_typesupport_introspection_cpp/gazebo_msgs/srv/detail/set_joint_trajectory__type_support.cpp.o[0m
[ 74%] [32mBuilding CXX object CMakeFiles/gazebo_msgs__rosidl_typesupport_introspection_cpp.dir/rosidl_typesupport_introspection_cpp/gazebo_msgs/srv/detail/set_light_properties__type_support.cpp.o[0m
[ 75%] [32mBuilding CXX object CMakeFiles/gazebo_msgs__rosidl_typesupport_introspection_cpp.dir/rosidl_typesupport_introspection_cpp/gazebo_msgs/srv/detail/set_link_properties__type_support.cpp.o[0m
[ 75%] [32mBuilding CXX object CMakeFiles/gazebo_msgs__rosidl_typesupport_introspection_cpp.dir/rosidl_typesupport_introspection_cpp/gazebo_msgs/srv/detail/set_link_state__type_support.cpp.o[0m
[ 75%] [32mBuilding CXX object CMakeFiles/gazebo_msgs__rosidl_typesupport_fastrtps_c.dir/rosidl_typesupport_fastrtps_c/gazebo_msgs/srv/detail/get_model_properties__type_support_c.cpp.o[0m
[ 75%] [32mBuilding CXX object CMakeFiles/gazebo_msgs__rosidl_typesupport_fastrtps_cpp.dir/rosidl_typesupport_fastrtps_cpp/gazebo_msgs/srv/detail/dds_fastrtps/get_joint_properties__type_support.cpp.o[0m
[ 75%] [32mBuilding CXX object CMakeFiles/gazebo_msgs__rosidl_typesupport_introspection_cpp.dir/rosidl_typesupport_introspection_cpp/gazebo_msgs/srv/detail/set_model_configuration__type_support.cpp.o[0m
[ 75%] [32mBuilding CXX object CMakeFiles/gazebo_msgs__rosidl_typesupport_introspection_cpp.dir/rosidl_typesupport_introspection_cpp/gazebo_msgs/srv/detail/set_model_state__type_support.cpp.o[0m
[ 76%] [32mBuilding CXX object CMakeFiles/gazebo_msgs__rosidl_typesupport_introspection_cpp.dir/rosidl_typesupport_introspection_cpp/gazebo_msgs/srv/detail/set_physics_properties__type_support.cpp.o[0m
[ 76%] [32mBuilding CXX object CMakeFiles/gazebo_msgs__rosidl_typesupport_introspection_cpp.dir/rosidl_typesupport_introspection_cpp/gazebo_msgs/srv/detail/spawn_entity__type_support.cpp.o[0m
[ 76%] [32mBuilding CXX object CMakeFiles/gazebo_msgs__rosidl_typesupport_fastrtps_c.dir/rosidl_typesupport_fastrtps_c/gazebo_msgs/srv/detail/get_model_state__type_support_c.cpp.o[0m
[ 76%] [32mBuilding CXX object CMakeFiles/gazebo_msgs__rosidl_typesupport_fastrtps_cpp.dir/rosidl_typesupport_fastrtps_cpp/gazebo_msgs/srv/detail/dds_fastrtps/get_entity_state__type_support.cpp.o[0m
[ 76%] [32mBuilding CXX object CMakeFiles/gazebo_msgs__rosidl_typesupport_introspection_cpp.dir/rosidl_typesupport_introspection_cpp/gazebo_msgs/srv/detail/spawn_model__type_support.cpp.o[0m
[ 77%] [32mBuilding CXX object CMakeFiles/gazebo_msgs__rosidl_typesupport_fastrtps_cpp.dir/rosidl_typesupport_fastrtps_cpp/gazebo_msgs/srv/detail/dds_fastrtps/get_light_properties__type_support.cpp.o[0m
[ 78%] [32mBuilding CXX object CMakeFiles/gazebo_msgs__rosidl_typesupport_fastrtps_c.dir/rosidl_typesupport_fastrtps_c/gazebo_msgs/srv/detail/get_physics_properties__type_support_c.cpp.o[0m
[ 78%] [32mBuilding CXX object CMakeFiles/gazebo_msgs__rosidl_typesupport_fastrtps_cpp.dir/rosidl_typesupport_fastrtps_cpp/gazebo_msgs/srv/detail/dds_fastrtps/get_link_properties__type_support.cpp.o[0m
[ 78%] [32mBuilding CXX object CMakeFiles/gazebo_msgs__rosidl_typesupport_fastrtps_c.dir/rosidl_typesupport_fastrtps_c/gazebo_msgs/srv/detail/get_world_properties__type_support_c.cpp.o[0m
[ 78%] [32mBuilding CXX object CMakeFiles/gazebo_msgs__rosidl_typesupport_fastrtps_c.dir/rosidl_typesupport_fastrtps_c/gazebo_msgs/srv/detail/joint_request__type_support_c.cpp.o[0m
[ 79%] [32m[1mLinking CXX shared library libgazebo_msgs__rosidl_typesupport_introspection_cpp.so[0m
[ 79%] [32mBuilding CXX object CMakeFiles/gazebo_msgs__rosidl_typesupport_fastrtps_c.dir/rosidl_typesupport_fastrtps_c/gazebo_msgs/srv/detail/link_request__type_support_c.cpp.o[0m
[ 79%] [32mBuilding CXX object CMakeFiles/gazebo_msgs__rosidl_typesupport_fastrtps_cpp.dir/rosidl_typesupport_fastrtps_cpp/gazebo_msgs/srv/detail/dds_fastrtps/get_link_state__type_support.cpp.o[0m
[ 80%] [32mBuilding CXX object CMakeFiles/gazebo_msgs__rosidl_typesupport_fastrtps_c.dir/rosidl_typesupport_fastrtps_c/gazebo_msgs/srv/detail/set_entity_state__type_support_c.cpp.o[0m
[ 80%] Built target gazebo_msgs__rosidl_typesupport_introspection_cpp
[ 81%] [32mBuilding CXX object CMakeFiles/gazebo_msgs__rosidl_typesupport_fastrtps_cpp.dir/rosidl_typesupport_fastrtps_cpp/gazebo_msgs/srv/detail/dds_fastrtps/get_model_list__type_support.cpp.o[0m
[ 81%] [32mBuilding CXX object CMakeFiles/gazebo_msgs__rosidl_typesupport_fastrtps_c.dir/rosidl_typesupport_fastrtps_c/gazebo_msgs/srv/detail/set_joint_properties__type_support_c.cpp.o[0m
[ 81%] [32mBuilding CXX object CMakeFiles/gazebo_msgs__rosidl_typesupport_fastrtps_cpp.dir/rosidl_typesupport_fastrtps_cpp/gazebo_msgs/srv/detail/dds_fastrtps/get_model_properties__type_support.cpp.o[0m
[ 81%] [32mBuilding CXX object CMakeFiles/gazebo_msgs__rosidl_typesupport_fastrtps_c.dir/rosidl_typesupport_fastrtps_c/gazebo_msgs/srv/detail/set_joint_trajectory__type_support_c.cpp.o[0m
[ 81%] [32mBuilding CXX object CMakeFiles/gazebo_msgs__rosidl_typesupport_fastrtps_cpp.dir/rosidl_typesupport_fastrtps_cpp/gazebo_msgs/srv/detail/dds_fastrtps/get_physics_properties__type_support.cpp.o[0m
[ 81%] [32mBuilding CXX object CMakeFiles/gazebo_msgs__rosidl_typesupport_fastrtps_c.dir/rosidl_typesupport_fastrtps_c/gazebo_msgs/srv/detail/set_link_state__type_support_c.cpp.o[0m
[ 82%] [32mBuilding CXX object CMakeFiles/gazebo_msgs__rosidl_typesupport_fastrtps_c.dir/rosidl_typesupport_fastrtps_c/gazebo_msgs/srv/detail/set_link_properties__type_support_c.cpp.o[0m
[ 82%] [32mBuilding CXX object CMakeFiles/gazebo_msgs__rosidl_typesupport_fastrtps_cpp.dir/rosidl_typesupport_fastrtps_cpp/gazebo_msgs/srv/detail/dds_fastrtps/joint_request__type_support.cpp.o[0m
[ 82%] [32mBuilding CXX object CMakeFiles/gazebo_msgs__rosidl_typesupport_fastrtps_c.dir/rosidl_typesupport_fastrtps_c/gazebo_msgs/srv/detail/set_model_configuration__type_support_c.cpp.o[0m
[ 82%] [32mBuilding CXX object CMakeFiles/gazebo_msgs__rosidl_typesupport_fastrtps_cpp.dir/rosidl_typesupport_fastrtps_cpp/gazebo_msgs/srv/detail/dds_fastrtps/link_request__type_support.cpp.o[0m
[ 83%] [32mBuilding CXX object CMakeFiles/gazebo_msgs__rosidl_typesupport_fastrtps_cpp.dir/rosidl_typesupport_fastrtps_cpp/gazebo_msgs/srv/detail/dds_fastrtps/get_world_properties__type_support.cpp.o[0m
[ 84%] [32mBuilding CXX object CMakeFiles/gazebo_msgs__rosidl_typesupport_fastrtps_c.dir/rosidl_typesupport_fastrtps_c/gazebo_msgs/srv/detail/set_model_state__type_support_c.cpp.o[0m
[ 84%] [32mBuilding CXX object CMakeFiles/gazebo_msgs__rosidl_typesupport_fastrtps_c.dir/rosidl_typesupport_fastrtps_c/gazebo_msgs/srv/detail/set_light_properties__type_support_c.cpp.o[0m
[ 84%] [32mBuilding CXX object CMakeFiles/gazebo_msgs__rosidl_typesupport_fastrtps_cpp.dir/rosidl_typesupport_fastrtps_cpp/gazebo_msgs/srv/detail/dds_fastrtps/set_entity_state__type_support.cpp.o[0m
[ 84%] [32mBuilding CXX object CMakeFiles/gazebo_msgs__rosidl_typesupport_fastrtps_cpp.dir/rosidl_typesupport_fastrtps_cpp/gazebo_msgs/srv/detail/dds_fastrtps/get_model_state__type_support.cpp.o[0m
[ 84%] [32mBuilding CXX object CMakeFiles/gazebo_msgs__rosidl_typesupport_fastrtps_c.dir/rosidl_typesupport_fastrtps_c/gazebo_msgs/srv/detail/spawn_entity__type_support_c.cpp.o[0m
[ 84%] [32mBuilding CXX object CMakeFiles/gazebo_msgs__rosidl_typesupport_fastrtps_cpp.dir/rosidl_typesupport_fastrtps_cpp/gazebo_msgs/srv/detail/dds_fastrtps/set_joint_trajectory__type_support.cpp.o[0m
[ 84%] [32mBuilding CXX object CMakeFiles/gazebo_msgs__rosidl_typesupport_fastrtps_c.dir/rosidl_typesupport_fastrtps_c/gazebo_msgs/srv/detail/set_physics_properties__type_support_c.cpp.o[0m
[ 85%] [32mBuilding CXX object CMakeFiles/gazebo_msgs__rosidl_typesupport_fastrtps_cpp.dir/rosidl_typesupport_fastrtps_cpp/gazebo_msgs/srv/detail/dds_fastrtps/set_joint_properties__type_support.cpp.o[0m
[ 85%] [32mBuilding CXX object CMakeFiles/gazebo_msgs__rosidl_typesupport_fastrtps_cpp.dir/rosidl_typesupport_fastrtps_cpp/gazebo_msgs/srv/detail/dds_fastrtps/set_light_properties__type_support.cpp.o[0m
[ 85%] [32mBuilding CXX object CMakeFiles/gazebo_msgs__rosidl_typesupport_fastrtps_c.dir/rosidl_typesupport_fastrtps_c/gazebo_msgs/srv/detail/spawn_model__type_support_c.cpp.o[0m
[ 85%] [32mBuilding CXX object CMakeFiles/gazebo_msgs__rosidl_typesupport_fastrtps_cpp.dir/rosidl_typesupport_fastrtps_cpp/gazebo_msgs/srv/detail/dds_fastrtps/set_model_configuration__type_support.cpp.o[0m
[ 86%] [32m[1mLinking CXX shared library libgazebo_msgs__rosidl_typesupport_fastrtps_c.so[0m
[ 86%] [32mBuilding CXX object CMakeFiles/gazebo_msgs__rosidl_typesupport_fastrtps_cpp.dir/rosidl_typesupport_fastrtps_cpp/gazebo_msgs/srv/detail/dds_fastrtps/set_model_state__type_support.cpp.o[0m
[ 86%] Built target gazebo_msgs__rosidl_typesupport_fastrtps_c
[ 86%] [32mBuilding CXX object CMakeFiles/gazebo_msgs__rosidl_typesupport_fastrtps_cpp.dir/rosidl_typesupport_fastrtps_cpp/gazebo_msgs/srv/detail/dds_fastrtps/spawn_entity__type_support.cpp.o[0m
[ 87%] [32mBuilding CXX object CMakeFiles/gazebo_msgs__rosidl_typesupport_fastrtps_cpp.dir/rosidl_typesupport_fastrtps_cpp/gazebo_msgs/srv/detail/dds_fastrtps/set_physics_properties__type_support.cpp.o[0m
[ 88%] [32mBuilding CXX object CMakeFiles/gazebo_msgs__rosidl_typesupport_fastrtps_cpp.dir/rosidl_typesupport_fastrtps_cpp/gazebo_msgs/srv/detail/dds_fastrtps/set_link_properties__type_support.cpp.o[0m
[ 88%] [32mBuilding CXX object CMakeFiles/gazebo_msgs__rosidl_typesupport_fastrtps_cpp.dir/rosidl_typesupport_fastrtps_cpp/gazebo_msgs/srv/detail/dds_fastrtps/set_link_state__type_support.cpp.o[0m
[ 88%] [32mBuilding CXX object CMakeFiles/gazebo_msgs__rosidl_typesupport_fastrtps_cpp.dir/rosidl_typesupport_fastrtps_cpp/gazebo_msgs/srv/detail/dds_fastrtps/spawn_model__type_support.cpp.o[0m
[ 88%] [32m[1mLinking CXX shared library libgazebo_msgs__rosidl_typesupport_fastrtps_cpp.so[0m
[ 88%] Built target gazebo_msgs__rosidl_typesupport_fastrtps_cpp
[ 88%] Built target gazebo_msgs
[ 88%] [34m[1mGenerating Python code for ROS interfaces[0m
[ 88%] Built target gazebo_msgs__py
[ 89%] [32mBuilding C object CMakeFiles/gazebo_msgs__rosidl_generator_py.dir/rosidl_generator_py/gazebo_msgs/msg/_contact_state_s.c.o[0m
[ 89%] [32mBuilding C object CMakeFiles/gazebo_msgs__rosidl_generator_py.dir/rosidl_generator_py/gazebo_msgs/msg/_entity_state_s.c.o[0m
[ 89%] [32mBuilding C object CMakeFiles/gazebo_msgs__rosidl_generator_py.dir/rosidl_generator_py/gazebo_msgs/msg/_link_state_s.c.o[0m
[ 89%] [32mBuilding C object CMakeFiles/gazebo_msgs__rosidl_generator_py.dir/rosidl_generator_py/gazebo_msgs/msg/_model_state_s.c.o[0m
[ 89%] [32mBuilding C object CMakeFiles/gazebo_msgs__rosidl_generator_py.dir/rosidl_generator_py/gazebo_msgs/msg/_contacts_state_s.c.o[0m
[ 90%] [32mBuilding C object CMakeFiles/gazebo_msgs__rosidl_generator_py.dir/rosidl_generator_py/gazebo_msgs/msg/_link_states_s.c.o[0m
[ 90%] [32mBuilding C object CMakeFiles/gazebo_msgs__rosidl_generator_py.dir/rosidl_generator_py/gazebo_msgs/msg/_model_states_s.c.o[0m
[ 90%] [32mBuilding C object CMakeFiles/gazebo_msgs__rosidl_generator_py.dir/rosidl_generator_py/gazebo_msgs/msg/_ode_joint_properties_s.c.o[0m
[ 91%] [32mBuilding C object CMakeFiles/gazebo_msgs__rosidl_generator_py.dir/rosidl_generator_py/gazebo_msgs/msg/_ode_physics_s.c.o[0m
[ 91%] [32mBuilding C object CMakeFiles/gazebo_msgs__rosidl_generator_py.dir/rosidl_generator_py/gazebo_msgs/msg/_performance_metrics_s.c.o[0m
[ 91%] [32mBuilding C object CMakeFiles/gazebo_msgs__rosidl_generator_py.dir/rosidl_generator_py/gazebo_msgs/msg/_sensor_performance_metric_s.c.o[0m
[ 92%] [32mBuilding C object CMakeFiles/gazebo_msgs__rosidl_generator_py.dir/rosidl_generator_py/gazebo_msgs/msg/_wheel_slip_s.c.o[0m
[ 92%] [32mBuilding C object CMakeFiles/gazebo_msgs__rosidl_generator_py.dir/rosidl_generator_py/gazebo_msgs/msg/_world_state_s.c.o[0m
[ 92%] [32mBuilding C object CMakeFiles/gazebo_msgs__rosidl_generator_py.dir/rosidl_generator_py/gazebo_msgs/srv/_apply_body_wrench_s.c.o[0m
[ 92%] [32mBuilding C object CMakeFiles/gazebo_msgs__rosidl_generator_py.dir/rosidl_generator_py/gazebo_msgs/srv/_apply_link_wrench_s.c.o[0m
[ 93%] [32mBuilding C object CMakeFiles/gazebo_msgs__rosidl_generator_py.dir/rosidl_generator_py/gazebo_msgs/srv/_apply_joint_effort_s.c.o[0m
[ 93%] [32mBuilding C object CMakeFiles/gazebo_msgs__rosidl_generator_py.dir/rosidl_generator_py/gazebo_msgs/srv/_body_request_s.c.o[0m
[ 93%] [32mBuilding C object CMakeFiles/gazebo_msgs__rosidl_generator_py.dir/rosidl_generator_py/gazebo_msgs/srv/_delete_entity_s.c.o[0m
[ 93%] [32mBuilding C object CMakeFiles/gazebo_msgs__rosidl_generator_py.dir/rosidl_generator_py/gazebo_msgs/srv/_delete_light_s.c.o[0m
[ 94%] [32mBuilding C object CMakeFiles/gazebo_msgs__rosidl_generator_py.dir/rosidl_generator_py/gazebo_msgs/srv/_delete_model_s.c.o[0m
[ 94%] [32mBuilding C object CMakeFiles/gazebo_msgs__rosidl_generator_py.dir/rosidl_generator_py/gazebo_msgs/srv/_get_joint_properties_s.c.o[0m
[ 94%] [32mBuilding C object CMakeFiles/gazebo_msgs__rosidl_generator_py.dir/rosidl_generator_py/gazebo_msgs/srv/_get_entity_state_s.c.o[0m
[ 95%] [32mBuilding C object CMakeFiles/gazebo_msgs__rosidl_generator_py.dir/rosidl_generator_py/gazebo_msgs/srv/_get_light_properties_s.c.o[0m
[ 95%] [32mBuilding C object CMakeFiles/gazebo_msgs__rosidl_generator_py.dir/rosidl_generator_py/gazebo_msgs/srv/_get_link_properties_s.c.o[0m
[ 95%] [32mBuilding C object CMakeFiles/gazebo_msgs__rosidl_generator_py.dir/rosidl_generator_py/gazebo_msgs/srv/_get_link_state_s.c.o[0m
[ 95%] [32mBuilding C object CMakeFiles/gazebo_msgs__rosidl_generator_py.dir/rosidl_generator_py/gazebo_msgs/srv/_get_model_list_s.c.o[0m
[ 96%] [32mBuilding C object CMakeFiles/gazebo_msgs__rosidl_generator_py.dir/rosidl_generator_py/gazebo_msgs/srv/_get_model_properties_s.c.o[0m
[ 96%] [32mBuilding C object CMakeFiles/gazebo_msgs__rosidl_generator_py.dir/rosidl_generator_py/gazebo_msgs/srv/_get_model_state_s.c.o[0m
[ 96%] [32mBuilding C object CMakeFiles/gazebo_msgs__rosidl_generator_py.dir/rosidl_generator_py/gazebo_msgs/srv/_get_physics_properties_s.c.o[0m
[ 96%] [32mBuilding C object CMakeFiles/gazebo_msgs__rosidl_generator_py.dir/rosidl_generator_py/gazebo_msgs/srv/_get_world_properties_s.c.o[0m
[ 97%] [32mBuilding C object CMakeFiles/gazebo_msgs__rosidl_generator_py.dir/rosidl_generator_py/gazebo_msgs/srv/_joint_request_s.c.o[0m
[ 97%] [32mBuilding C object CMakeFiles/gazebo_msgs__rosidl_generator_py.dir/rosidl_generator_py/gazebo_msgs/srv/_link_request_s.c.o[0m
[ 97%] [32mBuilding C object CMakeFiles/gazebo_msgs__rosidl_generator_py.dir/rosidl_generator_py/gazebo_msgs/srv/_set_entity_state_s.c.o[0m
[ 98%] [32mBuilding C object CMakeFiles/gazebo_msgs__rosidl_generator_py.dir/rosidl_generator_py/gazebo_msgs/srv/_set_joint_properties_s.c.o[0m
[ 98%] [32mBuilding C object CMakeFiles/gazebo_msgs__rosidl_generator_py.dir/rosidl_generator_py/gazebo_msgs/srv/_set_joint_trajectory_s.c.o[0m
[ 98%] [32mBuilding C object CMakeFiles/gazebo_msgs__rosidl_generator_py.dir/rosidl_generator_py/gazebo_msgs/srv/_set_light_properties_s.c.o[0m
[ 98%] [32mBuilding C object CMakeFiles/gazebo_msgs__rosidl_generator_py.dir/rosidl_generator_py/gazebo_msgs/srv/_set_link_properties_s.c.o[0m
[ 99%] [32mBuilding C object CMakeFiles/gazebo_msgs__rosidl_generator_py.dir/rosidl_generator_py/gazebo_msgs/srv/_set_link_state_s.c.o[0m
[ 99%] [32mBuilding C object CMakeFiles/gazebo_msgs__rosidl_generator_py.dir/rosidl_generator_py/gazebo_msgs/srv/_set_model_configuration_s.c.o[0m
[ 99%] [32mBuilding C object CMakeFiles/gazebo_msgs__rosidl_generator_py.dir/rosidl_generator_py/gazebo_msgs/srv/_set_model_state_s.c.o[0m
[ 99%] [32mBuilding C object CMakeFiles/gazebo_msgs__rosidl_generator_py.dir/rosidl_generator_py/gazebo_msgs/srv/_set_physics_properties_s.c.o[0m
[100%] [32mBuilding C object CMakeFiles/gazebo_msgs__rosidl_generator_py.dir/rosidl_generator_py/gazebo_msgs/srv/_spawn_entity_s.c.o[0m
[100%] [32mBuilding C object CMakeFiles/gazebo_msgs__rosidl_generator_py.dir/rosidl_generator_py/gazebo_msgs/srv/_spawn_model_s.c.o[0m
[100%] [32m[1mLinking C shared library rosidl_generator_py/gazebo_msgs/libgazebo_msgs__rosidl_generator_py.so[0m
[100%] Built target gazebo_msgs__rosidl_generator_py
[100%] [32mBuilding C object CMakeFiles/gazebo_msgs__rosidl_typesupport_introspection_c__pyext.dir/rosidl_generator_py/gazebo_msgs/_gazebo_msgs_s.ep.rosidl_typesupport_introspection_c.c.o[0m
[100%] [32mBuilding C object CMakeFiles/gazebo_msgs__rosidl_typesupport_fastrtps_c__pyext.dir/rosidl_generator_py/gazebo_msgs/_gazebo_msgs_s.ep.rosidl_typesupport_fastrtps_c.c.o[0m
[100%] [32mBuilding C object CMakeFiles/gazebo_msgs__rosidl_typesupport_c__pyext.dir/rosidl_generator_py/gazebo_msgs/_gazebo_msgs_s.ep.rosidl_typesupport_c.c.o[0m
[100%] [32m[1mLinking C shared library rosidl_generator_py/gazebo_msgs/gazebo_msgs_s__rosidl_typesupport_introspection_c.cpython-310-aarch64-linux-gnu.so[0m
[100%] [32m[1mLinking C shared library rosidl_generator_py/gazebo_msgs/gazebo_msgs_s__rosidl_typesupport_c.cpython-310-aarch64-linux-gnu.so[0m
[100%] [32m[1mLinking C shared library rosidl_generator_py/gazebo_msgs/gazebo_msgs_s__rosidl_typesupport_fastrtps_c.cpython-310-aarch64-linux-gnu.so[0m
[100%] Built target gazebo_msgs__rosidl_typesupport_c__pyext
[100%] Built target gazebo_msgs__rosidl_typesupport_introspection_c__pyext
[100%] Built target gazebo_msgs__rosidl_typesupport_fastrtps_c__pyext
-- Install configuration: ""
-- Installing: /opt/ros/gazebo_ros_build/install/share/ament_index/resource_index/rosidl_interfaces/gazebo_msgs
-- Installing: /opt/ros/gazebo_ros_build/install/include/gazebo_msgs/gazebo_msgs
-- Installing: /opt/ros/gazebo_ros_build/install/include/gazebo_msgs/gazebo_msgs/msg
-- Installing: /opt/ros/gazebo_ros_build/install/include/gazebo_msgs/gazebo_msgs/msg/model_state.h
-- Installing: /opt/ros/gazebo_ros_build/install/include/gazebo_msgs/gazebo_msgs/msg/contacts_state.h
-- Installing: /opt/ros/gazebo_ros_build/install/include/gazebo_msgs/gazebo_msgs/msg/ode_physics.h
-- Installing: /opt/ros/gazebo_ros_build/install/include/gazebo_msgs/gazebo_msgs/msg/link_states.h
-- Installing: /opt/ros/gazebo_ros_build/install/include/gazebo_msgs/gazebo_msgs/msg/rosidl_generator_c__visibility_control.h
-- Installing: /opt/ros/gazebo_ros_build/install/include/gazebo_msgs/gazebo_msgs/msg/entity_state.h
-- Installing: /opt/ros/gazebo_ros_build/install/include/gazebo_msgs/gazebo_msgs/msg/performance_metrics.h
-- Installing: /opt/ros/gazebo_ros_build/install/include/gazebo_msgs/gazebo_msgs/msg/world_state.h
-- Installing: /opt/ros/gazebo_ros_build/install/include/gazebo_msgs/gazebo_msgs/msg/ode_joint_properties.h
-- Installing: /opt/ros/gazebo_ros_build/install/include/gazebo_msgs/gazebo_msgs/msg/link_state.h
-- Installing: /opt/ros/gazebo_ros_build/install/include/gazebo_msgs/gazebo_msgs/msg/wheel_slip.h
-- Installing: /opt/ros/gazebo_ros_build/install/include/gazebo_msgs/gazebo_msgs/msg/contact_state.h
-- Installing: /opt/ros/gazebo_ros_build/install/include/gazebo_msgs/gazebo_msgs/msg/detail
-- Installing: /opt/ros/gazebo_ros_build/install/include/gazebo_msgs/gazebo_msgs/msg/detail/entity_state__struct.h
-- Installing: /opt/ros/gazebo_ros_build/install/include/gazebo_msgs/gazebo_msgs/msg/detail/contact_state__type_support.h
-- Installing: /opt/ros/gazebo_ros_build/install/include/gazebo_msgs/gazebo_msgs/msg/detail/ode_physics__functions.c
-- Installing: /opt/ros/gazebo_ros_build/install/include/gazebo_msgs/gazebo_msgs/msg/detail/world_state__struct.h
-- Installing: /opt/ros/gazebo_ros_build/install/include/gazebo_msgs/gazebo_msgs/msg/detail/performance_metrics__functions.c
-- Installing: /opt/ros/gazebo_ros_build/install/include/gazebo_msgs/gazebo_msgs/msg/detail/contacts_state__functions.c
-- Installing: /opt/ros/gazebo_ros_build/install/include/gazebo_msgs/gazebo_msgs/msg/detail/world_state__type_support.h
-- Installing: /opt/ros/gazebo_ros_build/install/include/gazebo_msgs/gazebo_msgs/msg/detail/contacts_state__functions.h
-- Installing: /opt/ros/gazebo_ros_build/install/include/gazebo_msgs/gazebo_msgs/msg/detail/ode_joint_properties__type_support.h
-- Installing: /opt/ros/gazebo_ros_build/install/include/gazebo_msgs/gazebo_msgs/msg/detail/ode_joint_properties__functions.c
-- Installing: /opt/ros/gazebo_ros_build/install/include/gazebo_msgs/gazebo_msgs/msg/detail/model_state__type_support.h
-- Installing: /opt/ros/gazebo_ros_build/install/include/gazebo_msgs/gazebo_msgs/msg/detail/model_states__struct.h
-- Installing: /opt/ros/gazebo_ros_build/install/include/gazebo_msgs/gazebo_msgs/msg/detail/entity_state__type_support.h
-- Installing: /opt/ros/gazebo_ros_build/install/include/gazebo_msgs/gazebo_msgs/msg/detail/contacts_state__type_support.h
-- Installing: /opt/ros/gazebo_ros_build/install/include/gazebo_msgs/gazebo_msgs/msg/detail/wheel_slip__type_support.h
-- Installing: /opt/ros/gazebo_ros_build/install/include/gazebo_msgs/gazebo_msgs/msg/detail/world_state__functions.h
-- Installing: /opt/ros/gazebo_ros_build/install/include/gazebo_msgs/gazebo_msgs/msg/detail/ode_physics__struct.h
-- Installing: /opt/ros/gazebo_ros_build/install/include/gazebo_msgs/gazebo_msgs/msg/detail/contacts_state__struct.h
-- Installing: /opt/ros/gazebo_ros_build/install/include/gazebo_msgs/gazebo_msgs/msg/detail/ode_joint_properties__struct.h
-- Installing: /opt/ros/gazebo_ros_build/install/include/gazebo_msgs/gazebo_msgs/msg/detail/link_state__struct.h
-- Installing: /opt/ros/gazebo_ros_build/install/include/gazebo_msgs/gazebo_msgs/msg/detail/model_states__type_support.h
-- Installing: /opt/ros/gazebo_ros_build/install/include/gazebo_msgs/gazebo_msgs/msg/detail/sensor_performance_metric__functions.h
-- Installing: /opt/ros/gazebo_ros_build/install/include/gazebo_msgs/gazebo_msgs/msg/detail/performance_metrics__struct.h
-- Installing: /opt/ros/gazebo_ros_build/install/include/gazebo_msgs/gazebo_msgs/msg/detail/contact_state__functions.c
-- Installing: /opt/ros/gazebo_ros_build/install/include/gazebo_msgs/gazebo_msgs/msg/detail/wheel_slip__functions.c
-- Installing: /opt/ros/gazebo_ros_build/install/include/gazebo_msgs/gazebo_msgs/msg/detail/link_state__functions.h
-- Installing: /opt/ros/gazebo_ros_build/install/include/gazebo_msgs/gazebo_msgs/msg/detail/wheel_slip__functions.h
-- Installing: /opt/ros/gazebo_ros_build/install/include/gazebo_msgs/gazebo_msgs/msg/detail/performance_metrics__type_support.h
-- Installing: /opt/ros/gazebo_ros_build/install/include/gazebo_msgs/gazebo_msgs/msg/detail/sensor_performance_metric__struct.h
-- Installing: /opt/ros/gazebo_ros_build/install/include/gazebo_msgs/gazebo_msgs/msg/detail/link_states__functions.c
-- Installing: /opt/ros/gazebo_ros_build/install/include/gazebo_msgs/gazebo_msgs/msg/detail/link_state__type_support.h
-- Installing: /opt/ros/gazebo_ros_build/install/include/gazebo_msgs/gazebo_msgs/msg/detail/model_state__functions.c
-- Installing: /opt/ros/gazebo_ros_build/install/include/gazebo_msgs/gazebo_msgs/msg/detail/world_state__functions.c
-- Installing: /opt/ros/gazebo_ros_build/install/include/gazebo_msgs/gazebo_msgs/msg/detail/ode_physics__functions.h
-- Installing: /opt/ros/gazebo_ros_build/install/include/gazebo_msgs/gazebo_msgs/msg/detail/model_state__struct.h
-- Installing: /opt/ros/gazebo_ros_build/install/include/gazebo_msgs/gazebo_msgs/msg/detail/model_states__functions.h
-- Installing: /opt/ros/gazebo_ros_build/install/include/gazebo_msgs/gazebo_msgs/msg/detail/model_states__functions.c
-- Installing: /opt/ros/gazebo_ros_build/install/include/gazebo_msgs/gazebo_msgs/msg/detail/entity_state__functions.h
-- Installing: /opt/ros/gazebo_ros_build/install/include/gazebo_msgs/gazebo_msgs/msg/detail/ode_joint_properties__functions.h
-- Installing: /opt/ros/gazebo_ros_build/install/include/gazebo_msgs/gazebo_msgs/msg/detail/performance_metrics__functions.h
-- Installing: /opt/ros/gazebo_ros_build/install/include/gazebo_msgs/gazebo_msgs/msg/detail/model_state__functions.h
-- Installing: /opt/ros/gazebo_ros_build/install/include/gazebo_msgs/gazebo_msgs/msg/detail/contact_state__struct.h
-- Installing: /opt/ros/gazebo_ros_build/install/include/gazebo_msgs/gazebo_msgs/msg/detail/sensor_performance_metric__functions.c
-- Installing: /opt/ros/gazebo_ros_build/install/include/gazebo_msgs/gazebo_msgs/msg/detail/entity_state__functions.c
-- Installing: /opt/ros/gazebo_ros_build/install/include/gazebo_msgs/gazebo_msgs/msg/detail/wheel_slip__struct.h
-- Installing: /opt/ros/gazebo_ros_build/install/include/gazebo_msgs/gazebo_msgs/msg/detail/link_states__struct.h
-- Installing: /opt/ros/gazebo_ros_build/install/include/gazebo_msgs/gazebo_msgs/msg/detail/link_states__functions.h
-- Installing: /opt/ros/gazebo_ros_build/install/include/gazebo_msgs/gazebo_msgs/msg/detail/contact_state__functions.h
-- Installing: /opt/ros/gazebo_ros_build/install/include/gazebo_msgs/gazebo_msgs/msg/detail/link_state__functions.c
-- Installing: /opt/ros/gazebo_ros_build/install/include/gazebo_msgs/gazebo_msgs/msg/detail/sensor_performance_metric__type_support.h
-- Installing: /opt/ros/gazebo_ros_build/install/include/gazebo_msgs/gazebo_msgs/msg/detail/link_states__type_support.h
-- Installing: /opt/ros/gazebo_ros_build/install/include/gazebo_msgs/gazebo_msgs/msg/detail/ode_physics__type_support.h
-- Installing: /opt/ros/gazebo_ros_build/install/include/gazebo_msgs/gazebo_msgs/msg/sensor_performance_metric.h
-- Installing: /opt/ros/gazebo_ros_build/install/include/gazebo_msgs/gazebo_msgs/msg/model_states.h
-- Installing: /opt/ros/gazebo_ros_build/install/include/gazebo_msgs/gazebo_msgs/srv
-- Installing: /opt/ros/gazebo_ros_build/install/include/gazebo_msgs/gazebo_msgs/srv/set_joint_properties.h
-- Installing: /opt/ros/gazebo_ros_build/install/include/gazebo_msgs/gazebo_msgs/srv/set_model_state.h
-- Installing: /opt/ros/gazebo_ros_build/install/include/gazebo_msgs/gazebo_msgs/srv/get_model_list.h
-- Installing: /opt/ros/gazebo_ros_build/install/include/gazebo_msgs/gazebo_msgs/srv/get_physics_properties.h
-- Installing: /opt/ros/gazebo_ros_build/install/include/gazebo_msgs/gazebo_msgs/srv/set_physics_properties.h
-- Installing: /opt/ros/gazebo_ros_build/install/include/gazebo_msgs/gazebo_msgs/srv/get_entity_state.h
-- Installing: /opt/ros/gazebo_ros_build/install/include/gazebo_msgs/gazebo_msgs/srv/apply_body_wrench.h
-- Installing: /opt/ros/gazebo_ros_build/install/include/gazebo_msgs/gazebo_msgs/srv/set_joint_trajectory.h
-- Installing: /opt/ros/gazebo_ros_build/install/include/gazebo_msgs/gazebo_msgs/srv/get_link_state.h
-- Installing: /opt/ros/gazebo_ros_build/install/include/gazebo_msgs/gazebo_msgs/srv/get_link_properties.h
-- Installing: /opt/ros/gazebo_ros_build/install/include/gazebo_msgs/gazebo_msgs/srv/set_model_configuration.h
-- Installing: /opt/ros/gazebo_ros_build/install/include/gazebo_msgs/gazebo_msgs/srv/get_model_properties.h
-- Installing: /opt/ros/gazebo_ros_build/install/include/gazebo_msgs/gazebo_msgs/srv/joint_request.h
-- Installing: /opt/ros/gazebo_ros_build/install/include/gazebo_msgs/gazebo_msgs/srv/get_light_properties.h
-- Installing: /opt/ros/gazebo_ros_build/install/include/gazebo_msgs/gazebo_msgs/srv/get_world_properties.h
-- Installing: /opt/ros/gazebo_ros_build/install/include/gazebo_msgs/gazebo_msgs/srv/apply_joint_effort.h
-- Installing: /opt/ros/gazebo_ros_build/install/include/gazebo_msgs/gazebo_msgs/srv/delete_entity.h
-- Installing: /opt/ros/gazebo_ros_build/install/include/gazebo_msgs/gazebo_msgs/srv/set_entity_state.h
-- Installing: /opt/ros/gazebo_ros_build/install/include/gazebo_msgs/gazebo_msgs/srv/spawn_entity.h
-- Installing: /opt/ros/gazebo_ros_build/install/include/gazebo_msgs/gazebo_msgs/srv/body_request.h
-- Installing: /opt/ros/gazebo_ros_build/install/include/gazebo_msgs/gazebo_msgs/srv/delete_light.h
-- Installing: /opt/ros/gazebo_ros_build/install/include/gazebo_msgs/gazebo_msgs/srv/set_light_properties.h
-- Installing: /opt/ros/gazebo_ros_build/install/include/gazebo_msgs/gazebo_msgs/srv/get_model_state.h
-- Installing: /opt/ros/gazebo_ros_build/install/include/gazebo_msgs/gazebo_msgs/srv/set_link_properties.h
-- Installing: /opt/ros/gazebo_ros_build/install/include/gazebo_msgs/gazebo_msgs/srv/apply_link_wrench.h
-- Installing: /opt/ros/gazebo_ros_build/install/include/gazebo_msgs/gazebo_msgs/srv/detail
-- Installing: /opt/ros/gazebo_ros_build/install/include/gazebo_msgs/gazebo_msgs/srv/detail/set_link_state__functions.c
-- Installing: /opt/ros/gazebo_ros_build/install/include/gazebo_msgs/gazebo_msgs/srv/detail/set_joint_trajectory__type_support.h
-- Installing: /opt/ros/gazebo_ros_build/install/include/gazebo_msgs/gazebo_msgs/srv/detail/get_joint_properties__type_support.h
-- Installing: /opt/ros/gazebo_ros_build/install/include/gazebo_msgs/gazebo_msgs/srv/detail/set_joint_properties__struct.h
-- Installing: /opt/ros/gazebo_ros_build/install/include/gazebo_msgs/gazebo_msgs/srv/detail/apply_joint_effort__struct.h
-- Installing: /opt/ros/gazebo_ros_build/install/include/gazebo_msgs/gazebo_msgs/srv/detail/get_model_state__type_support.h
-- Installing: /opt/ros/gazebo_ros_build/install/include/gazebo_msgs/gazebo_msgs/srv/detail/spawn_entity__functions.c
-- Installing: /opt/ros/gazebo_ros_build/install/include/gazebo_msgs/gazebo_msgs/srv/detail/get_entity_state__functions.c
-- Installing: /opt/ros/gazebo_ros_build/install/include/gazebo_msgs/gazebo_msgs/srv/detail/apply_link_wrench__struct.h
-- Installing: /opt/ros/gazebo_ros_build/install/include/gazebo_msgs/gazebo_msgs/srv/detail/delete_model__type_support.h
-- Installing: /opt/ros/gazebo_ros_build/install/include/gazebo_msgs/gazebo_msgs/srv/detail/set_entity_state__type_support.h
-- Installing: /opt/ros/gazebo_ros_build/install/include/gazebo_msgs/gazebo_msgs/srv/detail/link_request__struct.h
-- Installing: /opt/ros/gazebo_ros_build/install/include/gazebo_msgs/gazebo_msgs/srv/detail/set_physics_properties__struct.h
-- Installing: /opt/ros/gazebo_ros_build/install/include/gazebo_msgs/gazebo_msgs/srv/detail/get_joint_properties__struct.h
-- Installing: /opt/ros/gazebo_ros_build/install/include/gazebo_msgs/gazebo_msgs/srv/detail/set_model_state__functions.h
-- Installing: /opt/ros/gazebo_ros_build/install/include/gazebo_msgs/gazebo_msgs/srv/detail/set_light_properties__type_support.h
-- Installing: /opt/ros/gazebo_ros_build/install/include/gazebo_msgs/gazebo_msgs/srv/detail/get_physics_properties__functions.h
-- Installing: /opt/ros/gazebo_ros_build/install/include/gazebo_msgs/gazebo_msgs/srv/detail/apply_body_wrench__functions.h
-- Installing: /opt/ros/gazebo_ros_build/install/include/gazebo_msgs/gazebo_msgs/srv/detail/get_joint_properties__functions.h
-- Installing: /opt/ros/gazebo_ros_build/install/include/gazebo_msgs/gazebo_msgs/srv/detail/apply_body_wrench__type_support.h
-- Installing: /opt/ros/gazebo_ros_build/install/include/gazebo_msgs/gazebo_msgs/srv/detail/set_joint_properties__functions.c
-- Installing: /opt/ros/gazebo_ros_build/install/include/gazebo_msgs/gazebo_msgs/srv/detail/set_model_state__type_support.h
-- Installing: /opt/ros/gazebo_ros_build/install/include/gazebo_msgs/gazebo_msgs/srv/detail/spawn_model__struct.h
-- Installing: /opt/ros/gazebo_ros_build/install/include/gazebo_msgs/gazebo_msgs/srv/detail/set_physics_properties__type_support.h
-- Installing: /opt/ros/gazebo_ros_build/install/include/gazebo_msgs/gazebo_msgs/srv/detail/delete_entity__functions.h
-- Installing: /opt/ros/gazebo_ros_build/install/include/gazebo_msgs/gazebo_msgs/srv/detail/set_link_properties__functions.c
-- Installing: /opt/ros/gazebo_ros_build/install/include/gazebo_msgs/gazebo_msgs/srv/detail/spawn_model__functions.h
-- Installing: /opt/ros/gazebo_ros_build/install/include/gazebo_msgs/gazebo_msgs/srv/detail/apply_link_wrench__functions.h
-- Installing: /opt/ros/gazebo_ros_build/install/include/gazebo_msgs/gazebo_msgs/srv/detail/link_request__functions.h
-- Installing: /opt/ros/gazebo_ros_build/install/include/gazebo_msgs/gazebo_msgs/srv/detail/delete_model__functions.h
-- Installing: /opt/ros/gazebo_ros_build/install/include/gazebo_msgs/gazebo_msgs/srv/detail/get_model_properties__functions.c
-- Installing: /opt/ros/gazebo_ros_build/install/include/gazebo_msgs/gazebo_msgs/srv/detail/set_light_properties__functions.c
-- Installing: /opt/ros/gazebo_ros_build/install/include/gazebo_msgs/gazebo_msgs/srv/detail/set_light_properties__struct.h
-- Installing: /opt/ros/gazebo_ros_build/install/include/gazebo_msgs/gazebo_msgs/srv/detail/set_model_state__struct.h
-- Installing: /opt/ros/gazebo_ros_build/install/include/gazebo_msgs/gazebo_msgs/srv/detail/get_light_properties__functions.h
-- Installing: /opt/ros/gazebo_ros_build/install/include/gazebo_msgs/gazebo_msgs/srv/detail/get_model_state__functions.c
-- Installing: /opt/ros/gazebo_ros_build/install/include/gazebo_msgs/gazebo_msgs/srv/detail/get_world_properties__type_support.h
-- Installing: /opt/ros/gazebo_ros_build/install/include/gazebo_msgs/gazebo_msgs/srv/detail/get_physics_properties__type_support.h
-- Installing: /opt/ros/gazebo_ros_build/install/include/gazebo_msgs/gazebo_msgs/srv/detail/set_joint_trajectory__functions.h
-- Installing: /opt/ros/gazebo_ros_build/install/include/gazebo_msgs/gazebo_msgs/srv/detail/set_link_state__type_support.h
-- Installing: /opt/ros/gazebo_ros_build/install/include/gazebo_msgs/gazebo_msgs/srv/detail/set_model_configuration__type_support.h
-- Installing: /opt/ros/gazebo_ros_build/install/include/gazebo_msgs/gazebo_msgs/srv/detail/set_joint_properties__type_support.h
-- Installing: /opt/ros/gazebo_ros_build/install/include/gazebo_msgs/gazebo_msgs/srv/detail/get_model_properties__functions.h
-- Installing: /opt/ros/gazebo_ros_build/install/include/gazebo_msgs/gazebo_msgs/srv/detail/delete_entity__type_support.h
-- Installing: /opt/ros/gazebo_ros_build/install/include/gazebo_msgs/gazebo_msgs/srv/detail/get_physics_properties__struct.h
-- Installing: /opt/ros/gazebo_ros_build/install/include/gazebo_msgs/gazebo_msgs/srv/detail/delete_model__struct.h
-- Installing: /opt/ros/gazebo_ros_build/install/include/gazebo_msgs/gazebo_msgs/srv/detail/delete_entity__struct.h
-- Installing: /opt/ros/gazebo_ros_build/install/include/gazebo_msgs/gazebo_msgs/srv/detail/set_model_configuration__functions.h
-- Installing: /opt/ros/gazebo_ros_build/install/include/gazebo_msgs/gazebo_msgs/srv/detail/link_request__type_support.h
-- Installing: /opt/ros/gazebo_ros_build/install/include/gazebo_msgs/gazebo_msgs/srv/detail/get_link_properties__struct.h
-- Installing: /opt/ros/gazebo_ros_build/install/include/gazebo_msgs/gazebo_msgs/srv/detail/body_request__type_support.h
-- Installing: /opt/ros/gazebo_ros_build/install/include/gazebo_msgs/gazebo_msgs/srv/detail/set_physics_properties__functions.c
-- Installing: /opt/ros/gazebo_ros_build/install/include/gazebo_msgs/gazebo_msgs/srv/detail/get_link_properties__functions.c
-- Installing: /opt/ros/gazebo_ros_build/install/include/gazebo_msgs/gazebo_msgs/srv/detail/get_entity_state__struct.h
-- Installing: /opt/ros/gazebo_ros_build/install/include/gazebo_msgs/gazebo_msgs/srv/detail/get_model_list__type_support.h
-- Installing: /opt/ros/gazebo_ros_build/install/include/gazebo_msgs/gazebo_msgs/srv/detail/apply_body_wrench__struct.h
-- Installing: /opt/ros/gazebo_ros_build/install/include/gazebo_msgs/gazebo_msgs/srv/detail/spawn_entity__struct.h
-- Installing: /opt/ros/gazebo_ros_build/install/include/gazebo_msgs/gazebo_msgs/srv/detail/get_model_state__functions.h
-- Installing: /opt/ros/gazebo_ros_build/install/include/gazebo_msgs/gazebo_msgs/srv/detail/get_link_properties__type_support.h
-- Installing: /opt/ros/gazebo_ros_build/install/include/gazebo_msgs/gazebo_msgs/srv/detail/get_model_properties__struct.h
-- Installing: /opt/ros/gazebo_ros_build/install/include/gazebo_msgs/gazebo_msgs/srv/detail/set_physics_properties__functions.h
-- Installing: /opt/ros/gazebo_ros_build/install/include/gazebo_msgs/gazebo_msgs/srv/detail/spawn_entity__type_support.h
-- Installing: /opt/ros/gazebo_ros_build/install/include/gazebo_msgs/gazebo_msgs/srv/detail/delete_light__struct.h
-- Installing: /opt/ros/gazebo_ros_build/install/include/gazebo_msgs/gazebo_msgs/srv/detail/get_link_state__functions.c
-- Installing: /opt/ros/gazebo_ros_build/install/include/gazebo_msgs/gazebo_msgs/srv/detail/set_joint_trajectory__functions.c
-- Installing: /opt/ros/gazebo_ros_build/install/include/gazebo_msgs/gazebo_msgs/srv/detail/set_joint_properties__functions.h
-- Installing: /opt/ros/gazebo_ros_build/install/include/gazebo_msgs/gazebo_msgs/srv/detail/set_link_properties__struct.h
-- Installing: /opt/ros/gazebo_ros_build/install/include/gazebo_msgs/gazebo_msgs/srv/detail/set_link_state__struct.h
-- Installing: /opt/ros/gazebo_ros_build/install/include/gazebo_msgs/gazebo_msgs/srv/detail/link_request__functions.c
-- Installing: /opt/ros/gazebo_ros_build/install/include/gazebo_msgs/gazebo_msgs/srv/detail/set_entity_state__functions.c
-- Installing: /opt/ros/gazebo_ros_build/install/include/gazebo_msgs/gazebo_msgs/srv/detail/get_model_list__struct.h
-- Installing: /opt/ros/gazebo_ros_build/install/include/gazebo_msgs/gazebo_msgs/srv/detail/get_model_list__functions.c
-- Installing: /opt/ros/gazebo_ros_build/install/include/gazebo_msgs/gazebo_msgs/srv/detail/get_world_properties__functions.h
-- Installing: /opt/ros/gazebo_ros_build/install/include/gazebo_msgs/gazebo_msgs/srv/detail/joint_request__struct.h
-- Installing: /opt/ros/gazebo_ros_build/install/include/gazebo_msgs/gazebo_msgs/srv/detail/joint_request__type_support.h
-- Installing: /opt/ros/gazebo_ros_build/install/include/gazebo_msgs/gazebo_msgs/srv/detail/get_world_properties__struct.h
-- Installing: /opt/ros/gazebo_ros_build/install/include/gazebo_msgs/gazebo_msgs/srv/detail/get_link_state__functions.h
-- Installing: /opt/ros/gazebo_ros_build/install/include/gazebo_msgs/gazebo_msgs/srv/detail/body_request__struct.h
-- Installing: /opt/ros/gazebo_ros_build/install/include/gazebo_msgs/gazebo_msgs/srv/detail/get_model_list__functions.h
-- Installing: /opt/ros/gazebo_ros_build/install/include/gazebo_msgs/gazebo_msgs/srv/detail/get_light_properties__type_support.h
-- Installing: /opt/ros/gazebo_ros_build/install/include/gazebo_msgs/gazebo_msgs/srv/detail/set_link_state__functions.h
-- Installing: /opt/ros/gazebo_ros_build/install/include/gazebo_msgs/gazebo_msgs/srv/detail/spawn_entity__functions.h
-- Installing: /opt/ros/gazebo_ros_build/install/include/gazebo_msgs/gazebo_msgs/srv/detail/get_entity_state__type_support.h
-- Installing: /opt/ros/gazebo_ros_build/install/include/gazebo_msgs/gazebo_msgs/srv/detail/get_link_state__type_support.h
-- Installing: /opt/ros/gazebo_ros_build/install/include/gazebo_msgs/gazebo_msgs/srv/detail/delete_light__type_support.h
-- Installing: /opt/ros/gazebo_ros_build/install/include/gazebo_msgs/gazebo_msgs/srv/detail/joint_request__functions.h
-- Installing: /opt/ros/gazebo_ros_build/install/include/gazebo_msgs/gazebo_msgs/srv/detail/set_model_state__functions.c
-- Installing: /opt/ros/gazebo_ros_build/install/include/gazebo_msgs/gazebo_msgs/srv/detail/get_physics_properties__functions.c
-- Installing: /opt/ros/gazebo_ros_build/install/include/gazebo_msgs/gazebo_msgs/srv/detail/body_request__functions.h
-- Installing: /opt/ros/gazebo_ros_build/install/include/gazebo_msgs/gazebo_msgs/srv/detail/joint_request__functions.c
-- Installing: /opt/ros/gazebo_ros_build/install/include/gazebo_msgs/gazebo_msgs/srv/detail/delete_entity__functions.c
-- Installing: /opt/ros/gazebo_ros_build/install/include/gazebo_msgs/gazebo_msgs/srv/detail/set_entity_state__struct.h
-- Installing: /opt/ros/gazebo_ros_build/install/include/gazebo_msgs/gazebo_msgs/srv/detail/set_joint_trajectory__struct.h
-- Installing: /opt/ros/gazebo_ros_build/install/include/gazebo_msgs/gazebo_msgs/srv/detail/delete_light__functions.c
-- Installing: /opt/ros/gazebo_ros_build/install/include/gazebo_msgs/gazebo_msgs/srv/detail/spawn_model__type_support.h
-- Installing: /opt/ros/gazebo_ros_build/install/include/gazebo_msgs/gazebo_msgs/srv/detail/set_link_properties__functions.h
-- Installing: /opt/ros/gazebo_ros_build/install/include/gazebo_msgs/gazebo_msgs/srv/detail/get_world_properties__functions.c
-- Installing: /opt/ros/gazebo_ros_build/install/include/gazebo_msgs/gazebo_msgs/srv/detail/spawn_model__functions.c
-- Installing: /opt/ros/gazebo_ros_build/install/include/gazebo_msgs/gazebo_msgs/srv/detail/get_entity_state__functions.h
-- Installing: /opt/ros/gazebo_ros_build/install/include/gazebo_msgs/gazebo_msgs/srv/detail/delete_light__functions.h
-- Installing: /opt/ros/gazebo_ros_build/install/include/gazebo_msgs/gazebo_msgs/srv/detail/apply_link_wrench__functions.c
-- Installing: /opt/ros/gazebo_ros_build/install/include/gazebo_msgs/gazebo_msgs/srv/detail/apply_joint_effort__type_support.h
-- Installing: /opt/ros/gazebo_ros_build/install/include/gazebo_msgs/gazebo_msgs/srv/detail/apply_joint_effort__functions.h
-- Installing: /opt/ros/gazebo_ros_build/install/include/gazebo_msgs/gazebo_msgs/srv/detail/get_joint_properties__functions.c
-- Installing: /opt/ros/gazebo_ros_build/install/include/gazebo_msgs/gazebo_msgs/srv/detail/get_link_state__struct.h
-- Installing: /opt/ros/gazebo_ros_build/install/include/gazebo_msgs/gazebo_msgs/srv/detail/set_model_configuration__struct.h
-- Installing: /opt/ros/gazebo_ros_build/install/include/gazebo_msgs/gazebo_msgs/srv/detail/get_link_properties__functions.h
-- Installing: /opt/ros/gazebo_ros_build/install/include/gazebo_msgs/gazebo_msgs/srv/detail/apply_link_wrench__type_support.h
-- Installing: /opt/ros/gazebo_ros_build/install/include/gazebo_msgs/gazebo_msgs/srv/detail/delete_model__functions.c
-- Installing: /opt/ros/gazebo_ros_build/install/include/gazebo_msgs/gazebo_msgs/srv/detail/set_model_configuration__functions.c
-- Installing: /opt/ros/gazebo_ros_build/install/include/gazebo_msgs/gazebo_msgs/srv/detail/set_link_properties__type_support.h
-- Installing: /opt/ros/gazebo_ros_build/install/include/gazebo_msgs/gazebo_msgs/srv/detail/set_entity_state__functions.h
-- Installing: /opt/ros/gazebo_ros_build/install/include/gazebo_msgs/gazebo_msgs/srv/detail/get_model_properties__type_support.h
-- Installing: /opt/ros/gazebo_ros_build/install/include/gazebo_msgs/gazebo_msgs/srv/detail/get_light_properties__struct.h
-- Installing: /opt/ros/gazebo_ros_build/install/include/gazebo_msgs/gazebo_msgs/srv/detail/get_light_properties__functions.c
-- Installing: /opt/ros/gazebo_ros_build/install/include/gazebo_msgs/gazebo_msgs/srv/detail/apply_body_wrench__functions.c
-- Installing: /opt/ros/gazebo_ros_build/install/include/gazebo_msgs/gazebo_msgs/srv/detail/set_light_properties__functions.h
-- Installing: /opt/ros/gazebo_ros_build/install/include/gazebo_msgs/gazebo_msgs/srv/detail/apply_joint_effort__functions.c
-- Installing: /opt/ros/gazebo_ros_build/install/include/gazebo_msgs/gazebo_msgs/srv/detail/body_request__functions.c
-- Installing: /opt/ros/gazebo_ros_build/install/include/gazebo_msgs/gazebo_msgs/srv/detail/get_model_state__struct.h
-- Installing: /opt/ros/gazebo_ros_build/install/include/gazebo_msgs/gazebo_msgs/srv/link_request.h
-- Installing: /opt/ros/gazebo_ros_build/install/include/gazebo_msgs/gazebo_msgs/srv/set_link_state.h
-- Installing: /opt/ros/gazebo_ros_build/install/include/gazebo_msgs/gazebo_msgs/srv/spawn_model.h
-- Installing: /opt/ros/gazebo_ros_build/install/include/gazebo_msgs/gazebo_msgs/srv/delete_model.h
-- Installing: /opt/ros/gazebo_ros_build/install/include/gazebo_msgs/gazebo_msgs/srv/get_joint_properties.h
-- Installing: /opt/ros/gazebo_ros_build/install/share/gazebo_msgs/environment/library_path.sh
-- Installing: /opt/ros/gazebo_ros_build/install/share/gazebo_msgs/environment/library_path.dsv
-- Installing: /opt/ros/gazebo_ros_build/install/lib/libgazebo_msgs__rosidl_generator_c.so
-- Set runtime path of "/opt/ros/gazebo_ros_build/install/lib/libgazebo_msgs__rosidl_generator_c.so" to ""
-- Up-to-date: /opt/ros/gazebo_ros_build/install/include/gazebo_msgs/gazebo_msgs
-- Up-to-date: /opt/ros/gazebo_ros_build/install/include/gazebo_msgs/gazebo_msgs/msg
-- Installing: /opt/ros/gazebo_ros_build/install/include/gazebo_msgs/gazebo_msgs/msg/rosidl_typesupport_fastrtps_c__visibility_control.h
-- Up-to-date: /opt/ros/gazebo_ros_build/install/include/gazebo_msgs/gazebo_msgs/msg/detail
-- Installing: /opt/ros/gazebo_ros_build/install/include/gazebo_msgs/gazebo_msgs/msg/detail/performance_metrics__rosidl_typesupport_fastrtps_c.h
-- Installing: /opt/ros/gazebo_ros_build/install/include/gazebo_msgs/gazebo_msgs/msg/detail/model_state__rosidl_typesupport_fastrtps_c.h
-- Installing: /opt/ros/gazebo_ros_build/install/include/gazebo_msgs/gazebo_msgs/msg/detail/wheel_slip__rosidl_typesupport_fastrtps_c.h
-- Installing: /opt/ros/gazebo_ros_build/install/include/gazebo_msgs/gazebo_msgs/msg/detail/contacts_state__rosidl_typesupport_fastrtps_c.h
-- Installing: /opt/ros/gazebo_ros_build/install/include/gazebo_msgs/gazebo_msgs/msg/detail/ode_physics__rosidl_typesupport_fastrtps_c.h
-- Installing: /opt/ros/gazebo_ros_build/install/include/gazebo_msgs/gazebo_msgs/msg/detail/link_state__rosidl_typesupport_fastrtps_c.h
-- Installing: /opt/ros/gazebo_ros_build/install/include/gazebo_msgs/gazebo_msgs/msg/detail/model_states__rosidl_typesupport_fastrtps_c.h
-- Installing: /opt/ros/gazebo_ros_build/install/include/gazebo_msgs/gazebo_msgs/msg/detail/entity_state__rosidl_typesupport_fastrtps_c.h
-- Installing: /opt/ros/gazebo_ros_build/install/include/gazebo_msgs/gazebo_msgs/msg/detail/sensor_performance_metric__rosidl_typesupport_fastrtps_c.h
-- Installing: /opt/ros/gazebo_ros_build/install/include/gazebo_msgs/gazebo_msgs/msg/detail/link_states__rosidl_typesupport_fastrtps_c.h
-- Installing: /opt/ros/gazebo_ros_build/install/include/gazebo_msgs/gazebo_msgs/msg/detail/ode_joint_properties__rosidl_typesupport_fastrtps_c.h
-- Installing: /opt/ros/gazebo_ros_build/install/include/gazebo_msgs/gazebo_msgs/msg/detail/world_state__rosidl_typesupport_fastrtps_c.h
-- Installing: /opt/ros/gazebo_ros_build/install/include/gazebo_msgs/gazebo_msgs/msg/detail/contact_state__rosidl_typesupport_fastrtps_c.h
-- Up-to-date: /opt/ros/gazebo_ros_build/install/include/gazebo_msgs/gazebo_msgs/srv
-- Up-to-date: /opt/ros/gazebo_ros_build/install/include/gazebo_msgs/gazebo_msgs/srv/detail
-- Installing: /opt/ros/gazebo_ros_build/install/include/gazebo_msgs/gazebo_msgs/srv/detail/set_model_configuration__rosidl_typesupport_fastrtps_c.h
-- Installing: /opt/ros/gazebo_ros_build/install/include/gazebo_msgs/gazebo_msgs/srv/detail/set_link_state__rosidl_typesupport_fastrtps_c.h
-- Installing: /opt/ros/gazebo_ros_build/install/include/gazebo_msgs/gazebo_msgs/srv/detail/get_link_state__rosidl_typesupport_fastrtps_c.h
-- Installing: /opt/ros/gazebo_ros_build/install/include/gazebo_msgs/gazebo_msgs/srv/detail/set_entity_state__rosidl_typesupport_fastrtps_c.h
-- Installing: /opt/ros/gazebo_ros_build/install/include/gazebo_msgs/gazebo_msgs/srv/detail/get_model_list__rosidl_typesupport_fastrtps_c.h
-- Installing: /opt/ros/gazebo_ros_build/install/include/gazebo_msgs/gazebo_msgs/srv/detail/spawn_entity__rosidl_typesupport_fastrtps_c.h
-- Installing: /opt/ros/gazebo_ros_build/install/include/gazebo_msgs/gazebo_msgs/srv/detail/set_light_properties__rosidl_typesupport_fastrtps_c.h
-- Installing: /opt/ros/gazebo_ros_build/install/include/gazebo_msgs/gazebo_msgs/srv/detail/get_entity_state__rosidl_typesupport_fastrtps_c.h
-- Installing: /opt/ros/gazebo_ros_build/install/include/gazebo_msgs/gazebo_msgs/srv/detail/link_request__rosidl_typesupport_fastrtps_c.h
-- Installing: /opt/ros/gazebo_ros_build/install/include/gazebo_msgs/gazebo_msgs/srv/detail/set_physics_properties__rosidl_typesupport_fastrtps_c.h
-- Installing: /opt/ros/gazebo_ros_build/install/include/gazebo_msgs/gazebo_msgs/srv/detail/set_model_state__rosidl_typesupport_fastrtps_c.h
-- Installing: /opt/ros/gazebo_ros_build/install/include/gazebo_msgs/gazebo_msgs/srv/detail/delete_model__rosidl_typesupport_fastrtps_c.h
-- Installing: /opt/ros/gazebo_ros_build/install/include/gazebo_msgs/gazebo_msgs/srv/detail/apply_joint_effort__rosidl_typesupport_fastrtps_c.h
-- Installing: /opt/ros/gazebo_ros_build/install/include/gazebo_msgs/gazebo_msgs/srv/detail/delete_light__rosidl_typesupport_fastrtps_c.h
-- Installing: /opt/ros/gazebo_ros_build/install/include/gazebo_msgs/gazebo_msgs/srv/detail/delete_entity__rosidl_typesupport_fastrtps_c.h
-- Installing: /opt/ros/gazebo_ros_build/install/include/gazebo_msgs/gazebo_msgs/srv/detail/get_world_properties__rosidl_typesupport_fastrtps_c.h
-- Installing: /opt/ros/gazebo_ros_build/install/include/gazebo_msgs/gazebo_msgs/srv/detail/get_model_properties__rosidl_typesupport_fastrtps_c.h
-- Installing: /opt/ros/gazebo_ros_build/install/include/gazebo_msgs/gazebo_msgs/srv/detail/get_link_properties__rosidl_typesupport_fastrtps_c.h
-- Installing: /opt/ros/gazebo_ros_build/install/include/gazebo_msgs/gazebo_msgs/srv/detail/set_joint_properties__rosidl_typesupport_fastrtps_c.h
-- Installing: /opt/ros/gazebo_ros_build/install/include/gazebo_msgs/gazebo_msgs/srv/detail/get_light_properties__rosidl_typesupport_fastrtps_c.h
-- Installing: /opt/ros/gazebo_ros_build/install/include/gazebo_msgs/gazebo_msgs/srv/detail/body_request__rosidl_typesupport_fastrtps_c.h
-- Installing: /opt/ros/gazebo_ros_build/install/include/gazebo_msgs/gazebo_msgs/srv/detail/apply_body_wrench__rosidl_typesupport_fastrtps_c.h
-- Installing: /opt/ros/gazebo_ros_build/install/include/gazebo_msgs/gazebo_msgs/srv/detail/spawn_model__rosidl_typesupport_fastrtps_c.h
-- Installing: /opt/ros/gazebo_ros_build/install/include/gazebo_msgs/gazebo_msgs/srv/detail/apply_link_wrench__rosidl_typesupport_fastrtps_c.h
-- Installing: /opt/ros/gazebo_ros_build/install/include/gazebo_msgs/gazebo_msgs/srv/detail/get_model_state__rosidl_typesupport_fastrtps_c.h
-- Installing: /opt/ros/gazebo_ros_build/install/include/gazebo_msgs/gazebo_msgs/srv/detail/set_joint_trajectory__rosidl_typesupport_fastrtps_c.h
-- Installing: /opt/ros/gazebo_ros_build/install/include/gazebo_msgs/gazebo_msgs/srv/detail/set_link_properties__rosidl_typesupport_fastrtps_c.h
-- Installing: /opt/ros/gazebo_ros_build/install/include/gazebo_msgs/gazebo_msgs/srv/detail/get_joint_properties__rosidl_typesupport_fastrtps_c.h
-- Installing: /opt/ros/gazebo_ros_build/install/include/gazebo_msgs/gazebo_msgs/srv/detail/get_physics_properties__rosidl_typesupport_fastrtps_c.h
-- Installing: /opt/ros/gazebo_ros_build/install/include/gazebo_msgs/gazebo_msgs/srv/detail/joint_request__rosidl_typesupport_fastrtps_c.h
-- Installing: /opt/ros/gazebo_ros_build/install/lib/libgazebo_msgs__rosidl_typesupport_fastrtps_c.so
-- Set runtime path of "/opt/ros/gazebo_ros_build/install/lib/libgazebo_msgs__rosidl_typesupport_fastrtps_c.so" to ""
-- Up-to-date: /opt/ros/gazebo_ros_build/install/include/gazebo_msgs/gazebo_msgs
-- Up-to-date: /opt/ros/gazebo_ros_build/install/include/gazebo_msgs/gazebo_msgs/msg
-- Installing: /opt/ros/gazebo_ros_build/install/include/gazebo_msgs/gazebo_msgs/msg/entity_state.hpp
-- Installing: /opt/ros/gazebo_ros_build/install/include/gazebo_msgs/gazebo_msgs/msg/link_states.hpp
-- Installing: /opt/ros/gazebo_ros_build/install/include/gazebo_msgs/gazebo_msgs/msg/ode_joint_properties.hpp
-- Installing: /opt/ros/gazebo_ros_build/install/include/gazebo_msgs/gazebo_msgs/msg/performance_metrics.hpp
-- Installing: /opt/ros/gazebo_ros_build/install/include/gazebo_msgs/gazebo_msgs/msg/contact_state.hpp
-- Installing: /opt/ros/gazebo_ros_build/install/include/gazebo_msgs/gazebo_msgs/msg/rosidl_generator_cpp__visibility_control.hpp
-- Installing: /opt/ros/gazebo_ros_build/install/include/gazebo_msgs/gazebo_msgs/msg/ode_physics.hpp
-- Installing: /opt/ros/gazebo_ros_build/install/include/gazebo_msgs/gazebo_msgs/msg/model_state.hpp
-- Installing: /opt/ros/gazebo_ros_build/install/include/gazebo_msgs/gazebo_msgs/msg/wheel_slip.hpp
-- Installing: /opt/ros/gazebo_ros_build/install/include/gazebo_msgs/gazebo_msgs/msg/sensor_performance_metric.hpp
-- Installing: /opt/ros/gazebo_ros_build/install/include/gazebo_msgs/gazebo_msgs/msg/world_state.hpp
-- Installing: /opt/ros/gazebo_ros_build/install/include/gazebo_msgs/gazebo_msgs/msg/link_state.hpp
-- Installing: /opt/ros/gazebo_ros_build/install/include/gazebo_msgs/gazebo_msgs/msg/model_states.hpp
-- Up-to-date: /opt/ros/gazebo_ros_build/install/include/gazebo_msgs/gazebo_msgs/msg/detail
-- Installing: /opt/ros/gazebo_ros_build/install/include/gazebo_msgs/gazebo_msgs/msg/detail/model_states__traits.hpp
-- Installing: /opt/ros/gazebo_ros_build/install/include/gazebo_msgs/gazebo_msgs/msg/detail/world_state__type_support.hpp
-- Installing: /opt/ros/gazebo_ros_build/install/include/gazebo_msgs/gazebo_msgs/msg/detail/link_states__builder.hpp
-- Installing: /opt/ros/gazebo_ros_build/install/include/gazebo_msgs/gazebo_msgs/msg/detail/performance_metrics__builder.hpp
-- Installing: /opt/ros/gazebo_ros_build/install/include/gazebo_msgs/gazebo_msgs/msg/detail/link_states__type_support.hpp
-- Installing: /opt/ros/gazebo_ros_build/install/include/gazebo_msgs/gazebo_msgs/msg/detail/entity_state__builder.hpp
-- Installing: /opt/ros/gazebo_ros_build/install/include/gazebo_msgs/gazebo_msgs/msg/detail/model_state__traits.hpp
-- Installing: /opt/ros/gazebo_ros_build/install/include/gazebo_msgs/gazebo_msgs/msg/detail/wheel_slip__builder.hpp
-- Installing: /opt/ros/gazebo_ros_build/install/include/gazebo_msgs/gazebo_msgs/msg/detail/performance_metrics__type_support.hpp
-- Installing: /opt/ros/gazebo_ros_build/install/include/gazebo_msgs/gazebo_msgs/msg/detail/contacts_state__builder.hpp
-- Installing: /opt/ros/gazebo_ros_build/install/include/gazebo_msgs/gazebo_msgs/msg/detail/model_states__builder.hpp
-- Installing: /opt/ros/gazebo_ros_build/install/include/gazebo_msgs/gazebo_msgs/msg/detail/sensor_performance_metric__type_support.hpp
-- Installing: /opt/ros/gazebo_ros_build/install/include/gazebo_msgs/gazebo_msgs/msg/detail/model_states__struct.hpp
-- Installing: /opt/ros/gazebo_ros_build/install/include/gazebo_msgs/gazebo_msgs/msg/detail/performance_metrics__traits.hpp
-- Installing: /opt/ros/gazebo_ros_build/install/include/gazebo_msgs/gazebo_msgs/msg/detail/ode_joint_properties__traits.hpp
-- Installing: /opt/ros/gazebo_ros_build/install/include/gazebo_msgs/gazebo_msgs/msg/detail/contacts_state__struct.hpp
-- Installing: /opt/ros/gazebo_ros_build/install/include/gazebo_msgs/gazebo_msgs/msg/detail/ode_physics__struct.hpp
-- Installing: /opt/ros/gazebo_ros_build/install/include/gazebo_msgs/gazebo_msgs/msg/detail/contact_state__type_support.hpp
-- Installing: /opt/ros/gazebo_ros_build/install/include/gazebo_msgs/gazebo_msgs/msg/detail/contact_state__traits.hpp
-- Installing: /opt/ros/gazebo_ros_build/install/include/gazebo_msgs/gazebo_msgs/msg/detail/ode_physics__type_support.hpp
-- Installing: /opt/ros/gazebo_ros_build/install/include/gazebo_msgs/gazebo_msgs/msg/detail/ode_joint_properties__builder.hpp
-- Installing: /opt/ros/gazebo_ros_build/install/include/gazebo_msgs/gazebo_msgs/msg/detail/link_states__struct.hpp
-- Installing: /opt/ros/gazebo_ros_build/install/include/gazebo_msgs/gazebo_msgs/msg/detail/model_state__type_support.hpp
-- Installing: /opt/ros/gazebo_ros_build/install/include/gazebo_msgs/gazebo_msgs/msg/detail/wheel_slip__traits.hpp
-- Installing: /opt/ros/gazebo_ros_build/install/include/gazebo_msgs/gazebo_msgs/msg/detail/link_state__traits.hpp
-- Installing: /opt/ros/gazebo_ros_build/install/include/gazebo_msgs/gazebo_msgs/msg/detail/contact_state__builder.hpp
-- Installing: /opt/ros/gazebo_ros_build/install/include/gazebo_msgs/gazebo_msgs/msg/detail/performance_metrics__struct.hpp
-- Installing: /opt/ros/gazebo_ros_build/install/include/gazebo_msgs/gazebo_msgs/msg/detail/world_state__traits.hpp
-- Installing: /opt/ros/gazebo_ros_build/install/include/gazebo_msgs/gazebo_msgs/msg/detail/contacts_state__traits.hpp
-- Installing: /opt/ros/gazebo_ros_build/install/include/gazebo_msgs/gazebo_msgs/msg/detail/world_state__builder.hpp
-- Installing: /opt/ros/gazebo_ros_build/install/include/gazebo_msgs/gazebo_msgs/msg/detail/sensor_performance_metric__struct.hpp
-- Installing: /opt/ros/gazebo_ros_build/install/include/gazebo_msgs/gazebo_msgs/msg/detail/link_state__type_support.hpp
-- Installing: /opt/ros/gazebo_ros_build/install/include/gazebo_msgs/gazebo_msgs/msg/detail/contacts_state__type_support.hpp
-- Installing: /opt/ros/gazebo_ros_build/install/include/gazebo_msgs/gazebo_msgs/msg/detail/ode_joint_properties__type_support.hpp
-- Installing: /opt/ros/gazebo_ros_build/install/include/gazebo_msgs/gazebo_msgs/msg/detail/sensor_performance_metric__builder.hpp
-- Installing: /opt/ros/gazebo_ros_build/install/include/gazebo_msgs/gazebo_msgs/msg/detail/wheel_slip__struct.hpp
-- Installing: /opt/ros/gazebo_ros_build/install/include/gazebo_msgs/gazebo_msgs/msg/detail/entity_state__type_support.hpp
-- Installing: /opt/ros/gazebo_ros_build/install/include/gazebo_msgs/gazebo_msgs/msg/detail/ode_physics__traits.hpp
-- Installing: /opt/ros/gazebo_ros_build/install/include/gazebo_msgs/gazebo_msgs/msg/detail/entity_state__traits.hpp
-- Installing: /opt/ros/gazebo_ros_build/install/include/gazebo_msgs/gazebo_msgs/msg/detail/ode_joint_properties__struct.hpp
-- Installing: /opt/ros/gazebo_ros_build/install/include/gazebo_msgs/gazebo_msgs/msg/detail/ode_physics__builder.hpp
-- Installing: /opt/ros/gazebo_ros_build/install/include/gazebo_msgs/gazebo_msgs/msg/detail/link_state__builder.hpp
-- Installing: /opt/ros/gazebo_ros_build/install/include/gazebo_msgs/gazebo_msgs/msg/detail/world_state__struct.hpp
-- Installing: /opt/ros/gazebo_ros_build/install/include/gazebo_msgs/gazebo_msgs/msg/detail/model_states__type_support.hpp
-- Installing: /opt/ros/gazebo_ros_build/install/include/gazebo_msgs/gazebo_msgs/msg/detail/model_state__struct.hpp
-- Installing: /opt/ros/gazebo_ros_build/install/include/gazebo_msgs/gazebo_msgs/msg/detail/link_states__traits.hpp
-- Installing: /opt/ros/gazebo_ros_build/install/include/gazebo_msgs/gazebo_msgs/msg/detail/link_state__struct.hpp
-- Installing: /opt/ros/gazebo_ros_build/install/include/gazebo_msgs/gazebo_msgs/msg/detail/sensor_performance_metric__traits.hpp
-- Installing: /opt/ros/gazebo_ros_build/install/include/gazebo_msgs/gazebo_msgs/msg/detail/wheel_slip__type_support.hpp
-- Installing: /opt/ros/gazebo_ros_build/install/include/gazebo_msgs/gazebo_msgs/msg/detail/contact_state__struct.hpp
-- Installing: /opt/ros/gazebo_ros_build/install/include/gazebo_msgs/gazebo_msgs/msg/detail/model_state__builder.hpp
-- Installing: /opt/ros/gazebo_ros_build/install/include/gazebo_msgs/gazebo_msgs/msg/detail/entity_state__struct.hpp
-- Installing: /opt/ros/gazebo_ros_build/install/include/gazebo_msgs/gazebo_msgs/msg/contacts_state.hpp
-- Up-to-date: /opt/ros/gazebo_ros_build/install/include/gazebo_msgs/gazebo_msgs/srv
-- Installing: /opt/ros/gazebo_ros_build/install/include/gazebo_msgs/gazebo_msgs/srv/spawn_model.hpp
-- Installing: /opt/ros/gazebo_ros_build/install/include/gazebo_msgs/gazebo_msgs/srv/set_joint_properties.hpp
-- Installing: /opt/ros/gazebo_ros_build/install/include/gazebo_msgs/gazebo_msgs/srv/set_model_state.hpp
-- Installing: /opt/ros/gazebo_ros_build/install/include/gazebo_msgs/gazebo_msgs/srv/get_model_state.hpp
-- Installing: /opt/ros/gazebo_ros_build/install/include/gazebo_msgs/gazebo_msgs/srv/delete_model.hpp
-- Installing: /opt/ros/gazebo_ros_build/install/include/gazebo_msgs/gazebo_msgs/srv/get_link_state.hpp
-- Installing: /opt/ros/gazebo_ros_build/install/include/gazebo_msgs/gazebo_msgs/srv/set_light_properties.hpp
-- Installing: /opt/ros/gazebo_ros_build/install/include/gazebo_msgs/gazebo_msgs/srv/set_link_state.hpp
-- Installing: /opt/ros/gazebo_ros_build/install/include/gazebo_msgs/gazebo_msgs/srv/body_request.hpp
-- Installing: /opt/ros/gazebo_ros_build/install/include/gazebo_msgs/gazebo_msgs/srv/get_entity_state.hpp
-- Installing: /opt/ros/gazebo_ros_build/install/include/gazebo_msgs/gazebo_msgs/srv/set_model_configuration.hpp
-- Installing: /opt/ros/gazebo_ros_build/install/include/gazebo_msgs/gazebo_msgs/srv/set_physics_properties.hpp
-- Installing: /opt/ros/gazebo_ros_build/install/include/gazebo_msgs/gazebo_msgs/srv/get_link_properties.hpp
-- Installing: /opt/ros/gazebo_ros_build/install/include/gazebo_msgs/gazebo_msgs/srv/get_physics_properties.hpp
-- Installing: /opt/ros/gazebo_ros_build/install/include/gazebo_msgs/gazebo_msgs/srv/apply_body_wrench.hpp
-- Installing: /opt/ros/gazebo_ros_build/install/include/gazebo_msgs/gazebo_msgs/srv/set_link_properties.hpp
-- Installing: /opt/ros/gazebo_ros_build/install/include/gazebo_msgs/gazebo_msgs/srv/spawn_entity.hpp
-- Installing: /opt/ros/gazebo_ros_build/install/include/gazebo_msgs/gazebo_msgs/srv/set_entity_state.hpp
-- Installing: /opt/ros/gazebo_ros_build/install/include/gazebo_msgs/gazebo_msgs/srv/get_model_list.hpp
-- Installing: /opt/ros/gazebo_ros_build/install/include/gazebo_msgs/gazebo_msgs/srv/apply_link_wrench.hpp
-- Installing: /opt/ros/gazebo_ros_build/install/include/gazebo_msgs/gazebo_msgs/srv/delete_entity.hpp
-- Installing: /opt/ros/gazebo_ros_build/install/include/gazebo_msgs/gazebo_msgs/srv/set_joint_trajectory.hpp
-- Installing: /opt/ros/gazebo_ros_build/install/include/gazebo_msgs/gazebo_msgs/srv/link_request.hpp
-- Installing: /opt/ros/gazebo_ros_build/install/include/gazebo_msgs/gazebo_msgs/srv/get_light_properties.hpp
-- Installing: /opt/ros/gazebo_ros_build/install/include/gazebo_msgs/gazebo_msgs/srv/get_world_properties.hpp
-- Up-to-date: /opt/ros/gazebo_ros_build/install/include/gazebo_msgs/gazebo_msgs/srv/detail
-- Installing: /opt/ros/gazebo_ros_build/install/include/gazebo_msgs/gazebo_msgs/srv/detail/get_physics_properties__type_support.hpp
-- Installing: /opt/ros/gazebo_ros_build/install/include/gazebo_msgs/gazebo_msgs/srv/detail/set_joint_properties__builder.hpp
-- Installing: /opt/ros/gazebo_ros_build/install/include/gazebo_msgs/gazebo_msgs/srv/detail/set_model_state__builder.hpp
-- Installing: /opt/ros/gazebo_ros_build/install/include/gazebo_msgs/gazebo_msgs/srv/detail/apply_link_wrench__struct.hpp
-- Installing: /opt/ros/gazebo_ros_build/install/include/gazebo_msgs/gazebo_msgs/srv/detail/get_joint_properties__type_support.hpp
-- Installing: /opt/ros/gazebo_ros_build/install/include/gazebo_msgs/gazebo_msgs/srv/detail/set_light_properties__type_support.hpp
-- Installing: /opt/ros/gazebo_ros_build/install/include/gazebo_msgs/gazebo_msgs/srv/detail/get_light_properties__builder.hpp
-- Installing: /opt/ros/gazebo_ros_build/install/include/gazebo_msgs/gazebo_msgs/srv/detail/joint_request__traits.hpp
-- Installing: /opt/ros/gazebo_ros_build/install/include/gazebo_msgs/gazebo_msgs/srv/detail/spawn_entity__struct.hpp
-- Installing: /opt/ros/gazebo_ros_build/install/include/gazebo_msgs/gazebo_msgs/srv/detail/apply_link_wrench__builder.hpp
-- Installing: /opt/ros/gazebo_ros_build/install/include/gazebo_msgs/gazebo_msgs/srv/detail/set_physics_properties__struct.hpp
-- Installing: /opt/ros/gazebo_ros_build/install/include/gazebo_msgs/gazebo_msgs/srv/detail/set_joint_trajectory__builder.hpp
-- Installing: /opt/ros/gazebo_ros_build/install/include/gazebo_msgs/gazebo_msgs/srv/detail/get_physics_properties__struct.hpp
-- Installing: /opt/ros/gazebo_ros_build/install/include/gazebo_msgs/gazebo_msgs/srv/detail/set_physics_properties__type_support.hpp
-- Installing: /opt/ros/gazebo_ros_build/install/include/gazebo_msgs/gazebo_msgs/srv/detail/spawn_model__type_support.hpp
-- Installing: /opt/ros/gazebo_ros_build/install/include/gazebo_msgs/gazebo_msgs/srv/detail/spawn_entity__type_support.hpp
-- Installing: /opt/ros/gazebo_ros_build/install/include/gazebo_msgs/gazebo_msgs/srv/detail/get_model_list__builder.hpp
-- Installing: /opt/ros/gazebo_ros_build/install/include/gazebo_msgs/gazebo_msgs/srv/detail/set_joint_properties__traits.hpp
-- Installing: /opt/ros/gazebo_ros_build/install/include/gazebo_msgs/gazebo_msgs/srv/detail/get_link_properties__builder.hpp
-- Installing: /opt/ros/gazebo_ros_build/install/include/gazebo_msgs/gazebo_msgs/srv/detail/get_model_state__struct.hpp
-- Installing: /opt/ros/gazebo_ros_build/install/include/gazebo_msgs/gazebo_msgs/srv/detail/get_world_properties__struct.hpp
-- Installing: /opt/ros/gazebo_ros_build/install/include/gazebo_msgs/gazebo_msgs/srv/detail/set_model_configuration__traits.hpp
-- Installing: /opt/ros/gazebo_ros_build/install/include/gazebo_msgs/gazebo_msgs/srv/detail/apply_link_wrench__traits.hpp
-- Installing: /opt/ros/gazebo_ros_build/install/include/gazebo_msgs/gazebo_msgs/srv/detail/delete_light__struct.hpp
-- Installing: /opt/ros/gazebo_ros_build/install/include/gazebo_msgs/gazebo_msgs/srv/detail/set_link_properties__type_support.hpp
-- Installing: /opt/ros/gazebo_ros_build/install/include/gazebo_msgs/gazebo_msgs/srv/detail/spawn_model__traits.hpp
-- Installing: /opt/ros/gazebo_ros_build/install/include/gazebo_msgs/gazebo_msgs/srv/detail/spawn_model__struct.hpp
-- Installing: /opt/ros/gazebo_ros_build/install/include/gazebo_msgs/gazebo_msgs/srv/detail/get_joint_properties__struct.hpp
-- Installing: /opt/ros/gazebo_ros_build/install/include/gazebo_msgs/gazebo_msgs/srv/detail/get_model_list__traits.hpp
-- Installing: /opt/ros/gazebo_ros_build/install/include/gazebo_msgs/gazebo_msgs/srv/detail/get_entity_state__builder.hpp
-- Installing: /opt/ros/gazebo_ros_build/install/include/gazebo_msgs/gazebo_msgs/srv/detail/joint_request__type_support.hpp
-- Installing: /opt/ros/gazebo_ros_build/install/include/gazebo_msgs/gazebo_msgs/srv/detail/apply_joint_effort__builder.hpp
-- Installing: /opt/ros/gazebo_ros_build/install/include/gazebo_msgs/gazebo_msgs/srv/detail/get_model_state__type_support.hpp
-- Installing: /opt/ros/gazebo_ros_build/install/include/gazebo_msgs/gazebo_msgs/srv/detail/get_world_properties__traits.hpp
-- Installing: /opt/ros/gazebo_ros_build/install/include/gazebo_msgs/gazebo_msgs/srv/detail/set_link_state__builder.hpp
-- Installing: /opt/ros/gazebo_ros_build/install/include/gazebo_msgs/gazebo_msgs/srv/detail/body_request__builder.hpp
-- Installing: /opt/ros/gazebo_ros_build/install/include/gazebo_msgs/gazebo_msgs/srv/detail/set_joint_trajectory__type_support.hpp
-- Installing: /opt/ros/gazebo_ros_build/install/include/gazebo_msgs/gazebo_msgs/srv/detail/delete_model__traits.hpp
-- Installing: /opt/ros/gazebo_ros_build/install/include/gazebo_msgs/gazebo_msgs/srv/detail/get_link_properties__type_support.hpp
-- Installing: /opt/ros/gazebo_ros_build/install/include/gazebo_msgs/gazebo_msgs/srv/detail/apply_joint_effort__struct.hpp
-- Installing: /opt/ros/gazebo_ros_build/install/include/gazebo_msgs/gazebo_msgs/srv/detail/get_world_properties__builder.hpp
-- Installing: /opt/ros/gazebo_ros_build/install/include/gazebo_msgs/gazebo_msgs/srv/detail/get_light_properties__struct.hpp
-- Installing: /opt/ros/gazebo_ros_build/install/include/gazebo_msgs/gazebo_msgs/srv/detail/get_model_properties__struct.hpp
-- Installing: /opt/ros/gazebo_ros_build/install/include/gazebo_msgs/gazebo_msgs/srv/detail/set_link_properties__struct.hpp
-- Installing: /opt/ros/gazebo_ros_build/install/include/gazebo_msgs/gazebo_msgs/srv/detail/get_light_properties__traits.hpp
-- Installing: /opt/ros/gazebo_ros_build/install/include/gazebo_msgs/gazebo_msgs/srv/detail/delete_light__builder.hpp
-- Installing: /opt/ros/gazebo_ros_build/install/include/gazebo_msgs/gazebo_msgs/srv/detail/set_entity_state__traits.hpp
-- Installing: /opt/ros/gazebo_ros_build/install/include/gazebo_msgs/gazebo_msgs/srv/detail/get_joint_properties__builder.hpp
-- Installing: /opt/ros/gazebo_ros_build/install/include/gazebo_msgs/gazebo_msgs/srv/detail/get_world_properties__type_support.hpp
-- Installing: /opt/ros/gazebo_ros_build/install/include/gazebo_msgs/gazebo_msgs/srv/detail/get_entity_state__type_support.hpp
-- Installing: /opt/ros/gazebo_ros_build/install/include/gazebo_msgs/gazebo_msgs/srv/detail/set_model_state__traits.hpp
-- Installing: /opt/ros/gazebo_ros_build/install/include/gazebo_msgs/gazebo_msgs/srv/detail/get_model_properties__builder.hpp
-- Installing: /opt/ros/gazebo_ros_build/install/include/gazebo_msgs/gazebo_msgs/srv/detail/set_joint_trajectory__traits.hpp
-- Installing: /opt/ros/gazebo_ros_build/install/include/gazebo_msgs/gazebo_msgs/srv/detail/body_request__traits.hpp
-- Installing: /opt/ros/gazebo_ros_build/install/include/gazebo_msgs/gazebo_msgs/srv/detail/delete_light__traits.hpp
-- Installing: /opt/ros/gazebo_ros_build/install/include/gazebo_msgs/gazebo_msgs/srv/detail/get_link_properties__struct.hpp
-- Installing: /opt/ros/gazebo_ros_build/install/include/gazebo_msgs/gazebo_msgs/srv/detail/set_model_configuration__type_support.hpp
-- Installing: /opt/ros/gazebo_ros_build/install/include/gazebo_msgs/gazebo_msgs/srv/detail/set_joint_properties__type_support.hpp
-- Installing: /opt/ros/gazebo_ros_build/install/include/gazebo_msgs/gazebo_msgs/srv/detail/set_joint_properties__struct.hpp
-- Installing: /opt/ros/gazebo_ros_build/install/include/gazebo_msgs/gazebo_msgs/srv/detail/get_physics_properties__builder.hpp
-- Installing: /opt/ros/gazebo_ros_build/install/include/gazebo_msgs/gazebo_msgs/srv/detail/apply_body_wrench__type_support.hpp
-- Installing: /opt/ros/gazebo_ros_build/install/include/gazebo_msgs/gazebo_msgs/srv/detail/joint_request__struct.hpp
-- Installing: /opt/ros/gazebo_ros_build/install/include/gazebo_msgs/gazebo_msgs/srv/detail/set_entity_state__struct.hpp
-- Installing: /opt/ros/gazebo_ros_build/install/include/gazebo_msgs/gazebo_msgs/srv/detail/set_model_state__struct.hpp
-- Installing: /opt/ros/gazebo_ros_build/install/include/gazebo_msgs/gazebo_msgs/srv/detail/apply_link_wrench__type_support.hpp
-- Installing: /opt/ros/gazebo_ros_build/install/include/gazebo_msgs/gazebo_msgs/srv/detail/set_light_properties__struct.hpp
-- Installing: /opt/ros/gazebo_ros_build/install/include/gazebo_msgs/gazebo_msgs/srv/detail/set_link_state__struct.hpp
-- Installing: /opt/ros/gazebo_ros_build/install/include/gazebo_msgs/gazebo_msgs/srv/detail/set_model_state__type_support.hpp
-- Installing: /opt/ros/gazebo_ros_build/install/include/gazebo_msgs/gazebo_msgs/srv/detail/get_link_state__struct.hpp
-- Installing: /opt/ros/gazebo_ros_build/install/include/gazebo_msgs/gazebo_msgs/srv/detail/spawn_entity__traits.hpp
-- Installing: /opt/ros/gazebo_ros_build/install/include/gazebo_msgs/gazebo_msgs/srv/detail/body_request__type_support.hpp
-- Installing: /opt/ros/gazebo_ros_build/install/include/gazebo_msgs/gazebo_msgs/srv/detail/get_model_properties__type_support.hpp
-- Installing: /opt/ros/gazebo_ros_build/install/include/gazebo_msgs/gazebo_msgs/srv/detail/set_physics_properties__traits.hpp
-- Installing: /opt/ros/gazebo_ros_build/install/include/gazebo_msgs/gazebo_msgs/srv/detail/spawn_entity__builder.hpp
-- Installing: /opt/ros/gazebo_ros_build/install/include/gazebo_msgs/gazebo_msgs/srv/detail/apply_joint_effort__traits.hpp
-- Installing: /opt/ros/gazebo_ros_build/install/include/gazebo_msgs/gazebo_msgs/srv/detail/get_model_properties__traits.hpp
-- Installing: /opt/ros/gazebo_ros_build/install/include/gazebo_msgs/gazebo_msgs/srv/detail/spawn_model__builder.hpp
-- Installing: /opt/ros/gazebo_ros_build/install/include/gazebo_msgs/gazebo_msgs/srv/detail/set_physics_properties__builder.hpp
-- Installing: /opt/ros/gazebo_ros_build/install/include/gazebo_msgs/gazebo_msgs/srv/detail/get_model_state__builder.hpp
-- Installing: /opt/ros/gazebo_ros_build/install/include/gazebo_msgs/gazebo_msgs/srv/detail/get_light_properties__type_support.hpp
-- Installing: /opt/ros/gazebo_ros_build/install/include/gazebo_msgs/gazebo_msgs/srv/detail/get_entity_state__traits.hpp
-- Installing: /opt/ros/gazebo_ros_build/install/include/gazebo_msgs/gazebo_msgs/srv/detail/delete_light__type_support.hpp
-- Installing: /opt/ros/gazebo_ros_build/install/include/gazebo_msgs/gazebo_msgs/srv/detail/delete_entity__builder.hpp
-- Installing: /opt/ros/gazebo_ros_build/install/include/gazebo_msgs/gazebo_msgs/srv/detail/delete_entity__type_support.hpp
-- Installing: /opt/ros/gazebo_ros_build/install/include/gazebo_msgs/gazebo_msgs/srv/detail/set_link_properties__builder.hpp
-- Installing: /opt/ros/gazebo_ros_build/install/include/gazebo_msgs/gazebo_msgs/srv/detail/get_physics_properties__traits.hpp
-- Installing: /opt/ros/gazebo_ros_build/install/include/gazebo_msgs/gazebo_msgs/srv/detail/apply_joint_effort__type_support.hpp
-- Installing: /opt/ros/gazebo_ros_build/install/include/gazebo_msgs/gazebo_msgs/srv/detail/get_model_state__traits.hpp
-- Installing: /opt/ros/gazebo_ros_build/install/include/gazebo_msgs/gazebo_msgs/srv/detail/delete_entity__struct.hpp
-- Installing: /opt/ros/gazebo_ros_build/install/include/gazebo_msgs/gazebo_msgs/srv/detail/get_link_state__builder.hpp
-- Installing: /opt/ros/gazebo_ros_build/install/include/gazebo_msgs/gazebo_msgs/srv/detail/set_link_state__type_support.hpp
-- Installing: /opt/ros/gazebo_ros_build/install/include/gazebo_msgs/gazebo_msgs/srv/detail/get_link_properties__traits.hpp
-- Installing: /opt/ros/gazebo_ros_build/install/include/gazebo_msgs/gazebo_msgs/srv/detail/set_entity_state__type_support.hpp
-- Installing: /opt/ros/gazebo_ros_build/install/include/gazebo_msgs/gazebo_msgs/srv/detail/set_light_properties__builder.hpp
-- Installing: /opt/ros/gazebo_ros_build/install/include/gazebo_msgs/gazebo_msgs/srv/detail/delete_model__builder.hpp
-- Installing: /opt/ros/gazebo_ros_build/install/include/gazebo_msgs/gazebo_msgs/srv/detail/apply_body_wrench__builder.hpp
-- Installing: /opt/ros/gazebo_ros_build/install/include/gazebo_msgs/gazebo_msgs/srv/detail/set_light_properties__traits.hpp
-- Installing: /opt/ros/gazebo_ros_build/install/include/gazebo_msgs/gazebo_msgs/srv/detail/set_entity_state__builder.hpp
-- Installing: /opt/ros/gazebo_ros_build/install/include/gazebo_msgs/gazebo_msgs/srv/detail/apply_body_wrench__struct.hpp
-- Installing: /opt/ros/gazebo_ros_build/install/include/gazebo_msgs/gazebo_msgs/srv/detail/set_link_properties__traits.hpp
-- Installing: /opt/ros/gazebo_ros_build/install/include/gazebo_msgs/gazebo_msgs/srv/detail/set_link_state__traits.hpp
-- Installing: /opt/ros/gazebo_ros_build/install/include/gazebo_msgs/gazebo_msgs/srv/detail/link_request__struct.hpp
-- Installing: /opt/ros/gazebo_ros_build/install/include/gazebo_msgs/gazebo_msgs/srv/detail/link_request__traits.hpp
-- Installing: /opt/ros/gazebo_ros_build/install/include/gazebo_msgs/gazebo_msgs/srv/detail/get_model_list__struct.hpp
-- Installing: /opt/ros/gazebo_ros_build/install/include/gazebo_msgs/gazebo_msgs/srv/detail/delete_model__type_support.hpp
-- Installing: /opt/ros/gazebo_ros_build/install/include/gazebo_msgs/gazebo_msgs/srv/detail/link_request__type_support.hpp
-- Installing: /opt/ros/gazebo_ros_build/install/include/gazebo_msgs/gazebo_msgs/srv/detail/set_model_configuration__struct.hpp
-- Installing: /opt/ros/gazebo_ros_build/install/include/gazebo_msgs/gazebo_msgs/srv/detail/delete_entity__traits.hpp
-- Installing: /opt/ros/gazebo_ros_build/install/include/gazebo_msgs/gazebo_msgs/srv/detail/apply_body_wrench__traits.hpp
-- Installing: /opt/ros/gazebo_ros_build/install/include/gazebo_msgs/gazebo_msgs/srv/detail/get_entity_state__struct.hpp
-- Installing: /opt/ros/gazebo_ros_build/install/include/gazebo_msgs/gazebo_msgs/srv/detail/get_model_list__type_support.hpp
-- Installing: /opt/ros/gazebo_ros_build/install/include/gazebo_msgs/gazebo_msgs/srv/detail/get_link_state__type_support.hpp
-- Installing: /opt/ros/gazebo_ros_build/install/include/gazebo_msgs/gazebo_msgs/srv/detail/body_request__struct.hpp
-- Installing: /opt/ros/gazebo_ros_build/install/include/gazebo_msgs/gazebo_msgs/srv/detail/set_joint_trajectory__struct.hpp
-- Installing: /opt/ros/gazebo_ros_build/install/include/gazebo_msgs/gazebo_msgs/srv/detail/set_model_configuration__builder.hpp
-- Installing: /opt/ros/gazebo_ros_build/install/include/gazebo_msgs/gazebo_msgs/srv/detail/link_request__builder.hpp
-- Installing: /opt/ros/gazebo_ros_build/install/include/gazebo_msgs/gazebo_msgs/srv/detail/delete_model__struct.hpp
-- Installing: /opt/ros/gazebo_ros_build/install/include/gazebo_msgs/gazebo_msgs/srv/detail/get_joint_properties__traits.hpp
-- Installing: /opt/ros/gazebo_ros_build/install/include/gazebo_msgs/gazebo_msgs/srv/detail/get_link_state__traits.hpp
-- Installing: /opt/ros/gazebo_ros_build/install/include/gazebo_msgs/gazebo_msgs/srv/detail/joint_request__builder.hpp
-- Installing: /opt/ros/gazebo_ros_build/install/include/gazebo_msgs/gazebo_msgs/srv/apply_joint_effort.hpp
-- Installing: /opt/ros/gazebo_ros_build/install/include/gazebo_msgs/gazebo_msgs/srv/get_joint_properties.hpp
-- Installing: /opt/ros/gazebo_ros_build/install/include/gazebo_msgs/gazebo_msgs/srv/get_model_properties.hpp
-- Installing: /opt/ros/gazebo_ros_build/install/include/gazebo_msgs/gazebo_msgs/srv/joint_request.hpp
-- Installing: /opt/ros/gazebo_ros_build/install/include/gazebo_msgs/gazebo_msgs/srv/delete_light.hpp
-- Up-to-date: /opt/ros/gazebo_ros_build/install/include/gazebo_msgs/gazebo_msgs
-- Up-to-date: /opt/ros/gazebo_ros_build/install/include/gazebo_msgs/gazebo_msgs/msg
-- Up-to-date: /opt/ros/gazebo_ros_build/install/include/gazebo_msgs/gazebo_msgs/msg/detail
-- Installing: /opt/ros/gazebo_ros_build/install/include/gazebo_msgs/gazebo_msgs/msg/detail/model_state__rosidl_typesupport_fastrtps_cpp.hpp
-- Installing: /opt/ros/gazebo_ros_build/install/include/gazebo_msgs/gazebo_msgs/msg/detail/entity_state__rosidl_typesupport_fastrtps_cpp.hpp
-- Installing: /opt/ros/gazebo_ros_build/install/include/gazebo_msgs/gazebo_msgs/msg/detail/world_state__rosidl_typesupport_fastrtps_cpp.hpp
-- Installing: /opt/ros/gazebo_ros_build/install/include/gazebo_msgs/gazebo_msgs/msg/detail/sensor_performance_metric__rosidl_typesupport_fastrtps_cpp.hpp
-- Installing: /opt/ros/gazebo_ros_build/install/include/gazebo_msgs/gazebo_msgs/msg/detail/model_states__rosidl_typesupport_fastrtps_cpp.hpp
-- Installing: /opt/ros/gazebo_ros_build/install/include/gazebo_msgs/gazebo_msgs/msg/detail/performance_metrics__rosidl_typesupport_fastrtps_cpp.hpp
-- Installing: /opt/ros/gazebo_ros_build/install/include/gazebo_msgs/gazebo_msgs/msg/detail/ode_joint_properties__rosidl_typesupport_fastrtps_cpp.hpp
-- Installing: /opt/ros/gazebo_ros_build/install/include/gazebo_msgs/gazebo_msgs/msg/detail/ode_physics__rosidl_typesupport_fastrtps_cpp.hpp
-- Installing: /opt/ros/gazebo_ros_build/install/include/gazebo_msgs/gazebo_msgs/msg/detail/link_state__rosidl_typesupport_fastrtps_cpp.hpp
-- Installing: /opt/ros/gazebo_ros_build/install/include/gazebo_msgs/gazebo_msgs/msg/detail/wheel_slip__rosidl_typesupport_fastrtps_cpp.hpp
-- Installing: /opt/ros/gazebo_ros_build/install/include/gazebo_msgs/gazebo_msgs/msg/detail/contacts_state__rosidl_typesupport_fastrtps_cpp.hpp
-- Installing: /opt/ros/gazebo_ros_build/install/include/gazebo_msgs/gazebo_msgs/msg/detail/link_states__rosidl_typesupport_fastrtps_cpp.hpp
-- Installing: /opt/ros/gazebo_ros_build/install/include/gazebo_msgs/gazebo_msgs/msg/detail/contact_state__rosidl_typesupport_fastrtps_cpp.hpp
-- Installing: /opt/ros/gazebo_ros_build/install/include/gazebo_msgs/gazebo_msgs/msg/detail/dds_fastrtps
-- Installing: /opt/ros/gazebo_ros_build/install/include/gazebo_msgs/gazebo_msgs/msg/rosidl_typesupport_fastrtps_cpp__visibility_control.h
-- Up-to-date: /opt/ros/gazebo_ros_build/install/include/gazebo_msgs/gazebo_msgs/srv
-- Up-to-date: /opt/ros/gazebo_ros_build/install/include/gazebo_msgs/gazebo_msgs/srv/detail
-- Installing: /opt/ros/gazebo_ros_build/install/include/gazebo_msgs/gazebo_msgs/srv/detail/link_request__rosidl_typesupport_fastrtps_cpp.hpp
-- Installing: /opt/ros/gazebo_ros_build/install/include/gazebo_msgs/gazebo_msgs/srv/detail/spawn_model__rosidl_typesupport_fastrtps_cpp.hpp
-- Installing: /opt/ros/gazebo_ros_build/install/include/gazebo_msgs/gazebo_msgs/srv/detail/get_entity_state__rosidl_typesupport_fastrtps_cpp.hpp
-- Installing: /opt/ros/gazebo_ros_build/install/include/gazebo_msgs/gazebo_msgs/srv/detail/set_joint_properties__rosidl_typesupport_fastrtps_cpp.hpp
-- Installing: /opt/ros/gazebo_ros_build/install/include/gazebo_msgs/gazebo_msgs/srv/detail/get_model_state__rosidl_typesupport_fastrtps_cpp.hpp
-- Installing: /opt/ros/gazebo_ros_build/install/include/gazebo_msgs/gazebo_msgs/srv/detail/delete_entity__rosidl_typesupport_fastrtps_cpp.hpp
-- Installing: /opt/ros/gazebo_ros_build/install/include/gazebo_msgs/gazebo_msgs/srv/detail/get_model_list__rosidl_typesupport_fastrtps_cpp.hpp
-- Installing: /opt/ros/gazebo_ros_build/install/include/gazebo_msgs/gazebo_msgs/srv/detail/get_physics_properties__rosidl_typesupport_fastrtps_cpp.hpp
-- Installing: /opt/ros/gazebo_ros_build/install/include/gazebo_msgs/gazebo_msgs/srv/detail/apply_body_wrench__rosidl_typesupport_fastrtps_cpp.hpp
-- Installing: /opt/ros/gazebo_ros_build/install/include/gazebo_msgs/gazebo_msgs/srv/detail/delete_light__rosidl_typesupport_fastrtps_cpp.hpp
-- Installing: /opt/ros/gazebo_ros_build/install/include/gazebo_msgs/gazebo_msgs/srv/detail/apply_joint_effort__rosidl_typesupport_fastrtps_cpp.hpp
-- Installing: /opt/ros/gazebo_ros_build/install/include/gazebo_msgs/gazebo_msgs/srv/detail/set_link_properties__rosidl_typesupport_fastrtps_cpp.hpp
-- Installing: /opt/ros/gazebo_ros_build/install/include/gazebo_msgs/gazebo_msgs/srv/detail/set_link_state__rosidl_typesupport_fastrtps_cpp.hpp
-- Installing: /opt/ros/gazebo_ros_build/install/include/gazebo_msgs/gazebo_msgs/srv/detail/set_model_state__rosidl_typesupport_fastrtps_cpp.hpp
-- Installing: /opt/ros/gazebo_ros_build/install/include/gazebo_msgs/gazebo_msgs/srv/detail/joint_request__rosidl_typesupport_fastrtps_cpp.hpp
-- Installing: /opt/ros/gazebo_ros_build/install/include/gazebo_msgs/gazebo_msgs/srv/detail/set_entity_state__rosidl_typesupport_fastrtps_cpp.hpp
-- Installing: /opt/ros/gazebo_ros_build/install/include/gazebo_msgs/gazebo_msgs/srv/detail/delete_model__rosidl_typesupport_fastrtps_cpp.hpp
-- Installing: /opt/ros/gazebo_ros_build/install/include/gazebo_msgs/gazebo_msgs/srv/detail/set_joint_trajectory__rosidl_typesupport_fastrtps_cpp.hpp
-- Installing: /opt/ros/gazebo_ros_build/install/include/gazebo_msgs/gazebo_msgs/srv/detail/get_joint_properties__rosidl_typesupport_fastrtps_cpp.hpp
-- Installing: /opt/ros/gazebo_ros_build/install/include/gazebo_msgs/gazebo_msgs/srv/detail/set_model_configuration__rosidl_typesupport_fastrtps_cpp.hpp
-- Installing: /opt/ros/gazebo_ros_build/install/include/gazebo_msgs/gazebo_msgs/srv/detail/set_physics_properties__rosidl_typesupport_fastrtps_cpp.hpp
-- Installing: /opt/ros/gazebo_ros_build/install/include/gazebo_msgs/gazebo_msgs/srv/detail/get_link_state__rosidl_typesupport_fastrtps_cpp.hpp
-- Installing: /opt/ros/gazebo_ros_build/install/include/gazebo_msgs/gazebo_msgs/srv/detail/set_light_properties__rosidl_typesupport_fastrtps_cpp.hpp
-- Installing: /opt/ros/gazebo_ros_build/install/include/gazebo_msgs/gazebo_msgs/srv/detail/get_light_properties__rosidl_typesupport_fastrtps_cpp.hpp
-- Installing: /opt/ros/gazebo_ros_build/install/include/gazebo_msgs/gazebo_msgs/srv/detail/get_link_properties__rosidl_typesupport_fastrtps_cpp.hpp
-- Installing: /opt/ros/gazebo_ros_build/install/include/gazebo_msgs/gazebo_msgs/srv/detail/get_world_properties__rosidl_typesupport_fastrtps_cpp.hpp
-- Installing: /opt/ros/gazebo_ros_build/install/include/gazebo_msgs/gazebo_msgs/srv/detail/body_request__rosidl_typesupport_fastrtps_cpp.hpp
-- Installing: /opt/ros/gazebo_ros_build/install/include/gazebo_msgs/gazebo_msgs/srv/detail/dds_fastrtps
-- Installing: /opt/ros/gazebo_ros_build/install/include/gazebo_msgs/gazebo_msgs/srv/detail/apply_link_wrench__rosidl_typesupport_fastrtps_cpp.hpp
-- Installing: /opt/ros/gazebo_ros_build/install/include/gazebo_msgs/gazebo_msgs/srv/detail/get_model_properties__rosidl_typesupport_fastrtps_cpp.hpp
-- Installing: /opt/ros/gazebo_ros_build/install/include/gazebo_msgs/gazebo_msgs/srv/detail/spawn_entity__rosidl_typesupport_fastrtps_cpp.hpp
-- Installing: /opt/ros/gazebo_ros_build/install/lib/libgazebo_msgs__rosidl_typesupport_fastrtps_cpp.so
-- Set runtime path of "/opt/ros/gazebo_ros_build/install/lib/libgazebo_msgs__rosidl_typesupport_fastrtps_cpp.so" to ""
-- Up-to-date: /opt/ros/gazebo_ros_build/install/include/gazebo_msgs/gazebo_msgs
-- Up-to-date: /opt/ros/gazebo_ros_build/install/include/gazebo_msgs/gazebo_msgs/msg
-- Installing: /opt/ros/gazebo_ros_build/install/include/gazebo_msgs/gazebo_msgs/msg/rosidl_typesupport_introspection_c__visibility_control.h
-- Up-to-date: /opt/ros/gazebo_ros_build/install/include/gazebo_msgs/gazebo_msgs/msg/detail
-- Installing: /opt/ros/gazebo_ros_build/install/include/gazebo_msgs/gazebo_msgs/msg/detail/contact_state__rosidl_typesupport_introspection_c.h
-- Installing: /opt/ros/gazebo_ros_build/install/include/gazebo_msgs/gazebo_msgs/msg/detail/performance_metrics__type_support.c
-- Installing: /opt/ros/gazebo_ros_build/install/include/gazebo_msgs/gazebo_msgs/msg/detail/contacts_state__rosidl_typesupport_introspection_c.h
-- Installing: /opt/ros/gazebo_ros_build/install/include/gazebo_msgs/gazebo_msgs/msg/detail/ode_joint_properties__rosidl_typesupport_introspection_c.h
-- Installing: /opt/ros/gazebo_ros_build/install/include/gazebo_msgs/gazebo_msgs/msg/detail/wheel_slip__rosidl_typesupport_introspection_c.h
-- Installing: /opt/ros/gazebo_ros_build/install/include/gazebo_msgs/gazebo_msgs/msg/detail/world_state__rosidl_typesupport_introspection_c.h
-- Installing: /opt/ros/gazebo_ros_build/install/include/gazebo_msgs/gazebo_msgs/msg/detail/entity_state__rosidl_typesupport_introspection_c.h
-- Installing: /opt/ros/gazebo_ros_build/install/include/gazebo_msgs/gazebo_msgs/msg/detail/wheel_slip__type_support.c
-- Installing: /opt/ros/gazebo_ros_build/install/include/gazebo_msgs/gazebo_msgs/msg/detail/contacts_state__type_support.c
-- Installing: /opt/ros/gazebo_ros_build/install/include/gazebo_msgs/gazebo_msgs/msg/detail/performance_metrics__rosidl_typesupport_introspection_c.h
-- Installing: /opt/ros/gazebo_ros_build/install/include/gazebo_msgs/gazebo_msgs/msg/detail/model_states__type_support.c
-- Installing: /opt/ros/gazebo_ros_build/install/include/gazebo_msgs/gazebo_msgs/msg/detail/contact_state__type_support.c
-- Installing: /opt/ros/gazebo_ros_build/install/include/gazebo_msgs/gazebo_msgs/msg/detail/ode_physics__rosidl_typesupport_introspection_c.h
-- Installing: /opt/ros/gazebo_ros_build/install/include/gazebo_msgs/gazebo_msgs/msg/detail/link_states__rosidl_typesupport_introspection_c.h
-- Installing: /opt/ros/gazebo_ros_build/install/include/gazebo_msgs/gazebo_msgs/msg/detail/ode_joint_properties__type_support.c
-- Installing: /opt/ros/gazebo_ros_build/install/include/gazebo_msgs/gazebo_msgs/msg/detail/sensor_performance_metric__rosidl_typesupport_introspection_c.h
-- Installing: /opt/ros/gazebo_ros_build/install/include/gazebo_msgs/gazebo_msgs/msg/detail/model_states__rosidl_typesupport_introspection_c.h
-- Installing: /opt/ros/gazebo_ros_build/install/include/gazebo_msgs/gazebo_msgs/msg/detail/entity_state__type_support.c
-- Installing: /opt/ros/gazebo_ros_build/install/include/gazebo_msgs/gazebo_msgs/msg/detail/link_state__rosidl_typesupport_introspection_c.h
-- Installing: /opt/ros/gazebo_ros_build/install/include/gazebo_msgs/gazebo_msgs/msg/detail/link_states__type_support.c
-- Installing: /opt/ros/gazebo_ros_build/install/include/gazebo_msgs/gazebo_msgs/msg/detail/model_state__type_support.c
-- Installing: /opt/ros/gazebo_ros_build/install/include/gazebo_msgs/gazebo_msgs/msg/detail/world_state__type_support.c
-- Installing: /opt/ros/gazebo_ros_build/install/include/gazebo_msgs/gazebo_msgs/msg/detail/sensor_performance_metric__type_support.c
-- Installing: /opt/ros/gazebo_ros_build/install/include/gazebo_msgs/gazebo_msgs/msg/detail/model_state__rosidl_typesupport_introspection_c.h
-- Installing: /opt/ros/gazebo_ros_build/install/include/gazebo_msgs/gazebo_msgs/msg/detail/ode_physics__type_support.c
-- Installing: /opt/ros/gazebo_ros_build/install/include/gazebo_msgs/gazebo_msgs/msg/detail/link_state__type_support.c
-- Up-to-date: /opt/ros/gazebo_ros_build/install/include/gazebo_msgs/gazebo_msgs/srv
-- Up-to-date: /opt/ros/gazebo_ros_build/install/include/gazebo_msgs/gazebo_msgs/srv/detail
-- Installing: /opt/ros/gazebo_ros_build/install/include/gazebo_msgs/gazebo_msgs/srv/detail/get_light_properties__type_support.c
-- Installing: /opt/ros/gazebo_ros_build/install/include/gazebo_msgs/gazebo_msgs/srv/detail/set_model_state__rosidl_typesupport_introspection_c.h
-- Installing: /opt/ros/gazebo_ros_build/install/include/gazebo_msgs/gazebo_msgs/srv/detail/apply_joint_effort__rosidl_typesupport_introspection_c.h
-- Installing: /opt/ros/gazebo_ros_build/install/include/gazebo_msgs/gazebo_msgs/srv/detail/spawn_model__type_support.c
-- Installing: /opt/ros/gazebo_ros_build/install/include/gazebo_msgs/gazebo_msgs/srv/detail/get_link_state__rosidl_typesupport_introspection_c.h
-- Installing: /opt/ros/gazebo_ros_build/install/include/gazebo_msgs/gazebo_msgs/srv/detail/apply_body_wrench__rosidl_typesupport_introspection_c.h
-- Installing: /opt/ros/gazebo_ros_build/install/include/gazebo_msgs/gazebo_msgs/srv/detail/get_joint_properties__rosidl_typesupport_introspection_c.h
-- Installing: /opt/ros/gazebo_ros_build/install/include/gazebo_msgs/gazebo_msgs/srv/detail/set_link_properties__type_support.c
-- Installing: /opt/ros/gazebo_ros_build/install/include/gazebo_msgs/gazebo_msgs/srv/detail/get_entity_state__rosidl_typesupport_introspection_c.h
-- Installing: /opt/ros/gazebo_ros_build/install/include/gazebo_msgs/gazebo_msgs/srv/detail/set_light_properties__type_support.c
-- Installing: /opt/ros/gazebo_ros_build/install/include/gazebo_msgs/gazebo_msgs/srv/detail/spawn_entity__type_support.c
-- Installing: /opt/ros/gazebo_ros_build/install/include/gazebo_msgs/gazebo_msgs/srv/detail/get_light_properties__rosidl_typesupport_introspection_c.h
-- Installing: /opt/ros/gazebo_ros_build/install/include/gazebo_msgs/gazebo_msgs/srv/detail/set_model_configuration__type_support.c
-- Installing: /opt/ros/gazebo_ros_build/install/include/gazebo_msgs/gazebo_msgs/srv/detail/get_physics_properties__type_support.c
-- Installing: /opt/ros/gazebo_ros_build/install/include/gazebo_msgs/gazebo_msgs/srv/detail/link_request__rosidl_typesupport_introspection_c.h
-- Installing: /opt/ros/gazebo_ros_build/install/include/gazebo_msgs/gazebo_msgs/srv/detail/delete_entity__type_support.c
-- Installing: /opt/ros/gazebo_ros_build/install/include/gazebo_msgs/gazebo_msgs/srv/detail/apply_body_wrench__type_support.c
-- Installing: /opt/ros/gazebo_ros_build/install/include/gazebo_msgs/gazebo_msgs/srv/detail/set_link_properties__rosidl_typesupport_introspection_c.h
-- Installing: /opt/ros/gazebo_ros_build/install/include/gazebo_msgs/gazebo_msgs/srv/detail/set_joint_trajectory__type_support.c
-- Installing: /opt/ros/gazebo_ros_build/install/include/gazebo_msgs/gazebo_msgs/srv/detail/get_model_properties__rosidl_typesupport_introspection_c.h
-- Installing: /opt/ros/gazebo_ros_build/install/include/gazebo_msgs/gazebo_msgs/srv/detail/get_world_properties__type_support.c
-- Installing: /opt/ros/gazebo_ros_build/install/include/gazebo_msgs/gazebo_msgs/srv/detail/set_joint_properties__type_support.c
-- Installing: /opt/ros/gazebo_ros_build/install/include/gazebo_msgs/gazebo_msgs/srv/detail/delete_light__rosidl_typesupport_introspection_c.h
-- Installing: /opt/ros/gazebo_ros_build/install/include/gazebo_msgs/gazebo_msgs/srv/detail/joint_request__rosidl_typesupport_introspection_c.h
-- Installing: /opt/ros/gazebo_ros_build/install/include/gazebo_msgs/gazebo_msgs/srv/detail/set_physics_properties__rosidl_typesupport_introspection_c.h
-- Installing: /opt/ros/gazebo_ros_build/install/include/gazebo_msgs/gazebo_msgs/srv/detail/set_entity_state__type_support.c
-- Installing: /opt/ros/gazebo_ros_build/install/include/gazebo_msgs/gazebo_msgs/srv/detail/delete_light__type_support.c
-- Installing: /opt/ros/gazebo_ros_build/install/include/gazebo_msgs/gazebo_msgs/srv/detail/get_model_state__type_support.c
-- Installing: /opt/ros/gazebo_ros_build/install/include/gazebo_msgs/gazebo_msgs/srv/detail/spawn_entity__rosidl_typesupport_introspection_c.h
-- Installing: /opt/ros/gazebo_ros_build/install/include/gazebo_msgs/gazebo_msgs/srv/detail/get_world_properties__rosidl_typesupport_introspection_c.h
-- Installing: /opt/ros/gazebo_ros_build/install/include/gazebo_msgs/gazebo_msgs/srv/detail/delete_entity__rosidl_typesupport_introspection_c.h
-- Installing: /opt/ros/gazebo_ros_build/install/include/gazebo_msgs/gazebo_msgs/srv/detail/get_model_state__rosidl_typesupport_introspection_c.h
-- Installing: /opt/ros/gazebo_ros_build/install/include/gazebo_msgs/gazebo_msgs/srv/detail/set_model_configuration__rosidl_typesupport_introspection_c.h
-- Installing: /opt/ros/gazebo_ros_build/install/include/gazebo_msgs/gazebo_msgs/srv/detail/set_model_state__type_support.c
-- Installing: /opt/ros/gazebo_ros_build/install/include/gazebo_msgs/gazebo_msgs/srv/detail/delete_model__type_support.c
-- Installing: /opt/ros/gazebo_ros_build/install/include/gazebo_msgs/gazebo_msgs/srv/detail/apply_link_wrench__rosidl_typesupport_introspection_c.h
-- Installing: /opt/ros/gazebo_ros_build/install/include/gazebo_msgs/gazebo_msgs/srv/detail/set_joint_properties__rosidl_typesupport_introspection_c.h
-- Installing: /opt/ros/gazebo_ros_build/install/include/gazebo_msgs/gazebo_msgs/srv/detail/get_physics_properties__rosidl_typesupport_introspection_c.h
-- Installing: /opt/ros/gazebo_ros_build/install/include/gazebo_msgs/gazebo_msgs/srv/detail/set_joint_trajectory__rosidl_typesupport_introspection_c.h
-- Installing: /opt/ros/gazebo_ros_build/install/include/gazebo_msgs/gazebo_msgs/srv/detail/get_model_list__rosidl_typesupport_introspection_c.h
-- Installing: /opt/ros/gazebo_ros_build/install/include/gazebo_msgs/gazebo_msgs/srv/detail/apply_joint_effort__type_support.c
-- Installing: /opt/ros/gazebo_ros_build/install/include/gazebo_msgs/gazebo_msgs/srv/detail/set_link_state__type_support.c
-- Installing: /opt/ros/gazebo_ros_build/install/include/gazebo_msgs/gazebo_msgs/srv/detail/body_request__type_support.c
-- Installing: /opt/ros/gazebo_ros_build/install/include/gazebo_msgs/gazebo_msgs/srv/detail/body_request__rosidl_typesupport_introspection_c.h
-- Installing: /opt/ros/gazebo_ros_build/install/include/gazebo_msgs/gazebo_msgs/srv/detail/get_link_properties__rosidl_typesupport_introspection_c.h
-- Installing: /opt/ros/gazebo_ros_build/install/include/gazebo_msgs/gazebo_msgs/srv/detail/set_link_state__rosidl_typesupport_introspection_c.h
-- Installing: /opt/ros/gazebo_ros_build/install/include/gazebo_msgs/gazebo_msgs/srv/detail/get_link_state__type_support.c
-- Installing: /opt/ros/gazebo_ros_build/install/include/gazebo_msgs/gazebo_msgs/srv/detail/set_light_properties__rosidl_typesupport_introspection_c.h
-- Installing: /opt/ros/gazebo_ros_build/install/include/gazebo_msgs/gazebo_msgs/srv/detail/get_model_list__type_support.c
-- Installing: /opt/ros/gazebo_ros_build/install/include/gazebo_msgs/gazebo_msgs/srv/detail/get_entity_state__type_support.c
-- Installing: /opt/ros/gazebo_ros_build/install/include/gazebo_msgs/gazebo_msgs/srv/detail/get_model_properties__type_support.c
-- Installing: /opt/ros/gazebo_ros_build/install/include/gazebo_msgs/gazebo_msgs/srv/detail/joint_request__type_support.c
-- Installing: /opt/ros/gazebo_ros_build/install/include/gazebo_msgs/gazebo_msgs/srv/detail/set_entity_state__rosidl_typesupport_introspection_c.h
-- Installing: /opt/ros/gazebo_ros_build/install/include/gazebo_msgs/gazebo_msgs/srv/detail/set_physics_properties__type_support.c
-- Installing: /opt/ros/gazebo_ros_build/install/include/gazebo_msgs/gazebo_msgs/srv/detail/get_link_properties__type_support.c
-- Installing: /opt/ros/gazebo_ros_build/install/include/gazebo_msgs/gazebo_msgs/srv/detail/get_joint_properties__type_support.c
-- Installing: /opt/ros/gazebo_ros_build/install/include/gazebo_msgs/gazebo_msgs/srv/detail/link_request__type_support.c
-- Installing: /opt/ros/gazebo_ros_build/install/include/gazebo_msgs/gazebo_msgs/srv/detail/delete_model__rosidl_typesupport_introspection_c.h
-- Installing: /opt/ros/gazebo_ros_build/install/include/gazebo_msgs/gazebo_msgs/srv/detail/apply_link_wrench__type_support.c
-- Installing: /opt/ros/gazebo_ros_build/install/include/gazebo_msgs/gazebo_msgs/srv/detail/spawn_model__rosidl_typesupport_introspection_c.h
-- Installing: /opt/ros/gazebo_ros_build/install/lib/libgazebo_msgs__rosidl_typesupport_introspection_c.so
-- Set runtime path of "/opt/ros/gazebo_ros_build/install/lib/libgazebo_msgs__rosidl_typesupport_introspection_c.so" to ""
-- Installing: /opt/ros/gazebo_ros_build/install/lib/libgazebo_msgs__rosidl_typesupport_c.so
-- Set runtime path of "/opt/ros/gazebo_ros_build/install/lib/libgazebo_msgs__rosidl_typesupport_c.so" to ""
-- Up-to-date: /opt/ros/gazebo_ros_build/install/include/gazebo_msgs/gazebo_msgs
-- Up-to-date: /opt/ros/gazebo_ros_build/install/include/gazebo_msgs/gazebo_msgs/msg
-- Up-to-date: /opt/ros/gazebo_ros_build/install/include/gazebo_msgs/gazebo_msgs/msg/detail
-- Installing: /opt/ros/gazebo_ros_build/install/include/gazebo_msgs/gazebo_msgs/msg/detail/ode_physics__type_support.cpp
-- Installing: /opt/ros/gazebo_ros_build/install/include/gazebo_msgs/gazebo_msgs/msg/detail/ode_joint_properties__type_support.cpp
-- Installing: /opt/ros/gazebo_ros_build/install/include/gazebo_msgs/gazebo_msgs/msg/detail/entity_state__rosidl_typesupport_introspection_cpp.hpp
-- Installing: /opt/ros/gazebo_ros_build/install/include/gazebo_msgs/gazebo_msgs/msg/detail/wheel_slip__type_support.cpp
-- Installing: /opt/ros/gazebo_ros_build/install/include/gazebo_msgs/gazebo_msgs/msg/detail/contact_state__rosidl_typesupport_introspection_cpp.hpp
-- Installing: /opt/ros/gazebo_ros_build/install/include/gazebo_msgs/gazebo_msgs/msg/detail/ode_joint_properties__rosidl_typesupport_introspection_cpp.hpp
-- Installing: /opt/ros/gazebo_ros_build/install/include/gazebo_msgs/gazebo_msgs/msg/detail/performance_metrics__type_support.cpp
-- Installing: /opt/ros/gazebo_ros_build/install/include/gazebo_msgs/gazebo_msgs/msg/detail/contacts_state__rosidl_typesupport_introspection_cpp.hpp
-- Installing: /opt/ros/gazebo_ros_build/install/include/gazebo_msgs/gazebo_msgs/msg/detail/link_states__rosidl_typesupport_introspection_cpp.hpp
-- Installing: /opt/ros/gazebo_ros_build/install/include/gazebo_msgs/gazebo_msgs/msg/detail/performance_metrics__rosidl_typesupport_introspection_cpp.hpp
-- Installing: /opt/ros/gazebo_ros_build/install/include/gazebo_msgs/gazebo_msgs/msg/detail/model_state__type_support.cpp
-- Installing: /opt/ros/gazebo_ros_build/install/include/gazebo_msgs/gazebo_msgs/msg/detail/sensor_performance_metric__rosidl_typesupport_introspection_cpp.hpp
-- Installing: /opt/ros/gazebo_ros_build/install/include/gazebo_msgs/gazebo_msgs/msg/detail/link_states__type_support.cpp
-- Installing: /opt/ros/gazebo_ros_build/install/include/gazebo_msgs/gazebo_msgs/msg/detail/world_state__rosidl_typesupport_introspection_cpp.hpp
-- Installing: /opt/ros/gazebo_ros_build/install/include/gazebo_msgs/gazebo_msgs/msg/detail/wheel_slip__rosidl_typesupport_introspection_cpp.hpp
-- Installing: /opt/ros/gazebo_ros_build/install/include/gazebo_msgs/gazebo_msgs/msg/detail/contacts_state__type_support.cpp
-- Installing: /opt/ros/gazebo_ros_build/install/include/gazebo_msgs/gazebo_msgs/msg/detail/link_state__rosidl_typesupport_introspection_cpp.hpp
-- Installing: /opt/ros/gazebo_ros_build/install/include/gazebo_msgs/gazebo_msgs/msg/detail/model_states__type_support.cpp
-- Installing: /opt/ros/gazebo_ros_build/install/include/gazebo_msgs/gazebo_msgs/msg/detail/sensor_performance_metric__type_support.cpp
-- Installing: /opt/ros/gazebo_ros_build/install/include/gazebo_msgs/gazebo_msgs/msg/detail/model_states__rosidl_typesupport_introspection_cpp.hpp
-- Installing: /opt/ros/gazebo_ros_build/install/include/gazebo_msgs/gazebo_msgs/msg/detail/world_state__type_support.cpp
-- Installing: /opt/ros/gazebo_ros_build/install/include/gazebo_msgs/gazebo_msgs/msg/detail/link_state__type_support.cpp
-- Installing: /opt/ros/gazebo_ros_build/install/include/gazebo_msgs/gazebo_msgs/msg/detail/model_state__rosidl_typesupport_introspection_cpp.hpp
-- Installing: /opt/ros/gazebo_ros_build/install/include/gazebo_msgs/gazebo_msgs/msg/detail/contact_state__type_support.cpp
-- Installing: /opt/ros/gazebo_ros_build/install/include/gazebo_msgs/gazebo_msgs/msg/detail/entity_state__type_support.cpp
-- Installing: /opt/ros/gazebo_ros_build/install/include/gazebo_msgs/gazebo_msgs/msg/detail/ode_physics__rosidl_typesupport_introspection_cpp.hpp
-- Up-to-date: /opt/ros/gazebo_ros_build/install/include/gazebo_msgs/gazebo_msgs/srv
-- Up-to-date: /opt/ros/gazebo_ros_build/install/include/gazebo_msgs/gazebo_msgs/srv/detail
-- Installing: /opt/ros/gazebo_ros_build/install/include/gazebo_msgs/gazebo_msgs/srv/detail/spawn_entity__rosidl_typesupport_introspection_cpp.hpp
-- Installing: /opt/ros/gazebo_ros_build/install/include/gazebo_msgs/gazebo_msgs/srv/detail/get_joint_properties__rosidl_typesupport_introspection_cpp.hpp
-- Installing: /opt/ros/gazebo_ros_build/install/include/gazebo_msgs/gazebo_msgs/srv/detail/delete_entity__type_support.cpp
-- Installing: /opt/ros/gazebo_ros_build/install/include/gazebo_msgs/gazebo_msgs/srv/detail/set_joint_properties__rosidl_typesupport_introspection_cpp.hpp
-- Installing: /opt/ros/gazebo_ros_build/install/include/gazebo_msgs/gazebo_msgs/srv/detail/get_world_properties__type_support.cpp
-- Installing: /opt/ros/gazebo_ros_build/install/include/gazebo_msgs/gazebo_msgs/srv/detail/set_light_properties__type_support.cpp
-- Installing: /opt/ros/gazebo_ros_build/install/include/gazebo_msgs/gazebo_msgs/srv/detail/set_model_configuration__type_support.cpp
-- Installing: /opt/ros/gazebo_ros_build/install/include/gazebo_msgs/gazebo_msgs/srv/detail/apply_body_wrench__type_support.cpp
-- Installing: /opt/ros/gazebo_ros_build/install/include/gazebo_msgs/gazebo_msgs/srv/detail/set_joint_properties__type_support.cpp
-- Installing: /opt/ros/gazebo_ros_build/install/include/gazebo_msgs/gazebo_msgs/srv/detail/joint_request__type_support.cpp
-- Installing: /opt/ros/gazebo_ros_build/install/include/gazebo_msgs/gazebo_msgs/srv/detail/get_link_properties__rosidl_typesupport_introspection_cpp.hpp
-- Installing: /opt/ros/gazebo_ros_build/install/include/gazebo_msgs/gazebo_msgs/srv/detail/spawn_entity__type_support.cpp
-- Installing: /opt/ros/gazebo_ros_build/install/include/gazebo_msgs/gazebo_msgs/srv/detail/set_physics_properties__type_support.cpp
-- Installing: /opt/ros/gazebo_ros_build/install/include/gazebo_msgs/gazebo_msgs/srv/detail/get_light_properties__type_support.cpp
-- Installing: /opt/ros/gazebo_ros_build/install/include/gazebo_msgs/gazebo_msgs/srv/detail/get_physics_properties__type_support.cpp
-- Installing: /opt/ros/gazebo_ros_build/install/include/gazebo_msgs/gazebo_msgs/srv/detail/apply_link_wrench__type_support.cpp
-- Installing: /opt/ros/gazebo_ros_build/install/include/gazebo_msgs/gazebo_msgs/srv/detail/set_entity_state__type_support.cpp
-- Installing: /opt/ros/gazebo_ros_build/install/include/gazebo_msgs/gazebo_msgs/srv/detail/get_entity_state__rosidl_typesupport_introspection_cpp.hpp
-- Installing: /opt/ros/gazebo_ros_build/install/include/gazebo_msgs/gazebo_msgs/srv/detail/get_model_properties__type_support.cpp
-- Installing: /opt/ros/gazebo_ros_build/install/include/gazebo_msgs/gazebo_msgs/srv/detail/set_light_properties__rosidl_typesupport_introspection_cpp.hpp
-- Installing: /opt/ros/gazebo_ros_build/install/include/gazebo_msgs/gazebo_msgs/srv/detail/get_light_properties__rosidl_typesupport_introspection_cpp.hpp
-- Installing: /opt/ros/gazebo_ros_build/install/include/gazebo_msgs/gazebo_msgs/srv/detail/link_request__type_support.cpp
-- Installing: /opt/ros/gazebo_ros_build/install/include/gazebo_msgs/gazebo_msgs/srv/detail/apply_body_wrench__rosidl_typesupport_introspection_cpp.hpp
-- Installing: /opt/ros/gazebo_ros_build/install/include/gazebo_msgs/gazebo_msgs/srv/detail/apply_joint_effort__rosidl_typesupport_introspection_cpp.hpp
-- Installing: /opt/ros/gazebo_ros_build/install/include/gazebo_msgs/gazebo_msgs/srv/detail/set_link_properties__rosidl_typesupport_introspection_cpp.hpp
-- Installing: /opt/ros/gazebo_ros_build/install/include/gazebo_msgs/gazebo_msgs/srv/detail/get_entity_state__type_support.cpp
-- Installing: /opt/ros/gazebo_ros_build/install/include/gazebo_msgs/gazebo_msgs/srv/detail/set_link_state__rosidl_typesupport_introspection_cpp.hpp
-- Installing: /opt/ros/gazebo_ros_build/install/include/gazebo_msgs/gazebo_msgs/srv/detail/set_model_state__type_support.cpp
-- Installing: /opt/ros/gazebo_ros_build/install/include/gazebo_msgs/gazebo_msgs/srv/detail/delete_model__rosidl_typesupport_introspection_cpp.hpp
-- Installing: /opt/ros/gazebo_ros_build/install/include/gazebo_msgs/gazebo_msgs/srv/detail/delete_light__rosidl_typesupport_introspection_cpp.hpp
-- Installing: /opt/ros/gazebo_ros_build/install/include/gazebo_msgs/gazebo_msgs/srv/detail/get_link_state__rosidl_typesupport_introspection_cpp.hpp
-- Installing: /opt/ros/gazebo_ros_build/install/include/gazebo_msgs/gazebo_msgs/srv/detail/joint_request__rosidl_typesupport_introspection_cpp.hpp
-- Installing: /opt/ros/gazebo_ros_build/install/include/gazebo_msgs/gazebo_msgs/srv/detail/set_link_properties__type_support.cpp
-- Installing: /opt/ros/gazebo_ros_build/install/include/gazebo_msgs/gazebo_msgs/srv/detail/set_model_state__rosidl_typesupport_introspection_cpp.hpp
-- Installing: /opt/ros/gazebo_ros_build/install/include/gazebo_msgs/gazebo_msgs/srv/detail/set_model_configuration__rosidl_typesupport_introspection_cpp.hpp
-- Installing: /opt/ros/gazebo_ros_build/install/include/gazebo_msgs/gazebo_msgs/srv/detail/get_model_list__type_support.cpp
-- Installing: /opt/ros/gazebo_ros_build/install/include/gazebo_msgs/gazebo_msgs/srv/detail/get_model_properties__rosidl_typesupport_introspection_cpp.hpp
-- Installing: /opt/ros/gazebo_ros_build/install/include/gazebo_msgs/gazebo_msgs/srv/detail/get_link_properties__type_support.cpp
-- Installing: /opt/ros/gazebo_ros_build/install/include/gazebo_msgs/gazebo_msgs/srv/detail/spawn_model__type_support.cpp
-- Installing: /opt/ros/gazebo_ros_build/install/include/gazebo_msgs/gazebo_msgs/srv/detail/get_link_state__type_support.cpp
-- Installing: /opt/ros/gazebo_ros_build/install/include/gazebo_msgs/gazebo_msgs/srv/detail/apply_link_wrench__rosidl_typesupport_introspection_cpp.hpp
-- Installing: /opt/ros/gazebo_ros_build/install/include/gazebo_msgs/gazebo_msgs/srv/detail/set_joint_trajectory__rosidl_typesupport_introspection_cpp.hpp
-- Installing: /opt/ros/gazebo_ros_build/install/include/gazebo_msgs/gazebo_msgs/srv/detail/delete_entity__rosidl_typesupport_introspection_cpp.hpp
-- Installing: /opt/ros/gazebo_ros_build/install/include/gazebo_msgs/gazebo_msgs/srv/detail/apply_joint_effort__type_support.cpp
-- Installing: /opt/ros/gazebo_ros_build/install/include/gazebo_msgs/gazebo_msgs/srv/detail/get_model_state__rosidl_typesupport_introspection_cpp.hpp
-- Installing: /opt/ros/gazebo_ros_build/install/include/gazebo_msgs/gazebo_msgs/srv/detail/delete_light__type_support.cpp
-- Installing: /opt/ros/gazebo_ros_build/install/include/gazebo_msgs/gazebo_msgs/srv/detail/set_link_state__type_support.cpp
-- Installing: /opt/ros/gazebo_ros_build/install/include/gazebo_msgs/gazebo_msgs/srv/detail/get_world_properties__rosidl_typesupport_introspection_cpp.hpp
-- Installing: /opt/ros/gazebo_ros_build/install/include/gazebo_msgs/gazebo_msgs/srv/detail/get_model_state__type_support.cpp
-- Installing: /opt/ros/gazebo_ros_build/install/include/gazebo_msgs/gazebo_msgs/srv/detail/set_physics_properties__rosidl_typesupport_introspection_cpp.hpp
-- Installing: /opt/ros/gazebo_ros_build/install/include/gazebo_msgs/gazebo_msgs/srv/detail/spawn_model__rosidl_typesupport_introspection_cpp.hpp
-- Installing: /opt/ros/gazebo_ros_build/install/include/gazebo_msgs/gazebo_msgs/srv/detail/set_joint_trajectory__type_support.cpp
-- Installing: /opt/ros/gazebo_ros_build/install/include/gazebo_msgs/gazebo_msgs/srv/detail/link_request__rosidl_typesupport_introspection_cpp.hpp
-- Installing: /opt/ros/gazebo_ros_build/install/include/gazebo_msgs/gazebo_msgs/srv/detail/set_entity_state__rosidl_typesupport_introspection_cpp.hpp
-- Installing: /opt/ros/gazebo_ros_build/install/include/gazebo_msgs/gazebo_msgs/srv/detail/body_request__rosidl_typesupport_introspection_cpp.hpp
-- Installing: /opt/ros/gazebo_ros_build/install/include/gazebo_msgs/gazebo_msgs/srv/detail/delete_model__type_support.cpp
-- Installing: /opt/ros/gazebo_ros_build/install/include/gazebo_msgs/gazebo_msgs/srv/detail/get_model_list__rosidl_typesupport_introspection_cpp.hpp
-- Installing: /opt/ros/gazebo_ros_build/install/include/gazebo_msgs/gazebo_msgs/srv/detail/get_physics_properties__rosidl_typesupport_introspection_cpp.hpp
-- Installing: /opt/ros/gazebo_ros_build/install/include/gazebo_msgs/gazebo_msgs/srv/detail/get_joint_properties__type_support.cpp
-- Installing: /opt/ros/gazebo_ros_build/install/include/gazebo_msgs/gazebo_msgs/srv/detail/body_request__type_support.cpp
-- Installing: /opt/ros/gazebo_ros_build/install/lib/libgazebo_msgs__rosidl_typesupport_introspection_cpp.so
-- Set runtime path of "/opt/ros/gazebo_ros_build/install/lib/libgazebo_msgs__rosidl_typesupport_introspection_cpp.so" to ""
-- Installing: /opt/ros/gazebo_ros_build/install/lib/libgazebo_msgs__rosidl_typesupport_cpp.so
-- Set runtime path of "/opt/ros/gazebo_ros_build/install/lib/libgazebo_msgs__rosidl_typesupport_cpp.so" to ""
-- Installing: /opt/ros/gazebo_ros_build/install/share/gazebo_msgs/environment/pythonpath.sh
-- Installing: /opt/ros/gazebo_ros_build/install/share/gazebo_msgs/environment/pythonpath.dsv
-- Installing: /opt/ros/gazebo_ros_build/install/local/lib/python3.10/dist-packages/gazebo_msgs-3.9.0-py3.10.egg-info
-- Installing: /opt/ros/gazebo_ros_build/install/local/lib/python3.10/dist-packages/gazebo_msgs-3.9.0-py3.10.egg-info/dependency_links.txt
-- Installing: /opt/ros/gazebo_ros_build/install/local/lib/python3.10/dist-packages/gazebo_msgs-3.9.0-py3.10.egg-info/top_level.txt
-- Installing: /opt/ros/gazebo_ros_build/install/local/lib/python3.10/dist-packages/gazebo_msgs-3.9.0-py3.10.egg-info/SOURCES.txt
-- Installing: /opt/ros/gazebo_ros_build/install/local/lib/python3.10/dist-packages/gazebo_msgs-3.9.0-py3.10.egg-info/PKG-INFO
-- Installing: /opt/ros/gazebo_ros_build/install/local/lib/python3.10/dist-packages/gazebo_msgs
-- Installing: /opt/ros/gazebo_ros_build/install/local/lib/python3.10/dist-packages/gazebo_msgs/gazebo_msgs_s__rosidl_typesupport_fastrtps_c.cpython-310-aarch64-linux-gnu.so
-- Installing: /opt/ros/gazebo_ros_build/install/local/lib/python3.10/dist-packages/gazebo_msgs/libgazebo_msgs__rosidl_generator_py.so
-- Installing: /opt/ros/gazebo_ros_build/install/local/lib/python3.10/dist-packages/gazebo_msgs/msg
-- Installing: /opt/ros/gazebo_ros_build/install/local/lib/python3.10/dist-packages/gazebo_msgs/msg/_ode_joint_properties.py
-- Installing: /opt/ros/gazebo_ros_build/install/local/lib/python3.10/dist-packages/gazebo_msgs/msg/_wheel_slip.py
-- Installing: /opt/ros/gazebo_ros_build/install/local/lib/python3.10/dist-packages/gazebo_msgs/msg/_link_states.py
-- Installing: /opt/ros/gazebo_ros_build/install/local/lib/python3.10/dist-packages/gazebo_msgs/msg/_model_states.py
-- Installing: /opt/ros/gazebo_ros_build/install/local/lib/python3.10/dist-packages/gazebo_msgs/msg/_performance_metrics_s.c
-- Installing: /opt/ros/gazebo_ros_build/install/local/lib/python3.10/dist-packages/gazebo_msgs/msg/_model_states_s.c
-- Installing: /opt/ros/gazebo_ros_build/install/local/lib/python3.10/dist-packages/gazebo_msgs/msg/_wheel_slip_s.c
-- Installing: /opt/ros/gazebo_ros_build/install/local/lib/python3.10/dist-packages/gazebo_msgs/msg/_contact_state.py
-- Installing: /opt/ros/gazebo_ros_build/install/local/lib/python3.10/dist-packages/gazebo_msgs/msg/_ode_physics.py
-- Installing: /opt/ros/gazebo_ros_build/install/local/lib/python3.10/dist-packages/gazebo_msgs/msg/_world_state_s.c
-- Installing: /opt/ros/gazebo_ros_build/install/local/lib/python3.10/dist-packages/gazebo_msgs/msg/__init__.py
-- Installing: /opt/ros/gazebo_ros_build/install/local/lib/python3.10/dist-packages/gazebo_msgs/msg/_sensor_performance_metric.py
-- Installing: /opt/ros/gazebo_ros_build/install/local/lib/python3.10/dist-packages/gazebo_msgs/msg/_model_state_s.c
-- Installing: /opt/ros/gazebo_ros_build/install/local/lib/python3.10/dist-packages/gazebo_msgs/msg/_performance_metrics.py
-- Installing: /opt/ros/gazebo_ros_build/install/local/lib/python3.10/dist-packages/gazebo_msgs/msg/_contact_state_s.c
-- Installing: /opt/ros/gazebo_ros_build/install/local/lib/python3.10/dist-packages/gazebo_msgs/msg/_ode_physics_s.c
-- Installing: /opt/ros/gazebo_ros_build/install/local/lib/python3.10/dist-packages/gazebo_msgs/msg/_world_state.py
-- Installing: /opt/ros/gazebo_ros_build/install/local/lib/python3.10/dist-packages/gazebo_msgs/msg/_link_state.py
-- Installing: /opt/ros/gazebo_ros_build/install/local/lib/python3.10/dist-packages/gazebo_msgs/msg/_contacts_state_s.c
-- Installing: /opt/ros/gazebo_ros_build/install/local/lib/python3.10/dist-packages/gazebo_msgs/msg/_link_states_s.c
-- Installing: /opt/ros/gazebo_ros_build/install/local/lib/python3.10/dist-packages/gazebo_msgs/msg/_ode_joint_properties_s.c
-- Installing: /opt/ros/gazebo_ros_build/install/local/lib/python3.10/dist-packages/gazebo_msgs/msg/_entity_state.py
-- Installing: /opt/ros/gazebo_ros_build/install/local/lib/python3.10/dist-packages/gazebo_msgs/msg/_contacts_state.py
-- Installing: /opt/ros/gazebo_ros_build/install/local/lib/python3.10/dist-packages/gazebo_msgs/msg/_entity_state_s.c
-- Installing: /opt/ros/gazebo_ros_build/install/local/lib/python3.10/dist-packages/gazebo_msgs/msg/_model_state.py
-- Installing: /opt/ros/gazebo_ros_build/install/local/lib/python3.10/dist-packages/gazebo_msgs/msg/_sensor_performance_metric_s.c
-- Installing: /opt/ros/gazebo_ros_build/install/local/lib/python3.10/dist-packages/gazebo_msgs/msg/_link_state_s.c
-- Installing: /opt/ros/gazebo_ros_build/install/local/lib/python3.10/dist-packages/gazebo_msgs/__init__.py
-- Installing: /opt/ros/gazebo_ros_build/install/local/lib/python3.10/dist-packages/gazebo_msgs/gazebo_msgs_s__rosidl_typesupport_c.cpython-310-aarch64-linux-gnu.so
-- Installing: /opt/ros/gazebo_ros_build/install/local/lib/python3.10/dist-packages/gazebo_msgs/_gazebo_msgs_s.ep.rosidl_typesupport_c.c
-- Installing: /opt/ros/gazebo_ros_build/install/local/lib/python3.10/dist-packages/gazebo_msgs/_gazebo_msgs_s.ep.rosidl_typesupport_fastrtps_c.c
-- Installing: /opt/ros/gazebo_ros_build/install/local/lib/python3.10/dist-packages/gazebo_msgs/gazebo_msgs_s__rosidl_typesupport_introspection_c.cpython-310-aarch64-linux-gnu.so
-- Installing: /opt/ros/gazebo_ros_build/install/local/lib/python3.10/dist-packages/gazebo_msgs/_gazebo_msgs_s.ep.rosidl_typesupport_introspection_c.c
-- Installing: /opt/ros/gazebo_ros_build/install/local/lib/python3.10/dist-packages/gazebo_msgs/srv
-- Installing: /opt/ros/gazebo_ros_build/install/local/lib/python3.10/dist-packages/gazebo_msgs/srv/_get_light_properties.py
-- Installing: /opt/ros/gazebo_ros_build/install/local/lib/python3.10/dist-packages/gazebo_msgs/srv/_apply_link_wrench_s.c
-- Installing: /opt/ros/gazebo_ros_build/install/local/lib/python3.10/dist-packages/gazebo_msgs/srv/_get_joint_properties.py
-- Installing: /opt/ros/gazebo_ros_build/install/local/lib/python3.10/dist-packages/gazebo_msgs/srv/_set_joint_properties.py
-- Installing: /opt/ros/gazebo_ros_build/install/local/lib/python3.10/dist-packages/gazebo_msgs/srv/_set_entity_state.py
-- Installing: /opt/ros/gazebo_ros_build/install/local/lib/python3.10/dist-packages/gazebo_msgs/srv/_get_link_state_s.c
-- Installing: /opt/ros/gazebo_ros_build/install/local/lib/python3.10/dist-packages/gazebo_msgs/srv/_delete_model_s.c
-- Installing: /opt/ros/gazebo_ros_build/install/local/lib/python3.10/dist-packages/gazebo_msgs/srv/_get_entity_state_s.c
-- Installing: /opt/ros/gazebo_ros_build/install/local/lib/python3.10/dist-packages/gazebo_msgs/srv/_delete_light_s.c
-- Installing: /opt/ros/gazebo_ros_build/install/local/lib/python3.10/dist-packages/gazebo_msgs/srv/_apply_joint_effort_s.c
-- Installing: /opt/ros/gazebo_ros_build/install/local/lib/python3.10/dist-packages/gazebo_msgs/srv/_set_entity_state_s.c
-- Installing: /opt/ros/gazebo_ros_build/install/local/lib/python3.10/dist-packages/gazebo_msgs/srv/_get_light_properties_s.c
-- Installing: /opt/ros/gazebo_ros_build/install/local/lib/python3.10/dist-packages/gazebo_msgs/srv/_delete_entity.py
-- Installing: /opt/ros/gazebo_ros_build/install/local/lib/python3.10/dist-packages/gazebo_msgs/srv/_delete_light.py
-- Installing: /opt/ros/gazebo_ros_build/install/local/lib/python3.10/dist-packages/gazebo_msgs/srv/_apply_body_wrench.py
-- Installing: /opt/ros/gazebo_ros_build/install/local/lib/python3.10/dist-packages/gazebo_msgs/srv/_get_model_properties.py
-- Installing: /opt/ros/gazebo_ros_build/install/local/lib/python3.10/dist-packages/gazebo_msgs/srv/_get_model_state_s.c
-- Installing: /opt/ros/gazebo_ros_build/install/local/lib/python3.10/dist-packages/gazebo_msgs/srv/_spawn_model.py
-- Installing: /opt/ros/gazebo_ros_build/install/local/lib/python3.10/dist-packages/gazebo_msgs/srv/__init__.py
-- Installing: /opt/ros/gazebo_ros_build/install/local/lib/python3.10/dist-packages/gazebo_msgs/srv/_get_joint_properties_s.c
-- Installing: /opt/ros/gazebo_ros_build/install/local/lib/python3.10/dist-packages/gazebo_msgs/srv/_set_joint_trajectory_s.c
-- Installing: /opt/ros/gazebo_ros_build/install/local/lib/python3.10/dist-packages/gazebo_msgs/srv/_spawn_entity.py
-- Installing: /opt/ros/gazebo_ros_build/install/local/lib/python3.10/dist-packages/gazebo_msgs/srv/_get_link_properties.py
-- Installing: /opt/ros/gazebo_ros_build/install/local/lib/python3.10/dist-packages/gazebo_msgs/srv/_delete_entity_s.c
-- Installing: /opt/ros/gazebo_ros_build/install/local/lib/python3.10/dist-packages/gazebo_msgs/srv/_set_model_configuration_s.c
-- Installing: /opt/ros/gazebo_ros_build/install/local/lib/python3.10/dist-packages/gazebo_msgs/srv/_set_link_properties.py
-- Installing: /opt/ros/gazebo_ros_build/install/local/lib/python3.10/dist-packages/gazebo_msgs/srv/_body_request.py
-- Installing: /opt/ros/gazebo_ros_build/install/local/lib/python3.10/dist-packages/gazebo_msgs/srv/_get_world_properties_s.c
-- Installing: /opt/ros/gazebo_ros_build/install/local/lib/python3.10/dist-packages/gazebo_msgs/srv/_set_physics_properties_s.c
-- Installing: /opt/ros/gazebo_ros_build/install/local/lib/python3.10/dist-packages/gazebo_msgs/srv/_get_entity_state.py
-- Installing: /opt/ros/gazebo_ros_build/install/local/lib/python3.10/dist-packages/gazebo_msgs/srv/_get_model_properties_s.c
-- Installing: /opt/ros/gazebo_ros_build/install/local/lib/python3.10/dist-packages/gazebo_msgs/srv/_apply_joint_effort.py
-- Installing: /opt/ros/gazebo_ros_build/install/local/lib/python3.10/dist-packages/gazebo_msgs/srv/_link_request.py
-- Installing: /opt/ros/gazebo_ros_build/install/local/lib/python3.10/dist-packages/gazebo_msgs/srv/_apply_link_wrench.py
-- Installing: /opt/ros/gazebo_ros_build/install/local/lib/python3.10/dist-packages/gazebo_msgs/srv/_get_link_properties_s.c
-- Installing: /opt/ros/gazebo_ros_build/install/local/lib/python3.10/dist-packages/gazebo_msgs/srv/_set_joint_properties_s.c
-- Installing: /opt/ros/gazebo_ros_build/install/local/lib/python3.10/dist-packages/gazebo_msgs/srv/_get_physics_properties_s.c
-- Installing: /opt/ros/gazebo_ros_build/install/local/lib/python3.10/dist-packages/gazebo_msgs/srv/_set_joint_trajectory.py
-- Installing: /opt/ros/gazebo_ros_build/install/local/lib/python3.10/dist-packages/gazebo_msgs/srv/_spawn_model_s.c
-- Installing: /opt/ros/gazebo_ros_build/install/local/lib/python3.10/dist-packages/gazebo_msgs/srv/_delete_model.py
-- Installing: /opt/ros/gazebo_ros_build/install/local/lib/python3.10/dist-packages/gazebo_msgs/srv/_joint_request.py
-- Installing: /opt/ros/gazebo_ros_build/install/local/lib/python3.10/dist-packages/gazebo_msgs/srv/_set_model_state.py
-- Installing: /opt/ros/gazebo_ros_build/install/local/lib/python3.10/dist-packages/gazebo_msgs/srv/_get_world_properties.py
-- Installing: /opt/ros/gazebo_ros_build/install/local/lib/python3.10/dist-packages/gazebo_msgs/srv/_get_model_list_s.c
-- Installing: /opt/ros/gazebo_ros_build/install/local/lib/python3.10/dist-packages/gazebo_msgs/srv/_spawn_entity_s.c
-- Installing: /opt/ros/gazebo_ros_build/install/local/lib/python3.10/dist-packages/gazebo_msgs/srv/_link_request_s.c
-- Installing: /opt/ros/gazebo_ros_build/install/local/lib/python3.10/dist-packages/gazebo_msgs/srv/_apply_body_wrench_s.c
-- Installing: /opt/ros/gazebo_ros_build/install/local/lib/python3.10/dist-packages/gazebo_msgs/srv/_set_light_properties_s.c
-- Installing: /opt/ros/gazebo_ros_build/install/local/lib/python3.10/dist-packages/gazebo_msgs/srv/_set_light_properties.py
-- Installing: /opt/ros/gazebo_ros_build/install/local/lib/python3.10/dist-packages/gazebo_msgs/srv/_get_physics_properties.py
-- Installing: /opt/ros/gazebo_ros_build/install/local/lib/python3.10/dist-packages/gazebo_msgs/srv/_set_physics_properties.py
-- Installing: /opt/ros/gazebo_ros_build/install/local/lib/python3.10/dist-packages/gazebo_msgs/srv/_body_request_s.c
-- Installing: /opt/ros/gazebo_ros_build/install/local/lib/python3.10/dist-packages/gazebo_msgs/srv/_set_link_state.py
-- Installing: /opt/ros/gazebo_ros_build/install/local/lib/python3.10/dist-packages/gazebo_msgs/srv/_set_link_properties_s.c
-- Installing: /opt/ros/gazebo_ros_build/install/local/lib/python3.10/dist-packages/gazebo_msgs/srv/_set_model_configuration.py
-- Installing: /opt/ros/gazebo_ros_build/install/local/lib/python3.10/dist-packages/gazebo_msgs/srv/_get_link_state.py
-- Installing: /opt/ros/gazebo_ros_build/install/local/lib/python3.10/dist-packages/gazebo_msgs/srv/_joint_request_s.c
-- Installing: /opt/ros/gazebo_ros_build/install/local/lib/python3.10/dist-packages/gazebo_msgs/srv/_get_model_list.py
-- Installing: /opt/ros/gazebo_ros_build/install/local/lib/python3.10/dist-packages/gazebo_msgs/srv/_get_model_state.py
-- Installing: /opt/ros/gazebo_ros_build/install/local/lib/python3.10/dist-packages/gazebo_msgs/srv/_set_link_state_s.c
-- Installing: /opt/ros/gazebo_ros_build/install/local/lib/python3.10/dist-packages/gazebo_msgs/srv/_set_model_state_s.c
Listing '/opt/ros/gazebo_ros_build/install/local/lib/python3.10/dist-packages/gazebo_msgs'...
Compiling '/opt/ros/gazebo_ros_build/install/local/lib/python3.10/dist-packages/gazebo_msgs/__init__.py'...
Listing '/opt/ros/gazebo_ros_build/install/local/lib/python3.10/dist-packages/gazebo_msgs/msg'...
Compiling '/opt/ros/gazebo_ros_build/install/local/lib/python3.10/dist-packages/gazebo_msgs/msg/__init__.py'...
Compiling '/opt/ros/gazebo_ros_build/install/local/lib/python3.10/dist-packages/gazebo_msgs/msg/_contact_state.py'...
Compiling '/opt/ros/gazebo_ros_build/install/local/lib/python3.10/dist-packages/gazebo_msgs/msg/_contacts_state.py'...
Compiling '/opt/ros/gazebo_ros_build/install/local/lib/python3.10/dist-packages/gazebo_msgs/msg/_entity_state.py'...
Compiling '/opt/ros/gazebo_ros_build/install/local/lib/python3.10/dist-packages/gazebo_msgs/msg/_link_state.py'...
Compiling '/opt/ros/gazebo_ros_build/install/local/lib/python3.10/dist-packages/gazebo_msgs/msg/_link_states.py'...
Compiling '/opt/ros/gazebo_ros_build/install/local/lib/python3.10/dist-packages/gazebo_msgs/msg/_model_state.py'...
Compiling '/opt/ros/gazebo_ros_build/install/local/lib/python3.10/dist-packages/gazebo_msgs/msg/_model_states.py'...
Compiling '/opt/ros/gazebo_ros_build/install/local/lib/python3.10/dist-packages/gazebo_msgs/msg/_ode_joint_properties.py'...
Compiling '/opt/ros/gazebo_ros_build/install/local/lib/python3.10/dist-packages/gazebo_msgs/msg/_ode_physics.py'...
Compiling '/opt/ros/gazebo_ros_build/install/local/lib/python3.10/dist-packages/gazebo_msgs/msg/_performance_metrics.py'...
Compiling '/opt/ros/gazebo_ros_build/install/local/lib/python3.10/dist-packages/gazebo_msgs/msg/_sensor_performance_metric.py'...
Compiling '/opt/ros/gazebo_ros_build/install/local/lib/python3.10/dist-packages/gazebo_msgs/msg/_wheel_slip.py'...
Compiling '/opt/ros/gazebo_ros_build/install/local/lib/python3.10/dist-packages/gazebo_msgs/msg/_world_state.py'...
Listing '/opt/ros/gazebo_ros_build/install/local/lib/python3.10/dist-packages/gazebo_msgs/srv'...
Compiling '/opt/ros/gazebo_ros_build/install/local/lib/python3.10/dist-packages/gazebo_msgs/srv/__init__.py'...
Compiling '/opt/ros/gazebo_ros_build/install/local/lib/python3.10/dist-packages/gazebo_msgs/srv/_apply_body_wrench.py'...
Compiling '/opt/ros/gazebo_ros_build/install/local/lib/python3.10/dist-packages/gazebo_msgs/srv/_apply_joint_effort.py'...
Compiling '/opt/ros/gazebo_ros_build/install/local/lib/python3.10/dist-packages/gazebo_msgs/srv/_apply_link_wrench.py'...
Compiling '/opt/ros/gazebo_ros_build/install/local/lib/python3.10/dist-packages/gazebo_msgs/srv/_body_request.py'...
Compiling '/opt/ros/gazebo_ros_build/install/local/lib/python3.10/dist-packages/gazebo_msgs/srv/_delete_entity.py'...
Compiling '/opt/ros/gazebo_ros_build/install/local/lib/python3.10/dist-packages/gazebo_msgs/srv/_delete_light.py'...
Compiling '/opt/ros/gazebo_ros_build/install/local/lib/python3.10/dist-packages/gazebo_msgs/srv/_delete_model.py'...
Compiling '/opt/ros/gazebo_ros_build/install/local/lib/python3.10/dist-packages/gazebo_msgs/srv/_get_entity_state.py'...
Compiling '/opt/ros/gazebo_ros_build/install/local/lib/python3.10/dist-packages/gazebo_msgs/srv/_get_joint_properties.py'...
Compiling '/opt/ros/gazebo_ros_build/install/local/lib/python3.10/dist-packages/gazebo_msgs/srv/_get_light_properties.py'...
Compiling '/opt/ros/gazebo_ros_build/install/local/lib/python3.10/dist-packages/gazebo_msgs/srv/_get_link_properties.py'...
Compiling '/opt/ros/gazebo_ros_build/install/local/lib/python3.10/dist-packages/gazebo_msgs/srv/_get_link_state.py'...
Compiling '/opt/ros/gazebo_ros_build/install/local/lib/python3.10/dist-packages/gazebo_msgs/srv/_get_model_list.py'...
Compiling '/opt/ros/gazebo_ros_build/install/local/lib/python3.10/dist-packages/gazebo_msgs/srv/_get_model_properties.py'...
Compiling '/opt/ros/gazebo_ros_build/install/local/lib/python3.10/dist-packages/gazebo_msgs/srv/_get_model_state.py'...
Compiling '/opt/ros/gazebo_ros_build/install/local/lib/python3.10/dist-packages/gazebo_msgs/srv/_get_physics_properties.py'...
Compiling '/opt/ros/gazebo_ros_build/install/local/lib/python3.10/dist-packages/gazebo_msgs/srv/_get_world_properties.py'...
Compiling '/opt/ros/gazebo_ros_build/install/local/lib/python3.10/dist-packages/gazebo_msgs/srv/_joint_request.py'...
Compiling '/opt/ros/gazebo_ros_build/install/local/lib/python3.10/dist-packages/gazebo_msgs/srv/_link_request.py'...
Compiling '/opt/ros/gazebo_ros_build/install/local/lib/python3.10/dist-packages/gazebo_msgs/srv/_set_entity_state.py'...
Compiling '/opt/ros/gazebo_ros_build/install/local/lib/python3.10/dist-packages/gazebo_msgs/srv/_set_joint_properties.py'...
Compiling '/opt/ros/gazebo_ros_build/install/local/lib/python3.10/dist-packages/gazebo_msgs/srv/_set_joint_trajectory.py'...
Compiling '/opt/ros/gazebo_ros_build/install/local/lib/python3.10/dist-packages/gazebo_msgs/srv/_set_light_properties.py'...
Compiling '/opt/ros/gazebo_ros_build/install/local/lib/python3.10/dist-packages/gazebo_msgs/srv/_set_link_properties.py'...
Compiling '/opt/ros/gazebo_ros_build/install/local/lib/python3.10/dist-packages/gazebo_msgs/srv/_set_link_state.py'...
Compiling '/opt/ros/gazebo_ros_build/install/local/lib/python3.10/dist-packages/gazebo_msgs/srv/_set_model_configuration.py'...
Compiling '/opt/ros/gazebo_ros_build/install/local/lib/python3.10/dist-packages/gazebo_msgs/srv/_set_model_state.py'...
Compiling '/opt/ros/gazebo_ros_build/install/local/lib/python3.10/dist-packages/gazebo_msgs/srv/_set_physics_properties.py'...
Compiling '/opt/ros/gazebo_ros_build/install/local/lib/python3.10/dist-packages/gazebo_msgs/srv/_spawn_entity.py'...
Compiling '/opt/ros/gazebo_ros_build/install/local/lib/python3.10/dist-packages/gazebo_msgs/srv/_spawn_model.py'...
-- Installing: /opt/ros/gazebo_ros_build/install/local/lib/python3.10/dist-packages/gazebo_msgs/gazebo_msgs_s__rosidl_typesupport_fastrtps_c.cpython-310-aarch64-linux-gnu.so
-- Set runtime path of "/opt/ros/gazebo_ros_build/install/local/lib/python3.10/dist-packages/gazebo_msgs/gazebo_msgs_s__rosidl_typesupport_fastrtps_c.cpython-310-aarch64-linux-gnu.so" to ""
-- Installing: /opt/ros/gazebo_ros_build/install/local/lib/python3.10/dist-packages/gazebo_msgs/gazebo_msgs_s__rosidl_typesupport_introspection_c.cpython-310-aarch64-linux-gnu.so
-- Set runtime path of "/opt/ros/gazebo_ros_build/install/local/lib/python3.10/dist-packages/gazebo_msgs/gazebo_msgs_s__rosidl_typesupport_introspection_c.cpython-310-aarch64-linux-gnu.so" to ""
-- Installing: /opt/ros/gazebo_ros_build/install/local/lib/python3.10/dist-packages/gazebo_msgs/gazebo_msgs_s__rosidl_typesupport_c.cpython-310-aarch64-linux-gnu.so
-- Set runtime path of "/opt/ros/gazebo_ros_build/install/local/lib/python3.10/dist-packages/gazebo_msgs/gazebo_msgs_s__rosidl_typesupport_c.cpython-310-aarch64-linux-gnu.so" to ""
-- Installing: /opt/ros/gazebo_ros_build/install/lib/libgazebo_msgs__rosidl_generator_py.so
-- Set runtime path of "/opt/ros/gazebo_ros_build/install/lib/libgazebo_msgs__rosidl_generator_py.so" to ""
-- Installing: /opt/ros/gazebo_ros_build/install/share/gazebo_msgs/msg/ContactState.idl
-- Installing: /opt/ros/gazebo_ros_build/install/share/gazebo_msgs/msg/ContactsState.idl
-- Installing: /opt/ros/gazebo_ros_build/install/share/gazebo_msgs/msg/EntityState.idl
-- Installing: /opt/ros/gazebo_ros_build/install/share/gazebo_msgs/msg/LinkState.idl
-- Installing: /opt/ros/gazebo_ros_build/install/share/gazebo_msgs/msg/LinkStates.idl
-- Installing: /opt/ros/gazebo_ros_build/install/share/gazebo_msgs/msg/ModelState.idl
-- Installing: /opt/ros/gazebo_ros_build/install/share/gazebo_msgs/msg/ModelStates.idl
-- Installing: /opt/ros/gazebo_ros_build/install/share/gazebo_msgs/msg/ODEJointProperties.idl
-- Installing: /opt/ros/gazebo_ros_build/install/share/gazebo_msgs/msg/ODEPhysics.idl
-- Installing: /opt/ros/gazebo_ros_build/install/share/gazebo_msgs/msg/PerformanceMetrics.idl
-- Installing: /opt/ros/gazebo_ros_build/install/share/gazebo_msgs/msg/SensorPerformanceMetric.idl
-- Installing: /opt/ros/gazebo_ros_build/install/share/gazebo_msgs/msg/WheelSlip.idl
-- Installing: /opt/ros/gazebo_ros_build/install/share/gazebo_msgs/msg/WorldState.idl
-- Installing: /opt/ros/gazebo_ros_build/install/share/gazebo_msgs/srv/ApplyBodyWrench.idl
-- Installing: /opt/ros/gazebo_ros_build/install/share/gazebo_msgs/srv/ApplyLinkWrench.idl
-- Installing: /opt/ros/gazebo_ros_build/install/share/gazebo_msgs/srv/ApplyJointEffort.idl
-- Installing: /opt/ros/gazebo_ros_build/install/share/gazebo_msgs/srv/BodyRequest.idl
-- Installing: /opt/ros/gazebo_ros_build/install/share/gazebo_msgs/srv/DeleteEntity.idl
-- Installing: /opt/ros/gazebo_ros_build/install/share/gazebo_msgs/srv/DeleteLight.idl
-- Installing: /opt/ros/gazebo_ros_build/install/share/gazebo_msgs/srv/DeleteModel.idl
-- Installing: /opt/ros/gazebo_ros_build/install/share/gazebo_msgs/srv/GetJointProperties.idl
-- Installing: /opt/ros/gazebo_ros_build/install/share/gazebo_msgs/srv/GetEntityState.idl
-- Installing: /opt/ros/gazebo_ros_build/install/share/gazebo_msgs/srv/GetLightProperties.idl
-- Installing: /opt/ros/gazebo_ros_build/install/share/gazebo_msgs/srv/GetLinkProperties.idl
-- Installing: /opt/ros/gazebo_ros_build/install/share/gazebo_msgs/srv/GetLinkState.idl
-- Installing: /opt/ros/gazebo_ros_build/install/share/gazebo_msgs/srv/GetModelList.idl
-- Installing: /opt/ros/gazebo_ros_build/install/share/gazebo_msgs/srv/GetModelProperties.idl
-- Installing: /opt/ros/gazebo_ros_build/install/share/gazebo_msgs/srv/GetModelState.idl
-- Installing: /opt/ros/gazebo_ros_build/install/share/gazebo_msgs/srv/GetPhysicsProperties.idl
-- Installing: /opt/ros/gazebo_ros_build/install/share/gazebo_msgs/srv/GetWorldProperties.idl
-- Installing: /opt/ros/gazebo_ros_build/install/share/gazebo_msgs/srv/JointRequest.idl
-- Installing: /opt/ros/gazebo_ros_build/install/share/gazebo_msgs/srv/LinkRequest.idl
-- Installing: /opt/ros/gazebo_ros_build/install/share/gazebo_msgs/srv/SetEntityState.idl
-- Installing: /opt/ros/gazebo_ros_build/install/share/gazebo_msgs/srv/SetJointProperties.idl
-- Installing: /opt/ros/gazebo_ros_build/install/share/gazebo_msgs/srv/SetJointTrajectory.idl
-- Installing: /opt/ros/gazebo_ros_build/install/share/gazebo_msgs/srv/SetLightProperties.idl
-- Installing: /opt/ros/gazebo_ros_build/install/share/gazebo_msgs/srv/SetLinkProperties.idl
-- Installing: /opt/ros/gazebo_ros_build/install/share/gazebo_msgs/srv/SetLinkState.idl
-- Installing: /opt/ros/gazebo_ros_build/install/share/gazebo_msgs/srv/SetModelConfiguration.idl
-- Installing: /opt/ros/gazebo_ros_build/install/share/gazebo_msgs/srv/SetModelState.idl
-- Installing: /opt/ros/gazebo_ros_build/install/share/gazebo_msgs/srv/SetPhysicsProperties.idl
-- Installing: /opt/ros/gazebo_ros_build/install/share/gazebo_msgs/srv/SpawnEntity.idl
-- Installing: /opt/ros/gazebo_ros_build/install/share/gazebo_msgs/srv/SpawnModel.idl
-- Installing: /opt/ros/gazebo_ros_build/install/share/gazebo_msgs/msg/ContactState.msg
-- Installing: /opt/ros/gazebo_ros_build/install/share/gazebo_msgs/msg/ContactsState.msg
-- Installing: /opt/ros/gazebo_ros_build/install/share/gazebo_msgs/msg/EntityState.msg
-- Installing: /opt/ros/gazebo_ros_build/install/share/gazebo_msgs/msg/LinkState.msg
-- Installing: /opt/ros/gazebo_ros_build/install/share/gazebo_msgs/msg/LinkStates.msg
-- Installing: /opt/ros/gazebo_ros_build/install/share/gazebo_msgs/msg/ModelState.msg
-- Installing: /opt/ros/gazebo_ros_build/install/share/gazebo_msgs/msg/ModelStates.msg
-- Installing: /opt/ros/gazebo_ros_build/install/share/gazebo_msgs/msg/ODEJointProperties.msg
-- Installing: /opt/ros/gazebo_ros_build/install/share/gazebo_msgs/msg/ODEPhysics.msg
-- Installing: /opt/ros/gazebo_ros_build/install/share/gazebo_msgs/msg/PerformanceMetrics.msg
-- Installing: /opt/ros/gazebo_ros_build/install/share/gazebo_msgs/msg/SensorPerformanceMetric.msg
-- Installing: /opt/ros/gazebo_ros_build/install/share/gazebo_msgs/msg/WheelSlip.msg
-- Installing: /opt/ros/gazebo_ros_build/install/share/gazebo_msgs/msg/WorldState.msg
-- Installing: /opt/ros/gazebo_ros_build/install/share/gazebo_msgs/srv/ApplyBodyWrench.srv
-- Installing: /opt/ros/gazebo_ros_build/install/share/gazebo_msgs/srv/ApplyBodyWrench_Request.msg
-- Installing: /opt/ros/gazebo_ros_build/install/share/gazebo_msgs/srv/ApplyBodyWrench_Response.msg
-- Installing: /opt/ros/gazebo_ros_build/install/share/gazebo_msgs/srv/ApplyLinkWrench.srv
-- Installing: /opt/ros/gazebo_ros_build/install/share/gazebo_msgs/srv/ApplyLinkWrench_Request.msg
-- Installing: /opt/ros/gazebo_ros_build/install/share/gazebo_msgs/srv/ApplyLinkWrench_Response.msg
-- Installing: /opt/ros/gazebo_ros_build/install/share/gazebo_msgs/srv/ApplyJointEffort.srv
-- Installing: /opt/ros/gazebo_ros_build/install/share/gazebo_msgs/srv/ApplyJointEffort_Request.msg
-- Installing: /opt/ros/gazebo_ros_build/install/share/gazebo_msgs/srv/ApplyJointEffort_Response.msg
-- Installing: /opt/ros/gazebo_ros_build/install/share/gazebo_msgs/srv/BodyRequest.srv
-- Installing: /opt/ros/gazebo_ros_build/install/share/gazebo_msgs/srv/BodyRequest_Request.msg
-- Installing: /opt/ros/gazebo_ros_build/install/share/gazebo_msgs/srv/BodyRequest_Response.msg
-- Installing: /opt/ros/gazebo_ros_build/install/share/gazebo_msgs/srv/DeleteEntity.srv
-- Installing: /opt/ros/gazebo_ros_build/install/share/gazebo_msgs/srv/DeleteEntity_Request.msg
-- Installing: /opt/ros/gazebo_ros_build/install/share/gazebo_msgs/srv/DeleteEntity_Response.msg
-- Installing: /opt/ros/gazebo_ros_build/install/share/gazebo_msgs/srv/DeleteLight.srv
-- Installing: /opt/ros/gazebo_ros_build/install/share/gazebo_msgs/srv/DeleteLight_Request.msg
-- Installing: /opt/ros/gazebo_ros_build/install/share/gazebo_msgs/srv/DeleteLight_Response.msg
-- Installing: /opt/ros/gazebo_ros_build/install/share/gazebo_msgs/srv/DeleteModel.srv
-- Installing: /opt/ros/gazebo_ros_build/install/share/gazebo_msgs/srv/DeleteModel_Request.msg
-- Installing: /opt/ros/gazebo_ros_build/install/share/gazebo_msgs/srv/DeleteModel_Response.msg
-- Installing: /opt/ros/gazebo_ros_build/install/share/gazebo_msgs/srv/GetJointProperties.srv
-- Installing: /opt/ros/gazebo_ros_build/install/share/gazebo_msgs/srv/GetJointProperties_Request.msg
-- Installing: /opt/ros/gazebo_ros_build/install/share/gazebo_msgs/srv/GetJointProperties_Response.msg
-- Installing: /opt/ros/gazebo_ros_build/install/share/gazebo_msgs/srv/GetEntityState.srv
-- Installing: /opt/ros/gazebo_ros_build/install/share/gazebo_msgs/srv/GetEntityState_Request.msg
-- Installing: /opt/ros/gazebo_ros_build/install/share/gazebo_msgs/srv/GetEntityState_Response.msg
-- Installing: /opt/ros/gazebo_ros_build/install/share/gazebo_msgs/srv/GetLightProperties.srv
-- Installing: /opt/ros/gazebo_ros_build/install/share/gazebo_msgs/srv/GetLightProperties_Request.msg
-- Installing: /opt/ros/gazebo_ros_build/install/share/gazebo_msgs/srv/GetLightProperties_Response.msg
-- Installing: /opt/ros/gazebo_ros_build/install/share/gazebo_msgs/srv/GetLinkProperties.srv
-- Installing: /opt/ros/gazebo_ros_build/install/share/gazebo_msgs/srv/GetLinkProperties_Request.msg
-- Installing: /opt/ros/gazebo_ros_build/install/share/gazebo_msgs/srv/GetLinkProperties_Response.msg
-- Installing: /opt/ros/gazebo_ros_build/install/share/gazebo_msgs/srv/GetLinkState.srv
-- Installing: /opt/ros/gazebo_ros_build/install/share/gazebo_msgs/srv/GetLinkState_Request.msg
-- Installing: /opt/ros/gazebo_ros_build/install/share/gazebo_msgs/srv/GetLinkState_Response.msg
-- Installing: /opt/ros/gazebo_ros_build/install/share/gazebo_msgs/srv/GetModelList.srv
-- Installing: /opt/ros/gazebo_ros_build/install/share/gazebo_msgs/srv/GetModelList_Request.msg
-- Installing: /opt/ros/gazebo_ros_build/install/share/gazebo_msgs/srv/GetModelList_Response.msg
-- Installing: /opt/ros/gazebo_ros_build/install/share/gazebo_msgs/srv/GetModelProperties.srv
-- Installing: /opt/ros/gazebo_ros_build/install/share/gazebo_msgs/srv/GetModelProperties_Request.msg
-- Installing: /opt/ros/gazebo_ros_build/install/share/gazebo_msgs/srv/GetModelProperties_Response.msg
-- Installing: /opt/ros/gazebo_ros_build/install/share/gazebo_msgs/srv/GetModelState.srv
-- Installing: /opt/ros/gazebo_ros_build/install/share/gazebo_msgs/srv/GetModelState_Request.msg
-- Installing: /opt/ros/gazebo_ros_build/install/share/gazebo_msgs/srv/GetModelState_Response.msg
-- Installing: /opt/ros/gazebo_ros_build/install/share/gazebo_msgs/srv/GetPhysicsProperties.srv
-- Installing: /opt/ros/gazebo_ros_build/install/share/gazebo_msgs/srv/GetPhysicsProperties_Request.msg
-- Installing: /opt/ros/gazebo_ros_build/install/share/gazebo_msgs/srv/GetPhysicsProperties_Response.msg
-- Installing: /opt/ros/gazebo_ros_build/install/share/gazebo_msgs/srv/GetWorldProperties.srv
-- Installing: /opt/ros/gazebo_ros_build/install/share/gazebo_msgs/srv/GetWorldProperties_Request.msg
-- Installing: /opt/ros/gazebo_ros_build/install/share/gazebo_msgs/srv/GetWorldProperties_Response.msg
-- Installing: /opt/ros/gazebo_ros_build/install/share/gazebo_msgs/srv/JointRequest.srv
-- Installing: /opt/ros/gazebo_ros_build/install/share/gazebo_msgs/srv/JointRequest_Request.msg
-- Installing: /opt/ros/gazebo_ros_build/install/share/gazebo_msgs/srv/JointRequest_Response.msg
-- Installing: /opt/ros/gazebo_ros_build/install/share/gazebo_msgs/srv/LinkRequest.srv
-- Installing: /opt/ros/gazebo_ros_build/install/share/gazebo_msgs/srv/LinkRequest_Request.msg
-- Installing: /opt/ros/gazebo_ros_build/install/share/gazebo_msgs/srv/LinkRequest_Response.msg
-- Installing: /opt/ros/gazebo_ros_build/install/share/gazebo_msgs/srv/SetEntityState.srv
-- Installing: /opt/ros/gazebo_ros_build/install/share/gazebo_msgs/srv/SetEntityState_Request.msg
-- Installing: /opt/ros/gazebo_ros_build/install/share/gazebo_msgs/srv/SetEntityState_Response.msg
-- Installing: /opt/ros/gazebo_ros_build/install/share/gazebo_msgs/srv/SetJointProperties.srv
-- Installing: /opt/ros/gazebo_ros_build/install/share/gazebo_msgs/srv/SetJointProperties_Request.msg
-- Installing: /opt/ros/gazebo_ros_build/install/share/gazebo_msgs/srv/SetJointProperties_Response.msg
-- Installing: /opt/ros/gazebo_ros_build/install/share/gazebo_msgs/srv/SetJointTrajectory.srv
-- Installing: /opt/ros/gazebo_ros_build/install/share/gazebo_msgs/srv/SetJointTrajectory_Request.msg
-- Installing: /opt/ros/gazebo_ros_build/install/share/gazebo_msgs/srv/SetJointTrajectory_Response.msg
-- Installing: /opt/ros/gazebo_ros_build/install/share/gazebo_msgs/srv/SetLightProperties.srv
-- Installing: /opt/ros/gazebo_ros_build/install/share/gazebo_msgs/srv/SetLightProperties_Request.msg
-- Installing: /opt/ros/gazebo_ros_build/install/share/gazebo_msgs/srv/SetLightProperties_Response.msg
-- Installing: /opt/ros/gazebo_ros_build/install/share/gazebo_msgs/srv/SetLinkProperties.srv
-- Installing: /opt/ros/gazebo_ros_build/install/share/gazebo_msgs/srv/SetLinkProperties_Request.msg
-- Installing: /opt/ros/gazebo_ros_build/install/share/gazebo_msgs/srv/SetLinkProperties_Response.msg
-- Installing: /opt/ros/gazebo_ros_build/install/share/gazebo_msgs/srv/SetLinkState.srv
-- Installing: /opt/ros/gazebo_ros_build/install/share/gazebo_msgs/srv/SetLinkState_Request.msg
-- Installing: /opt/ros/gazebo_ros_build/install/share/gazebo_msgs/srv/SetLinkState_Response.msg
-- Installing: /opt/ros/gazebo_ros_build/install/share/gazebo_msgs/srv/SetModelConfiguration.srv
-- Installing: /opt/ros/gazebo_ros_build/install/share/gazebo_msgs/srv/SetModelConfiguration_Request.msg
-- Installing: /opt/ros/gazebo_ros_build/install/share/gazebo_msgs/srv/SetModelConfiguration_Response.msg
-- Installing: /opt/ros/gazebo_ros_build/install/share/gazebo_msgs/srv/SetModelState.srv
-- Installing: /opt/ros/gazebo_ros_build/install/share/gazebo_msgs/srv/SetModelState_Request.msg
-- Installing: /opt/ros/gazebo_ros_build/install/share/gazebo_msgs/srv/SetModelState_Response.msg
-- Installing: /opt/ros/gazebo_ros_build/install/share/gazebo_msgs/srv/SetPhysicsProperties.srv
-- Installing: /opt/ros/gazebo_ros_build/install/share/gazebo_msgs/srv/SetPhysicsProperties_Request.msg
-- Installing: /opt/ros/gazebo_ros_build/install/share/gazebo_msgs/srv/SetPhysicsProperties_Response.msg
-- Installing: /opt/ros/gazebo_ros_build/install/share/gazebo_msgs/srv/SpawnEntity.srv
-- Installing: /opt/ros/gazebo_ros_build/install/share/gazebo_msgs/srv/SpawnEntity_Request.msg
-- Installing: /opt/ros/gazebo_ros_build/install/share/gazebo_msgs/srv/SpawnEntity_Response.msg
-- Installing: /opt/ros/gazebo_ros_build/install/share/gazebo_msgs/srv/SpawnModel.srv
-- Installing: /opt/ros/gazebo_ros_build/install/share/gazebo_msgs/srv/SpawnModel_Request.msg
-- Installing: /opt/ros/gazebo_ros_build/install/share/gazebo_msgs/srv/SpawnModel_Response.msg
-- Installing: /opt/ros/gazebo_ros_build/install/share/ament_index/resource_index/package_run_dependencies/gazebo_msgs
-- Installing: /opt/ros/gazebo_ros_build/install/share/ament_index/resource_index/parent_prefix_path/gazebo_msgs
-- Installing: /opt/ros/gazebo_ros_build/install/share/gazebo_msgs/environment/ament_prefix_path.sh
-- Installing: /opt/ros/gazebo_ros_build/install/share/gazebo_msgs/environment/ament_prefix_path.dsv
-- Installing: /opt/ros/gazebo_ros_build/install/share/gazebo_msgs/environment/path.sh
-- Installing: /opt/ros/gazebo_ros_build/install/share/gazebo_msgs/environment/path.dsv
-- Installing: /opt/ros/gazebo_ros_build/install/share/gazebo_msgs/local_setup.bash
-- Installing: /opt/ros/gazebo_ros_build/install/share/gazebo_msgs/local_setup.sh
-- Installing: /opt/ros/gazebo_ros_build/install/share/gazebo_msgs/local_setup.zsh
-- Installing: /opt/ros/gazebo_ros_build/install/share/gazebo_msgs/local_setup.dsv
-- Installing: /opt/ros/gazebo_ros_build/install/share/gazebo_msgs/package.dsv
-- Installing: /opt/ros/gazebo_ros_build/install/share/ament_index/resource_index/packages/gazebo_msgs
-- Installing: /opt/ros/gazebo_ros_build/install/share/gazebo_msgs/cmake/export_gazebo_msgs__rosidl_generator_cExport.cmake
-- Installing: /opt/ros/gazebo_ros_build/install/share/gazebo_msgs/cmake/export_gazebo_msgs__rosidl_generator_cExport-noconfig.cmake
-- Installing: /opt/ros/gazebo_ros_build/install/share/gazebo_msgs/cmake/export_gazebo_msgs__rosidl_typesupport_fastrtps_cExport.cmake
-- Installing: /opt/ros/gazebo_ros_build/install/share/gazebo_msgs/cmake/export_gazebo_msgs__rosidl_typesupport_fastrtps_cExport-noconfig.cmake
-- Installing: /opt/ros/gazebo_ros_build/install/share/gazebo_msgs/cmake/export_gazebo_msgs__rosidl_generator_cppExport.cmake
-- Installing: /opt/ros/gazebo_ros_build/install/share/gazebo_msgs/cmake/export_gazebo_msgs__rosidl_typesupport_fastrtps_cppExport.cmake
-- Installing: /opt/ros/gazebo_ros_build/install/share/gazebo_msgs/cmake/export_gazebo_msgs__rosidl_typesupport_fastrtps_cppExport-noconfig.cmake
-- Installing: /opt/ros/gazebo_ros_build/install/share/gazebo_msgs/cmake/gazebo_msgs__rosidl_typesupport_introspection_cExport.cmake
-- Installing: /opt/ros/gazebo_ros_build/install/share/gazebo_msgs/cmake/gazebo_msgs__rosidl_typesupport_introspection_cExport-noconfig.cmake
-- Installing: /opt/ros/gazebo_ros_build/install/share/gazebo_msgs/cmake/gazebo_msgs__rosidl_typesupport_cExport.cmake
-- Installing: /opt/ros/gazebo_ros_build/install/share/gazebo_msgs/cmake/gazebo_msgs__rosidl_typesupport_cExport-noconfig.cmake
-- Installing: /opt/ros/gazebo_ros_build/install/share/gazebo_msgs/cmake/gazebo_msgs__rosidl_typesupport_introspection_cppExport.cmake
-- Installing: /opt/ros/gazebo_ros_build/install/share/gazebo_msgs/cmake/gazebo_msgs__rosidl_typesupport_introspection_cppExport-noconfig.cmake
-- Installing: /opt/ros/gazebo_ros_build/install/share/gazebo_msgs/cmake/gazebo_msgs__rosidl_typesupport_cppExport.cmake
-- Installing: /opt/ros/gazebo_ros_build/install/share/gazebo_msgs/cmake/gazebo_msgs__rosidl_typesupport_cppExport-noconfig.cmake
-- Installing: /opt/ros/gazebo_ros_build/install/share/gazebo_msgs/cmake/export_gazebo_msgs__rosidl_generator_pyExport.cmake
-- Installing: /opt/ros/gazebo_ros_build/install/share/gazebo_msgs/cmake/export_gazebo_msgs__rosidl_generator_pyExport-noconfig.cmake
-- Installing: /opt/ros/gazebo_ros_build/install/share/gazebo_msgs/cmake/gazebo_msgs-extras.cmake
-- Installing: /opt/ros/gazebo_ros_build/install/share/gazebo_msgs/cmake/rosidl_cmake-extras.cmake
-- Installing: /opt/ros/gazebo_ros_build/install/share/gazebo_msgs/cmake/ament_cmake_export_dependencies-extras.cmake
-- Installing: /opt/ros/gazebo_ros_build/install/share/gazebo_msgs/cmake/ament_cmake_export_include_directories-extras.cmake
-- Installing: /opt/ros/gazebo_ros_build/install/share/gazebo_msgs/cmake/ament_cmake_export_libraries-extras.cmake
-- Installing: /opt/ros/gazebo_ros_build/install/share/gazebo_msgs/cmake/ament_cmake_export_targets-extras.cmake
-- Installing: /opt/ros/gazebo_ros_build/install/share/gazebo_msgs/cmake/rosidl_cmake_export_typesupport_targets-extras.cmake
-- Installing: /opt/ros/gazebo_ros_build/install/share/gazebo_msgs/cmake/rosidl_cmake_export_typesupport_libraries-extras.cmake
-- Installing: /opt/ros/gazebo_ros_build/install/share/gazebo_msgs/cmake/gazebo_msgsConfig.cmake
-- Installing: /opt/ros/gazebo_ros_build/install/share/gazebo_msgs/cmake/gazebo_msgsConfig-version.cmake
-- Installing: /opt/ros/gazebo_ros_build/install/share/gazebo_msgs/package.xml
-- Installing: /opt/ros/gazebo_ros_build/install/share/gazebo_msgs/gazebo_msgs_mapping_rules.yaml
