[0.057s] Invoking command in '/opt/ros/gazebo_ros_build/build/gazebo_msgs': CMAKE_PREFIX_PATH=/opt/ros/humble /usr/bin/cmake /opt/ros/gazebo_ros_build/src/gazebo_msgs -DCMAKE_INSTALL_PREFIX=/opt/ros/gazebo_ros_build/install
[0.382s] -- The C compiler identification is GNU 11.4.0
[0.706s] -- The CXX compiler identification is GNU 11.4.0
[0.747s] -- Detecting C compiler ABI info
[1.135s] -- Detecting C compiler ABI info - done
[1.176s] -- Check for working C compiler: /usr/bin/cc - skipped
[1.177s] -- Detecting C compile features
[1.180s] -- Detecting C compile features - done
[1.197s] -- Detecting CXX compiler ABI info
[1.629s] -- Detecting CXX compiler ABI info - done
[1.673s] -- Check for working CXX compiler: /usr/bin/c++ - skipped
[1.674s] -- Detecting CXX compile features
[1.677s] -- Detecting CXX compile features - done
[1.692s] -- Found ament_cmake: 1.3.12 (/opt/ros/humble/share/ament_cmake/cmake)
[2.486s] -- Found Python3: /usr/bin/python3 (found version "3.10.12") found components: Interpreter 
[3.022s] -- Found builtin_interfaces: 1.2.2 (/opt/ros/humble/share/builtin_interfaces/cmake)
[3.204s] -- Found rosidl_generator_c: 3.1.7 (/opt/ros/humble/share/rosidl_generator_c/cmake)
[3.236s] -- Found rosidl_adapter: 3.1.7 (/opt/ros/humble/share/rosidl_adapter/cmake)
[3.285s] -- Found rosidl_generator_cpp: 3.1.7 (/opt/ros/humble/share/rosidl_generator_cpp/cmake)
[3.361s] -- Using all available rosidl_typesupport_c: rosidl_typesupport_fastrtps_c;rosidl_typesupport_introspection_c
[3.460s] -- Using all available rosidl_typesupport_cpp: rosidl_typesupport_fastrtps_cpp;rosidl_typesupport_introspection_cpp
[3.549s] -- Found std_msgs: 4.9.0 (/opt/ros/humble/share/std_msgs/cmake)
[3.617s] -- Found trajectory_msgs: 4.9.0 (/opt/ros/humble/share/trajectory_msgs/cmake)
[3.783s] -- Found rosidl_default_generators: 1.2.0 (/opt/ros/humble/share/rosidl_default_generators/cmake)
[7.074s] -- Found ament_cmake_cppcheck: 0.12.14 (/opt/ros/humble/share/ament_cmake_cppcheck/cmake)
[7.087s] -- Found ament_cmake_cpplint: 0.12.14 (/opt/ros/humble/share/ament_cmake_cpplint/cmake)
[7.098s] -- Found ament_cmake_uncrustify: 0.12.14 (/opt/ros/humble/share/ament_cmake_uncrustify/cmake)
[7.112s] -- Found ament_cmake_ros: 0.10.0 (/opt/ros/humble/share/ament_cmake_ros/cmake)
[9.705s] -- Using all available rosidl_typesupport_c: rosidl_typesupport_fastrtps_c;rosidl_typesupport_introspection_c
[10.723s] -- Using all available rosidl_typesupport_cpp: rosidl_typesupport_fastrtps_cpp;rosidl_typesupport_introspection_cpp
[10.856s] -- Found PythonInterp: /usr/bin/python3 (found suitable version "3.10.12", minimum required is "3.6") 
[10.866s] -- Found python_cmake_module: 0.10.0 (/opt/ros/humble/share/python_cmake_module/cmake)
[11.000s] -- Found PythonLibs: /usr/lib/aarch64-linux-gnu/libpython3.10.so (found suitable version "3.10.12", minimum required is "3.5") 
[11.000s] -- Using PYTHON_EXECUTABLE: /usr/bin/python3
[11.001s] -- Using PYTHON_INCLUDE_DIRS: /usr/include/python3.10
[11.001s] -- Using PYTHON_LIBRARIES: /usr/lib/aarch64-linux-gnu/libpython3.10.so
[11.115s] -- Found PythonExtra: .so  
[11.529s] -- Found ament_cmake_flake8: 0.12.14 (/opt/ros/humble/share/ament_cmake_flake8/cmake)
[11.540s] -- Found ament_cmake_pep257: 0.12.14 (/opt/ros/humble/share/ament_cmake_pep257/cmake)
[11.612s] -- Configuring done
[12.290s] -- Generating done
[12.408s] -- Build files have been written to: /opt/ros/gazebo_ros_build/build/gazebo_msgs
[12.461s] Invoked command in '/opt/ros/gazebo_ros_build/build/gazebo_msgs' returned '0': CMAKE_PREFIX_PATH=/opt/ros/humble /usr/bin/cmake /opt/ros/gazebo_ros_build/src/gazebo_msgs -DCMAKE_INSTALL_PREFIX=/opt/ros/gazebo_ros_build/install
[12.469s] Invoking command in '/opt/ros/gazebo_ros_build/build/gazebo_msgs': CMAKE_PREFIX_PATH=/opt/ros/humble /usr/bin/cmake --build /opt/ros/gazebo_ros_build/build/gazebo_msgs -- -j6 -l6
[12.823s] [  0%] [34m[1mGenerating C code for ROS interfaces[0m
[12.891s] [  0%] [34m[1mGenerating C++ code for ROS interfaces[0m
[12.900s] [  0%] Built target ament_cmake_python_copy_gazebo_msgs
[14.159s] running egg_info
[14.162s] creating gazebo_msgs.egg-info
[14.163s] writing gazebo_msgs.egg-info/PKG-INFO
[14.164s] writing dependency_links to gazebo_msgs.egg-info/dependency_links.txt
[14.165s] writing top-level names to gazebo_msgs.egg-info/top_level.txt
[14.166s] writing manifest file 'gazebo_msgs.egg-info/SOURCES.txt'
[14.177s] reading manifest file 'gazebo_msgs.egg-info/SOURCES.txt'
[14.180s] writing manifest file 'gazebo_msgs.egg-info/SOURCES.txt'
[14.298s] [  0%] Built target ament_cmake_python_build_gazebo_msgs_egg
[39.317s] [  0%] Built target gazebo_msgs__cpp
[39.386s] [  0%] [34m[1mGenerating C++ type support dispatch for ROS interfaces[0m
[39.388s] [  0%] [34m[1mGenerating C++ type support for eProsima Fast-RTPS[0m
[39.390s] [  1%] [34m[1mGenerating C++ introspection for ROS interfaces[0m
[39.435s] [  1%] [32mBuilding C object CMakeFiles/gazebo_msgs__rosidl_generator_c.dir/rosidl_generator_c/gazebo_msgs/msg/detail/contacts_state__functions.c.o[0m
[39.436s] [  2%] [32mBuilding C object CMakeFiles/gazebo_msgs__rosidl_generator_c.dir/rosidl_generator_c/gazebo_msgs/msg/detail/contact_state__functions.c.o[0m
[39.441s] [  2%] [32mBuilding C object CMakeFiles/gazebo_msgs__rosidl_generator_c.dir/rosidl_generator_c/gazebo_msgs/msg/detail/entity_state__functions.c.o[0m
[39.815s] [  2%] [32mBuilding C object CMakeFiles/gazebo_msgs__rosidl_generator_c.dir/rosidl_generator_c/gazebo_msgs/msg/detail/link_state__functions.c.o[0m
[39.843s] [  3%] [32mBuilding C object CMakeFiles/gazebo_msgs__rosidl_generator_c.dir/rosidl_generator_c/gazebo_msgs/msg/detail/link_states__functions.c.o[0m
[39.871s] [  3%] [32mBuilding C object CMakeFiles/gazebo_msgs__rosidl_generator_c.dir/rosidl_generator_c/gazebo_msgs/msg/detail/model_state__functions.c.o[0m
[40.212s] [  3%] [32mBuilding C object CMakeFiles/gazebo_msgs__rosidl_generator_c.dir/rosidl_generator_c/gazebo_msgs/msg/detail/model_states__functions.c.o[0m
[40.231s] [  3%] [32mBuilding C object CMakeFiles/gazebo_msgs__rosidl_generator_c.dir/rosidl_generator_c/gazebo_msgs/msg/detail/ode_joint_properties__functions.c.o[0m
[40.310s] [  4%] [32mBuilding C object CMakeFiles/gazebo_msgs__rosidl_generator_c.dir/rosidl_generator_c/gazebo_msgs/msg/detail/ode_physics__functions.c.o[0m
[40.597s] [  4%] [32mBuilding C object CMakeFiles/gazebo_msgs__rosidl_generator_c.dir/rosidl_generator_c/gazebo_msgs/msg/detail/performance_metrics__functions.c.o[0m
[40.634s] [  4%] [32mBuilding C object CMakeFiles/gazebo_msgs__rosidl_generator_c.dir/rosidl_generator_c/gazebo_msgs/msg/detail/sensor_performance_metric__functions.c.o[0m
[40.706s] [  5%] [32mBuilding C object CMakeFiles/gazebo_msgs__rosidl_generator_c.dir/rosidl_generator_c/gazebo_msgs/msg/detail/wheel_slip__functions.c.o[0m
[40.980s] [  5%] [32mBuilding C object CMakeFiles/gazebo_msgs__rosidl_generator_c.dir/rosidl_generator_c/gazebo_msgs/msg/detail/world_state__functions.c.o[0m
[40.991s] [  5%] [32mBuilding C object CMakeFiles/gazebo_msgs__rosidl_generator_c.dir/rosidl_generator_c/gazebo_msgs/srv/detail/apply_body_wrench__functions.c.o[0m
[41.131s] [  5%] [32mBuilding C object CMakeFiles/gazebo_msgs__rosidl_generator_c.dir/rosidl_generator_c/gazebo_msgs/srv/detail/apply_link_wrench__functions.c.o[0m
[41.380s] [  6%] [32mBuilding C object CMakeFiles/gazebo_msgs__rosidl_generator_c.dir/rosidl_generator_c/gazebo_msgs/srv/detail/apply_joint_effort__functions.c.o[0m
[41.474s] [  6%] [32mBuilding C object CMakeFiles/gazebo_msgs__rosidl_generator_c.dir/rosidl_generator_c/gazebo_msgs/srv/detail/body_request__functions.c.o[0m
[41.647s] [  6%] [32mBuilding C object CMakeFiles/gazebo_msgs__rosidl_generator_c.dir/rosidl_generator_c/gazebo_msgs/srv/detail/delete_entity__functions.c.o[0m
[41.839s] [  6%] [32mBuilding C object CMakeFiles/gazebo_msgs__rosidl_generator_c.dir/rosidl_generator_c/gazebo_msgs/srv/detail/delete_light__functions.c.o[0m
[41.909s] [  7%] [32mBuilding C object CMakeFiles/gazebo_msgs__rosidl_generator_c.dir/rosidl_generator_c/gazebo_msgs/srv/detail/delete_model__functions.c.o[0m
[42.114s] [  7%] [32mBuilding C object CMakeFiles/gazebo_msgs__rosidl_generator_c.dir/rosidl_generator_c/gazebo_msgs/srv/detail/get_joint_properties__functions.c.o[0m
[42.284s] [  7%] [32mBuilding C object CMakeFiles/gazebo_msgs__rosidl_generator_c.dir/rosidl_generator_c/gazebo_msgs/srv/detail/get_entity_state__functions.c.o[0m
[42.382s] [  8%] [32mBuilding C object CMakeFiles/gazebo_msgs__rosidl_generator_c.dir/rosidl_generator_c/gazebo_msgs/srv/detail/get_light_properties__functions.c.o[0m
[42.603s] [  8%] [32mBuilding C object CMakeFiles/gazebo_msgs__rosidl_generator_c.dir/rosidl_generator_c/gazebo_msgs/srv/detail/get_link_properties__functions.c.o[0m
[42.775s] [  8%] [32mBuilding C object CMakeFiles/gazebo_msgs__rosidl_generator_c.dir/rosidl_generator_c/gazebo_msgs/srv/detail/get_link_state__functions.c.o[0m
[42.890s] [  8%] [32mBuilding C object CMakeFiles/gazebo_msgs__rosidl_generator_c.dir/rosidl_generator_c/gazebo_msgs/srv/detail/get_model_list__functions.c.o[0m
[43.049s] [  9%] [32mBuilding C object CMakeFiles/gazebo_msgs__rosidl_generator_c.dir/rosidl_generator_c/gazebo_msgs/srv/detail/get_model_properties__functions.c.o[0m
[43.265s] [  9%] [32mBuilding C object CMakeFiles/gazebo_msgs__rosidl_generator_c.dir/rosidl_generator_c/gazebo_msgs/srv/detail/get_model_state__functions.c.o[0m
[43.369s] [  9%] [32mBuilding C object CMakeFiles/gazebo_msgs__rosidl_generator_c.dir/rosidl_generator_c/gazebo_msgs/srv/detail/get_physics_properties__functions.c.o[0m
[43.497s] [  9%] [32mBuilding C object CMakeFiles/gazebo_msgs__rosidl_generator_c.dir/rosidl_generator_c/gazebo_msgs/srv/detail/get_world_properties__functions.c.o[0m
[43.772s] [ 10%] [32mBuilding C object CMakeFiles/gazebo_msgs__rosidl_generator_c.dir/rosidl_generator_c/gazebo_msgs/srv/detail/joint_request__functions.c.o[0m
[43.869s] [ 10%] [32mBuilding C object CMakeFiles/gazebo_msgs__rosidl_generator_c.dir/rosidl_generator_c/gazebo_msgs/srv/detail/link_request__functions.c.o[0m
[43.908s] [ 10%] [32mBuilding C object CMakeFiles/gazebo_msgs__rosidl_generator_c.dir/rosidl_generator_c/gazebo_msgs/srv/detail/set_entity_state__functions.c.o[0m
[44.232s] [ 11%] [32mBuilding C object CMakeFiles/gazebo_msgs__rosidl_generator_c.dir/rosidl_generator_c/gazebo_msgs/srv/detail/set_joint_properties__functions.c.o[0m
[44.327s] [ 11%] [32mBuilding C object CMakeFiles/gazebo_msgs__rosidl_generator_c.dir/rosidl_generator_c/gazebo_msgs/srv/detail/set_joint_trajectory__functions.c.o[0m
[44.344s] [ 11%] [32mBuilding C object CMakeFiles/gazebo_msgs__rosidl_generator_c.dir/rosidl_generator_c/gazebo_msgs/srv/detail/set_light_properties__functions.c.o[0m
[44.705s] [ 11%] [32mBuilding C object CMakeFiles/gazebo_msgs__rosidl_generator_c.dir/rosidl_generator_c/gazebo_msgs/srv/detail/set_link_properties__functions.c.o[0m
[44.757s] [ 12%] [32mBuilding C object CMakeFiles/gazebo_msgs__rosidl_generator_c.dir/rosidl_generator_c/gazebo_msgs/srv/detail/set_link_state__functions.c.o[0m
[44.822s] [ 12%] [32mBuilding C object CMakeFiles/gazebo_msgs__rosidl_generator_c.dir/rosidl_generator_c/gazebo_msgs/srv/detail/set_model_configuration__functions.c.o[0m
[45.181s] [ 12%] [32mBuilding C object CMakeFiles/gazebo_msgs__rosidl_generator_c.dir/rosidl_generator_c/gazebo_msgs/srv/detail/set_model_state__functions.c.o[0m
[45.193s] [ 12%] [32mBuilding C object CMakeFiles/gazebo_msgs__rosidl_generator_c.dir/rosidl_generator_c/gazebo_msgs/srv/detail/set_physics_properties__functions.c.o[0m
[45.314s] [ 13%] [32mBuilding C object CMakeFiles/gazebo_msgs__rosidl_generator_c.dir/rosidl_generator_c/gazebo_msgs/srv/detail/spawn_entity__functions.c.o[0m
[45.612s] [ 13%] [32mBuilding C object CMakeFiles/gazebo_msgs__rosidl_generator_c.dir/rosidl_generator_c/gazebo_msgs/srv/detail/spawn_model__functions.c.o[0m
[46.093s] [ 13%] [32m[1mLinking C shared library libgazebo_msgs__rosidl_generator_c.so[0m
[46.451s] [ 13%] Built target gazebo_msgs__rosidl_generator_c
[46.531s] [ 14%] [34m[1mGenerating C type support for eProsima Fast-RTPS[0m
[46.532s] [ 15%] [34m[1mGenerating C introspection for ROS interfaces[0m
[46.534s] [ 16%] [34m[1mGenerating C type support dispatch for ROS interfaces[0m
[60.480s] [ 17%] [32mBuilding CXX object CMakeFiles/gazebo_msgs__rosidl_typesupport_cpp.dir/rosidl_typesupport_cpp/gazebo_msgs/msg/contact_state__type_support.cpp.o[0m
[62.518s] [ 17%] [32mBuilding CXX object CMakeFiles/gazebo_msgs__rosidl_typesupport_cpp.dir/rosidl_typesupport_cpp/gazebo_msgs/msg/contacts_state__type_support.cpp.o[0m
[63.857s] [ 17%] [32mBuilding CXX object CMakeFiles/gazebo_msgs__rosidl_typesupport_introspection_cpp.dir/rosidl_typesupport_introspection_cpp/gazebo_msgs/msg/detail/contact_state__type_support.cpp.o[0m
[64.513s] [ 17%] [32mBuilding CXX object CMakeFiles/gazebo_msgs__rosidl_typesupport_cpp.dir/rosidl_typesupport_cpp/gazebo_msgs/msg/entity_state__type_support.cpp.o[0m
[66.604s] [ 17%] [32mBuilding CXX object CMakeFiles/gazebo_msgs__rosidl_typesupport_cpp.dir/rosidl_typesupport_cpp/gazebo_msgs/msg/link_state__type_support.cpp.o[0m
[66.869s] [ 17%] [32mBuilding CXX object CMakeFiles/gazebo_msgs__rosidl_typesupport_c.dir/rosidl_typesupport_c/gazebo_msgs/msg/contact_state__type_support.cpp.o[0m
[67.107s] [ 17%] [32mBuilding CXX object CMakeFiles/gazebo_msgs__rosidl_typesupport_c.dir/rosidl_typesupport_c/gazebo_msgs/msg/contacts_state__type_support.cpp.o[0m
[67.147s] [ 17%] [32mBuilding CXX object CMakeFiles/gazebo_msgs__rosidl_typesupport_introspection_cpp.dir/rosidl_typesupport_introspection_cpp/gazebo_msgs/msg/detail/contacts_state__type_support.cpp.o[0m
[67.349s] [ 17%] [32mBuilding CXX object CMakeFiles/gazebo_msgs__rosidl_typesupport_c.dir/rosidl_typesupport_c/gazebo_msgs/msg/entity_state__type_support.cpp.o[0m
[67.618s] [ 18%] [32mBuilding CXX object CMakeFiles/gazebo_msgs__rosidl_typesupport_c.dir/rosidl_typesupport_c/gazebo_msgs/msg/link_state__type_support.cpp.o[0m
[67.662s] [ 19%] [32mBuilding CXX object CMakeFiles/gazebo_msgs__rosidl_typesupport_fastrtps_cpp.dir/rosidl_typesupport_fastrtps_cpp/gazebo_msgs/msg/detail/dds_fastrtps/contact_state__type_support.cpp.o[0m
[67.853s] [ 19%] [32mBuilding CXX object CMakeFiles/gazebo_msgs__rosidl_typesupport_c.dir/rosidl_typesupport_c/gazebo_msgs/msg/link_states__type_support.cpp.o[0m
[68.075s] [ 19%] [32mBuilding CXX object CMakeFiles/gazebo_msgs__rosidl_typesupport_c.dir/rosidl_typesupport_c/gazebo_msgs/msg/model_state__type_support.cpp.o[0m
[68.303s] [ 19%] [32mBuilding CXX object CMakeFiles/gazebo_msgs__rosidl_typesupport_c.dir/rosidl_typesupport_c/gazebo_msgs/msg/model_states__type_support.cpp.o[0m
[68.486s] [ 20%] [32mBuilding CXX object CMakeFiles/gazebo_msgs__rosidl_typesupport_cpp.dir/rosidl_typesupport_cpp/gazebo_msgs/msg/link_states__type_support.cpp.o[0m
[68.528s] [ 21%] [32mBuilding CXX object CMakeFiles/gazebo_msgs__rosidl_typesupport_c.dir/rosidl_typesupport_c/gazebo_msgs/msg/ode_joint_properties__type_support.cpp.o[0m
[68.739s] [ 21%] [32mBuilding CXX object CMakeFiles/gazebo_msgs__rosidl_typesupport_c.dir/rosidl_typesupport_c/gazebo_msgs/msg/ode_physics__type_support.cpp.o[0m
[68.945s] [ 21%] [32mBuilding CXX object CMakeFiles/gazebo_msgs__rosidl_typesupport_c.dir/rosidl_typesupport_c/gazebo_msgs/msg/performance_metrics__type_support.cpp.o[0m
[69.171s] [ 22%] [32mBuilding CXX object CMakeFiles/gazebo_msgs__rosidl_typesupport_c.dir/rosidl_typesupport_c/gazebo_msgs/msg/sensor_performance_metric__type_support.cpp.o[0m
[69.393s] [ 22%] [32mBuilding CXX object CMakeFiles/gazebo_msgs__rosidl_typesupport_c.dir/rosidl_typesupport_c/gazebo_msgs/msg/wheel_slip__type_support.cpp.o[0m
[69.619s] [ 22%] [32mBuilding CXX object CMakeFiles/gazebo_msgs__rosidl_typesupport_c.dir/rosidl_typesupport_c/gazebo_msgs/msg/world_state__type_support.cpp.o[0m
[69.843s] [ 22%] [32mBuilding CXX object CMakeFiles/gazebo_msgs__rosidl_typesupport_c.dir/rosidl_typesupport_c/gazebo_msgs/srv/apply_body_wrench__type_support.cpp.o[0m
[70.076s] [ 23%] [32mBuilding CXX object CMakeFiles/gazebo_msgs__rosidl_typesupport_c.dir/rosidl_typesupport_c/gazebo_msgs/srv/apply_link_wrench__type_support.cpp.o[0m
[70.326s] [ 23%] [32mBuilding CXX object CMakeFiles/gazebo_msgs__rosidl_typesupport_c.dir/rosidl_typesupport_c/gazebo_msgs/srv/apply_joint_effort__type_support.cpp.o[0m
[70.461s] [ 23%] [32mBuilding CXX object CMakeFiles/gazebo_msgs__rosidl_typesupport_cpp.dir/rosidl_typesupport_cpp/gazebo_msgs/msg/model_state__type_support.cpp.o[0m
[70.579s] [ 23%] [32mBuilding CXX object CMakeFiles/gazebo_msgs__rosidl_typesupport_c.dir/rosidl_typesupport_c/gazebo_msgs/srv/body_request__type_support.cpp.o[0m
[70.822s] [ 23%] [32mBuilding CXX object CMakeFiles/gazebo_msgs__rosidl_typesupport_c.dir/rosidl_typesupport_c/gazebo_msgs/srv/delete_entity__type_support.cpp.o[0m
[70.827s] [ 23%] [32mBuilding CXX object CMakeFiles/gazebo_msgs__rosidl_typesupport_introspection_cpp.dir/rosidl_typesupport_introspection_cpp/gazebo_msgs/msg/detail/entity_state__type_support.cpp.o[0m
[71.060s] [ 24%] [32mBuilding CXX object CMakeFiles/gazebo_msgs__rosidl_typesupport_c.dir/rosidl_typesupport_c/gazebo_msgs/srv/delete_light__type_support.cpp.o[0m
[71.306s] [ 24%] [32mBuilding CXX object CMakeFiles/gazebo_msgs__rosidl_typesupport_c.dir/rosidl_typesupport_c/gazebo_msgs/srv/delete_model__type_support.cpp.o[0m
[71.369s] [ 24%] [32mBuilding CXX object CMakeFiles/gazebo_msgs__rosidl_typesupport_fastrtps_cpp.dir/rosidl_typesupport_fastrtps_cpp/gazebo_msgs/msg/detail/dds_fastrtps/contacts_state__type_support.cpp.o[0m
[71.540s] [ 24%] [32mBuilding CXX object CMakeFiles/gazebo_msgs__rosidl_typesupport_c.dir/rosidl_typesupport_c/gazebo_msgs/srv/get_joint_properties__type_support.cpp.o[0m
[71.766s] [ 25%] [32mBuilding CXX object CMakeFiles/gazebo_msgs__rosidl_typesupport_c.dir/rosidl_typesupport_c/gazebo_msgs/srv/get_entity_state__type_support.cpp.o[0m
[72.008s] [ 25%] [32mBuilding CXX object CMakeFiles/gazebo_msgs__rosidl_typesupport_c.dir/rosidl_typesupport_c/gazebo_msgs/srv/get_light_properties__type_support.cpp.o[0m
[72.232s] [ 25%] [32mBuilding CXX object CMakeFiles/gazebo_msgs__rosidl_typesupport_c.dir/rosidl_typesupport_c/gazebo_msgs/srv/get_link_properties__type_support.cpp.o[0m
[72.454s] [ 25%] [32mBuilding CXX object CMakeFiles/gazebo_msgs__rosidl_typesupport_cpp.dir/rosidl_typesupport_cpp/gazebo_msgs/msg/model_states__type_support.cpp.o[0m
[72.462s] [ 25%] [32mBuilding CXX object CMakeFiles/gazebo_msgs__rosidl_typesupport_c.dir/rosidl_typesupport_c/gazebo_msgs/srv/get_link_state__type_support.cpp.o[0m
[72.831s] [ 26%] [32mBuilding CXX object CMakeFiles/gazebo_msgs__rosidl_typesupport_c.dir/rosidl_typesupport_c/gazebo_msgs/srv/get_model_list__type_support.cpp.o[0m
[73.107s] [ 26%] [32mBuilding CXX object CMakeFiles/gazebo_msgs__rosidl_typesupport_c.dir/rosidl_typesupport_c/gazebo_msgs/srv/get_model_properties__type_support.cpp.o[0m
[73.362s] [ 26%] [32mBuilding CXX object CMakeFiles/gazebo_msgs__rosidl_typesupport_c.dir/rosidl_typesupport_c/gazebo_msgs/srv/get_model_state__type_support.cpp.o[0m
[73.363s] [ 27%] [32mBuilding CXX object CMakeFiles/gazebo_msgs__rosidl_typesupport_introspection_cpp.dir/rosidl_typesupport_introspection_cpp/gazebo_msgs/msg/detail/link_state__type_support.cpp.o[0m
[73.466s] [ 27%] [32mBuilding C object CMakeFiles/gazebo_msgs__rosidl_typesupport_introspection_c.dir/rosidl_typesupport_introspection_c/gazebo_msgs/msg/detail/contact_state__type_support.c.o[0m
[73.616s] [ 27%] [32mBuilding CXX object CMakeFiles/gazebo_msgs__rosidl_typesupport_c.dir/rosidl_typesupport_c/gazebo_msgs/srv/get_physics_properties__type_support.cpp.o[0m
[73.851s] [ 28%] [32mBuilding CXX object CMakeFiles/gazebo_msgs__rosidl_typesupport_c.dir/rosidl_typesupport_c/gazebo_msgs/srv/get_world_properties__type_support.cpp.o[0m
[73.865s] [ 28%] [32mBuilding C object CMakeFiles/gazebo_msgs__rosidl_typesupport_introspection_c.dir/rosidl_typesupport_introspection_c/gazebo_msgs/msg/detail/contacts_state__type_support.c.o[0m
[74.085s] [ 28%] [32mBuilding CXX object CMakeFiles/gazebo_msgs__rosidl_typesupport_c.dir/rosidl_typesupport_c/gazebo_msgs/srv/joint_request__type_support.cpp.o[0m
[74.182s] [ 29%] [32mBuilding C object CMakeFiles/gazebo_msgs__rosidl_typesupport_introspection_c.dir/rosidl_typesupport_introspection_c/gazebo_msgs/msg/detail/entity_state__type_support.c.o[0m
[74.264s] [ 30%] [32mBuilding CXX object CMakeFiles/gazebo_msgs__rosidl_typesupport_cpp.dir/rosidl_typesupport_cpp/gazebo_msgs/msg/ode_joint_properties__type_support.cpp.o[0m
[74.346s] [ 30%] [32mBuilding CXX object CMakeFiles/gazebo_msgs__rosidl_typesupport_c.dir/rosidl_typesupport_c/gazebo_msgs/srv/link_request__type_support.cpp.o[0m
[74.475s] [ 30%] [32mBuilding C object CMakeFiles/gazebo_msgs__rosidl_typesupport_introspection_c.dir/rosidl_typesupport_introspection_c/gazebo_msgs/msg/detail/link_state__type_support.c.o[0m
[74.530s] [ 30%] [32mBuilding CXX object CMakeFiles/gazebo_msgs__rosidl_typesupport_fastrtps_c.dir/rosidl_typesupport_fastrtps_c/gazebo_msgs/msg/detail/contact_state__type_support_c.cpp.o[0m
[74.578s] [ 31%] [32mBuilding CXX object CMakeFiles/gazebo_msgs__rosidl_typesupport_c.dir/rosidl_typesupport_c/gazebo_msgs/srv/set_entity_state__type_support.cpp.o[0m
[74.769s] [ 31%] [32mBuilding C object CMakeFiles/gazebo_msgs__rosidl_typesupport_introspection_c.dir/rosidl_typesupport_introspection_c/gazebo_msgs/msg/detail/link_states__type_support.c.o[0m
[74.774s] [ 31%] [32mBuilding CXX object CMakeFiles/gazebo_msgs__rosidl_typesupport_fastrtps_cpp.dir/rosidl_typesupport_fastrtps_cpp/gazebo_msgs/msg/detail/dds_fastrtps/entity_state__type_support.cpp.o[0m
[74.824s] [ 31%] [32mBuilding CXX object CMakeFiles/gazebo_msgs__rosidl_typesupport_c.dir/rosidl_typesupport_c/gazebo_msgs/srv/set_joint_properties__type_support.cpp.o[0m
[75.046s] [ 31%] [32mBuilding CXX object CMakeFiles/gazebo_msgs__rosidl_typesupport_c.dir/rosidl_typesupport_c/gazebo_msgs/srv/set_joint_trajectory__type_support.cpp.o[0m
[75.134s] [ 31%] [32mBuilding C object CMakeFiles/gazebo_msgs__rosidl_typesupport_introspection_c.dir/rosidl_typesupport_introspection_c/gazebo_msgs/msg/detail/model_state__type_support.c.o[0m
[75.285s] [ 31%] [32mBuilding CXX object CMakeFiles/gazebo_msgs__rosidl_typesupport_c.dir/rosidl_typesupport_c/gazebo_msgs/srv/set_light_properties__type_support.cpp.o[0m
[75.440s] [ 32%] [32mBuilding C object CMakeFiles/gazebo_msgs__rosidl_typesupport_introspection_c.dir/rosidl_typesupport_introspection_c/gazebo_msgs/msg/detail/model_states__type_support.c.o[0m
[75.518s] [ 33%] [32mBuilding CXX object CMakeFiles/gazebo_msgs__rosidl_typesupport_c.dir/rosidl_typesupport_c/gazebo_msgs/srv/set_link_properties__type_support.cpp.o[0m
[75.763s] [ 33%] [32mBuilding CXX object CMakeFiles/gazebo_msgs__rosidl_typesupport_c.dir/rosidl_typesupport_c/gazebo_msgs/srv/set_link_state__type_support.cpp.o[0m
[75.857s] [ 33%] [32mBuilding C object CMakeFiles/gazebo_msgs__rosidl_typesupport_introspection_c.dir/rosidl_typesupport_introspection_c/gazebo_msgs/msg/detail/ode_joint_properties__type_support.c.o[0m
[75.911s] [ 33%] [32mBuilding CXX object CMakeFiles/gazebo_msgs__rosidl_typesupport_introspection_cpp.dir/rosidl_typesupport_introspection_cpp/gazebo_msgs/msg/detail/link_states__type_support.cpp.o[0m
[75.994s] [ 33%] [32mBuilding CXX object CMakeFiles/gazebo_msgs__rosidl_typesupport_cpp.dir/rosidl_typesupport_cpp/gazebo_msgs/msg/ode_physics__type_support.cpp.o[0m
[76.058s] [ 33%] [32mBuilding CXX object CMakeFiles/gazebo_msgs__rosidl_typesupport_c.dir/rosidl_typesupport_c/gazebo_msgs/srv/set_model_configuration__type_support.cpp.o[0m
[76.317s] [ 33%] [32mBuilding C object CMakeFiles/gazebo_msgs__rosidl_typesupport_introspection_c.dir/rosidl_typesupport_introspection_c/gazebo_msgs/msg/detail/ode_physics__type_support.c.o[0m
[76.329s] [ 33%] [32mBuilding CXX object CMakeFiles/gazebo_msgs__rosidl_typesupport_c.dir/rosidl_typesupport_c/gazebo_msgs/srv/set_model_state__type_support.cpp.o[0m
[76.584s] [ 33%] [32mBuilding C object CMakeFiles/gazebo_msgs__rosidl_typesupport_introspection_c.dir/rosidl_typesupport_introspection_c/gazebo_msgs/msg/detail/performance_metrics__type_support.c.o[0m
[76.594s] [ 34%] [32mBuilding CXX object CMakeFiles/gazebo_msgs__rosidl_typesupport_c.dir/rosidl_typesupport_c/gazebo_msgs/srv/set_physics_properties__type_support.cpp.o[0m
[76.839s] [ 34%] [32mBuilding CXX object CMakeFiles/gazebo_msgs__rosidl_typesupport_c.dir/rosidl_typesupport_c/gazebo_msgs/srv/spawn_entity__type_support.cpp.o[0m
[76.896s] [ 35%] [32mBuilding C object CMakeFiles/gazebo_msgs__rosidl_typesupport_introspection_c.dir/rosidl_typesupport_introspection_c/gazebo_msgs/msg/detail/sensor_performance_metric__type_support.c.o[0m
[76.926s] [ 35%] [32mBuilding CXX object CMakeFiles/gazebo_msgs__rosidl_typesupport_fastrtps_c.dir/rosidl_typesupport_fastrtps_c/gazebo_msgs/msg/detail/contacts_state__type_support_c.cpp.o[0m
[77.110s] [ 35%] [32mBuilding CXX object CMakeFiles/gazebo_msgs__rosidl_typesupport_c.dir/rosidl_typesupport_c/gazebo_msgs/srv/spawn_model__type_support.cpp.o[0m
[77.168s] [ 35%] [32mBuilding C object CMakeFiles/gazebo_msgs__rosidl_typesupport_introspection_c.dir/rosidl_typesupport_introspection_c/gazebo_msgs/msg/detail/wheel_slip__type_support.c.o[0m
[77.360s] [ 36%] [32mBuilding CXX object CMakeFiles/gazebo_msgs__rosidl_typesupport_fastrtps_cpp.dir/rosidl_typesupport_fastrtps_cpp/gazebo_msgs/msg/detail/dds_fastrtps/link_state__type_support.cpp.o[0m
[77.369s] [ 37%] [32m[1mLinking CXX shared library libgazebo_msgs__rosidl_typesupport_c.so[0m
[77.487s] [ 37%] [32mBuilding C object CMakeFiles/gazebo_msgs__rosidl_typesupport_introspection_c.dir/rosidl_typesupport_introspection_c/gazebo_msgs/msg/detail/world_state__type_support.c.o[0m
[77.724s] [ 37%] Built target gazebo_msgs__rosidl_typesupport_c
[77.782s] [ 38%] [32mBuilding C object CMakeFiles/gazebo_msgs__rosidl_typesupport_introspection_c.dir/rosidl_typesupport_introspection_c/gazebo_msgs/srv/detail/apply_body_wrench__type_support.c.o[0m
[77.833s] [ 38%] [32mBuilding CXX object CMakeFiles/gazebo_msgs__rosidl_typesupport_cpp.dir/rosidl_typesupport_cpp/gazebo_msgs/msg/performance_metrics__type_support.cpp.o[0m
[77.851s] [ 38%] [32mBuilding CXX object CMakeFiles/gazebo_msgs__rosidl_typesupport_fastrtps_c.dir/rosidl_typesupport_fastrtps_c/gazebo_msgs/msg/detail/entity_state__type_support_c.cpp.o[0m
[78.097s] [ 38%] [32mBuilding C object CMakeFiles/gazebo_msgs__rosidl_typesupport_introspection_c.dir/rosidl_typesupport_introspection_c/gazebo_msgs/srv/detail/apply_link_wrench__type_support.c.o[0m
[78.426s] [ 38%] [32mBuilding C object CMakeFiles/gazebo_msgs__rosidl_typesupport_introspection_c.dir/rosidl_typesupport_introspection_c/gazebo_msgs/srv/detail/apply_joint_effort__type_support.c.o[0m
[78.712s] [ 38%] [32mBuilding C object CMakeFiles/gazebo_msgs__rosidl_typesupport_introspection_c.dir/rosidl_typesupport_introspection_c/gazebo_msgs/srv/detail/body_request__type_support.c.o[0m
[78.992s] [ 39%] [32mBuilding C object CMakeFiles/gazebo_msgs__rosidl_typesupport_introspection_c.dir/rosidl_typesupport_introspection_c/gazebo_msgs/srv/detail/delete_entity__type_support.c.o[0m
[79.072s] [ 39%] [32mBuilding CXX object CMakeFiles/gazebo_msgs__rosidl_typesupport_introspection_cpp.dir/rosidl_typesupport_introspection_cpp/gazebo_msgs/msg/detail/model_state__type_support.cpp.o[0m
[79.187s] [ 40%] [32mBuilding CXX object CMakeFiles/gazebo_msgs__rosidl_typesupport_fastrtps_c.dir/rosidl_typesupport_fastrtps_c/gazebo_msgs/msg/detail/link_state__type_support_c.cpp.o[0m
[79.275s] [ 40%] [32mBuilding C object CMakeFiles/gazebo_msgs__rosidl_typesupport_introspection_c.dir/rosidl_typesupport_introspection_c/gazebo_msgs/srv/detail/delete_light__type_support.c.o[0m
[79.543s] [ 40%] [32mBuilding C object CMakeFiles/gazebo_msgs__rosidl_typesupport_introspection_c.dir/rosidl_typesupport_introspection_c/gazebo_msgs/srv/detail/delete_model__type_support.c.o[0m
[79.681s] [ 40%] [32mBuilding CXX object CMakeFiles/gazebo_msgs__rosidl_typesupport_cpp.dir/rosidl_typesupport_cpp/gazebo_msgs/msg/sensor_performance_metric__type_support.cpp.o[0m
[79.836s] [ 40%] [32mBuilding C object CMakeFiles/gazebo_msgs__rosidl_typesupport_introspection_c.dir/rosidl_typesupport_introspection_c/gazebo_msgs/srv/detail/get_joint_properties__type_support.c.o[0m
[79.978s] [ 40%] [32mBuilding CXX object CMakeFiles/gazebo_msgs__rosidl_typesupport_fastrtps_cpp.dir/rosidl_typesupport_fastrtps_cpp/gazebo_msgs/msg/detail/dds_fastrtps/link_states__type_support.cpp.o[0m
[80.171s] [ 41%] [32mBuilding C object CMakeFiles/gazebo_msgs__rosidl_typesupport_introspection_c.dir/rosidl_typesupport_introspection_c/gazebo_msgs/srv/detail/get_entity_state__type_support.c.o[0m
[80.316s] [ 41%] [32mBuilding CXX object CMakeFiles/gazebo_msgs__rosidl_typesupport_fastrtps_c.dir/rosidl_typesupport_fastrtps_c/gazebo_msgs/msg/detail/link_states__type_support_c.cpp.o[0m
[80.494s] [ 41%] [32mBuilding C object CMakeFiles/gazebo_msgs__rosidl_typesupport_introspection_c.dir/rosidl_typesupport_introspection_c/gazebo_msgs/srv/detail/get_light_properties__type_support.c.o[0m
[80.832s] [ 41%] [32mBuilding C object CMakeFiles/gazebo_msgs__rosidl_typesupport_introspection_c.dir/rosidl_typesupport_introspection_c/gazebo_msgs/srv/detail/get_link_properties__type_support.c.o[0m
[81.173s] [ 42%] [32mBuilding C object CMakeFiles/gazebo_msgs__rosidl_typesupport_introspection_c.dir/rosidl_typesupport_introspection_c/gazebo_msgs/srv/detail/get_link_state__type_support.c.o[0m
[81.506s] [ 42%] [32mBuilding C object CMakeFiles/gazebo_msgs__rosidl_typesupport_introspection_c.dir/rosidl_typesupport_introspection_c/gazebo_msgs/srv/detail/get_model_list__type_support.c.o[0m
[81.527s] [ 43%] [32mBuilding CXX object CMakeFiles/gazebo_msgs__rosidl_typesupport_cpp.dir/rosidl_typesupport_cpp/gazebo_msgs/msg/wheel_slip__type_support.cpp.o[0m
[81.585s] [ 43%] [32mBuilding CXX object CMakeFiles/gazebo_msgs__rosidl_typesupport_fastrtps_c.dir/rosidl_typesupport_fastrtps_c/gazebo_msgs/msg/detail/model_state__type_support_c.cpp.o[0m
[81.587s] [ 43%] [32mBuilding CXX object CMakeFiles/gazebo_msgs__rosidl_typesupport_introspection_cpp.dir/rosidl_typesupport_introspection_cpp/gazebo_msgs/msg/detail/model_states__type_support.cpp.o[0m
[81.810s] [ 43%] [32mBuilding C object CMakeFiles/gazebo_msgs__rosidl_typesupport_introspection_c.dir/rosidl_typesupport_introspection_c/gazebo_msgs/srv/detail/get_model_properties__type_support.c.o[0m
[82.151s] [ 43%] [32mBuilding C object CMakeFiles/gazebo_msgs__rosidl_typesupport_introspection_c.dir/rosidl_typesupport_introspection_c/gazebo_msgs/srv/detail/get_model_state__type_support.c.o[0m
[82.501s] [ 44%] [32mBuilding C object CMakeFiles/gazebo_msgs__rosidl_typesupport_introspection_c.dir/rosidl_typesupport_introspection_c/gazebo_msgs/srv/detail/get_physics_properties__type_support.c.o[0m
[82.639s] [ 45%] [32mBuilding CXX object CMakeFiles/gazebo_msgs__rosidl_typesupport_fastrtps_c.dir/rosidl_typesupport_fastrtps_c/gazebo_msgs/msg/detail/model_states__type_support_c.cpp.o[0m
[82.825s] [ 45%] [32mBuilding C object CMakeFiles/gazebo_msgs__rosidl_typesupport_introspection_c.dir/rosidl_typesupport_introspection_c/gazebo_msgs/srv/detail/get_world_properties__type_support.c.o[0m
[83.132s] [ 45%] [32mBuilding C object CMakeFiles/gazebo_msgs__rosidl_typesupport_introspection_c.dir/rosidl_typesupport_introspection_c/gazebo_msgs/srv/detail/joint_request__type_support.c.o[0m
[83.405s] [ 45%] [32mBuilding CXX object CMakeFiles/gazebo_msgs__rosidl_typesupport_cpp.dir/rosidl_typesupport_cpp/gazebo_msgs/msg/world_state__type_support.cpp.o[0m
[83.410s] [ 45%] [32mBuilding C object CMakeFiles/gazebo_msgs__rosidl_typesupport_introspection_c.dir/rosidl_typesupport_introspection_c/gazebo_msgs/srv/detail/link_request__type_support.c.o[0m
[83.448s] [ 45%] [32mBuilding CXX object CMakeFiles/gazebo_msgs__rosidl_typesupport_fastrtps_cpp.dir/rosidl_typesupport_fastrtps_cpp/gazebo_msgs/msg/detail/dds_fastrtps/model_state__type_support.cpp.o[0m
[83.713s] [ 46%] [32mBuilding C object CMakeFiles/gazebo_msgs__rosidl_typesupport_introspection_c.dir/rosidl_typesupport_introspection_c/gazebo_msgs/srv/detail/set_entity_state__type_support.c.o[0m
[83.939s] [ 46%] [32mBuilding C object CMakeFiles/gazebo_msgs__rosidl_typesupport_introspection_c.dir/rosidl_typesupport_introspection_c/gazebo_msgs/srv/detail/set_joint_properties__type_support.c.o[0m
[84.017s] [ 46%] [32mBuilding C object CMakeFiles/gazebo_msgs__rosidl_typesupport_introspection_c.dir/rosidl_typesupport_introspection_c/gazebo_msgs/srv/detail/set_joint_trajectory__type_support.c.o[0m
[84.254s] [ 47%] [32mBuilding C object CMakeFiles/gazebo_msgs__rosidl_typesupport_introspection_c.dir/rosidl_typesupport_introspection_c/gazebo_msgs/srv/detail/set_light_properties__type_support.c.o[0m
[84.327s] [ 47%] [32mBuilding C object CMakeFiles/gazebo_msgs__rosidl_typesupport_introspection_c.dir/rosidl_typesupport_introspection_c/gazebo_msgs/srv/detail/set_link_properties__type_support.c.o[0m
[84.565s] [ 47%] [32mBuilding C object CMakeFiles/gazebo_msgs__rosidl_typesupport_introspection_c.dir/rosidl_typesupport_introspection_c/gazebo_msgs/srv/detail/set_link_state__type_support.c.o[0m
[84.633s] [ 47%] [32mBuilding C object CMakeFiles/gazebo_msgs__rosidl_typesupport_introspection_c.dir/rosidl_typesupport_introspection_c/gazebo_msgs/srv/detail/set_model_configuration__type_support.c.o[0m
[84.841s] [ 48%] [32mBuilding CXX object CMakeFiles/gazebo_msgs__rosidl_typesupport_introspection_cpp.dir/rosidl_typesupport_introspection_cpp/gazebo_msgs/msg/detail/ode_joint_properties__type_support.cpp.o[0m
[84.864s] [ 49%] [32mBuilding C object CMakeFiles/gazebo_msgs__rosidl_typesupport_introspection_c.dir/rosidl_typesupport_introspection_c/gazebo_msgs/srv/detail/set_model_state__type_support.c.o[0m
[84.971s] [ 49%] [32mBuilding C object CMakeFiles/gazebo_msgs__rosidl_typesupport_introspection_c.dir/rosidl_typesupport_introspection_c/gazebo_msgs/srv/detail/set_physics_properties__type_support.c.o[0m
[85.014s] [ 49%] [32mBuilding CXX object CMakeFiles/gazebo_msgs__rosidl_typesupport_fastrtps_c.dir/rosidl_typesupport_fastrtps_c/gazebo_msgs/msg/detail/ode_joint_properties__type_support_c.cpp.o[0m
[85.164s] [ 49%] [32mBuilding C object CMakeFiles/gazebo_msgs__rosidl_typesupport_introspection_c.dir/rosidl_typesupport_introspection_c/gazebo_msgs/srv/detail/spawn_entity__type_support.c.o[0m
[85.274s] [ 49%] [32mBuilding CXX object CMakeFiles/gazebo_msgs__rosidl_typesupport_fastrtps_c.dir/rosidl_typesupport_fastrtps_c/gazebo_msgs/msg/detail/ode_physics__type_support_c.cpp.o[0m
[85.368s] [ 49%] [32mBuilding CXX object CMakeFiles/gazebo_msgs__rosidl_typesupport_cpp.dir/rosidl_typesupport_cpp/gazebo_msgs/srv/apply_body_wrench__type_support.cpp.o[0m
[85.470s] [ 49%] [32mBuilding C object CMakeFiles/gazebo_msgs__rosidl_typesupport_introspection_c.dir/rosidl_typesupport_introspection_c/gazebo_msgs/srv/detail/spawn_model__type_support.c.o[0m
[85.778s] [ 50%] [32m[1mLinking C shared library libgazebo_msgs__rosidl_typesupport_introspection_c.so[0m
[86.090s] [ 50%] [32mBuilding CXX object CMakeFiles/gazebo_msgs__rosidl_typesupport_fastrtps_cpp.dir/rosidl_typesupport_fastrtps_cpp/gazebo_msgs/msg/detail/dds_fastrtps/model_states__type_support.cpp.o[0m
[86.149s] [ 50%] Built target gazebo_msgs__rosidl_typesupport_introspection_c
[86.201s] [ 50%] [32mBuilding CXX object CMakeFiles/gazebo_msgs__rosidl_typesupport_cpp.dir/rosidl_typesupport_cpp/gazebo_msgs/srv/apply_link_wrench__type_support.cpp.o[0m
[87.339s] [ 50%] [32mBuilding CXX object CMakeFiles/gazebo_msgs__rosidl_typesupport_fastrtps_c.dir/rosidl_typesupport_fastrtps_c/gazebo_msgs/msg/detail/performance_metrics__type_support_c.cpp.o[0m
[87.513s] [ 51%] [32mBuilding CXX object CMakeFiles/gazebo_msgs__rosidl_typesupport_cpp.dir/rosidl_typesupport_cpp/gazebo_msgs/srv/apply_joint_effort__type_support.cpp.o[0m
[87.516s] [ 52%] [32mBuilding CXX object CMakeFiles/gazebo_msgs__rosidl_typesupport_fastrtps_c.dir/rosidl_typesupport_fastrtps_c/gazebo_msgs/msg/detail/sensor_performance_metric__type_support_c.cpp.o[0m
[87.728s] [ 52%] [32mBuilding CXX object CMakeFiles/gazebo_msgs__rosidl_typesupport_introspection_cpp.dir/rosidl_typesupport_introspection_cpp/gazebo_msgs/msg/detail/ode_physics__type_support.cpp.o[0m
[88.019s] [ 52%] [32mBuilding CXX object CMakeFiles/gazebo_msgs__rosidl_typesupport_introspection_cpp.dir/rosidl_typesupport_introspection_cpp/gazebo_msgs/msg/detail/performance_metrics__type_support.cpp.o[0m
[89.368s] [ 52%] [32mBuilding CXX object CMakeFiles/gazebo_msgs__rosidl_typesupport_cpp.dir/rosidl_typesupport_cpp/gazebo_msgs/srv/body_request__type_support.cpp.o[0m
[89.586s] [ 52%] [32mBuilding CXX object CMakeFiles/gazebo_msgs__rosidl_typesupport_fastrtps_c.dir/rosidl_typesupport_fastrtps_c/gazebo_msgs/msg/detail/wheel_slip__type_support_c.cpp.o[0m
[89.593s] [ 53%] [32mBuilding CXX object CMakeFiles/gazebo_msgs__rosidl_typesupport_fastrtps_cpp.dir/rosidl_typesupport_fastrtps_cpp/gazebo_msgs/msg/detail/dds_fastrtps/ode_joint_properties__type_support.cpp.o[0m
[89.925s] [ 53%] [32mBuilding CXX object CMakeFiles/gazebo_msgs__rosidl_typesupport_fastrtps_c.dir/rosidl_typesupport_fastrtps_c/gazebo_msgs/msg/detail/world_state__type_support_c.cpp.o[0m
[90.358s] [ 53%] [32mBuilding CXX object CMakeFiles/gazebo_msgs__rosidl_typesupport_fastrtps_c.dir/rosidl_typesupport_fastrtps_c/gazebo_msgs/srv/detail/apply_body_wrench__type_support_c.cpp.o[0m
[90.871s] [ 54%] [32mBuilding CXX object CMakeFiles/gazebo_msgs__rosidl_typesupport_introspection_cpp.dir/rosidl_typesupport_introspection_cpp/gazebo_msgs/msg/detail/sensor_performance_metric__type_support.cpp.o[0m
[91.105s] [ 54%] [32mBuilding CXX object CMakeFiles/gazebo_msgs__rosidl_typesupport_cpp.dir/rosidl_typesupport_cpp/gazebo_msgs/srv/delete_entity__type_support.cpp.o[0m
[91.936s] [ 55%] [32mBuilding CXX object CMakeFiles/gazebo_msgs__rosidl_typesupport_cpp.dir/rosidl_typesupport_cpp/gazebo_msgs/srv/delete_light__type_support.cpp.o[0m
[92.288s] [ 56%] [32mBuilding CXX object CMakeFiles/gazebo_msgs__rosidl_typesupport_fastrtps_c.dir/rosidl_typesupport_fastrtps_c/gazebo_msgs/srv/detail/apply_link_wrench__type_support_c.cpp.o[0m
[92.387s] [ 56%] [32mBuilding CXX object CMakeFiles/gazebo_msgs__rosidl_typesupport_fastrtps_cpp.dir/rosidl_typesupport_fastrtps_cpp/gazebo_msgs/msg/detail/dds_fastrtps/ode_physics__type_support.cpp.o[0m
[92.870s] [ 56%] [32mBuilding CXX object CMakeFiles/gazebo_msgs__rosidl_typesupport_cpp.dir/rosidl_typesupport_cpp/gazebo_msgs/srv/delete_model__type_support.cpp.o[0m
[93.000s] [ 56%] [32mBuilding CXX object CMakeFiles/gazebo_msgs__rosidl_typesupport_cpp.dir/rosidl_typesupport_cpp/gazebo_msgs/srv/get_joint_properties__type_support.cpp.o[0m
[93.373s] [ 56%] [32mBuilding CXX object CMakeFiles/gazebo_msgs__rosidl_typesupport_introspection_cpp.dir/rosidl_typesupport_introspection_cpp/gazebo_msgs/msg/detail/wheel_slip__type_support.cpp.o[0m
[93.765s] [ 56%] [32mBuilding CXX object CMakeFiles/gazebo_msgs__rosidl_typesupport_cpp.dir/rosidl_typesupport_cpp/gazebo_msgs/srv/get_entity_state__type_support.cpp.o[0m
[94.682s] [ 56%] [32mBuilding CXX object CMakeFiles/gazebo_msgs__rosidl_typesupport_fastrtps_c.dir/rosidl_typesupport_fastrtps_c/gazebo_msgs/srv/detail/apply_joint_effort__type_support_c.cpp.o[0m
[94.779s] [ 57%] [32mBuilding CXX object CMakeFiles/gazebo_msgs__rosidl_typesupport_cpp.dir/rosidl_typesupport_cpp/gazebo_msgs/srv/get_light_properties__type_support.cpp.o[0m
[94.906s] [ 57%] [32mBuilding CXX object CMakeFiles/gazebo_msgs__rosidl_typesupport_cpp.dir/rosidl_typesupport_cpp/gazebo_msgs/srv/get_link_properties__type_support.cpp.o[0m
[94.912s] [ 57%] [32mBuilding CXX object CMakeFiles/gazebo_msgs__rosidl_typesupport_fastrtps_cpp.dir/rosidl_typesupport_fastrtps_cpp/gazebo_msgs/msg/detail/dds_fastrtps/performance_metrics__type_support.cpp.o[0m
[95.698s] [ 57%] [32mBuilding CXX object CMakeFiles/gazebo_msgs__rosidl_typesupport_cpp.dir/rosidl_typesupport_cpp/gazebo_msgs/srv/get_link_state__type_support.cpp.o[0m
[96.260s] [ 57%] [32mBuilding CXX object CMakeFiles/gazebo_msgs__rosidl_typesupport_introspection_cpp.dir/rosidl_typesupport_introspection_cpp/gazebo_msgs/msg/detail/world_state__type_support.cpp.o[0m
[96.598s] [ 57%] [32mBuilding CXX object CMakeFiles/gazebo_msgs__rosidl_typesupport_cpp.dir/rosidl_typesupport_cpp/gazebo_msgs/srv/get_model_list__type_support.cpp.o[0m
[96.678s] [ 57%] [32mBuilding CXX object CMakeFiles/gazebo_msgs__rosidl_typesupport_introspection_cpp.dir/rosidl_typesupport_introspection_cpp/gazebo_msgs/srv/detail/apply_body_wrench__type_support.cpp.o[0m
[97.041s] [ 57%] [32mBuilding CXX object CMakeFiles/gazebo_msgs__rosidl_typesupport_fastrtps_c.dir/rosidl_typesupport_fastrtps_c/gazebo_msgs/srv/detail/body_request__type_support_c.cpp.o[0m
[97.614s] [ 58%] [32mBuilding CXX object CMakeFiles/gazebo_msgs__rosidl_typesupport_cpp.dir/rosidl_typesupport_cpp/gazebo_msgs/srv/get_model_properties__type_support.cpp.o[0m
[97.949s] [ 58%] [32mBuilding CXX object CMakeFiles/gazebo_msgs__rosidl_typesupport_fastrtps_cpp.dir/rosidl_typesupport_fastrtps_cpp/gazebo_msgs/msg/detail/dds_fastrtps/sensor_performance_metric__type_support.cpp.o[0m
[98.431s] [ 58%] [32mBuilding CXX object CMakeFiles/gazebo_msgs__rosidl_typesupport_cpp.dir/rosidl_typesupport_cpp/gazebo_msgs/srv/get_model_state__type_support.cpp.o[0m
[99.182s] [ 59%] [32mBuilding CXX object CMakeFiles/gazebo_msgs__rosidl_typesupport_introspection_cpp.dir/rosidl_typesupport_introspection_cpp/gazebo_msgs/srv/detail/apply_link_wrench__type_support.cpp.o[0m
[99.544s] [ 60%] [32mBuilding CXX object CMakeFiles/gazebo_msgs__rosidl_typesupport_fastrtps_c.dir/rosidl_typesupport_fastrtps_c/gazebo_msgs/srv/detail/delete_entity__type_support_c.cpp.o[0m
[99.570s] [ 60%] [32mBuilding CXX object CMakeFiles/gazebo_msgs__rosidl_typesupport_introspection_cpp.dir/rosidl_typesupport_introspection_cpp/gazebo_msgs/srv/detail/apply_joint_effort__type_support.cpp.o[0m
[99.606s] [ 60%] [32mBuilding CXX object CMakeFiles/gazebo_msgs__rosidl_typesupport_introspection_cpp.dir/rosidl_typesupport_introspection_cpp/gazebo_msgs/srv/detail/body_request__type_support.cpp.o[0m
[100.262s] [ 60%] [32mBuilding CXX object CMakeFiles/gazebo_msgs__rosidl_typesupport_cpp.dir/rosidl_typesupport_cpp/gazebo_msgs/srv/get_physics_properties__type_support.cpp.o[0m
[100.607s] [ 61%] [32mBuilding CXX object CMakeFiles/gazebo_msgs__rosidl_typesupport_fastrtps_cpp.dir/rosidl_typesupport_fastrtps_cpp/gazebo_msgs/msg/detail/dds_fastrtps/wheel_slip__type_support.cpp.o[0m
[101.699s] [ 62%] [32mBuilding CXX object CMakeFiles/gazebo_msgs__rosidl_typesupport_cpp.dir/rosidl_typesupport_cpp/gazebo_msgs/srv/get_world_properties__type_support.cpp.o[0m
[102.048s] [ 62%] [32mBuilding CXX object CMakeFiles/gazebo_msgs__rosidl_typesupport_introspection_cpp.dir/rosidl_typesupport_introspection_cpp/gazebo_msgs/srv/detail/delete_entity__type_support.cpp.o[0m
[102.090s] [ 62%] [32mBuilding CXX object CMakeFiles/gazebo_msgs__rosidl_typesupport_fastrtps_c.dir/rosidl_typesupport_fastrtps_c/gazebo_msgs/srv/detail/delete_light__type_support_c.cpp.o[0m
[102.101s] [ 63%] [32mBuilding CXX object CMakeFiles/gazebo_msgs__rosidl_typesupport_introspection_cpp.dir/rosidl_typesupport_introspection_cpp/gazebo_msgs/srv/detail/delete_light__type_support.cpp.o[0m
[102.318s] [ 63%] [32mBuilding CXX object CMakeFiles/gazebo_msgs__rosidl_typesupport_introspection_cpp.dir/rosidl_typesupport_introspection_cpp/gazebo_msgs/srv/detail/delete_model__type_support.cpp.o[0m
[103.426s] [ 63%] [32mBuilding CXX object CMakeFiles/gazebo_msgs__rosidl_typesupport_cpp.dir/rosidl_typesupport_cpp/gazebo_msgs/srv/joint_request__type_support.cpp.o[0m
[103.948s] [ 63%] [32mBuilding CXX object CMakeFiles/gazebo_msgs__rosidl_typesupport_fastrtps_cpp.dir/rosidl_typesupport_fastrtps_cpp/gazebo_msgs/msg/detail/dds_fastrtps/world_state__type_support.cpp.o[0m
[104.509s] [ 63%] [32mBuilding CXX object CMakeFiles/gazebo_msgs__rosidl_typesupport_fastrtps_c.dir/rosidl_typesupport_fastrtps_c/gazebo_msgs/srv/detail/delete_model__type_support_c.cpp.o[0m
[104.632s] [ 63%] [32mBuilding CXX object CMakeFiles/gazebo_msgs__rosidl_typesupport_introspection_cpp.dir/rosidl_typesupport_introspection_cpp/gazebo_msgs/srv/detail/get_joint_properties__type_support.cpp.o[0m
[104.775s] [ 64%] [32mBuilding CXX object CMakeFiles/gazebo_msgs__rosidl_typesupport_introspection_cpp.dir/rosidl_typesupport_introspection_cpp/gazebo_msgs/srv/detail/get_entity_state__type_support.cpp.o[0m
[105.020s] [ 64%] [32mBuilding CXX object CMakeFiles/gazebo_msgs__rosidl_typesupport_introspection_cpp.dir/rosidl_typesupport_introspection_cpp/gazebo_msgs/srv/detail/get_light_properties__type_support.cpp.o[0m
[105.126s] [ 64%] [32mBuilding CXX object CMakeFiles/gazebo_msgs__rosidl_typesupport_cpp.dir/rosidl_typesupport_cpp/gazebo_msgs/srv/link_request__type_support.cpp.o[0m
[106.922s] [ 64%] [32mBuilding CXX object CMakeFiles/gazebo_msgs__rosidl_typesupport_fastrtps_c.dir/rosidl_typesupport_fastrtps_c/gazebo_msgs/srv/detail/get_joint_properties__type_support_c.cpp.o[0m
[107.075s] [ 64%] [32mBuilding CXX object CMakeFiles/gazebo_msgs__rosidl_typesupport_cpp.dir/rosidl_typesupport_cpp/gazebo_msgs/srv/set_entity_state__type_support.cpp.o[0m
[107.436s] [ 64%] [32mBuilding CXX object CMakeFiles/gazebo_msgs__rosidl_typesupport_introspection_cpp.dir/rosidl_typesupport_introspection_cpp/gazebo_msgs/srv/detail/get_link_properties__type_support.cpp.o[0m
[107.437s] [ 65%] [32mBuilding CXX object CMakeFiles/gazebo_msgs__rosidl_typesupport_cpp.dir/rosidl_typesupport_cpp/gazebo_msgs/srv/set_joint_properties__type_support.cpp.o[0m
[107.534s] [ 65%] [32mBuilding CXX object CMakeFiles/gazebo_msgs__rosidl_typesupport_fastrtps_cpp.dir/rosidl_typesupport_fastrtps_cpp/gazebo_msgs/srv/detail/dds_fastrtps/apply_body_wrench__type_support.cpp.o[0m
[107.545s] [ 65%] [32mBuilding CXX object CMakeFiles/gazebo_msgs__rosidl_typesupport_introspection_cpp.dir/rosidl_typesupport_introspection_cpp/gazebo_msgs/srv/detail/get_link_state__type_support.cpp.o[0m
[108.938s] [ 65%] [32mBuilding CXX object CMakeFiles/gazebo_msgs__rosidl_typesupport_cpp.dir/rosidl_typesupport_cpp/gazebo_msgs/srv/set_joint_trajectory__type_support.cpp.o[0m
[109.255s] [ 65%] [32mBuilding CXX object CMakeFiles/gazebo_msgs__rosidl_typesupport_cpp.dir/rosidl_typesupport_cpp/gazebo_msgs/srv/set_light_properties__type_support.cpp.o[0m
[109.425s] [ 66%] [32mBuilding CXX object CMakeFiles/gazebo_msgs__rosidl_typesupport_fastrtps_c.dir/rosidl_typesupport_fastrtps_c/gazebo_msgs/srv/detail/get_entity_state__type_support_c.cpp.o[0m
[109.946s] [ 67%] [32mBuilding CXX object CMakeFiles/gazebo_msgs__rosidl_typesupport_introspection_cpp.dir/rosidl_typesupport_introspection_cpp/gazebo_msgs/srv/detail/get_model_list__type_support.cpp.o[0m
[110.241s] [ 67%] [32mBuilding CXX object CMakeFiles/gazebo_msgs__rosidl_typesupport_introspection_cpp.dir/rosidl_typesupport_introspection_cpp/gazebo_msgs/srv/detail/get_model_properties__type_support.cpp.o[0m
[110.317s] [ 68%] [32mBuilding CXX object CMakeFiles/gazebo_msgs__rosidl_typesupport_fastrtps_cpp.dir/rosidl_typesupport_fastrtps_cpp/gazebo_msgs/srv/detail/dds_fastrtps/apply_link_wrench__type_support.cpp.o[0m
[110.864s] [ 68%] [32mBuilding CXX object CMakeFiles/gazebo_msgs__rosidl_typesupport_cpp.dir/rosidl_typesupport_cpp/gazebo_msgs/srv/set_link_properties__type_support.cpp.o[0m
[111.150s] [ 69%] [32mBuilding CXX object CMakeFiles/gazebo_msgs__rosidl_typesupport_cpp.dir/rosidl_typesupport_cpp/gazebo_msgs/srv/set_link_state__type_support.cpp.o[0m
[111.890s] [ 69%] [32mBuilding CXX object CMakeFiles/gazebo_msgs__rosidl_typesupport_fastrtps_c.dir/rosidl_typesupport_fastrtps_c/gazebo_msgs/srv/detail/get_light_properties__type_support_c.cpp.o[0m
[112.698s] [ 69%] [32mBuilding CXX object CMakeFiles/gazebo_msgs__rosidl_typesupport_introspection_cpp.dir/rosidl_typesupport_introspection_cpp/gazebo_msgs/srv/detail/get_model_state__type_support.cpp.o[0m
[112.734s] [ 69%] [32mBuilding CXX object CMakeFiles/gazebo_msgs__rosidl_typesupport_cpp.dir/rosidl_typesupport_cpp/gazebo_msgs/srv/set_model_configuration__type_support.cpp.o[0m
[113.027s] [ 69%] [32mBuilding CXX object CMakeFiles/gazebo_msgs__rosidl_typesupport_cpp.dir/rosidl_typesupport_cpp/gazebo_msgs/srv/set_model_state__type_support.cpp.o[0m
[113.150s] [ 69%] [32mBuilding CXX object CMakeFiles/gazebo_msgs__rosidl_typesupport_fastrtps_cpp.dir/rosidl_typesupport_fastrtps_cpp/gazebo_msgs/srv/detail/dds_fastrtps/apply_joint_effort__type_support.cpp.o[0m
[113.153s] [ 69%] [32mBuilding CXX object CMakeFiles/gazebo_msgs__rosidl_typesupport_introspection_cpp.dir/rosidl_typesupport_introspection_cpp/gazebo_msgs/srv/detail/get_physics_properties__type_support.cpp.o[0m
[114.331s] [ 69%] [32mBuilding CXX object CMakeFiles/gazebo_msgs__rosidl_typesupport_fastrtps_c.dir/rosidl_typesupport_fastrtps_c/gazebo_msgs/srv/detail/get_link_properties__type_support_c.cpp.o[0m
[114.518s] [ 70%] [32mBuilding CXX object CMakeFiles/gazebo_msgs__rosidl_typesupport_cpp.dir/rosidl_typesupport_cpp/gazebo_msgs/srv/set_physics_properties__type_support.cpp.o[0m
[114.838s] [ 70%] [32mBuilding CXX object CMakeFiles/gazebo_msgs__rosidl_typesupport_cpp.dir/rosidl_typesupport_cpp/gazebo_msgs/srv/spawn_entity__type_support.cpp.o[0m
[115.285s] [ 71%] [32mBuilding CXX object CMakeFiles/gazebo_msgs__rosidl_typesupport_introspection_cpp.dir/rosidl_typesupport_introspection_cpp/gazebo_msgs/srv/detail/get_world_properties__type_support.cpp.o[0m
[115.729s] [ 71%] [32mBuilding CXX object CMakeFiles/gazebo_msgs__rosidl_typesupport_introspection_cpp.dir/rosidl_typesupport_introspection_cpp/gazebo_msgs/srv/detail/joint_request__type_support.cpp.o[0m
[116.096s] [ 71%] [32mBuilding CXX object CMakeFiles/gazebo_msgs__rosidl_typesupport_fastrtps_cpp.dir/rosidl_typesupport_fastrtps_cpp/gazebo_msgs/srv/detail/dds_fastrtps/body_request__type_support.cpp.o[0m
[116.324s] [ 71%] [32mBuilding CXX object CMakeFiles/gazebo_msgs__rosidl_typesupport_cpp.dir/rosidl_typesupport_cpp/gazebo_msgs/srv/spawn_model__type_support.cpp.o[0m
[116.641s] [ 71%] [32mBuilding CXX object CMakeFiles/gazebo_msgs__rosidl_typesupport_fastrtps_cpp.dir/rosidl_typesupport_fastrtps_cpp/gazebo_msgs/srv/detail/dds_fastrtps/delete_entity__type_support.cpp.o[0m
[116.791s] [ 71%] [32mBuilding CXX object CMakeFiles/gazebo_msgs__rosidl_typesupport_fastrtps_c.dir/rosidl_typesupport_fastrtps_c/gazebo_msgs/srv/detail/get_link_state__type_support_c.cpp.o[0m
[118.047s] [ 71%] [32mBuilding CXX object CMakeFiles/gazebo_msgs__rosidl_typesupport_introspection_cpp.dir/rosidl_typesupport_introspection_cpp/gazebo_msgs/srv/detail/link_request__type_support.cpp.o[0m
[118.162s] [ 71%] [32m[1mLinking CXX shared library libgazebo_msgs__rosidl_typesupport_cpp.so[0m
[118.274s] [ 72%] [32mBuilding CXX object CMakeFiles/gazebo_msgs__rosidl_typesupport_introspection_cpp.dir/rosidl_typesupport_introspection_cpp/gazebo_msgs/srv/detail/set_entity_state__type_support.cpp.o[0m
[118.503s] [ 72%] Built target gazebo_msgs__rosidl_typesupport_cpp
[118.572s] [ 72%] [32mBuilding CXX object CMakeFiles/gazebo_msgs__rosidl_typesupport_introspection_cpp.dir/rosidl_typesupport_introspection_cpp/gazebo_msgs/srv/detail/set_joint_properties__type_support.cpp.o[0m
[118.932s] [ 73%] [32mBuilding CXX object CMakeFiles/gazebo_msgs__rosidl_typesupport_fastrtps_cpp.dir/rosidl_typesupport_fastrtps_cpp/gazebo_msgs/srv/detail/dds_fastrtps/delete_light__type_support.cpp.o[0m
[119.270s] [ 73%] [32mBuilding CXX object CMakeFiles/gazebo_msgs__rosidl_typesupport_fastrtps_cpp.dir/rosidl_typesupport_fastrtps_cpp/gazebo_msgs/srv/detail/dds_fastrtps/delete_model__type_support.cpp.o[0m
[119.372s] [ 74%] [32mBuilding CXX object CMakeFiles/gazebo_msgs__rosidl_typesupport_fastrtps_c.dir/rosidl_typesupport_fastrtps_c/gazebo_msgs/srv/detail/get_model_list__type_support_c.cpp.o[0m
[120.599s] [ 74%] [32mBuilding CXX object CMakeFiles/gazebo_msgs__rosidl_typesupport_introspection_cpp.dir/rosidl_typesupport_introspection_cpp/gazebo_msgs/srv/detail/set_joint_trajectory__type_support.cpp.o[0m
[120.940s] [ 74%] [32mBuilding CXX object CMakeFiles/gazebo_msgs__rosidl_typesupport_introspection_cpp.dir/rosidl_typesupport_introspection_cpp/gazebo_msgs/srv/detail/set_light_properties__type_support.cpp.o[0m
[121.290s] [ 75%] [32mBuilding CXX object CMakeFiles/gazebo_msgs__rosidl_typesupport_introspection_cpp.dir/rosidl_typesupport_introspection_cpp/gazebo_msgs/srv/detail/set_link_properties__type_support.cpp.o[0m
[121.754s] [ 75%] [32mBuilding CXX object CMakeFiles/gazebo_msgs__rosidl_typesupport_introspection_cpp.dir/rosidl_typesupport_introspection_cpp/gazebo_msgs/srv/detail/set_link_state__type_support.cpp.o[0m
[121.933s] [ 75%] [32mBuilding CXX object CMakeFiles/gazebo_msgs__rosidl_typesupport_fastrtps_c.dir/rosidl_typesupport_fastrtps_c/gazebo_msgs/srv/detail/get_model_properties__type_support_c.cpp.o[0m
[122.000s] [ 75%] [32mBuilding CXX object CMakeFiles/gazebo_msgs__rosidl_typesupport_fastrtps_cpp.dir/rosidl_typesupport_fastrtps_cpp/gazebo_msgs/srv/detail/dds_fastrtps/get_joint_properties__type_support.cpp.o[0m
[123.373s] [ 75%] [32mBuilding CXX object CMakeFiles/gazebo_msgs__rosidl_typesupport_introspection_cpp.dir/rosidl_typesupport_introspection_cpp/gazebo_msgs/srv/detail/set_model_configuration__type_support.cpp.o[0m
[123.559s] [ 75%] [32mBuilding CXX object CMakeFiles/gazebo_msgs__rosidl_typesupport_introspection_cpp.dir/rosidl_typesupport_introspection_cpp/gazebo_msgs/srv/detail/set_model_state__type_support.cpp.o[0m
[123.852s] [ 76%] [32mBuilding CXX object CMakeFiles/gazebo_msgs__rosidl_typesupport_introspection_cpp.dir/rosidl_typesupport_introspection_cpp/gazebo_msgs/srv/detail/set_physics_properties__type_support.cpp.o[0m
[124.416s] [ 76%] [32mBuilding CXX object CMakeFiles/gazebo_msgs__rosidl_typesupport_introspection_cpp.dir/rosidl_typesupport_introspection_cpp/gazebo_msgs/srv/detail/spawn_entity__type_support.cpp.o[0m
[124.734s] [ 76%] [32mBuilding CXX object CMakeFiles/gazebo_msgs__rosidl_typesupport_fastrtps_c.dir/rosidl_typesupport_fastrtps_c/gazebo_msgs/srv/detail/get_model_state__type_support_c.cpp.o[0m
[125.197s] [ 76%] [32mBuilding CXX object CMakeFiles/gazebo_msgs__rosidl_typesupport_fastrtps_cpp.dir/rosidl_typesupport_fastrtps_cpp/gazebo_msgs/srv/detail/dds_fastrtps/get_entity_state__type_support.cpp.o[0m
[126.397s] [ 76%] [32mBuilding CXX object CMakeFiles/gazebo_msgs__rosidl_typesupport_introspection_cpp.dir/rosidl_typesupport_introspection_cpp/gazebo_msgs/srv/detail/spawn_model__type_support.cpp.o[0m
[126.459s] [ 77%] [32mBuilding CXX object CMakeFiles/gazebo_msgs__rosidl_typesupport_fastrtps_cpp.dir/rosidl_typesupport_fastrtps_cpp/gazebo_msgs/srv/detail/dds_fastrtps/get_light_properties__type_support.cpp.o[0m
[126.642s] [ 78%] [32mBuilding CXX object CMakeFiles/gazebo_msgs__rosidl_typesupport_fastrtps_c.dir/rosidl_typesupport_fastrtps_c/gazebo_msgs/srv/detail/get_physics_properties__type_support_c.cpp.o[0m
[127.305s] [ 78%] [32mBuilding CXX object CMakeFiles/gazebo_msgs__rosidl_typesupport_fastrtps_cpp.dir/rosidl_typesupport_fastrtps_cpp/gazebo_msgs/srv/detail/dds_fastrtps/get_link_properties__type_support.cpp.o[0m
[127.313s] [ 78%] [32mBuilding CXX object CMakeFiles/gazebo_msgs__rosidl_typesupport_fastrtps_c.dir/rosidl_typesupport_fastrtps_c/gazebo_msgs/srv/detail/get_world_properties__type_support_c.cpp.o[0m
[128.252s] [ 78%] [32mBuilding CXX object CMakeFiles/gazebo_msgs__rosidl_typesupport_fastrtps_c.dir/rosidl_typesupport_fastrtps_c/gazebo_msgs/srv/detail/joint_request__type_support_c.cpp.o[0m
[129.055s] [ 79%] [32m[1mLinking CXX shared library libgazebo_msgs__rosidl_typesupport_introspection_cpp.so[0m
[129.142s] [ 79%] [32mBuilding CXX object CMakeFiles/gazebo_msgs__rosidl_typesupport_fastrtps_c.dir/rosidl_typesupport_fastrtps_c/gazebo_msgs/srv/detail/link_request__type_support_c.cpp.o[0m
[129.382s] [ 79%] [32mBuilding CXX object CMakeFiles/gazebo_msgs__rosidl_typesupport_fastrtps_cpp.dir/rosidl_typesupport_fastrtps_cpp/gazebo_msgs/srv/detail/dds_fastrtps/get_link_state__type_support.cpp.o[0m
[129.785s] [ 80%] [32mBuilding CXX object CMakeFiles/gazebo_msgs__rosidl_typesupport_fastrtps_c.dir/rosidl_typesupport_fastrtps_c/gazebo_msgs/srv/detail/set_entity_state__type_support_c.cpp.o[0m
[129.851s] [ 80%] Built target gazebo_msgs__rosidl_typesupport_introspection_cpp
[130.198s] [ 81%] [32mBuilding CXX object CMakeFiles/gazebo_msgs__rosidl_typesupport_fastrtps_cpp.dir/rosidl_typesupport_fastrtps_cpp/gazebo_msgs/srv/detail/dds_fastrtps/get_model_list__type_support.cpp.o[0m
[130.695s] [ 81%] [32mBuilding CXX object CMakeFiles/gazebo_msgs__rosidl_typesupport_fastrtps_c.dir/rosidl_typesupport_fastrtps_c/gazebo_msgs/srv/detail/set_joint_properties__type_support_c.cpp.o[0m
[130.696s] [ 81%] [32mBuilding CXX object CMakeFiles/gazebo_msgs__rosidl_typesupport_fastrtps_cpp.dir/rosidl_typesupport_fastrtps_cpp/gazebo_msgs/srv/detail/dds_fastrtps/get_model_properties__type_support.cpp.o[0m
[131.601s] [ 81%] [32mBuilding CXX object CMakeFiles/gazebo_msgs__rosidl_typesupport_fastrtps_c.dir/rosidl_typesupport_fastrtps_c/gazebo_msgs/srv/detail/set_joint_trajectory__type_support_c.cpp.o[0m
[133.734s] [ 81%] [32mBuilding CXX object CMakeFiles/gazebo_msgs__rosidl_typesupport_fastrtps_cpp.dir/rosidl_typesupport_fastrtps_cpp/gazebo_msgs/srv/detail/dds_fastrtps/get_physics_properties__type_support.cpp.o[0m
[133.843s] [ 81%] [32mBuilding CXX object CMakeFiles/gazebo_msgs__rosidl_typesupport_fastrtps_c.dir/rosidl_typesupport_fastrtps_c/gazebo_msgs/srv/detail/set_link_state__type_support_c.cpp.o[0m
[135.859s] [ 82%] [32mBuilding CXX object CMakeFiles/gazebo_msgs__rosidl_typesupport_fastrtps_c.dir/rosidl_typesupport_fastrtps_c/gazebo_msgs/srv/detail/set_link_properties__type_support_c.cpp.o[0m
[136.088s] [ 82%] [32mBuilding CXX object CMakeFiles/gazebo_msgs__rosidl_typesupport_fastrtps_cpp.dir/rosidl_typesupport_fastrtps_cpp/gazebo_msgs/srv/detail/dds_fastrtps/joint_request__type_support.cpp.o[0m
[137.918s] [ 82%] [32mBuilding CXX object CMakeFiles/gazebo_msgs__rosidl_typesupport_fastrtps_c.dir/rosidl_typesupport_fastrtps_c/gazebo_msgs/srv/detail/set_model_configuration__type_support_c.cpp.o[0m
[137.920s] [ 82%] [32mBuilding CXX object CMakeFiles/gazebo_msgs__rosidl_typesupport_fastrtps_cpp.dir/rosidl_typesupport_fastrtps_cpp/gazebo_msgs/srv/detail/dds_fastrtps/link_request__type_support.cpp.o[0m
[138.335s] [ 83%] [32mBuilding CXX object CMakeFiles/gazebo_msgs__rosidl_typesupport_fastrtps_cpp.dir/rosidl_typesupport_fastrtps_cpp/gazebo_msgs/srv/detail/dds_fastrtps/get_world_properties__type_support.cpp.o[0m
[139.348s] [ 84%] [32mBuilding CXX object CMakeFiles/gazebo_msgs__rosidl_typesupport_fastrtps_c.dir/rosidl_typesupport_fastrtps_c/gazebo_msgs/srv/detail/set_model_state__type_support_c.cpp.o[0m
[140.085s] [ 84%] [32mBuilding CXX object CMakeFiles/gazebo_msgs__rosidl_typesupport_fastrtps_c.dir/rosidl_typesupport_fastrtps_c/gazebo_msgs/srv/detail/set_light_properties__type_support_c.cpp.o[0m
[140.414s] [ 84%] [32mBuilding CXX object CMakeFiles/gazebo_msgs__rosidl_typesupport_fastrtps_cpp.dir/rosidl_typesupport_fastrtps_cpp/gazebo_msgs/srv/detail/dds_fastrtps/set_entity_state__type_support.cpp.o[0m
[141.063s] [ 84%] [32mBuilding CXX object CMakeFiles/gazebo_msgs__rosidl_typesupport_fastrtps_cpp.dir/rosidl_typesupport_fastrtps_cpp/gazebo_msgs/srv/detail/dds_fastrtps/get_model_state__type_support.cpp.o[0m
[141.541s] [ 84%] [32mBuilding CXX object CMakeFiles/gazebo_msgs__rosidl_typesupport_fastrtps_c.dir/rosidl_typesupport_fastrtps_c/gazebo_msgs/srv/detail/spawn_entity__type_support_c.cpp.o[0m
[142.334s] [ 84%] [32mBuilding CXX object CMakeFiles/gazebo_msgs__rosidl_typesupport_fastrtps_cpp.dir/rosidl_typesupport_fastrtps_cpp/gazebo_msgs/srv/detail/dds_fastrtps/set_joint_trajectory__type_support.cpp.o[0m
[142.334s] [ 84%] [32mBuilding CXX object CMakeFiles/gazebo_msgs__rosidl_typesupport_fastrtps_c.dir/rosidl_typesupport_fastrtps_c/gazebo_msgs/srv/detail/set_physics_properties__type_support_c.cpp.o[0m
[143.007s] [ 85%] [32mBuilding CXX object CMakeFiles/gazebo_msgs__rosidl_typesupport_fastrtps_cpp.dir/rosidl_typesupport_fastrtps_cpp/gazebo_msgs/srv/detail/dds_fastrtps/set_joint_properties__type_support.cpp.o[0m
[143.649s] [ 85%] [32mBuilding CXX object CMakeFiles/gazebo_msgs__rosidl_typesupport_fastrtps_cpp.dir/rosidl_typesupport_fastrtps_cpp/gazebo_msgs/srv/detail/dds_fastrtps/set_light_properties__type_support.cpp.o[0m
[143.804s] [ 85%] [32mBuilding CXX object CMakeFiles/gazebo_msgs__rosidl_typesupport_fastrtps_c.dir/rosidl_typesupport_fastrtps_c/gazebo_msgs/srv/detail/spawn_model__type_support_c.cpp.o[0m
[145.547s] [ 85%] [32mBuilding CXX object CMakeFiles/gazebo_msgs__rosidl_typesupport_fastrtps_cpp.dir/rosidl_typesupport_fastrtps_cpp/gazebo_msgs/srv/detail/dds_fastrtps/set_model_configuration__type_support.cpp.o[0m
[146.067s] [ 86%] [32m[1mLinking CXX shared library libgazebo_msgs__rosidl_typesupport_fastrtps_c.so[0m
[146.270s] [ 86%] [32mBuilding CXX object CMakeFiles/gazebo_msgs__rosidl_typesupport_fastrtps_cpp.dir/rosidl_typesupport_fastrtps_cpp/gazebo_msgs/srv/detail/dds_fastrtps/set_model_state__type_support.cpp.o[0m
[146.562s] [ 86%] Built target gazebo_msgs__rosidl_typesupport_fastrtps_c
[147.609s] [ 86%] [32mBuilding CXX object CMakeFiles/gazebo_msgs__rosidl_typesupport_fastrtps_cpp.dir/rosidl_typesupport_fastrtps_cpp/gazebo_msgs/srv/detail/dds_fastrtps/spawn_entity__type_support.cpp.o[0m
[147.614s] [ 87%] [32mBuilding CXX object CMakeFiles/gazebo_msgs__rosidl_typesupport_fastrtps_cpp.dir/rosidl_typesupport_fastrtps_cpp/gazebo_msgs/srv/detail/dds_fastrtps/set_physics_properties__type_support.cpp.o[0m
[148.477s] [ 88%] [32mBuilding CXX object CMakeFiles/gazebo_msgs__rosidl_typesupport_fastrtps_cpp.dir/rosidl_typesupport_fastrtps_cpp/gazebo_msgs/srv/detail/dds_fastrtps/set_link_properties__type_support.cpp.o[0m
[148.479s] [ 88%] [32mBuilding CXX object CMakeFiles/gazebo_msgs__rosidl_typesupport_fastrtps_cpp.dir/rosidl_typesupport_fastrtps_cpp/gazebo_msgs/srv/detail/dds_fastrtps/set_link_state__type_support.cpp.o[0m
[148.684s] [ 88%] [32mBuilding CXX object CMakeFiles/gazebo_msgs__rosidl_typesupport_fastrtps_cpp.dir/rosidl_typesupport_fastrtps_cpp/gazebo_msgs/srv/detail/dds_fastrtps/spawn_model__type_support.cpp.o[0m
[151.284s] [ 88%] [32m[1mLinking CXX shared library libgazebo_msgs__rosidl_typesupport_fastrtps_cpp.so[0m
[151.913s] [ 88%] Built target gazebo_msgs__rosidl_typesupport_fastrtps_cpp
[152.023s] [ 88%] Built target gazebo_msgs
[152.145s] [ 88%] [34m[1mGenerating Python code for ROS interfaces[0m
[195.957s] [ 88%] Built target gazebo_msgs__py
[196.081s] [ 89%] [32mBuilding C object CMakeFiles/gazebo_msgs__rosidl_generator_py.dir/rosidl_generator_py/gazebo_msgs/msg/_contact_state_s.c.o[0m
[196.085s] [ 89%] [32mBuilding C object CMakeFiles/gazebo_msgs__rosidl_generator_py.dir/rosidl_generator_py/gazebo_msgs/msg/_entity_state_s.c.o[0m
[196.087s] [ 89%] [32mBuilding C object CMakeFiles/gazebo_msgs__rosidl_generator_py.dir/rosidl_generator_py/gazebo_msgs/msg/_link_state_s.c.o[0m
[196.091s] [ 89%] [32mBuilding C object CMakeFiles/gazebo_msgs__rosidl_generator_py.dir/rosidl_generator_py/gazebo_msgs/msg/_model_state_s.c.o[0m
[196.094s] [ 89%] [32mBuilding C object CMakeFiles/gazebo_msgs__rosidl_generator_py.dir/rosidl_generator_py/gazebo_msgs/msg/_contacts_state_s.c.o[0m
[196.096s] [ 90%] [32mBuilding C object CMakeFiles/gazebo_msgs__rosidl_generator_py.dir/rosidl_generator_py/gazebo_msgs/msg/_link_states_s.c.o[0m
[196.866s] [ 90%] [32mBuilding C object CMakeFiles/gazebo_msgs__rosidl_generator_py.dir/rosidl_generator_py/gazebo_msgs/msg/_model_states_s.c.o[0m
[196.882s] [ 90%] [32mBuilding C object CMakeFiles/gazebo_msgs__rosidl_generator_py.dir/rosidl_generator_py/gazebo_msgs/msg/_ode_joint_properties_s.c.o[0m
[196.917s] [ 91%] [32mBuilding C object CMakeFiles/gazebo_msgs__rosidl_generator_py.dir/rosidl_generator_py/gazebo_msgs/msg/_ode_physics_s.c.o[0m
[196.936s] [ 91%] [32mBuilding C object CMakeFiles/gazebo_msgs__rosidl_generator_py.dir/rosidl_generator_py/gazebo_msgs/msg/_performance_metrics_s.c.o[0m
[196.988s] [ 91%] [32mBuilding C object CMakeFiles/gazebo_msgs__rosidl_generator_py.dir/rosidl_generator_py/gazebo_msgs/msg/_sensor_performance_metric_s.c.o[0m
[197.022s] [ 92%] [32mBuilding C object CMakeFiles/gazebo_msgs__rosidl_generator_py.dir/rosidl_generator_py/gazebo_msgs/msg/_wheel_slip_s.c.o[0m
[197.678s] [ 92%] [32mBuilding C object CMakeFiles/gazebo_msgs__rosidl_generator_py.dir/rosidl_generator_py/gazebo_msgs/msg/_world_state_s.c.o[0m
[197.736s] [ 92%] [32mBuilding C object CMakeFiles/gazebo_msgs__rosidl_generator_py.dir/rosidl_generator_py/gazebo_msgs/srv/_apply_body_wrench_s.c.o[0m
[197.804s] [ 92%] [32mBuilding C object CMakeFiles/gazebo_msgs__rosidl_generator_py.dir/rosidl_generator_py/gazebo_msgs/srv/_apply_link_wrench_s.c.o[0m
[197.852s] [ 93%] [32mBuilding C object CMakeFiles/gazebo_msgs__rosidl_generator_py.dir/rosidl_generator_py/gazebo_msgs/srv/_apply_joint_effort_s.c.o[0m
[197.892s] [ 93%] [32mBuilding C object CMakeFiles/gazebo_msgs__rosidl_generator_py.dir/rosidl_generator_py/gazebo_msgs/srv/_body_request_s.c.o[0m
[198.076s] [ 93%] [32mBuilding C object CMakeFiles/gazebo_msgs__rosidl_generator_py.dir/rosidl_generator_py/gazebo_msgs/srv/_delete_entity_s.c.o[0m
[198.561s] [ 93%] [32mBuilding C object CMakeFiles/gazebo_msgs__rosidl_generator_py.dir/rosidl_generator_py/gazebo_msgs/srv/_delete_light_s.c.o[0m
[198.635s] [ 94%] [32mBuilding C object CMakeFiles/gazebo_msgs__rosidl_generator_py.dir/rosidl_generator_py/gazebo_msgs/srv/_delete_model_s.c.o[0m
[198.661s] [ 94%] [32mBuilding C object CMakeFiles/gazebo_msgs__rosidl_generator_py.dir/rosidl_generator_py/gazebo_msgs/srv/_get_joint_properties_s.c.o[0m
[198.699s] [ 94%] [32mBuilding C object CMakeFiles/gazebo_msgs__rosidl_generator_py.dir/rosidl_generator_py/gazebo_msgs/srv/_get_entity_state_s.c.o[0m
[198.777s] [ 95%] [32mBuilding C object CMakeFiles/gazebo_msgs__rosidl_generator_py.dir/rosidl_generator_py/gazebo_msgs/srv/_get_light_properties_s.c.o[0m
[198.868s] [ 95%] [32mBuilding C object CMakeFiles/gazebo_msgs__rosidl_generator_py.dir/rosidl_generator_py/gazebo_msgs/srv/_get_link_properties_s.c.o[0m
[199.331s] [ 95%] [32mBuilding C object CMakeFiles/gazebo_msgs__rosidl_generator_py.dir/rosidl_generator_py/gazebo_msgs/srv/_get_link_state_s.c.o[0m
[199.479s] [ 95%] [32mBuilding C object CMakeFiles/gazebo_msgs__rosidl_generator_py.dir/rosidl_generator_py/gazebo_msgs/srv/_get_model_list_s.c.o[0m
[199.487s] [ 96%] [32mBuilding C object CMakeFiles/gazebo_msgs__rosidl_generator_py.dir/rosidl_generator_py/gazebo_msgs/srv/_get_model_properties_s.c.o[0m
[199.635s] [ 96%] [32mBuilding C object CMakeFiles/gazebo_msgs__rosidl_generator_py.dir/rosidl_generator_py/gazebo_msgs/srv/_get_model_state_s.c.o[0m
[199.680s] [ 96%] [32mBuilding C object CMakeFiles/gazebo_msgs__rosidl_generator_py.dir/rosidl_generator_py/gazebo_msgs/srv/_get_physics_properties_s.c.o[0m
[199.723s] [ 96%] [32mBuilding C object CMakeFiles/gazebo_msgs__rosidl_generator_py.dir/rosidl_generator_py/gazebo_msgs/srv/_get_world_properties_s.c.o[0m
[200.146s] [ 97%] [32mBuilding C object CMakeFiles/gazebo_msgs__rosidl_generator_py.dir/rosidl_generator_py/gazebo_msgs/srv/_joint_request_s.c.o[0m
[200.257s] [ 97%] [32mBuilding C object CMakeFiles/gazebo_msgs__rosidl_generator_py.dir/rosidl_generator_py/gazebo_msgs/srv/_link_request_s.c.o[0m
[200.437s] [ 97%] [32mBuilding C object CMakeFiles/gazebo_msgs__rosidl_generator_py.dir/rosidl_generator_py/gazebo_msgs/srv/_set_entity_state_s.c.o[0m
[200.476s] [ 98%] [32mBuilding C object CMakeFiles/gazebo_msgs__rosidl_generator_py.dir/rosidl_generator_py/gazebo_msgs/srv/_set_joint_properties_s.c.o[0m
[200.521s] [ 98%] [32mBuilding C object CMakeFiles/gazebo_msgs__rosidl_generator_py.dir/rosidl_generator_py/gazebo_msgs/srv/_set_joint_trajectory_s.c.o[0m
[200.619s] [ 98%] [32mBuilding C object CMakeFiles/gazebo_msgs__rosidl_generator_py.dir/rosidl_generator_py/gazebo_msgs/srv/_set_light_properties_s.c.o[0m
[200.944s] [ 98%] [32mBuilding C object CMakeFiles/gazebo_msgs__rosidl_generator_py.dir/rosidl_generator_py/gazebo_msgs/srv/_set_link_properties_s.c.o[0m
[200.990s] [ 99%] [32mBuilding C object CMakeFiles/gazebo_msgs__rosidl_generator_py.dir/rosidl_generator_py/gazebo_msgs/srv/_set_link_state_s.c.o[0m
[201.204s] [ 99%] [32mBuilding C object CMakeFiles/gazebo_msgs__rosidl_generator_py.dir/rosidl_generator_py/gazebo_msgs/srv/_set_model_configuration_s.c.o[0m
[201.304s] [ 99%] [32mBuilding C object CMakeFiles/gazebo_msgs__rosidl_generator_py.dir/rosidl_generator_py/gazebo_msgs/srv/_set_model_state_s.c.o[0m
[201.323s] [ 99%] [32mBuilding C object CMakeFiles/gazebo_msgs__rosidl_generator_py.dir/rosidl_generator_py/gazebo_msgs/srv/_set_physics_properties_s.c.o[0m
[201.420s] [100%] [32mBuilding C object CMakeFiles/gazebo_msgs__rosidl_generator_py.dir/rosidl_generator_py/gazebo_msgs/srv/_spawn_entity_s.c.o[0m
[201.785s] [100%] [32mBuilding C object CMakeFiles/gazebo_msgs__rosidl_generator_py.dir/rosidl_generator_py/gazebo_msgs/srv/_spawn_model_s.c.o[0m
[202.576s] [100%] [32m[1mLinking C shared library rosidl_generator_py/gazebo_msgs/libgazebo_msgs__rosidl_generator_py.so[0m
[202.925s] [100%] Built target gazebo_msgs__rosidl_generator_py
[203.035s] [100%] [32mBuilding C object CMakeFiles/gazebo_msgs__rosidl_typesupport_introspection_c__pyext.dir/rosidl_generator_py/gazebo_msgs/_gazebo_msgs_s.ep.rosidl_typesupport_introspection_c.c.o[0m
[203.036s] [100%] [32mBuilding C object CMakeFiles/gazebo_msgs__rosidl_typesupport_fastrtps_c__pyext.dir/rosidl_generator_py/gazebo_msgs/_gazebo_msgs_s.ep.rosidl_typesupport_fastrtps_c.c.o[0m
[203.037s] [100%] [32mBuilding C object CMakeFiles/gazebo_msgs__rosidl_typesupport_c__pyext.dir/rosidl_generator_py/gazebo_msgs/_gazebo_msgs_s.ep.rosidl_typesupport_c.c.o[0m
[205.294s] [100%] [32m[1mLinking C shared library rosidl_generator_py/gazebo_msgs/gazebo_msgs_s__rosidl_typesupport_introspection_c.cpython-310-aarch64-linux-gnu.so[0m
[205.295s] [100%] [32m[1mLinking C shared library rosidl_generator_py/gazebo_msgs/gazebo_msgs_s__rosidl_typesupport_c.cpython-310-aarch64-linux-gnu.so[0m
[205.352s] [100%] [32m[1mLinking C shared library rosidl_generator_py/gazebo_msgs/gazebo_msgs_s__rosidl_typesupport_fastrtps_c.cpython-310-aarch64-linux-gnu.so[0m
[205.583s] [100%] Built target gazebo_msgs__rosidl_typesupport_c__pyext
[205.588s] [100%] Built target gazebo_msgs__rosidl_typesupport_introspection_c__pyext
[205.639s] [100%] Built target gazebo_msgs__rosidl_typesupport_fastrtps_c__pyext
[205.709s] Invoked command in '/opt/ros/gazebo_ros_build/build/gazebo_msgs' returned '0': CMAKE_PREFIX_PATH=/opt/ros/humble /usr/bin/cmake --build /opt/ros/gazebo_ros_build/build/gazebo_msgs -- -j6 -l6
[205.719s] Invoking command in '/opt/ros/gazebo_ros_build/build/gazebo_msgs': CMAKE_PREFIX_PATH=/opt/ros/humble /usr/bin/cmake --install /opt/ros/gazebo_ros_build/build/gazebo_msgs
[205.765s] -- Install configuration: ""
[205.766s] -- Installing: /opt/ros/gazebo_ros_build/install/share/ament_index/resource_index/rosidl_interfaces/gazebo_msgs
[205.767s] -- Installing: /opt/ros/gazebo_ros_build/install/include/gazebo_msgs/gazebo_msgs
[205.768s] -- Installing: /opt/ros/gazebo_ros_build/install/include/gazebo_msgs/gazebo_msgs/msg
[205.768s] -- Installing: /opt/ros/gazebo_ros_build/install/include/gazebo_msgs/gazebo_msgs/msg/model_state.h
[205.769s] -- Installing: /opt/ros/gazebo_ros_build/install/include/gazebo_msgs/gazebo_msgs/msg/contacts_state.h
[205.770s] -- Installing: /opt/ros/gazebo_ros_build/install/include/gazebo_msgs/gazebo_msgs/msg/ode_physics.h
[205.770s] -- Installing: /opt/ros/gazebo_ros_build/install/include/gazebo_msgs/gazebo_msgs/msg/link_states.h
[205.772s] -- Installing: /opt/ros/gazebo_ros_build/install/include/gazebo_msgs/gazebo_msgs/msg/rosidl_generator_c__visibility_control.h
[205.773s] -- Installing: /opt/ros/gazebo_ros_build/install/include/gazebo_msgs/gazebo_msgs/msg/entity_state.h
[205.774s] -- Installing: /opt/ros/gazebo_ros_build/install/include/gazebo_msgs/gazebo_msgs/msg/performance_metrics.h
[205.775s] -- Installing: /opt/ros/gazebo_ros_build/install/include/gazebo_msgs/gazebo_msgs/msg/world_state.h
[205.776s] -- Installing: /opt/ros/gazebo_ros_build/install/include/gazebo_msgs/gazebo_msgs/msg/ode_joint_properties.h
[205.777s] -- Installing: /opt/ros/gazebo_ros_build/install/include/gazebo_msgs/gazebo_msgs/msg/link_state.h
[205.778s] -- Installing: /opt/ros/gazebo_ros_build/install/include/gazebo_msgs/gazebo_msgs/msg/wheel_slip.h
[205.779s] -- Installing: /opt/ros/gazebo_ros_build/install/include/gazebo_msgs/gazebo_msgs/msg/contact_state.h
[205.780s] -- Installing: /opt/ros/gazebo_ros_build/install/include/gazebo_msgs/gazebo_msgs/msg/detail
[205.781s] -- Installing: /opt/ros/gazebo_ros_build/install/include/gazebo_msgs/gazebo_msgs/msg/detail/entity_state__struct.h
[205.782s] -- Installing: /opt/ros/gazebo_ros_build/install/include/gazebo_msgs/gazebo_msgs/msg/detail/contact_state__type_support.h
[205.783s] -- Installing: /opt/ros/gazebo_ros_build/install/include/gazebo_msgs/gazebo_msgs/msg/detail/ode_physics__functions.c
[205.784s] -- Installing: /opt/ros/gazebo_ros_build/install/include/gazebo_msgs/gazebo_msgs/msg/detail/world_state__struct.h
[205.786s] -- Installing: /opt/ros/gazebo_ros_build/install/include/gazebo_msgs/gazebo_msgs/msg/detail/performance_metrics__functions.c
[205.787s] -- Installing: /opt/ros/gazebo_ros_build/install/include/gazebo_msgs/gazebo_msgs/msg/detail/contacts_state__functions.c
[205.788s] -- Installing: /opt/ros/gazebo_ros_build/install/include/gazebo_msgs/gazebo_msgs/msg/detail/world_state__type_support.h
[205.789s] -- Installing: /opt/ros/gazebo_ros_build/install/include/gazebo_msgs/gazebo_msgs/msg/detail/contacts_state__functions.h
[205.790s] -- Installing: /opt/ros/gazebo_ros_build/install/include/gazebo_msgs/gazebo_msgs/msg/detail/ode_joint_properties__type_support.h
[205.791s] -- Installing: /opt/ros/gazebo_ros_build/install/include/gazebo_msgs/gazebo_msgs/msg/detail/ode_joint_properties__functions.c
[205.793s] -- Installing: /opt/ros/gazebo_ros_build/install/include/gazebo_msgs/gazebo_msgs/msg/detail/model_state__type_support.h
[205.794s] -- Installing: /opt/ros/gazebo_ros_build/install/include/gazebo_msgs/gazebo_msgs/msg/detail/model_states__struct.h
[205.795s] -- Installing: /opt/ros/gazebo_ros_build/install/include/gazebo_msgs/gazebo_msgs/msg/detail/entity_state__type_support.h
[205.796s] -- Installing: /opt/ros/gazebo_ros_build/install/include/gazebo_msgs/gazebo_msgs/msg/detail/contacts_state__type_support.h
[205.797s] -- Installing: /opt/ros/gazebo_ros_build/install/include/gazebo_msgs/gazebo_msgs/msg/detail/wheel_slip__type_support.h
[205.797s] -- Installing: /opt/ros/gazebo_ros_build/install/include/gazebo_msgs/gazebo_msgs/msg/detail/world_state__functions.h
[205.798s] -- Installing: /opt/ros/gazebo_ros_build/install/include/gazebo_msgs/gazebo_msgs/msg/detail/ode_physics__struct.h
[205.800s] -- Installing: /opt/ros/gazebo_ros_build/install/include/gazebo_msgs/gazebo_msgs/msg/detail/contacts_state__struct.h
[205.801s] -- Installing: /opt/ros/gazebo_ros_build/install/include/gazebo_msgs/gazebo_msgs/msg/detail/ode_joint_properties__struct.h
[205.802s] -- Installing: /opt/ros/gazebo_ros_build/install/include/gazebo_msgs/gazebo_msgs/msg/detail/link_state__struct.h
[205.803s] -- Installing: /opt/ros/gazebo_ros_build/install/include/gazebo_msgs/gazebo_msgs/msg/detail/model_states__type_support.h
[205.804s] -- Installing: /opt/ros/gazebo_ros_build/install/include/gazebo_msgs/gazebo_msgs/msg/detail/sensor_performance_metric__functions.h
[205.805s] -- Installing: /opt/ros/gazebo_ros_build/install/include/gazebo_msgs/gazebo_msgs/msg/detail/performance_metrics__struct.h
[205.806s] -- Installing: /opt/ros/gazebo_ros_build/install/include/gazebo_msgs/gazebo_msgs/msg/detail/contact_state__functions.c
[205.807s] -- Installing: /opt/ros/gazebo_ros_build/install/include/gazebo_msgs/gazebo_msgs/msg/detail/wheel_slip__functions.c
[205.809s] -- Installing: /opt/ros/gazebo_ros_build/install/include/gazebo_msgs/gazebo_msgs/msg/detail/link_state__functions.h
[205.810s] -- Installing: /opt/ros/gazebo_ros_build/install/include/gazebo_msgs/gazebo_msgs/msg/detail/wheel_slip__functions.h
[205.811s] -- Installing: /opt/ros/gazebo_ros_build/install/include/gazebo_msgs/gazebo_msgs/msg/detail/performance_metrics__type_support.h
[205.812s] -- Installing: /opt/ros/gazebo_ros_build/install/include/gazebo_msgs/gazebo_msgs/msg/detail/sensor_performance_metric__struct.h
[205.813s] -- Installing: /opt/ros/gazebo_ros_build/install/include/gazebo_msgs/gazebo_msgs/msg/detail/link_states__functions.c
[205.814s] -- Installing: /opt/ros/gazebo_ros_build/install/include/gazebo_msgs/gazebo_msgs/msg/detail/link_state__type_support.h
[205.815s] -- Installing: /opt/ros/gazebo_ros_build/install/include/gazebo_msgs/gazebo_msgs/msg/detail/model_state__functions.c
[205.816s] -- Installing: /opt/ros/gazebo_ros_build/install/include/gazebo_msgs/gazebo_msgs/msg/detail/world_state__functions.c
[205.817s] -- Installing: /opt/ros/gazebo_ros_build/install/include/gazebo_msgs/gazebo_msgs/msg/detail/ode_physics__functions.h
[205.818s] -- Installing: /opt/ros/gazebo_ros_build/install/include/gazebo_msgs/gazebo_msgs/msg/detail/model_state__struct.h
[205.819s] -- Installing: /opt/ros/gazebo_ros_build/install/include/gazebo_msgs/gazebo_msgs/msg/detail/model_states__functions.h
[205.820s] -- Installing: /opt/ros/gazebo_ros_build/install/include/gazebo_msgs/gazebo_msgs/msg/detail/model_states__functions.c
[205.821s] -- Installing: /opt/ros/gazebo_ros_build/install/include/gazebo_msgs/gazebo_msgs/msg/detail/entity_state__functions.h
[205.822s] -- Installing: /opt/ros/gazebo_ros_build/install/include/gazebo_msgs/gazebo_msgs/msg/detail/ode_joint_properties__functions.h
[205.823s] -- Installing: /opt/ros/gazebo_ros_build/install/include/gazebo_msgs/gazebo_msgs/msg/detail/performance_metrics__functions.h
[205.825s] -- Installing: /opt/ros/gazebo_ros_build/install/include/gazebo_msgs/gazebo_msgs/msg/detail/model_state__functions.h
[205.826s] -- Installing: /opt/ros/gazebo_ros_build/install/include/gazebo_msgs/gazebo_msgs/msg/detail/contact_state__struct.h
[205.827s] -- Installing: /opt/ros/gazebo_ros_build/install/include/gazebo_msgs/gazebo_msgs/msg/detail/sensor_performance_metric__functions.c
[205.828s] -- Installing: /opt/ros/gazebo_ros_build/install/include/gazebo_msgs/gazebo_msgs/msg/detail/entity_state__functions.c
[205.829s] -- Installing: /opt/ros/gazebo_ros_build/install/include/gazebo_msgs/gazebo_msgs/msg/detail/wheel_slip__struct.h
[205.830s] -- Installing: /opt/ros/gazebo_ros_build/install/include/gazebo_msgs/gazebo_msgs/msg/detail/link_states__struct.h
[205.831s] -- Installing: /opt/ros/gazebo_ros_build/install/include/gazebo_msgs/gazebo_msgs/msg/detail/link_states__functions.h
[205.832s] -- Installing: /opt/ros/gazebo_ros_build/install/include/gazebo_msgs/gazebo_msgs/msg/detail/contact_state__functions.h
[205.833s] -- Installing: /opt/ros/gazebo_ros_build/install/include/gazebo_msgs/gazebo_msgs/msg/detail/link_state__functions.c
[205.834s] -- Installing: /opt/ros/gazebo_ros_build/install/include/gazebo_msgs/gazebo_msgs/msg/detail/sensor_performance_metric__type_support.h
[205.835s] -- Installing: /opt/ros/gazebo_ros_build/install/include/gazebo_msgs/gazebo_msgs/msg/detail/link_states__type_support.h
[205.836s] -- Installing: /opt/ros/gazebo_ros_build/install/include/gazebo_msgs/gazebo_msgs/msg/detail/ode_physics__type_support.h
[205.837s] -- Installing: /opt/ros/gazebo_ros_build/install/include/gazebo_msgs/gazebo_msgs/msg/sensor_performance_metric.h
[205.838s] -- Installing: /opt/ros/gazebo_ros_build/install/include/gazebo_msgs/gazebo_msgs/msg/model_states.h
[205.839s] -- Installing: /opt/ros/gazebo_ros_build/install/include/gazebo_msgs/gazebo_msgs/srv
[205.840s] -- Installing: /opt/ros/gazebo_ros_build/install/include/gazebo_msgs/gazebo_msgs/srv/set_joint_properties.h
[205.841s] -- Installing: /opt/ros/gazebo_ros_build/install/include/gazebo_msgs/gazebo_msgs/srv/set_model_state.h
[205.842s] -- Installing: /opt/ros/gazebo_ros_build/install/include/gazebo_msgs/gazebo_msgs/srv/get_model_list.h
[205.843s] -- Installing: /opt/ros/gazebo_ros_build/install/include/gazebo_msgs/gazebo_msgs/srv/get_physics_properties.h
[205.844s] -- Installing: /opt/ros/gazebo_ros_build/install/include/gazebo_msgs/gazebo_msgs/srv/set_physics_properties.h
[205.845s] -- Installing: /opt/ros/gazebo_ros_build/install/include/gazebo_msgs/gazebo_msgs/srv/get_entity_state.h
[205.847s] -- Installing: /opt/ros/gazebo_ros_build/install/include/gazebo_msgs/gazebo_msgs/srv/apply_body_wrench.h
[205.848s] -- Installing: /opt/ros/gazebo_ros_build/install/include/gazebo_msgs/gazebo_msgs/srv/set_joint_trajectory.h
[205.848s] -- Installing: /opt/ros/gazebo_ros_build/install/include/gazebo_msgs/gazebo_msgs/srv/get_link_state.h
[205.849s] -- Installing: /opt/ros/gazebo_ros_build/install/include/gazebo_msgs/gazebo_msgs/srv/get_link_properties.h
[205.850s] -- Installing: /opt/ros/gazebo_ros_build/install/include/gazebo_msgs/gazebo_msgs/srv/set_model_configuration.h
[205.851s] -- Installing: /opt/ros/gazebo_ros_build/install/include/gazebo_msgs/gazebo_msgs/srv/get_model_properties.h
[205.852s] -- Installing: /opt/ros/gazebo_ros_build/install/include/gazebo_msgs/gazebo_msgs/srv/joint_request.h
[205.853s] -- Installing: /opt/ros/gazebo_ros_build/install/include/gazebo_msgs/gazebo_msgs/srv/get_light_properties.h
[205.854s] -- Installing: /opt/ros/gazebo_ros_build/install/include/gazebo_msgs/gazebo_msgs/srv/get_world_properties.h
[205.855s] -- Installing: /opt/ros/gazebo_ros_build/install/include/gazebo_msgs/gazebo_msgs/srv/apply_joint_effort.h
[205.856s] -- Installing: /opt/ros/gazebo_ros_build/install/include/gazebo_msgs/gazebo_msgs/srv/delete_entity.h
[205.857s] -- Installing: /opt/ros/gazebo_ros_build/install/include/gazebo_msgs/gazebo_msgs/srv/set_entity_state.h
[205.858s] -- Installing: /opt/ros/gazebo_ros_build/install/include/gazebo_msgs/gazebo_msgs/srv/spawn_entity.h
[205.859s] -- Installing: /opt/ros/gazebo_ros_build/install/include/gazebo_msgs/gazebo_msgs/srv/body_request.h
[205.860s] -- Installing: /opt/ros/gazebo_ros_build/install/include/gazebo_msgs/gazebo_msgs/srv/delete_light.h
[205.861s] -- Installing: /opt/ros/gazebo_ros_build/install/include/gazebo_msgs/gazebo_msgs/srv/set_light_properties.h
[205.862s] -- Installing: /opt/ros/gazebo_ros_build/install/include/gazebo_msgs/gazebo_msgs/srv/get_model_state.h
[205.863s] -- Installing: /opt/ros/gazebo_ros_build/install/include/gazebo_msgs/gazebo_msgs/srv/set_link_properties.h
[205.864s] -- Installing: /opt/ros/gazebo_ros_build/install/include/gazebo_msgs/gazebo_msgs/srv/apply_link_wrench.h
[205.865s] -- Installing: /opt/ros/gazebo_ros_build/install/include/gazebo_msgs/gazebo_msgs/srv/detail
[205.867s] -- Installing: /opt/ros/gazebo_ros_build/install/include/gazebo_msgs/gazebo_msgs/srv/detail/set_link_state__functions.c
[205.868s] -- Installing: /opt/ros/gazebo_ros_build/install/include/gazebo_msgs/gazebo_msgs/srv/detail/set_joint_trajectory__type_support.h
[205.869s] -- Installing: /opt/ros/gazebo_ros_build/install/include/gazebo_msgs/gazebo_msgs/srv/detail/get_joint_properties__type_support.h
[205.870s] -- Installing: /opt/ros/gazebo_ros_build/install/include/gazebo_msgs/gazebo_msgs/srv/detail/set_joint_properties__struct.h
[205.871s] -- Installing: /opt/ros/gazebo_ros_build/install/include/gazebo_msgs/gazebo_msgs/srv/detail/apply_joint_effort__struct.h
[205.872s] -- Installing: /opt/ros/gazebo_ros_build/install/include/gazebo_msgs/gazebo_msgs/srv/detail/get_model_state__type_support.h
[205.873s] -- Installing: /opt/ros/gazebo_ros_build/install/include/gazebo_msgs/gazebo_msgs/srv/detail/spawn_entity__functions.c
[205.874s] -- Installing: /opt/ros/gazebo_ros_build/install/include/gazebo_msgs/gazebo_msgs/srv/detail/get_entity_state__functions.c
[205.875s] -- Installing: /opt/ros/gazebo_ros_build/install/include/gazebo_msgs/gazebo_msgs/srv/detail/apply_link_wrench__struct.h
[205.877s] -- Installing: /opt/ros/gazebo_ros_build/install/include/gazebo_msgs/gazebo_msgs/srv/detail/delete_model__type_support.h
[205.878s] -- Installing: /opt/ros/gazebo_ros_build/install/include/gazebo_msgs/gazebo_msgs/srv/detail/set_entity_state__type_support.h
[205.879s] -- Installing: /opt/ros/gazebo_ros_build/install/include/gazebo_msgs/gazebo_msgs/srv/detail/link_request__struct.h
[205.880s] -- Installing: /opt/ros/gazebo_ros_build/install/include/gazebo_msgs/gazebo_msgs/srv/detail/set_physics_properties__struct.h
[205.881s] -- Installing: /opt/ros/gazebo_ros_build/install/include/gazebo_msgs/gazebo_msgs/srv/detail/get_joint_properties__struct.h
[205.882s] -- Installing: /opt/ros/gazebo_ros_build/install/include/gazebo_msgs/gazebo_msgs/srv/detail/set_model_state__functions.h
[205.883s] -- Installing: /opt/ros/gazebo_ros_build/install/include/gazebo_msgs/gazebo_msgs/srv/detail/set_light_properties__type_support.h
[205.884s] -- Installing: /opt/ros/gazebo_ros_build/install/include/gazebo_msgs/gazebo_msgs/srv/detail/get_physics_properties__functions.h
[205.885s] -- Installing: /opt/ros/gazebo_ros_build/install/include/gazebo_msgs/gazebo_msgs/srv/detail/apply_body_wrench__functions.h
[205.886s] -- Installing: /opt/ros/gazebo_ros_build/install/include/gazebo_msgs/gazebo_msgs/srv/detail/get_joint_properties__functions.h
[205.888s] -- Installing: /opt/ros/gazebo_ros_build/install/include/gazebo_msgs/gazebo_msgs/srv/detail/apply_body_wrench__type_support.h
[205.889s] -- Installing: /opt/ros/gazebo_ros_build/install/include/gazebo_msgs/gazebo_msgs/srv/detail/set_joint_properties__functions.c
[205.890s] -- Installing: /opt/ros/gazebo_ros_build/install/include/gazebo_msgs/gazebo_msgs/srv/detail/set_model_state__type_support.h
[205.891s] -- Installing: /opt/ros/gazebo_ros_build/install/include/gazebo_msgs/gazebo_msgs/srv/detail/spawn_model__struct.h
[205.892s] -- Installing: /opt/ros/gazebo_ros_build/install/include/gazebo_msgs/gazebo_msgs/srv/detail/set_physics_properties__type_support.h
[205.893s] -- Installing: /opt/ros/gazebo_ros_build/install/include/gazebo_msgs/gazebo_msgs/srv/detail/delete_entity__functions.h
[205.894s] -- Installing: /opt/ros/gazebo_ros_build/install/include/gazebo_msgs/gazebo_msgs/srv/detail/set_link_properties__functions.c
[205.895s] -- Installing: /opt/ros/gazebo_ros_build/install/include/gazebo_msgs/gazebo_msgs/srv/detail/spawn_model__functions.h
[205.896s] -- Installing: /opt/ros/gazebo_ros_build/install/include/gazebo_msgs/gazebo_msgs/srv/detail/apply_link_wrench__functions.h
[205.897s] -- Installing: /opt/ros/gazebo_ros_build/install/include/gazebo_msgs/gazebo_msgs/srv/detail/link_request__functions.h
[205.898s] -- Installing: /opt/ros/gazebo_ros_build/install/include/gazebo_msgs/gazebo_msgs/srv/detail/delete_model__functions.h
[205.900s] -- Installing: /opt/ros/gazebo_ros_build/install/include/gazebo_msgs/gazebo_msgs/srv/detail/get_model_properties__functions.c
[205.901s] -- Installing: /opt/ros/gazebo_ros_build/install/include/gazebo_msgs/gazebo_msgs/srv/detail/set_light_properties__functions.c
[205.902s] -- Installing: /opt/ros/gazebo_ros_build/install/include/gazebo_msgs/gazebo_msgs/srv/detail/set_light_properties__struct.h
[205.903s] -- Installing: /opt/ros/gazebo_ros_build/install/include/gazebo_msgs/gazebo_msgs/srv/detail/set_model_state__struct.h
[205.904s] -- Installing: /opt/ros/gazebo_ros_build/install/include/gazebo_msgs/gazebo_msgs/srv/detail/get_light_properties__functions.h
[205.905s] -- Installing: /opt/ros/gazebo_ros_build/install/include/gazebo_msgs/gazebo_msgs/srv/detail/get_model_state__functions.c
[205.906s] -- Installing: /opt/ros/gazebo_ros_build/install/include/gazebo_msgs/gazebo_msgs/srv/detail/get_world_properties__type_support.h
[205.908s] -- Installing: /opt/ros/gazebo_ros_build/install/include/gazebo_msgs/gazebo_msgs/srv/detail/get_physics_properties__type_support.h
[205.909s] -- Installing: /opt/ros/gazebo_ros_build/install/include/gazebo_msgs/gazebo_msgs/srv/detail/set_joint_trajectory__functions.h
[205.909s] -- Installing: /opt/ros/gazebo_ros_build/install/include/gazebo_msgs/gazebo_msgs/srv/detail/set_link_state__type_support.h
[205.910s] -- Installing: /opt/ros/gazebo_ros_build/install/include/gazebo_msgs/gazebo_msgs/srv/detail/set_model_configuration__type_support.h
[205.912s] -- Installing: /opt/ros/gazebo_ros_build/install/include/gazebo_msgs/gazebo_msgs/srv/detail/set_joint_properties__type_support.h
[205.913s] -- Installing: /opt/ros/gazebo_ros_build/install/include/gazebo_msgs/gazebo_msgs/srv/detail/get_model_properties__functions.h
[205.914s] -- Installing: /opt/ros/gazebo_ros_build/install/include/gazebo_msgs/gazebo_msgs/srv/detail/delete_entity__type_support.h
[205.915s] -- Installing: /opt/ros/gazebo_ros_build/install/include/gazebo_msgs/gazebo_msgs/srv/detail/get_physics_properties__struct.h
[205.916s] -- Installing: /opt/ros/gazebo_ros_build/install/include/gazebo_msgs/gazebo_msgs/srv/detail/delete_model__struct.h
[205.917s] -- Installing: /opt/ros/gazebo_ros_build/install/include/gazebo_msgs/gazebo_msgs/srv/detail/delete_entity__struct.h
[205.918s] -- Installing: /opt/ros/gazebo_ros_build/install/include/gazebo_msgs/gazebo_msgs/srv/detail/set_model_configuration__functions.h
[205.919s] -- Installing: /opt/ros/gazebo_ros_build/install/include/gazebo_msgs/gazebo_msgs/srv/detail/link_request__type_support.h
[205.920s] -- Installing: /opt/ros/gazebo_ros_build/install/include/gazebo_msgs/gazebo_msgs/srv/detail/get_link_properties__struct.h
[205.921s] -- Installing: /opt/ros/gazebo_ros_build/install/include/gazebo_msgs/gazebo_msgs/srv/detail/body_request__type_support.h
[205.923s] -- Installing: /opt/ros/gazebo_ros_build/install/include/gazebo_msgs/gazebo_msgs/srv/detail/set_physics_properties__functions.c
[205.924s] -- Installing: /opt/ros/gazebo_ros_build/install/include/gazebo_msgs/gazebo_msgs/srv/detail/get_link_properties__functions.c
[205.924s] -- Installing: /opt/ros/gazebo_ros_build/install/include/gazebo_msgs/gazebo_msgs/srv/detail/get_entity_state__struct.h
[205.925s] -- Installing: /opt/ros/gazebo_ros_build/install/include/gazebo_msgs/gazebo_msgs/srv/detail/get_model_list__type_support.h
[205.926s] -- Installing: /opt/ros/gazebo_ros_build/install/include/gazebo_msgs/gazebo_msgs/srv/detail/apply_body_wrench__struct.h
[205.927s] -- Installing: /opt/ros/gazebo_ros_build/install/include/gazebo_msgs/gazebo_msgs/srv/detail/spawn_entity__struct.h
[205.929s] -- Installing: /opt/ros/gazebo_ros_build/install/include/gazebo_msgs/gazebo_msgs/srv/detail/get_model_state__functions.h
[205.930s] -- Installing: /opt/ros/gazebo_ros_build/install/include/gazebo_msgs/gazebo_msgs/srv/detail/get_link_properties__type_support.h
[205.931s] -- Installing: /opt/ros/gazebo_ros_build/install/include/gazebo_msgs/gazebo_msgs/srv/detail/get_model_properties__struct.h
[205.932s] -- Installing: /opt/ros/gazebo_ros_build/install/include/gazebo_msgs/gazebo_msgs/srv/detail/set_physics_properties__functions.h
[205.933s] -- Installing: /opt/ros/gazebo_ros_build/install/include/gazebo_msgs/gazebo_msgs/srv/detail/spawn_entity__type_support.h
[205.934s] -- Installing: /opt/ros/gazebo_ros_build/install/include/gazebo_msgs/gazebo_msgs/srv/detail/delete_light__struct.h
[205.935s] -- Installing: /opt/ros/gazebo_ros_build/install/include/gazebo_msgs/gazebo_msgs/srv/detail/get_link_state__functions.c
[205.936s] -- Installing: /opt/ros/gazebo_ros_build/install/include/gazebo_msgs/gazebo_msgs/srv/detail/set_joint_trajectory__functions.c
[205.937s] -- Installing: /opt/ros/gazebo_ros_build/install/include/gazebo_msgs/gazebo_msgs/srv/detail/set_joint_properties__functions.h
[205.938s] -- Installing: /opt/ros/gazebo_ros_build/install/include/gazebo_msgs/gazebo_msgs/srv/detail/set_link_properties__struct.h
[205.939s] -- Installing: /opt/ros/gazebo_ros_build/install/include/gazebo_msgs/gazebo_msgs/srv/detail/set_link_state__struct.h
[205.941s] -- Installing: /opt/ros/gazebo_ros_build/install/include/gazebo_msgs/gazebo_msgs/srv/detail/link_request__functions.c
[205.942s] -- Installing: /opt/ros/gazebo_ros_build/install/include/gazebo_msgs/gazebo_msgs/srv/detail/set_entity_state__functions.c
[205.943s] -- Installing: /opt/ros/gazebo_ros_build/install/include/gazebo_msgs/gazebo_msgs/srv/detail/get_model_list__struct.h
[205.944s] -- Installing: /opt/ros/gazebo_ros_build/install/include/gazebo_msgs/gazebo_msgs/srv/detail/get_model_list__functions.c
[205.945s] -- Installing: /opt/ros/gazebo_ros_build/install/include/gazebo_msgs/gazebo_msgs/srv/detail/get_world_properties__functions.h
[205.946s] -- Installing: /opt/ros/gazebo_ros_build/install/include/gazebo_msgs/gazebo_msgs/srv/detail/joint_request__struct.h
[205.947s] -- Installing: /opt/ros/gazebo_ros_build/install/include/gazebo_msgs/gazebo_msgs/srv/detail/joint_request__type_support.h
[205.948s] -- Installing: /opt/ros/gazebo_ros_build/install/include/gazebo_msgs/gazebo_msgs/srv/detail/get_world_properties__struct.h
[205.949s] -- Installing: /opt/ros/gazebo_ros_build/install/include/gazebo_msgs/gazebo_msgs/srv/detail/get_link_state__functions.h
[205.951s] -- Installing: /opt/ros/gazebo_ros_build/install/include/gazebo_msgs/gazebo_msgs/srv/detail/body_request__struct.h
[205.952s] -- Installing: /opt/ros/gazebo_ros_build/install/include/gazebo_msgs/gazebo_msgs/srv/detail/get_model_list__functions.h
[205.953s] -- Installing: /opt/ros/gazebo_ros_build/install/include/gazebo_msgs/gazebo_msgs/srv/detail/get_light_properties__type_support.h
[205.954s] -- Installing: /opt/ros/gazebo_ros_build/install/include/gazebo_msgs/gazebo_msgs/srv/detail/set_link_state__functions.h
[205.955s] -- Installing: /opt/ros/gazebo_ros_build/install/include/gazebo_msgs/gazebo_msgs/srv/detail/spawn_entity__functions.h
[205.956s] -- Installing: /opt/ros/gazebo_ros_build/install/include/gazebo_msgs/gazebo_msgs/srv/detail/get_entity_state__type_support.h
[205.957s] -- Installing: /opt/ros/gazebo_ros_build/install/include/gazebo_msgs/gazebo_msgs/srv/detail/get_link_state__type_support.h
[205.958s] -- Installing: /opt/ros/gazebo_ros_build/install/include/gazebo_msgs/gazebo_msgs/srv/detail/delete_light__type_support.h
[205.959s] -- Installing: /opt/ros/gazebo_ros_build/install/include/gazebo_msgs/gazebo_msgs/srv/detail/joint_request__functions.h
[205.962s] -- Installing: /opt/ros/gazebo_ros_build/install/include/gazebo_msgs/gazebo_msgs/srv/detail/set_model_state__functions.c
[205.962s] -- Installing: /opt/ros/gazebo_ros_build/install/include/gazebo_msgs/gazebo_msgs/srv/detail/get_physics_properties__functions.c
[205.963s] -- Installing: /opt/ros/gazebo_ros_build/install/include/gazebo_msgs/gazebo_msgs/srv/detail/body_request__functions.h
[205.964s] -- Installing: /opt/ros/gazebo_ros_build/install/include/gazebo_msgs/gazebo_msgs/srv/detail/joint_request__functions.c
[205.965s] -- Installing: /opt/ros/gazebo_ros_build/install/include/gazebo_msgs/gazebo_msgs/srv/detail/delete_entity__functions.c
[205.966s] -- Installing: /opt/ros/gazebo_ros_build/install/include/gazebo_msgs/gazebo_msgs/srv/detail/set_entity_state__struct.h
[205.967s] -- Installing: /opt/ros/gazebo_ros_build/install/include/gazebo_msgs/gazebo_msgs/srv/detail/set_joint_trajectory__struct.h
[205.968s] -- Installing: /opt/ros/gazebo_ros_build/install/include/gazebo_msgs/gazebo_msgs/srv/detail/delete_light__functions.c
[205.969s] -- Installing: /opt/ros/gazebo_ros_build/install/include/gazebo_msgs/gazebo_msgs/srv/detail/spawn_model__type_support.h
[205.970s] -- Installing: /opt/ros/gazebo_ros_build/install/include/gazebo_msgs/gazebo_msgs/srv/detail/set_link_properties__functions.h
[205.971s] -- Installing: /opt/ros/gazebo_ros_build/install/include/gazebo_msgs/gazebo_msgs/srv/detail/get_world_properties__functions.c
[205.972s] -- Installing: /opt/ros/gazebo_ros_build/install/include/gazebo_msgs/gazebo_msgs/srv/detail/spawn_model__functions.c
[205.973s] -- Installing: /opt/ros/gazebo_ros_build/install/include/gazebo_msgs/gazebo_msgs/srv/detail/get_entity_state__functions.h
[205.975s] -- Installing: /opt/ros/gazebo_ros_build/install/include/gazebo_msgs/gazebo_msgs/srv/detail/delete_light__functions.h
[205.976s] -- Installing: /opt/ros/gazebo_ros_build/install/include/gazebo_msgs/gazebo_msgs/srv/detail/apply_link_wrench__functions.c
[205.977s] -- Installing: /opt/ros/gazebo_ros_build/install/include/gazebo_msgs/gazebo_msgs/srv/detail/apply_joint_effort__type_support.h
[205.978s] -- Installing: /opt/ros/gazebo_ros_build/install/include/gazebo_msgs/gazebo_msgs/srv/detail/apply_joint_effort__functions.h
[205.979s] -- Installing: /opt/ros/gazebo_ros_build/install/include/gazebo_msgs/gazebo_msgs/srv/detail/get_joint_properties__functions.c
[205.980s] -- Installing: /opt/ros/gazebo_ros_build/install/include/gazebo_msgs/gazebo_msgs/srv/detail/get_link_state__struct.h
[205.982s] -- Installing: /opt/ros/gazebo_ros_build/install/include/gazebo_msgs/gazebo_msgs/srv/detail/set_model_configuration__struct.h
[205.983s] -- Installing: /opt/ros/gazebo_ros_build/install/include/gazebo_msgs/gazebo_msgs/srv/detail/get_link_properties__functions.h
[205.984s] -- Installing: /opt/ros/gazebo_ros_build/install/include/gazebo_msgs/gazebo_msgs/srv/detail/apply_link_wrench__type_support.h
[205.985s] -- Installing: /opt/ros/gazebo_ros_build/install/include/gazebo_msgs/gazebo_msgs/srv/detail/delete_model__functions.c
[205.986s] -- Installing: /opt/ros/gazebo_ros_build/install/include/gazebo_msgs/gazebo_msgs/srv/detail/set_model_configuration__functions.c
[205.987s] -- Installing: /opt/ros/gazebo_ros_build/install/include/gazebo_msgs/gazebo_msgs/srv/detail/set_link_properties__type_support.h
[205.988s] -- Installing: /opt/ros/gazebo_ros_build/install/include/gazebo_msgs/gazebo_msgs/srv/detail/set_entity_state__functions.h
[205.989s] -- Installing: /opt/ros/gazebo_ros_build/install/include/gazebo_msgs/gazebo_msgs/srv/detail/get_model_properties__type_support.h
[205.990s] -- Installing: /opt/ros/gazebo_ros_build/install/include/gazebo_msgs/gazebo_msgs/srv/detail/get_light_properties__struct.h
[205.991s] -- Installing: /opt/ros/gazebo_ros_build/install/include/gazebo_msgs/gazebo_msgs/srv/detail/get_light_properties__functions.c
[205.993s] -- Installing: /opt/ros/gazebo_ros_build/install/include/gazebo_msgs/gazebo_msgs/srv/detail/apply_body_wrench__functions.c
[205.994s] -- Installing: /opt/ros/gazebo_ros_build/install/include/gazebo_msgs/gazebo_msgs/srv/detail/set_light_properties__functions.h
[205.995s] -- Installing: /opt/ros/gazebo_ros_build/install/include/gazebo_msgs/gazebo_msgs/srv/detail/apply_joint_effort__functions.c
[205.996s] -- Installing: /opt/ros/gazebo_ros_build/install/include/gazebo_msgs/gazebo_msgs/srv/detail/body_request__functions.c
[205.997s] -- Installing: /opt/ros/gazebo_ros_build/install/include/gazebo_msgs/gazebo_msgs/srv/detail/get_model_state__struct.h
[205.998s] -- Installing: /opt/ros/gazebo_ros_build/install/include/gazebo_msgs/gazebo_msgs/srv/link_request.h
[205.999s] -- Installing: /opt/ros/gazebo_ros_build/install/include/gazebo_msgs/gazebo_msgs/srv/set_link_state.h
[206.000s] -- Installing: /opt/ros/gazebo_ros_build/install/include/gazebo_msgs/gazebo_msgs/srv/spawn_model.h
[206.001s] -- Installing: /opt/ros/gazebo_ros_build/install/include/gazebo_msgs/gazebo_msgs/srv/delete_model.h
[206.002s] -- Installing: /opt/ros/gazebo_ros_build/install/include/gazebo_msgs/gazebo_msgs/srv/get_joint_properties.h
[206.004s] -- Installing: /opt/ros/gazebo_ros_build/install/share/gazebo_msgs/environment/library_path.sh
[206.006s] -- Installing: /opt/ros/gazebo_ros_build/install/share/gazebo_msgs/environment/library_path.dsv
[206.007s] -- Installing: /opt/ros/gazebo_ros_build/install/lib/libgazebo_msgs__rosidl_generator_c.so
[206.016s] -- Set runtime path of "/opt/ros/gazebo_ros_build/install/lib/libgazebo_msgs__rosidl_generator_c.so" to ""
[206.017s] -- Up-to-date: /opt/ros/gazebo_ros_build/install/include/gazebo_msgs/gazebo_msgs
[206.017s] -- Up-to-date: /opt/ros/gazebo_ros_build/install/include/gazebo_msgs/gazebo_msgs/msg
[206.018s] -- Installing: /opt/ros/gazebo_ros_build/install/include/gazebo_msgs/gazebo_msgs/msg/rosidl_typesupport_fastrtps_c__visibility_control.h
[206.018s] -- Up-to-date: /opt/ros/gazebo_ros_build/install/include/gazebo_msgs/gazebo_msgs/msg/detail
[206.019s] -- Installing: /opt/ros/gazebo_ros_build/install/include/gazebo_msgs/gazebo_msgs/msg/detail/performance_metrics__rosidl_typesupport_fastrtps_c.h
[206.019s] -- Installing: /opt/ros/gazebo_ros_build/install/include/gazebo_msgs/gazebo_msgs/msg/detail/model_state__rosidl_typesupport_fastrtps_c.h
[206.020s] -- Installing: /opt/ros/gazebo_ros_build/install/include/gazebo_msgs/gazebo_msgs/msg/detail/wheel_slip__rosidl_typesupport_fastrtps_c.h
[206.021s] -- Installing: /opt/ros/gazebo_ros_build/install/include/gazebo_msgs/gazebo_msgs/msg/detail/contacts_state__rosidl_typesupport_fastrtps_c.h
[206.023s] -- Installing: /opt/ros/gazebo_ros_build/install/include/gazebo_msgs/gazebo_msgs/msg/detail/ode_physics__rosidl_typesupport_fastrtps_c.h
[206.026s] -- Installing: /opt/ros/gazebo_ros_build/install/include/gazebo_msgs/gazebo_msgs/msg/detail/link_state__rosidl_typesupport_fastrtps_c.h
[206.027s] -- Installing: /opt/ros/gazebo_ros_build/install/include/gazebo_msgs/gazebo_msgs/msg/detail/model_states__rosidl_typesupport_fastrtps_c.h
[206.027s] -- Installing: /opt/ros/gazebo_ros_build/install/include/gazebo_msgs/gazebo_msgs/msg/detail/entity_state__rosidl_typesupport_fastrtps_c.h
[206.028s] -- Installing: /opt/ros/gazebo_ros_build/install/include/gazebo_msgs/gazebo_msgs/msg/detail/sensor_performance_metric__rosidl_typesupport_fastrtps_c.h
[206.029s] -- Installing: /opt/ros/gazebo_ros_build/install/include/gazebo_msgs/gazebo_msgs/msg/detail/link_states__rosidl_typesupport_fastrtps_c.h
[206.030s] -- Installing: /opt/ros/gazebo_ros_build/install/include/gazebo_msgs/gazebo_msgs/msg/detail/ode_joint_properties__rosidl_typesupport_fastrtps_c.h
[206.031s] -- Installing: /opt/ros/gazebo_ros_build/install/include/gazebo_msgs/gazebo_msgs/msg/detail/world_state__rosidl_typesupport_fastrtps_c.h
[206.032s] -- Installing: /opt/ros/gazebo_ros_build/install/include/gazebo_msgs/gazebo_msgs/msg/detail/contact_state__rosidl_typesupport_fastrtps_c.h
[206.034s] -- Up-to-date: /opt/ros/gazebo_ros_build/install/include/gazebo_msgs/gazebo_msgs/srv
[206.036s] -- Up-to-date: /opt/ros/gazebo_ros_build/install/include/gazebo_msgs/gazebo_msgs/srv/detail
[206.037s] -- Installing: /opt/ros/gazebo_ros_build/install/include/gazebo_msgs/gazebo_msgs/srv/detail/set_model_configuration__rosidl_typesupport_fastrtps_c.h
[206.037s] -- Installing: /opt/ros/gazebo_ros_build/install/include/gazebo_msgs/gazebo_msgs/srv/detail/set_link_state__rosidl_typesupport_fastrtps_c.h
[206.038s] -- Installing: /opt/ros/gazebo_ros_build/install/include/gazebo_msgs/gazebo_msgs/srv/detail/get_link_state__rosidl_typesupport_fastrtps_c.h
[206.039s] -- Installing: /opt/ros/gazebo_ros_build/install/include/gazebo_msgs/gazebo_msgs/srv/detail/set_entity_state__rosidl_typesupport_fastrtps_c.h
[206.039s] -- Installing: /opt/ros/gazebo_ros_build/install/include/gazebo_msgs/gazebo_msgs/srv/detail/get_model_list__rosidl_typesupport_fastrtps_c.h
[206.040s] -- Installing: /opt/ros/gazebo_ros_build/install/include/gazebo_msgs/gazebo_msgs/srv/detail/spawn_entity__rosidl_typesupport_fastrtps_c.h
[206.042s] -- Installing: /opt/ros/gazebo_ros_build/install/include/gazebo_msgs/gazebo_msgs/srv/detail/set_light_properties__rosidl_typesupport_fastrtps_c.h
[206.044s] -- Installing: /opt/ros/gazebo_ros_build/install/include/gazebo_msgs/gazebo_msgs/srv/detail/get_entity_state__rosidl_typesupport_fastrtps_c.h
[206.044s] -- Installing: /opt/ros/gazebo_ros_build/install/include/gazebo_msgs/gazebo_msgs/srv/detail/link_request__rosidl_typesupport_fastrtps_c.h
[206.045s] -- Installing: /opt/ros/gazebo_ros_build/install/include/gazebo_msgs/gazebo_msgs/srv/detail/set_physics_properties__rosidl_typesupport_fastrtps_c.h
[206.045s] -- Installing: /opt/ros/gazebo_ros_build/install/include/gazebo_msgs/gazebo_msgs/srv/detail/set_model_state__rosidl_typesupport_fastrtps_c.h
[206.046s] -- Installing: /opt/ros/gazebo_ros_build/install/include/gazebo_msgs/gazebo_msgs/srv/detail/delete_model__rosidl_typesupport_fastrtps_c.h
[206.046s] -- Installing: /opt/ros/gazebo_ros_build/install/include/gazebo_msgs/gazebo_msgs/srv/detail/apply_joint_effort__rosidl_typesupport_fastrtps_c.h
[206.047s] -- Installing: /opt/ros/gazebo_ros_build/install/include/gazebo_msgs/gazebo_msgs/srv/detail/delete_light__rosidl_typesupport_fastrtps_c.h
[206.048s] -- Installing: /opt/ros/gazebo_ros_build/install/include/gazebo_msgs/gazebo_msgs/srv/detail/delete_entity__rosidl_typesupport_fastrtps_c.h
[206.049s] -- Installing: /opt/ros/gazebo_ros_build/install/include/gazebo_msgs/gazebo_msgs/srv/detail/get_world_properties__rosidl_typesupport_fastrtps_c.h
[206.050s] -- Installing: /opt/ros/gazebo_ros_build/install/include/gazebo_msgs/gazebo_msgs/srv/detail/get_model_properties__rosidl_typesupport_fastrtps_c.h
[206.051s] -- Installing: /opt/ros/gazebo_ros_build/install/include/gazebo_msgs/gazebo_msgs/srv/detail/get_link_properties__rosidl_typesupport_fastrtps_c.h
[206.053s] -- Installing: /opt/ros/gazebo_ros_build/install/include/gazebo_msgs/gazebo_msgs/srv/detail/set_joint_properties__rosidl_typesupport_fastrtps_c.h
[206.055s] -- Installing: /opt/ros/gazebo_ros_build/install/include/gazebo_msgs/gazebo_msgs/srv/detail/get_light_properties__rosidl_typesupport_fastrtps_c.h
[206.055s] -- Installing: /opt/ros/gazebo_ros_build/install/include/gazebo_msgs/gazebo_msgs/srv/detail/body_request__rosidl_typesupport_fastrtps_c.h
[206.056s] -- Installing: /opt/ros/gazebo_ros_build/install/include/gazebo_msgs/gazebo_msgs/srv/detail/apply_body_wrench__rosidl_typesupport_fastrtps_c.h
[206.057s] -- Installing: /opt/ros/gazebo_ros_build/install/include/gazebo_msgs/gazebo_msgs/srv/detail/spawn_model__rosidl_typesupport_fastrtps_c.h
[206.058s] -- Installing: /opt/ros/gazebo_ros_build/install/include/gazebo_msgs/gazebo_msgs/srv/detail/apply_link_wrench__rosidl_typesupport_fastrtps_c.h
[206.059s] -- Installing: /opt/ros/gazebo_ros_build/install/include/gazebo_msgs/gazebo_msgs/srv/detail/get_model_state__rosidl_typesupport_fastrtps_c.h
[206.060s] -- Installing: /opt/ros/gazebo_ros_build/install/include/gazebo_msgs/gazebo_msgs/srv/detail/set_joint_trajectory__rosidl_typesupport_fastrtps_c.h
[206.061s] -- Installing: /opt/ros/gazebo_ros_build/install/include/gazebo_msgs/gazebo_msgs/srv/detail/set_link_properties__rosidl_typesupport_fastrtps_c.h
[206.062s] -- Installing: /opt/ros/gazebo_ros_build/install/include/gazebo_msgs/gazebo_msgs/srv/detail/get_joint_properties__rosidl_typesupport_fastrtps_c.h
[206.063s] -- Installing: /opt/ros/gazebo_ros_build/install/include/gazebo_msgs/gazebo_msgs/srv/detail/get_physics_properties__rosidl_typesupport_fastrtps_c.h
[206.065s] -- Installing: /opt/ros/gazebo_ros_build/install/include/gazebo_msgs/gazebo_msgs/srv/detail/joint_request__rosidl_typesupport_fastrtps_c.h
[206.067s] -- Installing: /opt/ros/gazebo_ros_build/install/lib/libgazebo_msgs__rosidl_typesupport_fastrtps_c.so
[206.074s] -- Set runtime path of "/opt/ros/gazebo_ros_build/install/lib/libgazebo_msgs__rosidl_typesupport_fastrtps_c.so" to ""
[206.075s] -- Up-to-date: /opt/ros/gazebo_ros_build/install/include/gazebo_msgs/gazebo_msgs
[206.075s] -- Up-to-date: /opt/ros/gazebo_ros_build/install/include/gazebo_msgs/gazebo_msgs/msg
[206.076s] -- Installing: /opt/ros/gazebo_ros_build/install/include/gazebo_msgs/gazebo_msgs/msg/entity_state.hpp
[206.076s] -- Installing: /opt/ros/gazebo_ros_build/install/include/gazebo_msgs/gazebo_msgs/msg/link_states.hpp
[206.077s] -- Installing: /opt/ros/gazebo_ros_build/install/include/gazebo_msgs/gazebo_msgs/msg/ode_joint_properties.hpp
[206.078s] -- Installing: /opt/ros/gazebo_ros_build/install/include/gazebo_msgs/gazebo_msgs/msg/performance_metrics.hpp
[206.079s] -- Installing: /opt/ros/gazebo_ros_build/install/include/gazebo_msgs/gazebo_msgs/msg/contact_state.hpp
[206.081s] -- Installing: /opt/ros/gazebo_ros_build/install/include/gazebo_msgs/gazebo_msgs/msg/rosidl_generator_cpp__visibility_control.hpp
[206.082s] -- Installing: /opt/ros/gazebo_ros_build/install/include/gazebo_msgs/gazebo_msgs/msg/ode_physics.hpp
[206.082s] -- Installing: /opt/ros/gazebo_ros_build/install/include/gazebo_msgs/gazebo_msgs/msg/model_state.hpp
[206.083s] -- Installing: /opt/ros/gazebo_ros_build/install/include/gazebo_msgs/gazebo_msgs/msg/wheel_slip.hpp
[206.084s] -- Installing: /opt/ros/gazebo_ros_build/install/include/gazebo_msgs/gazebo_msgs/msg/sensor_performance_metric.hpp
[206.085s] -- Installing: /opt/ros/gazebo_ros_build/install/include/gazebo_msgs/gazebo_msgs/msg/world_state.hpp
[206.086s] -- Installing: /opt/ros/gazebo_ros_build/install/include/gazebo_msgs/gazebo_msgs/msg/link_state.hpp
[206.087s] -- Installing: /opt/ros/gazebo_ros_build/install/include/gazebo_msgs/gazebo_msgs/msg/model_states.hpp
[206.088s] -- Up-to-date: /opt/ros/gazebo_ros_build/install/include/gazebo_msgs/gazebo_msgs/msg/detail
[206.089s] -- Installing: /opt/ros/gazebo_ros_build/install/include/gazebo_msgs/gazebo_msgs/msg/detail/model_states__traits.hpp
[206.090s] -- Installing: /opt/ros/gazebo_ros_build/install/include/gazebo_msgs/gazebo_msgs/msg/detail/world_state__type_support.hpp
[206.091s] -- Installing: /opt/ros/gazebo_ros_build/install/include/gazebo_msgs/gazebo_msgs/msg/detail/link_states__builder.hpp
[206.092s] -- Installing: /opt/ros/gazebo_ros_build/install/include/gazebo_msgs/gazebo_msgs/msg/detail/performance_metrics__builder.hpp
[206.093s] -- Installing: /opt/ros/gazebo_ros_build/install/include/gazebo_msgs/gazebo_msgs/msg/detail/link_states__type_support.hpp
[206.094s] -- Installing: /opt/ros/gazebo_ros_build/install/include/gazebo_msgs/gazebo_msgs/msg/detail/entity_state__builder.hpp
[206.095s] -- Installing: /opt/ros/gazebo_ros_build/install/include/gazebo_msgs/gazebo_msgs/msg/detail/model_state__traits.hpp
[206.096s] -- Installing: /opt/ros/gazebo_ros_build/install/include/gazebo_msgs/gazebo_msgs/msg/detail/wheel_slip__builder.hpp
[206.097s] -- Installing: /opt/ros/gazebo_ros_build/install/include/gazebo_msgs/gazebo_msgs/msg/detail/performance_metrics__type_support.hpp
[206.098s] -- Installing: /opt/ros/gazebo_ros_build/install/include/gazebo_msgs/gazebo_msgs/msg/detail/contacts_state__builder.hpp
[206.099s] -- Installing: /opt/ros/gazebo_ros_build/install/include/gazebo_msgs/gazebo_msgs/msg/detail/model_states__builder.hpp
[206.101s] -- Installing: /opt/ros/gazebo_ros_build/install/include/gazebo_msgs/gazebo_msgs/msg/detail/sensor_performance_metric__type_support.hpp
[206.102s] -- Installing: /opt/ros/gazebo_ros_build/install/include/gazebo_msgs/gazebo_msgs/msg/detail/model_states__struct.hpp
[206.103s] -- Installing: /opt/ros/gazebo_ros_build/install/include/gazebo_msgs/gazebo_msgs/msg/detail/performance_metrics__traits.hpp
[206.104s] -- Installing: /opt/ros/gazebo_ros_build/install/include/gazebo_msgs/gazebo_msgs/msg/detail/ode_joint_properties__traits.hpp
[206.105s] -- Installing: /opt/ros/gazebo_ros_build/install/include/gazebo_msgs/gazebo_msgs/msg/detail/contacts_state__struct.hpp
[206.106s] -- Installing: /opt/ros/gazebo_ros_build/install/include/gazebo_msgs/gazebo_msgs/msg/detail/ode_physics__struct.hpp
[206.106s] -- Installing: /opt/ros/gazebo_ros_build/install/include/gazebo_msgs/gazebo_msgs/msg/detail/contact_state__type_support.hpp
[206.107s] -- Installing: /opt/ros/gazebo_ros_build/install/include/gazebo_msgs/gazebo_msgs/msg/detail/contact_state__traits.hpp
[206.109s] -- Installing: /opt/ros/gazebo_ros_build/install/include/gazebo_msgs/gazebo_msgs/msg/detail/ode_physics__type_support.hpp
[206.110s] -- Installing: /opt/ros/gazebo_ros_build/install/include/gazebo_msgs/gazebo_msgs/msg/detail/ode_joint_properties__builder.hpp
[206.111s] -- Installing: /opt/ros/gazebo_ros_build/install/include/gazebo_msgs/gazebo_msgs/msg/detail/link_states__struct.hpp
[206.112s] -- Installing: /opt/ros/gazebo_ros_build/install/include/gazebo_msgs/gazebo_msgs/msg/detail/model_state__type_support.hpp
[206.113s] -- Installing: /opt/ros/gazebo_ros_build/install/include/gazebo_msgs/gazebo_msgs/msg/detail/wheel_slip__traits.hpp
[206.114s] -- Installing: /opt/ros/gazebo_ros_build/install/include/gazebo_msgs/gazebo_msgs/msg/detail/link_state__traits.hpp
[206.115s] -- Installing: /opt/ros/gazebo_ros_build/install/include/gazebo_msgs/gazebo_msgs/msg/detail/contact_state__builder.hpp
[206.116s] -- Installing: /opt/ros/gazebo_ros_build/install/include/gazebo_msgs/gazebo_msgs/msg/detail/performance_metrics__struct.hpp
[206.116s] -- Installing: /opt/ros/gazebo_ros_build/install/include/gazebo_msgs/gazebo_msgs/msg/detail/world_state__traits.hpp
[206.117s] -- Installing: /opt/ros/gazebo_ros_build/install/include/gazebo_msgs/gazebo_msgs/msg/detail/contacts_state__traits.hpp
[206.118s] -- Installing: /opt/ros/gazebo_ros_build/install/include/gazebo_msgs/gazebo_msgs/msg/detail/world_state__builder.hpp
[206.119s] -- Installing: /opt/ros/gazebo_ros_build/install/include/gazebo_msgs/gazebo_msgs/msg/detail/sensor_performance_metric__struct.hpp
[206.120s] -- Installing: /opt/ros/gazebo_ros_build/install/include/gazebo_msgs/gazebo_msgs/msg/detail/link_state__type_support.hpp
[206.121s] -- Installing: /opt/ros/gazebo_ros_build/install/include/gazebo_msgs/gazebo_msgs/msg/detail/contacts_state__type_support.hpp
[206.123s] -- Installing: /opt/ros/gazebo_ros_build/install/include/gazebo_msgs/gazebo_msgs/msg/detail/ode_joint_properties__type_support.hpp
[206.124s] -- Installing: /opt/ros/gazebo_ros_build/install/include/gazebo_msgs/gazebo_msgs/msg/detail/sensor_performance_metric__builder.hpp
[206.124s] -- Installing: /opt/ros/gazebo_ros_build/install/include/gazebo_msgs/gazebo_msgs/msg/detail/wheel_slip__struct.hpp
[206.126s] -- Installing: /opt/ros/gazebo_ros_build/install/include/gazebo_msgs/gazebo_msgs/msg/detail/entity_state__type_support.hpp
[206.127s] -- Installing: /opt/ros/gazebo_ros_build/install/include/gazebo_msgs/gazebo_msgs/msg/detail/ode_physics__traits.hpp
[206.128s] -- Installing: /opt/ros/gazebo_ros_build/install/include/gazebo_msgs/gazebo_msgs/msg/detail/entity_state__traits.hpp
[206.129s] -- Installing: /opt/ros/gazebo_ros_build/install/include/gazebo_msgs/gazebo_msgs/msg/detail/ode_joint_properties__struct.hpp
[206.130s] -- Installing: /opt/ros/gazebo_ros_build/install/include/gazebo_msgs/gazebo_msgs/msg/detail/ode_physics__builder.hpp
[206.131s] -- Installing: /opt/ros/gazebo_ros_build/install/include/gazebo_msgs/gazebo_msgs/msg/detail/link_state__builder.hpp
[206.132s] -- Installing: /opt/ros/gazebo_ros_build/install/include/gazebo_msgs/gazebo_msgs/msg/detail/world_state__struct.hpp
[206.133s] -- Installing: /opt/ros/gazebo_ros_build/install/include/gazebo_msgs/gazebo_msgs/msg/detail/model_states__type_support.hpp
[206.134s] -- Installing: /opt/ros/gazebo_ros_build/install/include/gazebo_msgs/gazebo_msgs/msg/detail/model_state__struct.hpp
[206.135s] -- Installing: /opt/ros/gazebo_ros_build/install/include/gazebo_msgs/gazebo_msgs/msg/detail/link_states__traits.hpp
[206.136s] -- Installing: /opt/ros/gazebo_ros_build/install/include/gazebo_msgs/gazebo_msgs/msg/detail/link_state__struct.hpp
[206.137s] -- Installing: /opt/ros/gazebo_ros_build/install/include/gazebo_msgs/gazebo_msgs/msg/detail/sensor_performance_metric__traits.hpp
[206.138s] -- Installing: /opt/ros/gazebo_ros_build/install/include/gazebo_msgs/gazebo_msgs/msg/detail/wheel_slip__type_support.hpp
[206.139s] -- Installing: /opt/ros/gazebo_ros_build/install/include/gazebo_msgs/gazebo_msgs/msg/detail/contact_state__struct.hpp
[206.140s] -- Installing: /opt/ros/gazebo_ros_build/install/include/gazebo_msgs/gazebo_msgs/msg/detail/model_state__builder.hpp
[206.141s] -- Installing: /opt/ros/gazebo_ros_build/install/include/gazebo_msgs/gazebo_msgs/msg/detail/entity_state__struct.hpp
[206.142s] -- Installing: /opt/ros/gazebo_ros_build/install/include/gazebo_msgs/gazebo_msgs/msg/contacts_state.hpp
[206.143s] -- Up-to-date: /opt/ros/gazebo_ros_build/install/include/gazebo_msgs/gazebo_msgs/srv
[206.144s] -- Installing: /opt/ros/gazebo_ros_build/install/include/gazebo_msgs/gazebo_msgs/srv/spawn_model.hpp
[206.145s] -- Installing: /opt/ros/gazebo_ros_build/install/include/gazebo_msgs/gazebo_msgs/srv/set_joint_properties.hpp
[206.145s] -- Installing: /opt/ros/gazebo_ros_build/install/include/gazebo_msgs/gazebo_msgs/srv/set_model_state.hpp
[206.146s] -- Installing: /opt/ros/gazebo_ros_build/install/include/gazebo_msgs/gazebo_msgs/srv/get_model_state.hpp
[206.147s] -- Installing: /opt/ros/gazebo_ros_build/install/include/gazebo_msgs/gazebo_msgs/srv/delete_model.hpp
[206.148s] -- Installing: /opt/ros/gazebo_ros_build/install/include/gazebo_msgs/gazebo_msgs/srv/get_link_state.hpp
[206.149s] -- Installing: /opt/ros/gazebo_ros_build/install/include/gazebo_msgs/gazebo_msgs/srv/set_light_properties.hpp
[206.150s] -- Installing: /opt/ros/gazebo_ros_build/install/include/gazebo_msgs/gazebo_msgs/srv/set_link_state.hpp
[206.151s] -- Installing: /opt/ros/gazebo_ros_build/install/include/gazebo_msgs/gazebo_msgs/srv/body_request.hpp
[206.152s] -- Installing: /opt/ros/gazebo_ros_build/install/include/gazebo_msgs/gazebo_msgs/srv/get_entity_state.hpp
[206.153s] -- Installing: /opt/ros/gazebo_ros_build/install/include/gazebo_msgs/gazebo_msgs/srv/set_model_configuration.hpp
[206.154s] -- Installing: /opt/ros/gazebo_ros_build/install/include/gazebo_msgs/gazebo_msgs/srv/set_physics_properties.hpp
[206.155s] -- Installing: /opt/ros/gazebo_ros_build/install/include/gazebo_msgs/gazebo_msgs/srv/get_link_properties.hpp
[206.157s] -- Installing: /opt/ros/gazebo_ros_build/install/include/gazebo_msgs/gazebo_msgs/srv/get_physics_properties.hpp
[206.157s] -- Installing: /opt/ros/gazebo_ros_build/install/include/gazebo_msgs/gazebo_msgs/srv/apply_body_wrench.hpp
[206.158s] -- Installing: /opt/ros/gazebo_ros_build/install/include/gazebo_msgs/gazebo_msgs/srv/set_link_properties.hpp
[206.159s] -- Installing: /opt/ros/gazebo_ros_build/install/include/gazebo_msgs/gazebo_msgs/srv/spawn_entity.hpp
[206.160s] -- Installing: /opt/ros/gazebo_ros_build/install/include/gazebo_msgs/gazebo_msgs/srv/set_entity_state.hpp
[206.161s] -- Installing: /opt/ros/gazebo_ros_build/install/include/gazebo_msgs/gazebo_msgs/srv/get_model_list.hpp
[206.162s] -- Installing: /opt/ros/gazebo_ros_build/install/include/gazebo_msgs/gazebo_msgs/srv/apply_link_wrench.hpp
[206.163s] -- Installing: /opt/ros/gazebo_ros_build/install/include/gazebo_msgs/gazebo_msgs/srv/delete_entity.hpp
[206.164s] -- Installing: /opt/ros/gazebo_ros_build/install/include/gazebo_msgs/gazebo_msgs/srv/set_joint_trajectory.hpp
[206.165s] -- Installing: /opt/ros/gazebo_ros_build/install/include/gazebo_msgs/gazebo_msgs/srv/link_request.hpp
[206.167s] -- Installing: /opt/ros/gazebo_ros_build/install/include/gazebo_msgs/gazebo_msgs/srv/get_light_properties.hpp
[206.167s] -- Installing: /opt/ros/gazebo_ros_build/install/include/gazebo_msgs/gazebo_msgs/srv/get_world_properties.hpp
[206.168s] -- Up-to-date: /opt/ros/gazebo_ros_build/install/include/gazebo_msgs/gazebo_msgs/srv/detail
[206.169s] -- Installing: /opt/ros/gazebo_ros_build/install/include/gazebo_msgs/gazebo_msgs/srv/detail/get_physics_properties__type_support.hpp
[206.170s] -- Installing: /opt/ros/gazebo_ros_build/install/include/gazebo_msgs/gazebo_msgs/srv/detail/set_joint_properties__builder.hpp
[206.171s] -- Installing: /opt/ros/gazebo_ros_build/install/include/gazebo_msgs/gazebo_msgs/srv/detail/set_model_state__builder.hpp
[206.174s] -- Installing: /opt/ros/gazebo_ros_build/install/include/gazebo_msgs/gazebo_msgs/srv/detail/apply_link_wrench__struct.hpp
[206.174s] -- Installing: /opt/ros/gazebo_ros_build/install/include/gazebo_msgs/gazebo_msgs/srv/detail/get_joint_properties__type_support.hpp
[206.175s] -- Installing: /opt/ros/gazebo_ros_build/install/include/gazebo_msgs/gazebo_msgs/srv/detail/set_light_properties__type_support.hpp
[206.175s] -- Installing: /opt/ros/gazebo_ros_build/install/include/gazebo_msgs/gazebo_msgs/srv/detail/get_light_properties__builder.hpp
[206.176s] -- Installing: /opt/ros/gazebo_ros_build/install/include/gazebo_msgs/gazebo_msgs/srv/detail/joint_request__traits.hpp
[206.177s] -- Installing: /opt/ros/gazebo_ros_build/install/include/gazebo_msgs/gazebo_msgs/srv/detail/spawn_entity__struct.hpp
[206.178s] -- Installing: /opt/ros/gazebo_ros_build/install/include/gazebo_msgs/gazebo_msgs/srv/detail/apply_link_wrench__builder.hpp
[206.179s] -- Installing: /opt/ros/gazebo_ros_build/install/include/gazebo_msgs/gazebo_msgs/srv/detail/set_physics_properties__struct.hpp
[206.181s] -- Installing: /opt/ros/gazebo_ros_build/install/include/gazebo_msgs/gazebo_msgs/srv/detail/set_joint_trajectory__builder.hpp
[206.182s] -- Installing: /opt/ros/gazebo_ros_build/install/include/gazebo_msgs/gazebo_msgs/srv/detail/get_physics_properties__struct.hpp
[206.183s] -- Installing: /opt/ros/gazebo_ros_build/install/include/gazebo_msgs/gazebo_msgs/srv/detail/set_physics_properties__type_support.hpp
[206.184s] -- Installing: /opt/ros/gazebo_ros_build/install/include/gazebo_msgs/gazebo_msgs/srv/detail/spawn_model__type_support.hpp
[206.185s] -- Installing: /opt/ros/gazebo_ros_build/install/include/gazebo_msgs/gazebo_msgs/srv/detail/spawn_entity__type_support.hpp
[206.186s] -- Installing: /opt/ros/gazebo_ros_build/install/include/gazebo_msgs/gazebo_msgs/srv/detail/get_model_list__builder.hpp
[206.187s] -- Installing: /opt/ros/gazebo_ros_build/install/include/gazebo_msgs/gazebo_msgs/srv/detail/set_joint_properties__traits.hpp
[206.188s] -- Installing: /opt/ros/gazebo_ros_build/install/include/gazebo_msgs/gazebo_msgs/srv/detail/get_link_properties__builder.hpp
[206.189s] -- Installing: /opt/ros/gazebo_ros_build/install/include/gazebo_msgs/gazebo_msgs/srv/detail/get_model_state__struct.hpp
[206.190s] -- Installing: /opt/ros/gazebo_ros_build/install/include/gazebo_msgs/gazebo_msgs/srv/detail/get_world_properties__struct.hpp
[206.191s] -- Installing: /opt/ros/gazebo_ros_build/install/include/gazebo_msgs/gazebo_msgs/srv/detail/set_model_configuration__traits.hpp
[206.192s] -- Installing: /opt/ros/gazebo_ros_build/install/include/gazebo_msgs/gazebo_msgs/srv/detail/apply_link_wrench__traits.hpp
[206.193s] -- Installing: /opt/ros/gazebo_ros_build/install/include/gazebo_msgs/gazebo_msgs/srv/detail/delete_light__struct.hpp
[206.194s] -- Installing: /opt/ros/gazebo_ros_build/install/include/gazebo_msgs/gazebo_msgs/srv/detail/set_link_properties__type_support.hpp
[206.195s] -- Installing: /opt/ros/gazebo_ros_build/install/include/gazebo_msgs/gazebo_msgs/srv/detail/spawn_model__traits.hpp
[206.196s] -- Installing: /opt/ros/gazebo_ros_build/install/include/gazebo_msgs/gazebo_msgs/srv/detail/spawn_model__struct.hpp
[206.197s] -- Installing: /opt/ros/gazebo_ros_build/install/include/gazebo_msgs/gazebo_msgs/srv/detail/get_joint_properties__struct.hpp
[206.199s] -- Installing: /opt/ros/gazebo_ros_build/install/include/gazebo_msgs/gazebo_msgs/srv/detail/get_model_list__traits.hpp
[206.200s] -- Installing: /opt/ros/gazebo_ros_build/install/include/gazebo_msgs/gazebo_msgs/srv/detail/get_entity_state__builder.hpp
[206.201s] -- Installing: /opt/ros/gazebo_ros_build/install/include/gazebo_msgs/gazebo_msgs/srv/detail/joint_request__type_support.hpp
[206.202s] -- Installing: /opt/ros/gazebo_ros_build/install/include/gazebo_msgs/gazebo_msgs/srv/detail/apply_joint_effort__builder.hpp
[206.203s] -- Installing: /opt/ros/gazebo_ros_build/install/include/gazebo_msgs/gazebo_msgs/srv/detail/get_model_state__type_support.hpp
[206.204s] -- Installing: /opt/ros/gazebo_ros_build/install/include/gazebo_msgs/gazebo_msgs/srv/detail/get_world_properties__traits.hpp
[206.205s] -- Installing: /opt/ros/gazebo_ros_build/install/include/gazebo_msgs/gazebo_msgs/srv/detail/set_link_state__builder.hpp
[206.206s] -- Installing: /opt/ros/gazebo_ros_build/install/include/gazebo_msgs/gazebo_msgs/srv/detail/body_request__builder.hpp
[206.207s] -- Installing: /opt/ros/gazebo_ros_build/install/include/gazebo_msgs/gazebo_msgs/srv/detail/set_joint_trajectory__type_support.hpp
[206.208s] -- Installing: /opt/ros/gazebo_ros_build/install/include/gazebo_msgs/gazebo_msgs/srv/detail/delete_model__traits.hpp
[206.209s] -- Installing: /opt/ros/gazebo_ros_build/install/include/gazebo_msgs/gazebo_msgs/srv/detail/get_link_properties__type_support.hpp
[206.210s] -- Installing: /opt/ros/gazebo_ros_build/install/include/gazebo_msgs/gazebo_msgs/srv/detail/apply_joint_effort__struct.hpp
[206.211s] -- Installing: /opt/ros/gazebo_ros_build/install/include/gazebo_msgs/gazebo_msgs/srv/detail/get_world_properties__builder.hpp
[206.212s] -- Installing: /opt/ros/gazebo_ros_build/install/include/gazebo_msgs/gazebo_msgs/srv/detail/get_light_properties__struct.hpp
[206.214s] -- Installing: /opt/ros/gazebo_ros_build/install/include/gazebo_msgs/gazebo_msgs/srv/detail/get_model_properties__struct.hpp
[206.215s] -- Installing: /opt/ros/gazebo_ros_build/install/include/gazebo_msgs/gazebo_msgs/srv/detail/set_link_properties__struct.hpp
[206.216s] -- Installing: /opt/ros/gazebo_ros_build/install/include/gazebo_msgs/gazebo_msgs/srv/detail/get_light_properties__traits.hpp
[206.217s] -- Installing: /opt/ros/gazebo_ros_build/install/include/gazebo_msgs/gazebo_msgs/srv/detail/delete_light__builder.hpp
[206.218s] -- Installing: /opt/ros/gazebo_ros_build/install/include/gazebo_msgs/gazebo_msgs/srv/detail/set_entity_state__traits.hpp
[206.219s] -- Installing: /opt/ros/gazebo_ros_build/install/include/gazebo_msgs/gazebo_msgs/srv/detail/get_joint_properties__builder.hpp
[206.220s] -- Installing: /opt/ros/gazebo_ros_build/install/include/gazebo_msgs/gazebo_msgs/srv/detail/get_world_properties__type_support.hpp
[206.221s] -- Installing: /opt/ros/gazebo_ros_build/install/include/gazebo_msgs/gazebo_msgs/srv/detail/get_entity_state__type_support.hpp
[206.222s] -- Installing: /opt/ros/gazebo_ros_build/install/include/gazebo_msgs/gazebo_msgs/srv/detail/set_model_state__traits.hpp
[206.223s] -- Installing: /opt/ros/gazebo_ros_build/install/include/gazebo_msgs/gazebo_msgs/srv/detail/get_model_properties__builder.hpp
[206.224s] -- Installing: /opt/ros/gazebo_ros_build/install/include/gazebo_msgs/gazebo_msgs/srv/detail/set_joint_trajectory__traits.hpp
[206.226s] -- Installing: /opt/ros/gazebo_ros_build/install/include/gazebo_msgs/gazebo_msgs/srv/detail/body_request__traits.hpp
[206.227s] -- Installing: /opt/ros/gazebo_ros_build/install/include/gazebo_msgs/gazebo_msgs/srv/detail/delete_light__traits.hpp
[206.228s] -- Installing: /opt/ros/gazebo_ros_build/install/include/gazebo_msgs/gazebo_msgs/srv/detail/get_link_properties__struct.hpp
[206.229s] -- Installing: /opt/ros/gazebo_ros_build/install/include/gazebo_msgs/gazebo_msgs/srv/detail/set_model_configuration__type_support.hpp
[206.230s] -- Installing: /opt/ros/gazebo_ros_build/install/include/gazebo_msgs/gazebo_msgs/srv/detail/set_joint_properties__type_support.hpp
[206.231s] -- Installing: /opt/ros/gazebo_ros_build/install/include/gazebo_msgs/gazebo_msgs/srv/detail/set_joint_properties__struct.hpp
[206.232s] -- Installing: /opt/ros/gazebo_ros_build/install/include/gazebo_msgs/gazebo_msgs/srv/detail/get_physics_properties__builder.hpp
[206.233s] -- Installing: /opt/ros/gazebo_ros_build/install/include/gazebo_msgs/gazebo_msgs/srv/detail/apply_body_wrench__type_support.hpp
[206.234s] -- Installing: /opt/ros/gazebo_ros_build/install/include/gazebo_msgs/gazebo_msgs/srv/detail/joint_request__struct.hpp
[206.235s] -- Installing: /opt/ros/gazebo_ros_build/install/include/gazebo_msgs/gazebo_msgs/srv/detail/set_entity_state__struct.hpp
[206.236s] -- Installing: /opt/ros/gazebo_ros_build/install/include/gazebo_msgs/gazebo_msgs/srv/detail/set_model_state__struct.hpp
[206.237s] -- Installing: /opt/ros/gazebo_ros_build/install/include/gazebo_msgs/gazebo_msgs/srv/detail/apply_link_wrench__type_support.hpp
[206.238s] -- Installing: /opt/ros/gazebo_ros_build/install/include/gazebo_msgs/gazebo_msgs/srv/detail/set_light_properties__struct.hpp
[206.239s] -- Installing: /opt/ros/gazebo_ros_build/install/include/gazebo_msgs/gazebo_msgs/srv/detail/set_link_state__struct.hpp
[206.240s] -- Installing: /opt/ros/gazebo_ros_build/install/include/gazebo_msgs/gazebo_msgs/srv/detail/set_model_state__type_support.hpp
[206.241s] -- Installing: /opt/ros/gazebo_ros_build/install/include/gazebo_msgs/gazebo_msgs/srv/detail/get_link_state__struct.hpp
[206.242s] -- Installing: /opt/ros/gazebo_ros_build/install/include/gazebo_msgs/gazebo_msgs/srv/detail/spawn_entity__traits.hpp
[206.243s] -- Installing: /opt/ros/gazebo_ros_build/install/include/gazebo_msgs/gazebo_msgs/srv/detail/body_request__type_support.hpp
[206.245s] -- Installing: /opt/ros/gazebo_ros_build/install/include/gazebo_msgs/gazebo_msgs/srv/detail/get_model_properties__type_support.hpp
[206.245s] -- Installing: /opt/ros/gazebo_ros_build/install/include/gazebo_msgs/gazebo_msgs/srv/detail/set_physics_properties__traits.hpp
[206.246s] -- Installing: /opt/ros/gazebo_ros_build/install/include/gazebo_msgs/gazebo_msgs/srv/detail/spawn_entity__builder.hpp
[206.247s] -- Installing: /opt/ros/gazebo_ros_build/install/include/gazebo_msgs/gazebo_msgs/srv/detail/apply_joint_effort__traits.hpp
[206.248s] -- Installing: /opt/ros/gazebo_ros_build/install/include/gazebo_msgs/gazebo_msgs/srv/detail/get_model_properties__traits.hpp
[206.249s] -- Installing: /opt/ros/gazebo_ros_build/install/include/gazebo_msgs/gazebo_msgs/srv/detail/spawn_model__builder.hpp
[206.250s] -- Installing: /opt/ros/gazebo_ros_build/install/include/gazebo_msgs/gazebo_msgs/srv/detail/set_physics_properties__builder.hpp
[206.251s] -- Installing: /opt/ros/gazebo_ros_build/install/include/gazebo_msgs/gazebo_msgs/srv/detail/get_model_state__builder.hpp
[206.253s] -- Installing: /opt/ros/gazebo_ros_build/install/include/gazebo_msgs/gazebo_msgs/srv/detail/get_light_properties__type_support.hpp
[206.254s] -- Installing: /opt/ros/gazebo_ros_build/install/include/gazebo_msgs/gazebo_msgs/srv/detail/get_entity_state__traits.hpp
[206.255s] -- Installing: /opt/ros/gazebo_ros_build/install/include/gazebo_msgs/gazebo_msgs/srv/detail/delete_light__type_support.hpp
[206.256s] -- Installing: /opt/ros/gazebo_ros_build/install/include/gazebo_msgs/gazebo_msgs/srv/detail/delete_entity__builder.hpp
[206.257s] -- Installing: /opt/ros/gazebo_ros_build/install/include/gazebo_msgs/gazebo_msgs/srv/detail/delete_entity__type_support.hpp
[206.257s] -- Installing: /opt/ros/gazebo_ros_build/install/include/gazebo_msgs/gazebo_msgs/srv/detail/set_link_properties__builder.hpp
[206.258s] -- Installing: /opt/ros/gazebo_ros_build/install/include/gazebo_msgs/gazebo_msgs/srv/detail/get_physics_properties__traits.hpp
[206.260s] -- Installing: /opt/ros/gazebo_ros_build/install/include/gazebo_msgs/gazebo_msgs/srv/detail/apply_joint_effort__type_support.hpp
[206.261s] -- Installing: /opt/ros/gazebo_ros_build/install/include/gazebo_msgs/gazebo_msgs/srv/detail/get_model_state__traits.hpp
[206.262s] -- Installing: /opt/ros/gazebo_ros_build/install/include/gazebo_msgs/gazebo_msgs/srv/detail/delete_entity__struct.hpp
[206.263s] -- Installing: /opt/ros/gazebo_ros_build/install/include/gazebo_msgs/gazebo_msgs/srv/detail/get_link_state__builder.hpp
[206.264s] -- Installing: /opt/ros/gazebo_ros_build/install/include/gazebo_msgs/gazebo_msgs/srv/detail/set_link_state__type_support.hpp
[206.265s] -- Installing: /opt/ros/gazebo_ros_build/install/include/gazebo_msgs/gazebo_msgs/srv/detail/get_link_properties__traits.hpp
[206.266s] -- Installing: /opt/ros/gazebo_ros_build/install/include/gazebo_msgs/gazebo_msgs/srv/detail/set_entity_state__type_support.hpp
[206.267s] -- Installing: /opt/ros/gazebo_ros_build/install/include/gazebo_msgs/gazebo_msgs/srv/detail/set_light_properties__builder.hpp
[206.268s] -- Installing: /opt/ros/gazebo_ros_build/install/include/gazebo_msgs/gazebo_msgs/srv/detail/delete_model__builder.hpp
[206.269s] -- Installing: /opt/ros/gazebo_ros_build/install/include/gazebo_msgs/gazebo_msgs/srv/detail/apply_body_wrench__builder.hpp
[206.270s] -- Installing: /opt/ros/gazebo_ros_build/install/include/gazebo_msgs/gazebo_msgs/srv/detail/set_light_properties__traits.hpp
[206.271s] -- Installing: /opt/ros/gazebo_ros_build/install/include/gazebo_msgs/gazebo_msgs/srv/detail/set_entity_state__builder.hpp
[206.273s] -- Installing: /opt/ros/gazebo_ros_build/install/include/gazebo_msgs/gazebo_msgs/srv/detail/apply_body_wrench__struct.hpp
[206.274s] -- Installing: /opt/ros/gazebo_ros_build/install/include/gazebo_msgs/gazebo_msgs/srv/detail/set_link_properties__traits.hpp
[206.275s] -- Installing: /opt/ros/gazebo_ros_build/install/include/gazebo_msgs/gazebo_msgs/srv/detail/set_link_state__traits.hpp
[206.276s] -- Installing: /opt/ros/gazebo_ros_build/install/include/gazebo_msgs/gazebo_msgs/srv/detail/link_request__struct.hpp
[206.277s] -- Installing: /opt/ros/gazebo_ros_build/install/include/gazebo_msgs/gazebo_msgs/srv/detail/link_request__traits.hpp
[206.278s] -- Installing: /opt/ros/gazebo_ros_build/install/include/gazebo_msgs/gazebo_msgs/srv/detail/get_model_list__struct.hpp
[206.279s] -- Installing: /opt/ros/gazebo_ros_build/install/include/gazebo_msgs/gazebo_msgs/srv/detail/delete_model__type_support.hpp
[206.280s] -- Installing: /opt/ros/gazebo_ros_build/install/include/gazebo_msgs/gazebo_msgs/srv/detail/link_request__type_support.hpp
[206.281s] -- Installing: /opt/ros/gazebo_ros_build/install/include/gazebo_msgs/gazebo_msgs/srv/detail/set_model_configuration__struct.hpp
[206.283s] -- Installing: /opt/ros/gazebo_ros_build/install/include/gazebo_msgs/gazebo_msgs/srv/detail/delete_entity__traits.hpp
[206.283s] -- Installing: /opt/ros/gazebo_ros_build/install/include/gazebo_msgs/gazebo_msgs/srv/detail/apply_body_wrench__traits.hpp
[206.284s] -- Installing: /opt/ros/gazebo_ros_build/install/include/gazebo_msgs/gazebo_msgs/srv/detail/get_entity_state__struct.hpp
[206.285s] -- Installing: /opt/ros/gazebo_ros_build/install/include/gazebo_msgs/gazebo_msgs/srv/detail/get_model_list__type_support.hpp
[206.286s] -- Installing: /opt/ros/gazebo_ros_build/install/include/gazebo_msgs/gazebo_msgs/srv/detail/get_link_state__type_support.hpp
[206.287s] -- Installing: /opt/ros/gazebo_ros_build/install/include/gazebo_msgs/gazebo_msgs/srv/detail/body_request__struct.hpp
[206.288s] -- Installing: /opt/ros/gazebo_ros_build/install/include/gazebo_msgs/gazebo_msgs/srv/detail/set_joint_trajectory__struct.hpp
[206.289s] -- Installing: /opt/ros/gazebo_ros_build/install/include/gazebo_msgs/gazebo_msgs/srv/detail/set_model_configuration__builder.hpp
[206.290s] -- Installing: /opt/ros/gazebo_ros_build/install/include/gazebo_msgs/gazebo_msgs/srv/detail/link_request__builder.hpp
[206.292s] -- Installing: /opt/ros/gazebo_ros_build/install/include/gazebo_msgs/gazebo_msgs/srv/detail/delete_model__struct.hpp
[206.293s] -- Installing: /opt/ros/gazebo_ros_build/install/include/gazebo_msgs/gazebo_msgs/srv/detail/get_joint_properties__traits.hpp
[206.294s] -- Installing: /opt/ros/gazebo_ros_build/install/include/gazebo_msgs/gazebo_msgs/srv/detail/get_link_state__traits.hpp
[206.295s] -- Installing: /opt/ros/gazebo_ros_build/install/include/gazebo_msgs/gazebo_msgs/srv/detail/joint_request__builder.hpp
[206.296s] -- Installing: /opt/ros/gazebo_ros_build/install/include/gazebo_msgs/gazebo_msgs/srv/apply_joint_effort.hpp
[206.297s] -- Installing: /opt/ros/gazebo_ros_build/install/include/gazebo_msgs/gazebo_msgs/srv/get_joint_properties.hpp
[206.298s] -- Installing: /opt/ros/gazebo_ros_build/install/include/gazebo_msgs/gazebo_msgs/srv/get_model_properties.hpp
[206.299s] -- Installing: /opt/ros/gazebo_ros_build/install/include/gazebo_msgs/gazebo_msgs/srv/joint_request.hpp
[206.300s] -- Installing: /opt/ros/gazebo_ros_build/install/include/gazebo_msgs/gazebo_msgs/srv/delete_light.hpp
[206.301s] -- Up-to-date: /opt/ros/gazebo_ros_build/install/include/gazebo_msgs/gazebo_msgs
[206.302s] -- Up-to-date: /opt/ros/gazebo_ros_build/install/include/gazebo_msgs/gazebo_msgs/msg
[206.303s] -- Up-to-date: /opt/ros/gazebo_ros_build/install/include/gazebo_msgs/gazebo_msgs/msg/detail
[206.303s] -- Installing: /opt/ros/gazebo_ros_build/install/include/gazebo_msgs/gazebo_msgs/msg/detail/model_state__rosidl_typesupport_fastrtps_cpp.hpp
[206.304s] -- Installing: /opt/ros/gazebo_ros_build/install/include/gazebo_msgs/gazebo_msgs/msg/detail/entity_state__rosidl_typesupport_fastrtps_cpp.hpp
[206.305s] -- Installing: /opt/ros/gazebo_ros_build/install/include/gazebo_msgs/gazebo_msgs/msg/detail/world_state__rosidl_typesupport_fastrtps_cpp.hpp
[206.306s] -- Installing: /opt/ros/gazebo_ros_build/install/include/gazebo_msgs/gazebo_msgs/msg/detail/sensor_performance_metric__rosidl_typesupport_fastrtps_cpp.hpp
[206.307s] -- Installing: /opt/ros/gazebo_ros_build/install/include/gazebo_msgs/gazebo_msgs/msg/detail/model_states__rosidl_typesupport_fastrtps_cpp.hpp
[206.308s] -- Installing: /opt/ros/gazebo_ros_build/install/include/gazebo_msgs/gazebo_msgs/msg/detail/performance_metrics__rosidl_typesupport_fastrtps_cpp.hpp
[206.309s] -- Installing: /opt/ros/gazebo_ros_build/install/include/gazebo_msgs/gazebo_msgs/msg/detail/ode_joint_properties__rosidl_typesupport_fastrtps_cpp.hpp
[206.310s] -- Installing: /opt/ros/gazebo_ros_build/install/include/gazebo_msgs/gazebo_msgs/msg/detail/ode_physics__rosidl_typesupport_fastrtps_cpp.hpp
[206.311s] -- Installing: /opt/ros/gazebo_ros_build/install/include/gazebo_msgs/gazebo_msgs/msg/detail/link_state__rosidl_typesupport_fastrtps_cpp.hpp
[206.312s] -- Installing: /opt/ros/gazebo_ros_build/install/include/gazebo_msgs/gazebo_msgs/msg/detail/wheel_slip__rosidl_typesupport_fastrtps_cpp.hpp
[206.313s] -- Installing: /opt/ros/gazebo_ros_build/install/include/gazebo_msgs/gazebo_msgs/msg/detail/contacts_state__rosidl_typesupport_fastrtps_cpp.hpp
[206.314s] -- Installing: /opt/ros/gazebo_ros_build/install/include/gazebo_msgs/gazebo_msgs/msg/detail/link_states__rosidl_typesupport_fastrtps_cpp.hpp
[206.315s] -- Installing: /opt/ros/gazebo_ros_build/install/include/gazebo_msgs/gazebo_msgs/msg/detail/contact_state__rosidl_typesupport_fastrtps_cpp.hpp
[206.316s] -- Installing: /opt/ros/gazebo_ros_build/install/include/gazebo_msgs/gazebo_msgs/msg/detail/dds_fastrtps
[206.317s] -- Installing: /opt/ros/gazebo_ros_build/install/include/gazebo_msgs/gazebo_msgs/msg/rosidl_typesupport_fastrtps_cpp__visibility_control.h
[206.318s] -- Up-to-date: /opt/ros/gazebo_ros_build/install/include/gazebo_msgs/gazebo_msgs/srv
[206.318s] -- Up-to-date: /opt/ros/gazebo_ros_build/install/include/gazebo_msgs/gazebo_msgs/srv/detail
[206.319s] -- Installing: /opt/ros/gazebo_ros_build/install/include/gazebo_msgs/gazebo_msgs/srv/detail/link_request__rosidl_typesupport_fastrtps_cpp.hpp
[206.320s] -- Installing: /opt/ros/gazebo_ros_build/install/include/gazebo_msgs/gazebo_msgs/srv/detail/spawn_model__rosidl_typesupport_fastrtps_cpp.hpp
[206.321s] -- Installing: /opt/ros/gazebo_ros_build/install/include/gazebo_msgs/gazebo_msgs/srv/detail/get_entity_state__rosidl_typesupport_fastrtps_cpp.hpp
[206.322s] -- Installing: /opt/ros/gazebo_ros_build/install/include/gazebo_msgs/gazebo_msgs/srv/detail/set_joint_properties__rosidl_typesupport_fastrtps_cpp.hpp
[206.324s] -- Installing: /opt/ros/gazebo_ros_build/install/include/gazebo_msgs/gazebo_msgs/srv/detail/get_model_state__rosidl_typesupport_fastrtps_cpp.hpp
[206.325s] -- Installing: /opt/ros/gazebo_ros_build/install/include/gazebo_msgs/gazebo_msgs/srv/detail/delete_entity__rosidl_typesupport_fastrtps_cpp.hpp
[206.325s] -- Installing: /opt/ros/gazebo_ros_build/install/include/gazebo_msgs/gazebo_msgs/srv/detail/get_model_list__rosidl_typesupport_fastrtps_cpp.hpp
[206.327s] -- Installing: /opt/ros/gazebo_ros_build/install/include/gazebo_msgs/gazebo_msgs/srv/detail/get_physics_properties__rosidl_typesupport_fastrtps_cpp.hpp
[206.328s] -- Installing: /opt/ros/gazebo_ros_build/install/include/gazebo_msgs/gazebo_msgs/srv/detail/apply_body_wrench__rosidl_typesupport_fastrtps_cpp.hpp
[206.328s] -- Installing: /opt/ros/gazebo_ros_build/install/include/gazebo_msgs/gazebo_msgs/srv/detail/delete_light__rosidl_typesupport_fastrtps_cpp.hpp
[206.330s] -- Installing: /opt/ros/gazebo_ros_build/install/include/gazebo_msgs/gazebo_msgs/srv/detail/apply_joint_effort__rosidl_typesupport_fastrtps_cpp.hpp
[206.331s] -- Installing: /opt/ros/gazebo_ros_build/install/include/gazebo_msgs/gazebo_msgs/srv/detail/set_link_properties__rosidl_typesupport_fastrtps_cpp.hpp
[206.332s] -- Installing: /opt/ros/gazebo_ros_build/install/include/gazebo_msgs/gazebo_msgs/srv/detail/set_link_state__rosidl_typesupport_fastrtps_cpp.hpp
[206.333s] -- Installing: /opt/ros/gazebo_ros_build/install/include/gazebo_msgs/gazebo_msgs/srv/detail/set_model_state__rosidl_typesupport_fastrtps_cpp.hpp
[206.334s] -- Installing: /opt/ros/gazebo_ros_build/install/include/gazebo_msgs/gazebo_msgs/srv/detail/joint_request__rosidl_typesupport_fastrtps_cpp.hpp
[206.335s] -- Installing: /opt/ros/gazebo_ros_build/install/include/gazebo_msgs/gazebo_msgs/srv/detail/set_entity_state__rosidl_typesupport_fastrtps_cpp.hpp
[206.336s] -- Installing: /opt/ros/gazebo_ros_build/install/include/gazebo_msgs/gazebo_msgs/srv/detail/delete_model__rosidl_typesupport_fastrtps_cpp.hpp
[206.337s] -- Installing: /opt/ros/gazebo_ros_build/install/include/gazebo_msgs/gazebo_msgs/srv/detail/set_joint_trajectory__rosidl_typesupport_fastrtps_cpp.hpp
[206.338s] -- Installing: /opt/ros/gazebo_ros_build/install/include/gazebo_msgs/gazebo_msgs/srv/detail/get_joint_properties__rosidl_typesupport_fastrtps_cpp.hpp
[206.339s] -- Installing: /opt/ros/gazebo_ros_build/install/include/gazebo_msgs/gazebo_msgs/srv/detail/set_model_configuration__rosidl_typesupport_fastrtps_cpp.hpp
[206.340s] -- Installing: /opt/ros/gazebo_ros_build/install/include/gazebo_msgs/gazebo_msgs/srv/detail/set_physics_properties__rosidl_typesupport_fastrtps_cpp.hpp
[206.341s] -- Installing: /opt/ros/gazebo_ros_build/install/include/gazebo_msgs/gazebo_msgs/srv/detail/get_link_state__rosidl_typesupport_fastrtps_cpp.hpp
[206.342s] -- Installing: /opt/ros/gazebo_ros_build/install/include/gazebo_msgs/gazebo_msgs/srv/detail/set_light_properties__rosidl_typesupport_fastrtps_cpp.hpp
[206.343s] -- Installing: /opt/ros/gazebo_ros_build/install/include/gazebo_msgs/gazebo_msgs/srv/detail/get_light_properties__rosidl_typesupport_fastrtps_cpp.hpp
[206.345s] -- Installing: /opt/ros/gazebo_ros_build/install/include/gazebo_msgs/gazebo_msgs/srv/detail/get_link_properties__rosidl_typesupport_fastrtps_cpp.hpp
[206.345s] -- Installing: /opt/ros/gazebo_ros_build/install/include/gazebo_msgs/gazebo_msgs/srv/detail/get_world_properties__rosidl_typesupport_fastrtps_cpp.hpp
[206.347s] -- Installing: /opt/ros/gazebo_ros_build/install/include/gazebo_msgs/gazebo_msgs/srv/detail/body_request__rosidl_typesupport_fastrtps_cpp.hpp
[206.348s] -- Installing: /opt/ros/gazebo_ros_build/install/include/gazebo_msgs/gazebo_msgs/srv/detail/dds_fastrtps
[206.349s] -- Installing: /opt/ros/gazebo_ros_build/install/include/gazebo_msgs/gazebo_msgs/srv/detail/apply_link_wrench__rosidl_typesupport_fastrtps_cpp.hpp
[206.350s] -- Installing: /opt/ros/gazebo_ros_build/install/include/gazebo_msgs/gazebo_msgs/srv/detail/get_model_properties__rosidl_typesupport_fastrtps_cpp.hpp
[206.351s] -- Installing: /opt/ros/gazebo_ros_build/install/include/gazebo_msgs/gazebo_msgs/srv/detail/spawn_entity__rosidl_typesupport_fastrtps_cpp.hpp
[206.353s] -- Installing: /opt/ros/gazebo_ros_build/install/lib/libgazebo_msgs__rosidl_typesupport_fastrtps_cpp.so
[206.365s] -- Set runtime path of "/opt/ros/gazebo_ros_build/install/lib/libgazebo_msgs__rosidl_typesupport_fastrtps_cpp.so" to ""
[206.366s] -- Up-to-date: /opt/ros/gazebo_ros_build/install/include/gazebo_msgs/gazebo_msgs
[206.366s] -- Up-to-date: /opt/ros/gazebo_ros_build/install/include/gazebo_msgs/gazebo_msgs/msg
[206.367s] -- Installing: /opt/ros/gazebo_ros_build/install/include/gazebo_msgs/gazebo_msgs/msg/rosidl_typesupport_introspection_c__visibility_control.h
[206.367s] -- Up-to-date: /opt/ros/gazebo_ros_build/install/include/gazebo_msgs/gazebo_msgs/msg/detail
[206.368s] -- Installing: /opt/ros/gazebo_ros_build/install/include/gazebo_msgs/gazebo_msgs/msg/detail/contact_state__rosidl_typesupport_introspection_c.h
[206.368s] -- Installing: /opt/ros/gazebo_ros_build/install/include/gazebo_msgs/gazebo_msgs/msg/detail/performance_metrics__type_support.c
[206.369s] -- Installing: /opt/ros/gazebo_ros_build/install/include/gazebo_msgs/gazebo_msgs/msg/detail/contacts_state__rosidl_typesupport_introspection_c.h
[206.370s] -- Installing: /opt/ros/gazebo_ros_build/install/include/gazebo_msgs/gazebo_msgs/msg/detail/ode_joint_properties__rosidl_typesupport_introspection_c.h
[206.371s] -- Installing: /opt/ros/gazebo_ros_build/install/include/gazebo_msgs/gazebo_msgs/msg/detail/wheel_slip__rosidl_typesupport_introspection_c.h
[206.372s] -- Installing: /opt/ros/gazebo_ros_build/install/include/gazebo_msgs/gazebo_msgs/msg/detail/world_state__rosidl_typesupport_introspection_c.h
[206.373s] -- Installing: /opt/ros/gazebo_ros_build/install/include/gazebo_msgs/gazebo_msgs/msg/detail/entity_state__rosidl_typesupport_introspection_c.h
[206.374s] -- Installing: /opt/ros/gazebo_ros_build/install/include/gazebo_msgs/gazebo_msgs/msg/detail/wheel_slip__type_support.c
[206.375s] -- Installing: /opt/ros/gazebo_ros_build/install/include/gazebo_msgs/gazebo_msgs/msg/detail/contacts_state__type_support.c
[206.377s] -- Installing: /opt/ros/gazebo_ros_build/install/include/gazebo_msgs/gazebo_msgs/msg/detail/performance_metrics__rosidl_typesupport_introspection_c.h
[206.377s] -- Installing: /opt/ros/gazebo_ros_build/install/include/gazebo_msgs/gazebo_msgs/msg/detail/model_states__type_support.c
[206.379s] -- Installing: /opt/ros/gazebo_ros_build/install/include/gazebo_msgs/gazebo_msgs/msg/detail/contact_state__type_support.c
[206.380s] -- Installing: /opt/ros/gazebo_ros_build/install/include/gazebo_msgs/gazebo_msgs/msg/detail/ode_physics__rosidl_typesupport_introspection_c.h
[206.381s] -- Installing: /opt/ros/gazebo_ros_build/install/include/gazebo_msgs/gazebo_msgs/msg/detail/link_states__rosidl_typesupport_introspection_c.h
[206.382s] -- Installing: /opt/ros/gazebo_ros_build/install/include/gazebo_msgs/gazebo_msgs/msg/detail/ode_joint_properties__type_support.c
[206.383s] -- Installing: /opt/ros/gazebo_ros_build/install/include/gazebo_msgs/gazebo_msgs/msg/detail/sensor_performance_metric__rosidl_typesupport_introspection_c.h
[206.384s] -- Installing: /opt/ros/gazebo_ros_build/install/include/gazebo_msgs/gazebo_msgs/msg/detail/model_states__rosidl_typesupport_introspection_c.h
[206.385s] -- Installing: /opt/ros/gazebo_ros_build/install/include/gazebo_msgs/gazebo_msgs/msg/detail/entity_state__type_support.c
[206.386s] -- Installing: /opt/ros/gazebo_ros_build/install/include/gazebo_msgs/gazebo_msgs/msg/detail/link_state__rosidl_typesupport_introspection_c.h
[206.387s] -- Installing: /opt/ros/gazebo_ros_build/install/include/gazebo_msgs/gazebo_msgs/msg/detail/link_states__type_support.c
[206.388s] -- Installing: /opt/ros/gazebo_ros_build/install/include/gazebo_msgs/gazebo_msgs/msg/detail/model_state__type_support.c
[206.389s] -- Installing: /opt/ros/gazebo_ros_build/install/include/gazebo_msgs/gazebo_msgs/msg/detail/world_state__type_support.c
[206.391s] -- Installing: /opt/ros/gazebo_ros_build/install/include/gazebo_msgs/gazebo_msgs/msg/detail/sensor_performance_metric__type_support.c
[206.392s] -- Installing: /opt/ros/gazebo_ros_build/install/include/gazebo_msgs/gazebo_msgs/msg/detail/model_state__rosidl_typesupport_introspection_c.h
[206.393s] -- Installing: /opt/ros/gazebo_ros_build/install/include/gazebo_msgs/gazebo_msgs/msg/detail/ode_physics__type_support.c
[206.394s] -- Installing: /opt/ros/gazebo_ros_build/install/include/gazebo_msgs/gazebo_msgs/msg/detail/link_state__type_support.c
[206.395s] -- Up-to-date: /opt/ros/gazebo_ros_build/install/include/gazebo_msgs/gazebo_msgs/srv
[206.395s] -- Up-to-date: /opt/ros/gazebo_ros_build/install/include/gazebo_msgs/gazebo_msgs/srv/detail
[206.396s] -- Installing: /opt/ros/gazebo_ros_build/install/include/gazebo_msgs/gazebo_msgs/srv/detail/get_light_properties__type_support.c
[206.397s] -- Installing: /opt/ros/gazebo_ros_build/install/include/gazebo_msgs/gazebo_msgs/srv/detail/set_model_state__rosidl_typesupport_introspection_c.h
[206.398s] -- Installing: /opt/ros/gazebo_ros_build/install/include/gazebo_msgs/gazebo_msgs/srv/detail/apply_joint_effort__rosidl_typesupport_introspection_c.h
[206.399s] -- Installing: /opt/ros/gazebo_ros_build/install/include/gazebo_msgs/gazebo_msgs/srv/detail/spawn_model__type_support.c
[206.400s] -- Installing: /opt/ros/gazebo_ros_build/install/include/gazebo_msgs/gazebo_msgs/srv/detail/get_link_state__rosidl_typesupport_introspection_c.h
[206.401s] -- Installing: /opt/ros/gazebo_ros_build/install/include/gazebo_msgs/gazebo_msgs/srv/detail/apply_body_wrench__rosidl_typesupport_introspection_c.h
[206.402s] -- Installing: /opt/ros/gazebo_ros_build/install/include/gazebo_msgs/gazebo_msgs/srv/detail/get_joint_properties__rosidl_typesupport_introspection_c.h
[206.403s] -- Installing: /opt/ros/gazebo_ros_build/install/include/gazebo_msgs/gazebo_msgs/srv/detail/set_link_properties__type_support.c
[206.404s] -- Installing: /opt/ros/gazebo_ros_build/install/include/gazebo_msgs/gazebo_msgs/srv/detail/get_entity_state__rosidl_typesupport_introspection_c.h
[206.405s] -- Installing: /opt/ros/gazebo_ros_build/install/include/gazebo_msgs/gazebo_msgs/srv/detail/set_light_properties__type_support.c
[206.406s] -- Installing: /opt/ros/gazebo_ros_build/install/include/gazebo_msgs/gazebo_msgs/srv/detail/spawn_entity__type_support.c
[206.407s] -- Installing: /opt/ros/gazebo_ros_build/install/include/gazebo_msgs/gazebo_msgs/srv/detail/get_light_properties__rosidl_typesupport_introspection_c.h
[206.408s] -- Installing: /opt/ros/gazebo_ros_build/install/include/gazebo_msgs/gazebo_msgs/srv/detail/set_model_configuration__type_support.c
[206.409s] -- Installing: /opt/ros/gazebo_ros_build/install/include/gazebo_msgs/gazebo_msgs/srv/detail/get_physics_properties__type_support.c
[206.410s] -- Installing: /opt/ros/gazebo_ros_build/install/include/gazebo_msgs/gazebo_msgs/srv/detail/link_request__rosidl_typesupport_introspection_c.h
[206.412s] -- Installing: /opt/ros/gazebo_ros_build/install/include/gazebo_msgs/gazebo_msgs/srv/detail/delete_entity__type_support.c
[206.413s] -- Installing: /opt/ros/gazebo_ros_build/install/include/gazebo_msgs/gazebo_msgs/srv/detail/apply_body_wrench__type_support.c
[206.414s] -- Installing: /opt/ros/gazebo_ros_build/install/include/gazebo_msgs/gazebo_msgs/srv/detail/set_link_properties__rosidl_typesupport_introspection_c.h
[206.415s] -- Installing: /opt/ros/gazebo_ros_build/install/include/gazebo_msgs/gazebo_msgs/srv/detail/set_joint_trajectory__type_support.c
[206.416s] -- Installing: /opt/ros/gazebo_ros_build/install/include/gazebo_msgs/gazebo_msgs/srv/detail/get_model_properties__rosidl_typesupport_introspection_c.h
[206.417s] -- Installing: /opt/ros/gazebo_ros_build/install/include/gazebo_msgs/gazebo_msgs/srv/detail/get_world_properties__type_support.c
[206.418s] -- Installing: /opt/ros/gazebo_ros_build/install/include/gazebo_msgs/gazebo_msgs/srv/detail/set_joint_properties__type_support.c
[206.419s] -- Installing: /opt/ros/gazebo_ros_build/install/include/gazebo_msgs/gazebo_msgs/srv/detail/delete_light__rosidl_typesupport_introspection_c.h
[206.420s] -- Installing: /opt/ros/gazebo_ros_build/install/include/gazebo_msgs/gazebo_msgs/srv/detail/joint_request__rosidl_typesupport_introspection_c.h
[206.421s] -- Installing: /opt/ros/gazebo_ros_build/install/include/gazebo_msgs/gazebo_msgs/srv/detail/set_physics_properties__rosidl_typesupport_introspection_c.h
[206.422s] -- Installing: /opt/ros/gazebo_ros_build/install/include/gazebo_msgs/gazebo_msgs/srv/detail/set_entity_state__type_support.c
[206.424s] -- Installing: /opt/ros/gazebo_ros_build/install/include/gazebo_msgs/gazebo_msgs/srv/detail/delete_light__type_support.c
[206.425s] -- Installing: /opt/ros/gazebo_ros_build/install/include/gazebo_msgs/gazebo_msgs/srv/detail/get_model_state__type_support.c
[206.426s] -- Installing: /opt/ros/gazebo_ros_build/install/include/gazebo_msgs/gazebo_msgs/srv/detail/spawn_entity__rosidl_typesupport_introspection_c.h
[206.427s] -- Installing: /opt/ros/gazebo_ros_build/install/include/gazebo_msgs/gazebo_msgs/srv/detail/get_world_properties__rosidl_typesupport_introspection_c.h
[206.428s] -- Installing: /opt/ros/gazebo_ros_build/install/include/gazebo_msgs/gazebo_msgs/srv/detail/delete_entity__rosidl_typesupport_introspection_c.h
[206.429s] -- Installing: /opt/ros/gazebo_ros_build/install/include/gazebo_msgs/gazebo_msgs/srv/detail/get_model_state__rosidl_typesupport_introspection_c.h
[206.430s] -- Installing: /opt/ros/gazebo_ros_build/install/include/gazebo_msgs/gazebo_msgs/srv/detail/set_model_configuration__rosidl_typesupport_introspection_c.h
[206.431s] -- Installing: /opt/ros/gazebo_ros_build/install/include/gazebo_msgs/gazebo_msgs/srv/detail/set_model_state__type_support.c
[206.432s] -- Installing: /opt/ros/gazebo_ros_build/install/include/gazebo_msgs/gazebo_msgs/srv/detail/delete_model__type_support.c
[206.433s] -- Installing: /opt/ros/gazebo_ros_build/install/include/gazebo_msgs/gazebo_msgs/srv/detail/apply_link_wrench__rosidl_typesupport_introspection_c.h
[206.434s] -- Installing: /opt/ros/gazebo_ros_build/install/include/gazebo_msgs/gazebo_msgs/srv/detail/set_joint_properties__rosidl_typesupport_introspection_c.h
[206.436s] -- Installing: /opt/ros/gazebo_ros_build/install/include/gazebo_msgs/gazebo_msgs/srv/detail/get_physics_properties__rosidl_typesupport_introspection_c.h
[206.437s] -- Installing: /opt/ros/gazebo_ros_build/install/include/gazebo_msgs/gazebo_msgs/srv/detail/set_joint_trajectory__rosidl_typesupport_introspection_c.h
[206.438s] -- Installing: /opt/ros/gazebo_ros_build/install/include/gazebo_msgs/gazebo_msgs/srv/detail/get_model_list__rosidl_typesupport_introspection_c.h
[206.439s] -- Installing: /opt/ros/gazebo_ros_build/install/include/gazebo_msgs/gazebo_msgs/srv/detail/apply_joint_effort__type_support.c
[206.440s] -- Installing: /opt/ros/gazebo_ros_build/install/include/gazebo_msgs/gazebo_msgs/srv/detail/set_link_state__type_support.c
[206.441s] -- Installing: /opt/ros/gazebo_ros_build/install/include/gazebo_msgs/gazebo_msgs/srv/detail/body_request__type_support.c
[206.442s] -- Installing: /opt/ros/gazebo_ros_build/install/include/gazebo_msgs/gazebo_msgs/srv/detail/body_request__rosidl_typesupport_introspection_c.h
[206.443s] -- Installing: /opt/ros/gazebo_ros_build/install/include/gazebo_msgs/gazebo_msgs/srv/detail/get_link_properties__rosidl_typesupport_introspection_c.h
[206.444s] -- Installing: /opt/ros/gazebo_ros_build/install/include/gazebo_msgs/gazebo_msgs/srv/detail/set_link_state__rosidl_typesupport_introspection_c.h
[206.445s] -- Installing: /opt/ros/gazebo_ros_build/install/include/gazebo_msgs/gazebo_msgs/srv/detail/get_link_state__type_support.c
[206.446s] -- Installing: /opt/ros/gazebo_ros_build/install/include/gazebo_msgs/gazebo_msgs/srv/detail/set_light_properties__rosidl_typesupport_introspection_c.h
[206.447s] -- Installing: /opt/ros/gazebo_ros_build/install/include/gazebo_msgs/gazebo_msgs/srv/detail/get_model_list__type_support.c
[206.449s] -- Installing: /opt/ros/gazebo_ros_build/install/include/gazebo_msgs/gazebo_msgs/srv/detail/get_entity_state__type_support.c
[206.450s] -- Installing: /opt/ros/gazebo_ros_build/install/include/gazebo_msgs/gazebo_msgs/srv/detail/get_model_properties__type_support.c
[206.451s] -- Installing: /opt/ros/gazebo_ros_build/install/include/gazebo_msgs/gazebo_msgs/srv/detail/joint_request__type_support.c
[206.452s] -- Installing: /opt/ros/gazebo_ros_build/install/include/gazebo_msgs/gazebo_msgs/srv/detail/set_entity_state__rosidl_typesupport_introspection_c.h
[206.454s] -- Installing: /opt/ros/gazebo_ros_build/install/include/gazebo_msgs/gazebo_msgs/srv/detail/set_physics_properties__type_support.c
[206.455s] -- Installing: /opt/ros/gazebo_ros_build/install/include/gazebo_msgs/gazebo_msgs/srv/detail/get_link_properties__type_support.c
[206.456s] -- Installing: /opt/ros/gazebo_ros_build/install/include/gazebo_msgs/gazebo_msgs/srv/detail/get_joint_properties__type_support.c
[206.457s] -- Installing: /opt/ros/gazebo_ros_build/install/include/gazebo_msgs/gazebo_msgs/srv/detail/link_request__type_support.c
[206.458s] -- Installing: /opt/ros/gazebo_ros_build/install/include/gazebo_msgs/gazebo_msgs/srv/detail/delete_model__rosidl_typesupport_introspection_c.h
[206.459s] -- Installing: /opt/ros/gazebo_ros_build/install/include/gazebo_msgs/gazebo_msgs/srv/detail/apply_link_wrench__type_support.c
[206.461s] -- Installing: /opt/ros/gazebo_ros_build/install/include/gazebo_msgs/gazebo_msgs/srv/detail/spawn_model__rosidl_typesupport_introspection_c.h
[206.464s] -- Installing: /opt/ros/gazebo_ros_build/install/lib/libgazebo_msgs__rosidl_typesupport_introspection_c.so
[206.470s] -- Set runtime path of "/opt/ros/gazebo_ros_build/install/lib/libgazebo_msgs__rosidl_typesupport_introspection_c.so" to ""
[206.471s] -- Installing: /opt/ros/gazebo_ros_build/install/lib/libgazebo_msgs__rosidl_typesupport_c.so
[206.476s] -- Set runtime path of "/opt/ros/gazebo_ros_build/install/lib/libgazebo_msgs__rosidl_typesupport_c.so" to ""
[206.477s] -- Up-to-date: /opt/ros/gazebo_ros_build/install/include/gazebo_msgs/gazebo_msgs
[206.478s] -- Up-to-date: /opt/ros/gazebo_ros_build/install/include/gazebo_msgs/gazebo_msgs/msg
[206.478s] -- Up-to-date: /opt/ros/gazebo_ros_build/install/include/gazebo_msgs/gazebo_msgs/msg/detail
[206.478s] -- Installing: /opt/ros/gazebo_ros_build/install/include/gazebo_msgs/gazebo_msgs/msg/detail/ode_physics__type_support.cpp
[206.479s] -- Installing: /opt/ros/gazebo_ros_build/install/include/gazebo_msgs/gazebo_msgs/msg/detail/ode_joint_properties__type_support.cpp
[206.480s] -- Installing: /opt/ros/gazebo_ros_build/install/include/gazebo_msgs/gazebo_msgs/msg/detail/entity_state__rosidl_typesupport_introspection_cpp.hpp
[206.481s] -- Installing: /opt/ros/gazebo_ros_build/install/include/gazebo_msgs/gazebo_msgs/msg/detail/wheel_slip__type_support.cpp
[206.482s] -- Installing: /opt/ros/gazebo_ros_build/install/include/gazebo_msgs/gazebo_msgs/msg/detail/contact_state__rosidl_typesupport_introspection_cpp.hpp
[206.483s] -- Installing: /opt/ros/gazebo_ros_build/install/include/gazebo_msgs/gazebo_msgs/msg/detail/ode_joint_properties__rosidl_typesupport_introspection_cpp.hpp
[206.484s] -- Installing: /opt/ros/gazebo_ros_build/install/include/gazebo_msgs/gazebo_msgs/msg/detail/performance_metrics__type_support.cpp
[206.485s] -- Installing: /opt/ros/gazebo_ros_build/install/include/gazebo_msgs/gazebo_msgs/msg/detail/contacts_state__rosidl_typesupport_introspection_cpp.hpp
[206.486s] -- Installing: /opt/ros/gazebo_ros_build/install/include/gazebo_msgs/gazebo_msgs/msg/detail/link_states__rosidl_typesupport_introspection_cpp.hpp
[206.487s] -- Installing: /opt/ros/gazebo_ros_build/install/include/gazebo_msgs/gazebo_msgs/msg/detail/performance_metrics__rosidl_typesupport_introspection_cpp.hpp
[206.488s] -- Installing: /opt/ros/gazebo_ros_build/install/include/gazebo_msgs/gazebo_msgs/msg/detail/model_state__type_support.cpp
[206.489s] -- Installing: /opt/ros/gazebo_ros_build/install/include/gazebo_msgs/gazebo_msgs/msg/detail/sensor_performance_metric__rosidl_typesupport_introspection_cpp.hpp
[206.490s] -- Installing: /opt/ros/gazebo_ros_build/install/include/gazebo_msgs/gazebo_msgs/msg/detail/link_states__type_support.cpp
[206.492s] -- Installing: /opt/ros/gazebo_ros_build/install/include/gazebo_msgs/gazebo_msgs/msg/detail/world_state__rosidl_typesupport_introspection_cpp.hpp
[206.493s] -- Installing: /opt/ros/gazebo_ros_build/install/include/gazebo_msgs/gazebo_msgs/msg/detail/wheel_slip__rosidl_typesupport_introspection_cpp.hpp
[206.493s] -- Installing: /opt/ros/gazebo_ros_build/install/include/gazebo_msgs/gazebo_msgs/msg/detail/contacts_state__type_support.cpp
[206.495s] -- Installing: /opt/ros/gazebo_ros_build/install/include/gazebo_msgs/gazebo_msgs/msg/detail/link_state__rosidl_typesupport_introspection_cpp.hpp
[206.496s] -- Installing: /opt/ros/gazebo_ros_build/install/include/gazebo_msgs/gazebo_msgs/msg/detail/model_states__type_support.cpp
[206.497s] -- Installing: /opt/ros/gazebo_ros_build/install/include/gazebo_msgs/gazebo_msgs/msg/detail/sensor_performance_metric__type_support.cpp
[206.498s] -- Installing: /opt/ros/gazebo_ros_build/install/include/gazebo_msgs/gazebo_msgs/msg/detail/model_states__rosidl_typesupport_introspection_cpp.hpp
[206.499s] -- Installing: /opt/ros/gazebo_ros_build/install/include/gazebo_msgs/gazebo_msgs/msg/detail/world_state__type_support.cpp
[206.501s] -- Installing: /opt/ros/gazebo_ros_build/install/include/gazebo_msgs/gazebo_msgs/msg/detail/link_state__type_support.cpp
[206.502s] -- Installing: /opt/ros/gazebo_ros_build/install/include/gazebo_msgs/gazebo_msgs/msg/detail/model_state__rosidl_typesupport_introspection_cpp.hpp
[206.503s] -- Installing: /opt/ros/gazebo_ros_build/install/include/gazebo_msgs/gazebo_msgs/msg/detail/contact_state__type_support.cpp
[206.504s] -- Installing: /opt/ros/gazebo_ros_build/install/include/gazebo_msgs/gazebo_msgs/msg/detail/entity_state__type_support.cpp
[206.505s] -- Installing: /opt/ros/gazebo_ros_build/install/include/gazebo_msgs/gazebo_msgs/msg/detail/ode_physics__rosidl_typesupport_introspection_cpp.hpp
[206.506s] -- Up-to-date: /opt/ros/gazebo_ros_build/install/include/gazebo_msgs/gazebo_msgs/srv
[206.506s] -- Up-to-date: /opt/ros/gazebo_ros_build/install/include/gazebo_msgs/gazebo_msgs/srv/detail
[206.507s] -- Installing: /opt/ros/gazebo_ros_build/install/include/gazebo_msgs/gazebo_msgs/srv/detail/spawn_entity__rosidl_typesupport_introspection_cpp.hpp
[206.508s] -- Installing: /opt/ros/gazebo_ros_build/install/include/gazebo_msgs/gazebo_msgs/srv/detail/get_joint_properties__rosidl_typesupport_introspection_cpp.hpp
[206.509s] -- Installing: /opt/ros/gazebo_ros_build/install/include/gazebo_msgs/gazebo_msgs/srv/detail/delete_entity__type_support.cpp
[206.510s] -- Installing: /opt/ros/gazebo_ros_build/install/include/gazebo_msgs/gazebo_msgs/srv/detail/set_joint_properties__rosidl_typesupport_introspection_cpp.hpp
[206.511s] -- Installing: /opt/ros/gazebo_ros_build/install/include/gazebo_msgs/gazebo_msgs/srv/detail/get_world_properties__type_support.cpp
[206.512s] -- Installing: /opt/ros/gazebo_ros_build/install/include/gazebo_msgs/gazebo_msgs/srv/detail/set_light_properties__type_support.cpp
[206.513s] -- Installing: /opt/ros/gazebo_ros_build/install/include/gazebo_msgs/gazebo_msgs/srv/detail/set_model_configuration__type_support.cpp
[206.514s] -- Installing: /opt/ros/gazebo_ros_build/install/include/gazebo_msgs/gazebo_msgs/srv/detail/apply_body_wrench__type_support.cpp
[206.516s] -- Installing: /opt/ros/gazebo_ros_build/install/include/gazebo_msgs/gazebo_msgs/srv/detail/set_joint_properties__type_support.cpp
[206.517s] -- Installing: /opt/ros/gazebo_ros_build/install/include/gazebo_msgs/gazebo_msgs/srv/detail/joint_request__type_support.cpp
[206.518s] -- Installing: /opt/ros/gazebo_ros_build/install/include/gazebo_msgs/gazebo_msgs/srv/detail/get_link_properties__rosidl_typesupport_introspection_cpp.hpp
[206.519s] -- Installing: /opt/ros/gazebo_ros_build/install/include/gazebo_msgs/gazebo_msgs/srv/detail/spawn_entity__type_support.cpp
[206.520s] -- Installing: /opt/ros/gazebo_ros_build/install/include/gazebo_msgs/gazebo_msgs/srv/detail/set_physics_properties__type_support.cpp
[206.521s] -- Installing: /opt/ros/gazebo_ros_build/install/include/gazebo_msgs/gazebo_msgs/srv/detail/get_light_properties__type_support.cpp
[206.522s] -- Installing: /opt/ros/gazebo_ros_build/install/include/gazebo_msgs/gazebo_msgs/srv/detail/get_physics_properties__type_support.cpp
[206.524s] -- Installing: /opt/ros/gazebo_ros_build/install/include/gazebo_msgs/gazebo_msgs/srv/detail/apply_link_wrench__type_support.cpp
[206.525s] -- Installing: /opt/ros/gazebo_ros_build/install/include/gazebo_msgs/gazebo_msgs/srv/detail/set_entity_state__type_support.cpp
[206.526s] -- Installing: /opt/ros/gazebo_ros_build/install/include/gazebo_msgs/gazebo_msgs/srv/detail/get_entity_state__rosidl_typesupport_introspection_cpp.hpp
[206.527s] -- Installing: /opt/ros/gazebo_ros_build/install/include/gazebo_msgs/gazebo_msgs/srv/detail/get_model_properties__type_support.cpp
[206.528s] -- Installing: /opt/ros/gazebo_ros_build/install/include/gazebo_msgs/gazebo_msgs/srv/detail/set_light_properties__rosidl_typesupport_introspection_cpp.hpp
[206.529s] -- Installing: /opt/ros/gazebo_ros_build/install/include/gazebo_msgs/gazebo_msgs/srv/detail/get_light_properties__rosidl_typesupport_introspection_cpp.hpp
[206.530s] -- Installing: /opt/ros/gazebo_ros_build/install/include/gazebo_msgs/gazebo_msgs/srv/detail/link_request__type_support.cpp
[206.531s] -- Installing: /opt/ros/gazebo_ros_build/install/include/gazebo_msgs/gazebo_msgs/srv/detail/apply_body_wrench__rosidl_typesupport_introspection_cpp.hpp
[206.532s] -- Installing: /opt/ros/gazebo_ros_build/install/include/gazebo_msgs/gazebo_msgs/srv/detail/apply_joint_effort__rosidl_typesupport_introspection_cpp.hpp
[206.533s] -- Installing: /opt/ros/gazebo_ros_build/install/include/gazebo_msgs/gazebo_msgs/srv/detail/set_link_properties__rosidl_typesupport_introspection_cpp.hpp
[206.534s] -- Installing: /opt/ros/gazebo_ros_build/install/include/gazebo_msgs/gazebo_msgs/srv/detail/get_entity_state__type_support.cpp
[206.536s] -- Installing: /opt/ros/gazebo_ros_build/install/include/gazebo_msgs/gazebo_msgs/srv/detail/set_link_state__rosidl_typesupport_introspection_cpp.hpp
[206.537s] -- Installing: /opt/ros/gazebo_ros_build/install/include/gazebo_msgs/gazebo_msgs/srv/detail/set_model_state__type_support.cpp
[206.538s] -- Installing: /opt/ros/gazebo_ros_build/install/include/gazebo_msgs/gazebo_msgs/srv/detail/delete_model__rosidl_typesupport_introspection_cpp.hpp
[206.539s] -- Installing: /opt/ros/gazebo_ros_build/install/include/gazebo_msgs/gazebo_msgs/srv/detail/delete_light__rosidl_typesupport_introspection_cpp.hpp
[206.540s] -- Installing: /opt/ros/gazebo_ros_build/install/include/gazebo_msgs/gazebo_msgs/srv/detail/get_link_state__rosidl_typesupport_introspection_cpp.hpp
[206.541s] -- Installing: /opt/ros/gazebo_ros_build/install/include/gazebo_msgs/gazebo_msgs/srv/detail/joint_request__rosidl_typesupport_introspection_cpp.hpp
[206.542s] -- Installing: /opt/ros/gazebo_ros_build/install/include/gazebo_msgs/gazebo_msgs/srv/detail/set_link_properties__type_support.cpp
[206.543s] -- Installing: /opt/ros/gazebo_ros_build/install/include/gazebo_msgs/gazebo_msgs/srv/detail/set_model_state__rosidl_typesupport_introspection_cpp.hpp
[206.544s] -- Installing: /opt/ros/gazebo_ros_build/install/include/gazebo_msgs/gazebo_msgs/srv/detail/set_model_configuration__rosidl_typesupport_introspection_cpp.hpp
[206.545s] -- Installing: /opt/ros/gazebo_ros_build/install/include/gazebo_msgs/gazebo_msgs/srv/detail/get_model_list__type_support.cpp
[206.546s] -- Installing: /opt/ros/gazebo_ros_build/install/include/gazebo_msgs/gazebo_msgs/srv/detail/get_model_properties__rosidl_typesupport_introspection_cpp.hpp
[206.547s] -- Installing: /opt/ros/gazebo_ros_build/install/include/gazebo_msgs/gazebo_msgs/srv/detail/get_link_properties__type_support.cpp
[206.548s] -- Installing: /opt/ros/gazebo_ros_build/install/include/gazebo_msgs/gazebo_msgs/srv/detail/spawn_model__type_support.cpp
[206.549s] -- Installing: /opt/ros/gazebo_ros_build/install/include/gazebo_msgs/gazebo_msgs/srv/detail/get_link_state__type_support.cpp
[206.551s] -- Installing: /opt/ros/gazebo_ros_build/install/include/gazebo_msgs/gazebo_msgs/srv/detail/apply_link_wrench__rosidl_typesupport_introspection_cpp.hpp
[206.552s] -- Installing: /opt/ros/gazebo_ros_build/install/include/gazebo_msgs/gazebo_msgs/srv/detail/set_joint_trajectory__rosidl_typesupport_introspection_cpp.hpp
[206.553s] -- Installing: /opt/ros/gazebo_ros_build/install/include/gazebo_msgs/gazebo_msgs/srv/detail/delete_entity__rosidl_typesupport_introspection_cpp.hpp
[206.554s] -- Installing: /opt/ros/gazebo_ros_build/install/include/gazebo_msgs/gazebo_msgs/srv/detail/apply_joint_effort__type_support.cpp
[206.555s] -- Installing: /opt/ros/gazebo_ros_build/install/include/gazebo_msgs/gazebo_msgs/srv/detail/get_model_state__rosidl_typesupport_introspection_cpp.hpp
[206.556s] -- Installing: /opt/ros/gazebo_ros_build/install/include/gazebo_msgs/gazebo_msgs/srv/detail/delete_light__type_support.cpp
[206.557s] -- Installing: /opt/ros/gazebo_ros_build/install/include/gazebo_msgs/gazebo_msgs/srv/detail/set_link_state__type_support.cpp
[206.558s] -- Installing: /opt/ros/gazebo_ros_build/install/include/gazebo_msgs/gazebo_msgs/srv/detail/get_world_properties__rosidl_typesupport_introspection_cpp.hpp
[206.559s] -- Installing: /opt/ros/gazebo_ros_build/install/include/gazebo_msgs/gazebo_msgs/srv/detail/get_model_state__type_support.cpp
[206.561s] -- Installing: /opt/ros/gazebo_ros_build/install/include/gazebo_msgs/gazebo_msgs/srv/detail/set_physics_properties__rosidl_typesupport_introspection_cpp.hpp
[206.561s] -- Installing: /opt/ros/gazebo_ros_build/install/include/gazebo_msgs/gazebo_msgs/srv/detail/spawn_model__rosidl_typesupport_introspection_cpp.hpp
[206.562s] -- Installing: /opt/ros/gazebo_ros_build/install/include/gazebo_msgs/gazebo_msgs/srv/detail/set_joint_trajectory__type_support.cpp
[206.564s] -- Installing: /opt/ros/gazebo_ros_build/install/include/gazebo_msgs/gazebo_msgs/srv/detail/link_request__rosidl_typesupport_introspection_cpp.hpp
[206.566s] -- Installing: /opt/ros/gazebo_ros_build/install/include/gazebo_msgs/gazebo_msgs/srv/detail/set_entity_state__rosidl_typesupport_introspection_cpp.hpp
[206.566s] -- Installing: /opt/ros/gazebo_ros_build/install/include/gazebo_msgs/gazebo_msgs/srv/detail/body_request__rosidl_typesupport_introspection_cpp.hpp
[206.567s] -- Installing: /opt/ros/gazebo_ros_build/install/include/gazebo_msgs/gazebo_msgs/srv/detail/delete_model__type_support.cpp
[206.568s] -- Installing: /opt/ros/gazebo_ros_build/install/include/gazebo_msgs/gazebo_msgs/srv/detail/get_model_list__rosidl_typesupport_introspection_cpp.hpp
[206.569s] -- Installing: /opt/ros/gazebo_ros_build/install/include/gazebo_msgs/gazebo_msgs/srv/detail/get_physics_properties__rosidl_typesupport_introspection_cpp.hpp
[206.570s] -- Installing: /opt/ros/gazebo_ros_build/install/include/gazebo_msgs/gazebo_msgs/srv/detail/get_joint_properties__type_support.cpp
[206.571s] -- Installing: /opt/ros/gazebo_ros_build/install/include/gazebo_msgs/gazebo_msgs/srv/detail/body_request__type_support.cpp
[206.573s] -- Installing: /opt/ros/gazebo_ros_build/install/lib/libgazebo_msgs__rosidl_typesupport_introspection_cpp.so
[206.585s] -- Set runtime path of "/opt/ros/gazebo_ros_build/install/lib/libgazebo_msgs__rosidl_typesupport_introspection_cpp.so" to ""
[206.586s] -- Installing: /opt/ros/gazebo_ros_build/install/lib/libgazebo_msgs__rosidl_typesupport_cpp.so
[206.592s] -- Set runtime path of "/opt/ros/gazebo_ros_build/install/lib/libgazebo_msgs__rosidl_typesupport_cpp.so" to ""
[206.593s] -- Installing: /opt/ros/gazebo_ros_build/install/share/gazebo_msgs/environment/pythonpath.sh
[206.594s] -- Installing: /opt/ros/gazebo_ros_build/install/share/gazebo_msgs/environment/pythonpath.dsv
[206.596s] -- Installing: /opt/ros/gazebo_ros_build/install/local/lib/python3.10/dist-packages/gazebo_msgs-3.9.0-py3.10.egg-info
[206.597s] -- Installing: /opt/ros/gazebo_ros_build/install/local/lib/python3.10/dist-packages/gazebo_msgs-3.9.0-py3.10.egg-info/dependency_links.txt
[206.598s] -- Installing: /opt/ros/gazebo_ros_build/install/local/lib/python3.10/dist-packages/gazebo_msgs-3.9.0-py3.10.egg-info/top_level.txt
[206.599s] -- Installing: /opt/ros/gazebo_ros_build/install/local/lib/python3.10/dist-packages/gazebo_msgs-3.9.0-py3.10.egg-info/SOURCES.txt
[206.600s] -- Installing: /opt/ros/gazebo_ros_build/install/local/lib/python3.10/dist-packages/gazebo_msgs-3.9.0-py3.10.egg-info/PKG-INFO
[206.602s] -- Installing: /opt/ros/gazebo_ros_build/install/local/lib/python3.10/dist-packages/gazebo_msgs
[206.602s] -- Installing: /opt/ros/gazebo_ros_build/install/local/lib/python3.10/dist-packages/gazebo_msgs/gazebo_msgs_s__rosidl_typesupport_fastrtps_c.cpython-310-aarch64-linux-gnu.so
[206.606s] -- Installing: /opt/ros/gazebo_ros_build/install/local/lib/python3.10/dist-packages/gazebo_msgs/libgazebo_msgs__rosidl_generator_py.so
[206.610s] -- Installing: /opt/ros/gazebo_ros_build/install/local/lib/python3.10/dist-packages/gazebo_msgs/msg
[206.611s] -- Installing: /opt/ros/gazebo_ros_build/install/local/lib/python3.10/dist-packages/gazebo_msgs/msg/_ode_joint_properties.py
[206.612s] -- Installing: /opt/ros/gazebo_ros_build/install/local/lib/python3.10/dist-packages/gazebo_msgs/msg/_wheel_slip.py
[206.613s] -- Installing: /opt/ros/gazebo_ros_build/install/local/lib/python3.10/dist-packages/gazebo_msgs/msg/_link_states.py
[206.614s] -- Installing: /opt/ros/gazebo_ros_build/install/local/lib/python3.10/dist-packages/gazebo_msgs/msg/_model_states.py
[206.615s] -- Installing: /opt/ros/gazebo_ros_build/install/local/lib/python3.10/dist-packages/gazebo_msgs/msg/_performance_metrics_s.c
[206.617s] -- Installing: /opt/ros/gazebo_ros_build/install/local/lib/python3.10/dist-packages/gazebo_msgs/msg/_model_states_s.c
[206.618s] -- Installing: /opt/ros/gazebo_ros_build/install/local/lib/python3.10/dist-packages/gazebo_msgs/msg/_wheel_slip_s.c
[206.619s] -- Installing: /opt/ros/gazebo_ros_build/install/local/lib/python3.10/dist-packages/gazebo_msgs/msg/_contact_state.py
[206.620s] -- Installing: /opt/ros/gazebo_ros_build/install/local/lib/python3.10/dist-packages/gazebo_msgs/msg/_ode_physics.py
[206.621s] -- Installing: /opt/ros/gazebo_ros_build/install/local/lib/python3.10/dist-packages/gazebo_msgs/msg/_world_state_s.c
[206.622s] -- Installing: /opt/ros/gazebo_ros_build/install/local/lib/python3.10/dist-packages/gazebo_msgs/msg/__init__.py
[206.623s] -- Installing: /opt/ros/gazebo_ros_build/install/local/lib/python3.10/dist-packages/gazebo_msgs/msg/_sensor_performance_metric.py
[206.624s] -- Installing: /opt/ros/gazebo_ros_build/install/local/lib/python3.10/dist-packages/gazebo_msgs/msg/_model_state_s.c
[206.625s] -- Installing: /opt/ros/gazebo_ros_build/install/local/lib/python3.10/dist-packages/gazebo_msgs/msg/_performance_metrics.py
[206.626s] -- Installing: /opt/ros/gazebo_ros_build/install/local/lib/python3.10/dist-packages/gazebo_msgs/msg/_contact_state_s.c
[206.627s] -- Installing: /opt/ros/gazebo_ros_build/install/local/lib/python3.10/dist-packages/gazebo_msgs/msg/_ode_physics_s.c
[206.628s] -- Installing: /opt/ros/gazebo_ros_build/install/local/lib/python3.10/dist-packages/gazebo_msgs/msg/_world_state.py
[206.630s] -- Installing: /opt/ros/gazebo_ros_build/install/local/lib/python3.10/dist-packages/gazebo_msgs/msg/_link_state.py
[206.630s] -- Installing: /opt/ros/gazebo_ros_build/install/local/lib/python3.10/dist-packages/gazebo_msgs/msg/_contacts_state_s.c
[206.634s] -- Installing: /opt/ros/gazebo_ros_build/install/local/lib/python3.10/dist-packages/gazebo_msgs/msg/_link_states_s.c
[206.634s] -- Installing: /opt/ros/gazebo_ros_build/install/local/lib/python3.10/dist-packages/gazebo_msgs/msg/_ode_joint_properties_s.c
[206.636s] -- Installing: /opt/ros/gazebo_ros_build/install/local/lib/python3.10/dist-packages/gazebo_msgs/msg/_entity_state.py
[206.637s] -- Installing: /opt/ros/gazebo_ros_build/install/local/lib/python3.10/dist-packages/gazebo_msgs/msg/_contacts_state.py
[206.638s] -- Installing: /opt/ros/gazebo_ros_build/install/local/lib/python3.10/dist-packages/gazebo_msgs/msg/_entity_state_s.c
[206.640s] -- Installing: /opt/ros/gazebo_ros_build/install/local/lib/python3.10/dist-packages/gazebo_msgs/msg/_model_state.py
[206.641s] -- Installing: /opt/ros/gazebo_ros_build/install/local/lib/python3.10/dist-packages/gazebo_msgs/msg/_sensor_performance_metric_s.c
[206.642s] -- Installing: /opt/ros/gazebo_ros_build/install/local/lib/python3.10/dist-packages/gazebo_msgs/msg/_link_state_s.c
[206.643s] -- Installing: /opt/ros/gazebo_ros_build/install/local/lib/python3.10/dist-packages/gazebo_msgs/__init__.py
[206.644s] -- Installing: /opt/ros/gazebo_ros_build/install/local/lib/python3.10/dist-packages/gazebo_msgs/gazebo_msgs_s__rosidl_typesupport_c.cpython-310-aarch64-linux-gnu.so
[206.647s] -- Installing: /opt/ros/gazebo_ros_build/install/local/lib/python3.10/dist-packages/gazebo_msgs/_gazebo_msgs_s.ep.rosidl_typesupport_c.c
[206.652s] -- Installing: /opt/ros/gazebo_ros_build/install/local/lib/python3.10/dist-packages/gazebo_msgs/_gazebo_msgs_s.ep.rosidl_typesupport_fastrtps_c.c
[206.657s] -- Installing: /opt/ros/gazebo_ros_build/install/local/lib/python3.10/dist-packages/gazebo_msgs/gazebo_msgs_s__rosidl_typesupport_introspection_c.cpython-310-aarch64-linux-gnu.so
[206.661s] -- Installing: /opt/ros/gazebo_ros_build/install/local/lib/python3.10/dist-packages/gazebo_msgs/_gazebo_msgs_s.ep.rosidl_typesupport_introspection_c.c
[206.666s] -- Installing: /opt/ros/gazebo_ros_build/install/local/lib/python3.10/dist-packages/gazebo_msgs/srv
[206.667s] -- Installing: /opt/ros/gazebo_ros_build/install/local/lib/python3.10/dist-packages/gazebo_msgs/srv/_get_light_properties.py
[206.668s] -- Installing: /opt/ros/gazebo_ros_build/install/local/lib/python3.10/dist-packages/gazebo_msgs/srv/_apply_link_wrench_s.c
[206.670s] -- Installing: /opt/ros/gazebo_ros_build/install/local/lib/python3.10/dist-packages/gazebo_msgs/srv/_get_joint_properties.py
[206.671s] -- Installing: /opt/ros/gazebo_ros_build/install/local/lib/python3.10/dist-packages/gazebo_msgs/srv/_set_joint_properties.py
[206.672s] -- Installing: /opt/ros/gazebo_ros_build/install/local/lib/python3.10/dist-packages/gazebo_msgs/srv/_set_entity_state.py
[206.673s] -- Installing: /opt/ros/gazebo_ros_build/install/local/lib/python3.10/dist-packages/gazebo_msgs/srv/_get_link_state_s.c
[206.674s] -- Installing: /opt/ros/gazebo_ros_build/install/local/lib/python3.10/dist-packages/gazebo_msgs/srv/_delete_model_s.c
[206.675s] -- Installing: /opt/ros/gazebo_ros_build/install/local/lib/python3.10/dist-packages/gazebo_msgs/srv/_get_entity_state_s.c
[206.676s] -- Installing: /opt/ros/gazebo_ros_build/install/local/lib/python3.10/dist-packages/gazebo_msgs/srv/_delete_light_s.c
[206.677s] -- Installing: /opt/ros/gazebo_ros_build/install/local/lib/python3.10/dist-packages/gazebo_msgs/srv/_apply_joint_effort_s.c
[206.678s] -- Installing: /opt/ros/gazebo_ros_build/install/local/lib/python3.10/dist-packages/gazebo_msgs/srv/_set_entity_state_s.c
[206.680s] -- Installing: /opt/ros/gazebo_ros_build/install/local/lib/python3.10/dist-packages/gazebo_msgs/srv/_get_light_properties_s.c
[206.681s] -- Installing: /opt/ros/gazebo_ros_build/install/local/lib/python3.10/dist-packages/gazebo_msgs/srv/_delete_entity.py
[206.682s] -- Installing: /opt/ros/gazebo_ros_build/install/local/lib/python3.10/dist-packages/gazebo_msgs/srv/_delete_light.py
[206.683s] -- Installing: /opt/ros/gazebo_ros_build/install/local/lib/python3.10/dist-packages/gazebo_msgs/srv/_apply_body_wrench.py
[206.684s] -- Installing: /opt/ros/gazebo_ros_build/install/local/lib/python3.10/dist-packages/gazebo_msgs/srv/_get_model_properties.py
[206.685s] -- Installing: /opt/ros/gazebo_ros_build/install/local/lib/python3.10/dist-packages/gazebo_msgs/srv/_get_model_state_s.c
[206.686s] -- Installing: /opt/ros/gazebo_ros_build/install/local/lib/python3.10/dist-packages/gazebo_msgs/srv/_spawn_model.py
[206.688s] -- Installing: /opt/ros/gazebo_ros_build/install/local/lib/python3.10/dist-packages/gazebo_msgs/srv/__init__.py
[206.688s] -- Installing: /opt/ros/gazebo_ros_build/install/local/lib/python3.10/dist-packages/gazebo_msgs/srv/_get_joint_properties_s.c
[206.690s] -- Installing: /opt/ros/gazebo_ros_build/install/local/lib/python3.10/dist-packages/gazebo_msgs/srv/_set_joint_trajectory_s.c
[206.691s] -- Installing: /opt/ros/gazebo_ros_build/install/local/lib/python3.10/dist-packages/gazebo_msgs/srv/_spawn_entity.py
[206.692s] -- Installing: /opt/ros/gazebo_ros_build/install/local/lib/python3.10/dist-packages/gazebo_msgs/srv/_get_link_properties.py
[206.693s] -- Installing: /opt/ros/gazebo_ros_build/install/local/lib/python3.10/dist-packages/gazebo_msgs/srv/_delete_entity_s.c
[206.694s] -- Installing: /opt/ros/gazebo_ros_build/install/local/lib/python3.10/dist-packages/gazebo_msgs/srv/_set_model_configuration_s.c
[206.695s] -- Installing: /opt/ros/gazebo_ros_build/install/local/lib/python3.10/dist-packages/gazebo_msgs/srv/_set_link_properties.py
[206.696s] -- Installing: /opt/ros/gazebo_ros_build/install/local/lib/python3.10/dist-packages/gazebo_msgs/srv/_body_request.py
[206.697s] -- Installing: /opt/ros/gazebo_ros_build/install/local/lib/python3.10/dist-packages/gazebo_msgs/srv/_get_world_properties_s.c
[206.699s] -- Installing: /opt/ros/gazebo_ros_build/install/local/lib/python3.10/dist-packages/gazebo_msgs/srv/_set_physics_properties_s.c
[206.700s] -- Installing: /opt/ros/gazebo_ros_build/install/local/lib/python3.10/dist-packages/gazebo_msgs/srv/_get_entity_state.py
[206.701s] -- Installing: /opt/ros/gazebo_ros_build/install/local/lib/python3.10/dist-packages/gazebo_msgs/srv/_get_model_properties_s.c
[206.702s] -- Installing: /opt/ros/gazebo_ros_build/install/local/lib/python3.10/dist-packages/gazebo_msgs/srv/_apply_joint_effort.py
[206.703s] -- Installing: /opt/ros/gazebo_ros_build/install/local/lib/python3.10/dist-packages/gazebo_msgs/srv/_link_request.py
[206.704s] -- Installing: /opt/ros/gazebo_ros_build/install/local/lib/python3.10/dist-packages/gazebo_msgs/srv/_apply_link_wrench.py
[206.705s] -- Installing: /opt/ros/gazebo_ros_build/install/local/lib/python3.10/dist-packages/gazebo_msgs/srv/_get_link_properties_s.c
[206.706s] -- Installing: /opt/ros/gazebo_ros_build/install/local/lib/python3.10/dist-packages/gazebo_msgs/srv/_set_joint_properties_s.c
[206.707s] -- Installing: /opt/ros/gazebo_ros_build/install/local/lib/python3.10/dist-packages/gazebo_msgs/srv/_get_physics_properties_s.c
[206.709s] -- Installing: /opt/ros/gazebo_ros_build/install/local/lib/python3.10/dist-packages/gazebo_msgs/srv/_set_joint_trajectory.py
[206.710s] -- Installing: /opt/ros/gazebo_ros_build/install/local/lib/python3.10/dist-packages/gazebo_msgs/srv/_spawn_model_s.c
[206.711s] -- Installing: /opt/ros/gazebo_ros_build/install/local/lib/python3.10/dist-packages/gazebo_msgs/srv/_delete_model.py
[206.712s] -- Installing: /opt/ros/gazebo_ros_build/install/local/lib/python3.10/dist-packages/gazebo_msgs/srv/_joint_request.py
[206.713s] -- Installing: /opt/ros/gazebo_ros_build/install/local/lib/python3.10/dist-packages/gazebo_msgs/srv/_set_model_state.py
[206.714s] -- Installing: /opt/ros/gazebo_ros_build/install/local/lib/python3.10/dist-packages/gazebo_msgs/srv/_get_world_properties.py
[206.715s] -- Installing: /opt/ros/gazebo_ros_build/install/local/lib/python3.10/dist-packages/gazebo_msgs/srv/_get_model_list_s.c
[206.716s] -- Installing: /opt/ros/gazebo_ros_build/install/local/lib/python3.10/dist-packages/gazebo_msgs/srv/_spawn_entity_s.c
[206.717s] -- Installing: /opt/ros/gazebo_ros_build/install/local/lib/python3.10/dist-packages/gazebo_msgs/srv/_link_request_s.c
[206.718s] -- Installing: /opt/ros/gazebo_ros_build/install/local/lib/python3.10/dist-packages/gazebo_msgs/srv/_apply_body_wrench_s.c
[206.720s] -- Installing: /opt/ros/gazebo_ros_build/install/local/lib/python3.10/dist-packages/gazebo_msgs/srv/_set_light_properties_s.c
[206.721s] -- Installing: /opt/ros/gazebo_ros_build/install/local/lib/python3.10/dist-packages/gazebo_msgs/srv/_set_light_properties.py
[206.722s] -- Installing: /opt/ros/gazebo_ros_build/install/local/lib/python3.10/dist-packages/gazebo_msgs/srv/_get_physics_properties.py
[206.723s] -- Installing: /opt/ros/gazebo_ros_build/install/local/lib/python3.10/dist-packages/gazebo_msgs/srv/_set_physics_properties.py
[206.724s] -- Installing: /opt/ros/gazebo_ros_build/install/local/lib/python3.10/dist-packages/gazebo_msgs/srv/_body_request_s.c
[206.726s] -- Installing: /opt/ros/gazebo_ros_build/install/local/lib/python3.10/dist-packages/gazebo_msgs/srv/_set_link_state.py
[206.727s] -- Installing: /opt/ros/gazebo_ros_build/install/local/lib/python3.10/dist-packages/gazebo_msgs/srv/_set_link_properties_s.c
[206.728s] -- Installing: /opt/ros/gazebo_ros_build/install/local/lib/python3.10/dist-packages/gazebo_msgs/srv/_set_model_configuration.py
[206.729s] -- Installing: /opt/ros/gazebo_ros_build/install/local/lib/python3.10/dist-packages/gazebo_msgs/srv/_get_link_state.py
[206.731s] -- Installing: /opt/ros/gazebo_ros_build/install/local/lib/python3.10/dist-packages/gazebo_msgs/srv/_joint_request_s.c
[206.732s] -- Installing: /opt/ros/gazebo_ros_build/install/local/lib/python3.10/dist-packages/gazebo_msgs/srv/_get_model_list.py
[206.733s] -- Installing: /opt/ros/gazebo_ros_build/install/local/lib/python3.10/dist-packages/gazebo_msgs/srv/_get_model_state.py
[206.734s] -- Installing: /opt/ros/gazebo_ros_build/install/local/lib/python3.10/dist-packages/gazebo_msgs/srv/_set_link_state_s.c
[206.735s] -- Installing: /opt/ros/gazebo_ros_build/install/local/lib/python3.10/dist-packages/gazebo_msgs/srv/_set_model_state_s.c
[207.306s] Listing '/opt/ros/gazebo_ros_build/install/local/lib/python3.10/dist-packages/gazebo_msgs'...
[207.307s] Compiling '/opt/ros/gazebo_ros_build/install/local/lib/python3.10/dist-packages/gazebo_msgs/__init__.py'...
[207.307s] Listing '/opt/ros/gazebo_ros_build/install/local/lib/python3.10/dist-packages/gazebo_msgs/msg'...
[207.308s] Compiling '/opt/ros/gazebo_ros_build/install/local/lib/python3.10/dist-packages/gazebo_msgs/msg/__init__.py'...
[207.308s] Compiling '/opt/ros/gazebo_ros_build/install/local/lib/python3.10/dist-packages/gazebo_msgs/msg/_contact_state.py'...
[207.309s] Compiling '/opt/ros/gazebo_ros_build/install/local/lib/python3.10/dist-packages/gazebo_msgs/msg/_contacts_state.py'...
[207.309s] Compiling '/opt/ros/gazebo_ros_build/install/local/lib/python3.10/dist-packages/gazebo_msgs/msg/_entity_state.py'...
[207.309s] Compiling '/opt/ros/gazebo_ros_build/install/local/lib/python3.10/dist-packages/gazebo_msgs/msg/_link_state.py'...
[207.310s] Compiling '/opt/ros/gazebo_ros_build/install/local/lib/python3.10/dist-packages/gazebo_msgs/msg/_link_states.py'...
[207.310s] Compiling '/opt/ros/gazebo_ros_build/install/local/lib/python3.10/dist-packages/gazebo_msgs/msg/_model_state.py'...
[207.310s] Compiling '/opt/ros/gazebo_ros_build/install/local/lib/python3.10/dist-packages/gazebo_msgs/msg/_model_states.py'...
[207.311s] Compiling '/opt/ros/gazebo_ros_build/install/local/lib/python3.10/dist-packages/gazebo_msgs/msg/_ode_joint_properties.py'...
[207.311s] Compiling '/opt/ros/gazebo_ros_build/install/local/lib/python3.10/dist-packages/gazebo_msgs/msg/_ode_physics.py'...
[207.312s] Compiling '/opt/ros/gazebo_ros_build/install/local/lib/python3.10/dist-packages/gazebo_msgs/msg/_performance_metrics.py'...
[207.312s] Compiling '/opt/ros/gazebo_ros_build/install/local/lib/python3.10/dist-packages/gazebo_msgs/msg/_sensor_performance_metric.py'...
[207.312s] Compiling '/opt/ros/gazebo_ros_build/install/local/lib/python3.10/dist-packages/gazebo_msgs/msg/_wheel_slip.py'...
[207.313s] Compiling '/opt/ros/gazebo_ros_build/install/local/lib/python3.10/dist-packages/gazebo_msgs/msg/_world_state.py'...
[207.313s] Listing '/opt/ros/gazebo_ros_build/install/local/lib/python3.10/dist-packages/gazebo_msgs/srv'...
[207.313s] Compiling '/opt/ros/gazebo_ros_build/install/local/lib/python3.10/dist-packages/gazebo_msgs/srv/__init__.py'...
[207.314s] Compiling '/opt/ros/gazebo_ros_build/install/local/lib/python3.10/dist-packages/gazebo_msgs/srv/_apply_body_wrench.py'...
[207.314s] Compiling '/opt/ros/gazebo_ros_build/install/local/lib/python3.10/dist-packages/gazebo_msgs/srv/_apply_joint_effort.py'...
[207.315s] Compiling '/opt/ros/gazebo_ros_build/install/local/lib/python3.10/dist-packages/gazebo_msgs/srv/_apply_link_wrench.py'...
[207.315s] Compiling '/opt/ros/gazebo_ros_build/install/local/lib/python3.10/dist-packages/gazebo_msgs/srv/_body_request.py'...
[207.315s] Compiling '/opt/ros/gazebo_ros_build/install/local/lib/python3.10/dist-packages/gazebo_msgs/srv/_delete_entity.py'...
[207.316s] Compiling '/opt/ros/gazebo_ros_build/install/local/lib/python3.10/dist-packages/gazebo_msgs/srv/_delete_light.py'...
[207.316s] Compiling '/opt/ros/gazebo_ros_build/install/local/lib/python3.10/dist-packages/gazebo_msgs/srv/_delete_model.py'...
[207.316s] Compiling '/opt/ros/gazebo_ros_build/install/local/lib/python3.10/dist-packages/gazebo_msgs/srv/_get_entity_state.py'...
[207.317s] Compiling '/opt/ros/gazebo_ros_build/install/local/lib/python3.10/dist-packages/gazebo_msgs/srv/_get_joint_properties.py'...
[207.317s] Compiling '/opt/ros/gazebo_ros_build/install/local/lib/python3.10/dist-packages/gazebo_msgs/srv/_get_light_properties.py'...
[207.318s] Compiling '/opt/ros/gazebo_ros_build/install/local/lib/python3.10/dist-packages/gazebo_msgs/srv/_get_link_properties.py'...
[207.318s] Compiling '/opt/ros/gazebo_ros_build/install/local/lib/python3.10/dist-packages/gazebo_msgs/srv/_get_link_state.py'...
[207.318s] Compiling '/opt/ros/gazebo_ros_build/install/local/lib/python3.10/dist-packages/gazebo_msgs/srv/_get_model_list.py'...
[207.319s] Compiling '/opt/ros/gazebo_ros_build/install/local/lib/python3.10/dist-packages/gazebo_msgs/srv/_get_model_properties.py'...
[207.319s] Compiling '/opt/ros/gazebo_ros_build/install/local/lib/python3.10/dist-packages/gazebo_msgs/srv/_get_model_state.py'...
[207.320s] Compiling '/opt/ros/gazebo_ros_build/install/local/lib/python3.10/dist-packages/gazebo_msgs/srv/_get_physics_properties.py'...
[207.320s] Compiling '/opt/ros/gazebo_ros_build/install/local/lib/python3.10/dist-packages/gazebo_msgs/srv/_get_world_properties.py'...
[207.320s] Compiling '/opt/ros/gazebo_ros_build/install/local/lib/python3.10/dist-packages/gazebo_msgs/srv/_joint_request.py'...
[207.321s] Compiling '/opt/ros/gazebo_ros_build/install/local/lib/python3.10/dist-packages/gazebo_msgs/srv/_link_request.py'...
[207.321s] Compiling '/opt/ros/gazebo_ros_build/install/local/lib/python3.10/dist-packages/gazebo_msgs/srv/_set_entity_state.py'...
[207.321s] Compiling '/opt/ros/gazebo_ros_build/install/local/lib/python3.10/dist-packages/gazebo_msgs/srv/_set_joint_properties.py'...
[207.322s] Compiling '/opt/ros/gazebo_ros_build/install/local/lib/python3.10/dist-packages/gazebo_msgs/srv/_set_joint_trajectory.py'...
[207.322s] Compiling '/opt/ros/gazebo_ros_build/install/local/lib/python3.10/dist-packages/gazebo_msgs/srv/_set_light_properties.py'...
[207.322s] Compiling '/opt/ros/gazebo_ros_build/install/local/lib/python3.10/dist-packages/gazebo_msgs/srv/_set_link_properties.py'...
[207.323s] Compiling '/opt/ros/gazebo_ros_build/install/local/lib/python3.10/dist-packages/gazebo_msgs/srv/_set_link_state.py'...
[207.323s] Compiling '/opt/ros/gazebo_ros_build/install/local/lib/python3.10/dist-packages/gazebo_msgs/srv/_set_model_configuration.py'...
[207.324s] Compiling '/opt/ros/gazebo_ros_build/install/local/lib/python3.10/dist-packages/gazebo_msgs/srv/_set_model_state.py'...
[207.324s] Compiling '/opt/ros/gazebo_ros_build/install/local/lib/python3.10/dist-packages/gazebo_msgs/srv/_set_physics_properties.py'...
[207.325s] Compiling '/opt/ros/gazebo_ros_build/install/local/lib/python3.10/dist-packages/gazebo_msgs/srv/_spawn_entity.py'...
[207.325s] Compiling '/opt/ros/gazebo_ros_build/install/local/lib/python3.10/dist-packages/gazebo_msgs/srv/_spawn_model.py'...
[207.330s] -- Installing: /opt/ros/gazebo_ros_build/install/local/lib/python3.10/dist-packages/gazebo_msgs/gazebo_msgs_s__rosidl_typesupport_fastrtps_c.cpython-310-aarch64-linux-gnu.so
[207.336s] -- Set runtime path of "/opt/ros/gazebo_ros_build/install/local/lib/python3.10/dist-packages/gazebo_msgs/gazebo_msgs_s__rosidl_typesupport_fastrtps_c.cpython-310-aarch64-linux-gnu.so" to ""
[207.339s] -- Installing: /opt/ros/gazebo_ros_build/install/local/lib/python3.10/dist-packages/gazebo_msgs/gazebo_msgs_s__rosidl_typesupport_introspection_c.cpython-310-aarch64-linux-gnu.so
[207.345s] -- Set runtime path of "/opt/ros/gazebo_ros_build/install/local/lib/python3.10/dist-packages/gazebo_msgs/gazebo_msgs_s__rosidl_typesupport_introspection_c.cpython-310-aarch64-linux-gnu.so" to ""
[207.348s] -- Installing: /opt/ros/gazebo_ros_build/install/local/lib/python3.10/dist-packages/gazebo_msgs/gazebo_msgs_s__rosidl_typesupport_c.cpython-310-aarch64-linux-gnu.so
[207.354s] -- Set runtime path of "/opt/ros/gazebo_ros_build/install/local/lib/python3.10/dist-packages/gazebo_msgs/gazebo_msgs_s__rosidl_typesupport_c.cpython-310-aarch64-linux-gnu.so" to ""
[207.355s] -- Installing: /opt/ros/gazebo_ros_build/install/lib/libgazebo_msgs__rosidl_generator_py.so
[207.365s] -- Set runtime path of "/opt/ros/gazebo_ros_build/install/lib/libgazebo_msgs__rosidl_generator_py.so" to ""
[207.366s] -- Installing: /opt/ros/gazebo_ros_build/install/share/gazebo_msgs/msg/ContactState.idl
[207.367s] -- Installing: /opt/ros/gazebo_ros_build/install/share/gazebo_msgs/msg/ContactsState.idl
[207.367s] -- Installing: /opt/ros/gazebo_ros_build/install/share/gazebo_msgs/msg/EntityState.idl
[207.368s] -- Installing: /opt/ros/gazebo_ros_build/install/share/gazebo_msgs/msg/LinkState.idl
[207.369s] -- Installing: /opt/ros/gazebo_ros_build/install/share/gazebo_msgs/msg/LinkStates.idl
[207.371s] -- Installing: /opt/ros/gazebo_ros_build/install/share/gazebo_msgs/msg/ModelState.idl
[207.374s] -- Installing: /opt/ros/gazebo_ros_build/install/share/gazebo_msgs/msg/ModelStates.idl
[207.376s] -- Installing: /opt/ros/gazebo_ros_build/install/share/gazebo_msgs/msg/ODEJointProperties.idl
[207.377s] -- Installing: /opt/ros/gazebo_ros_build/install/share/gazebo_msgs/msg/ODEPhysics.idl
[207.379s] -- Installing: /opt/ros/gazebo_ros_build/install/share/gazebo_msgs/msg/PerformanceMetrics.idl
[207.381s] -- Installing: /opt/ros/gazebo_ros_build/install/share/gazebo_msgs/msg/SensorPerformanceMetric.idl
[207.383s] -- Installing: /opt/ros/gazebo_ros_build/install/share/gazebo_msgs/msg/WheelSlip.idl
[207.384s] -- Installing: /opt/ros/gazebo_ros_build/install/share/gazebo_msgs/msg/WorldState.idl
[207.386s] -- Installing: /opt/ros/gazebo_ros_build/install/share/gazebo_msgs/srv/ApplyBodyWrench.idl
[207.388s] -- Installing: /opt/ros/gazebo_ros_build/install/share/gazebo_msgs/srv/ApplyLinkWrench.idl
[207.389s] -- Installing: /opt/ros/gazebo_ros_build/install/share/gazebo_msgs/srv/ApplyJointEffort.idl
[207.391s] -- Installing: /opt/ros/gazebo_ros_build/install/share/gazebo_msgs/srv/BodyRequest.idl
[207.392s] -- Installing: /opt/ros/gazebo_ros_build/install/share/gazebo_msgs/srv/DeleteEntity.idl
[207.394s] -- Installing: /opt/ros/gazebo_ros_build/install/share/gazebo_msgs/srv/DeleteLight.idl
[207.395s] -- Installing: /opt/ros/gazebo_ros_build/install/share/gazebo_msgs/srv/DeleteModel.idl
[207.397s] -- Installing: /opt/ros/gazebo_ros_build/install/share/gazebo_msgs/srv/GetJointProperties.idl
[207.398s] -- Installing: /opt/ros/gazebo_ros_build/install/share/gazebo_msgs/srv/GetEntityState.idl
[207.400s] -- Installing: /opt/ros/gazebo_ros_build/install/share/gazebo_msgs/srv/GetLightProperties.idl
[207.401s] -- Installing: /opt/ros/gazebo_ros_build/install/share/gazebo_msgs/srv/GetLinkProperties.idl
[207.403s] -- Installing: /opt/ros/gazebo_ros_build/install/share/gazebo_msgs/srv/GetLinkState.idl
[207.405s] -- Installing: /opt/ros/gazebo_ros_build/install/share/gazebo_msgs/srv/GetModelList.idl
[207.406s] -- Installing: /opt/ros/gazebo_ros_build/install/share/gazebo_msgs/srv/GetModelProperties.idl
[207.408s] -- Installing: /opt/ros/gazebo_ros_build/install/share/gazebo_msgs/srv/GetModelState.idl
[207.409s] -- Installing: /opt/ros/gazebo_ros_build/install/share/gazebo_msgs/srv/GetPhysicsProperties.idl
[207.411s] -- Installing: /opt/ros/gazebo_ros_build/install/share/gazebo_msgs/srv/GetWorldProperties.idl
[207.412s] -- Installing: /opt/ros/gazebo_ros_build/install/share/gazebo_msgs/srv/JointRequest.idl
[207.414s] -- Installing: /opt/ros/gazebo_ros_build/install/share/gazebo_msgs/srv/LinkRequest.idl
[207.416s] -- Installing: /opt/ros/gazebo_ros_build/install/share/gazebo_msgs/srv/SetEntityState.idl
[207.417s] -- Installing: /opt/ros/gazebo_ros_build/install/share/gazebo_msgs/srv/SetJointProperties.idl
[207.418s] -- Installing: /opt/ros/gazebo_ros_build/install/share/gazebo_msgs/srv/SetJointTrajectory.idl
[207.421s] -- Installing: /opt/ros/gazebo_ros_build/install/share/gazebo_msgs/srv/SetLightProperties.idl
[207.422s] -- Installing: /opt/ros/gazebo_ros_build/install/share/gazebo_msgs/srv/SetLinkProperties.idl
[207.423s] -- Installing: /opt/ros/gazebo_ros_build/install/share/gazebo_msgs/srv/SetLinkState.idl
[207.425s] -- Installing: /opt/ros/gazebo_ros_build/install/share/gazebo_msgs/srv/SetModelConfiguration.idl
[207.426s] -- Installing: /opt/ros/gazebo_ros_build/install/share/gazebo_msgs/srv/SetModelState.idl
[207.428s] -- Installing: /opt/ros/gazebo_ros_build/install/share/gazebo_msgs/srv/SetPhysicsProperties.idl
[207.429s] -- Installing: /opt/ros/gazebo_ros_build/install/share/gazebo_msgs/srv/SpawnEntity.idl
[207.431s] -- Installing: /opt/ros/gazebo_ros_build/install/share/gazebo_msgs/srv/SpawnModel.idl
[207.433s] -- Installing: /opt/ros/gazebo_ros_build/install/share/gazebo_msgs/msg/ContactState.msg
[207.434s] -- Installing: /opt/ros/gazebo_ros_build/install/share/gazebo_msgs/msg/ContactsState.msg
[207.436s] -- Installing: /opt/ros/gazebo_ros_build/install/share/gazebo_msgs/msg/EntityState.msg
[207.438s] -- Installing: /opt/ros/gazebo_ros_build/install/share/gazebo_msgs/msg/LinkState.msg
[207.439s] -- Installing: /opt/ros/gazebo_ros_build/install/share/gazebo_msgs/msg/LinkStates.msg
[207.441s] -- Installing: /opt/ros/gazebo_ros_build/install/share/gazebo_msgs/msg/ModelState.msg
[207.442s] -- Installing: /opt/ros/gazebo_ros_build/install/share/gazebo_msgs/msg/ModelStates.msg
[207.444s] -- Installing: /opt/ros/gazebo_ros_build/install/share/gazebo_msgs/msg/ODEJointProperties.msg
[207.445s] -- Installing: /opt/ros/gazebo_ros_build/install/share/gazebo_msgs/msg/ODEPhysics.msg
[207.447s] -- Installing: /opt/ros/gazebo_ros_build/install/share/gazebo_msgs/msg/PerformanceMetrics.msg
[207.448s] -- Installing: /opt/ros/gazebo_ros_build/install/share/gazebo_msgs/msg/SensorPerformanceMetric.msg
[207.450s] -- Installing: /opt/ros/gazebo_ros_build/install/share/gazebo_msgs/msg/WheelSlip.msg
[207.451s] -- Installing: /opt/ros/gazebo_ros_build/install/share/gazebo_msgs/msg/WorldState.msg
[207.453s] -- Installing: /opt/ros/gazebo_ros_build/install/share/gazebo_msgs/srv/ApplyBodyWrench.srv
[207.454s] -- Installing: /opt/ros/gazebo_ros_build/install/share/gazebo_msgs/srv/ApplyBodyWrench_Request.msg
[207.456s] -- Installing: /opt/ros/gazebo_ros_build/install/share/gazebo_msgs/srv/ApplyBodyWrench_Response.msg
[207.457s] -- Installing: /opt/ros/gazebo_ros_build/install/share/gazebo_msgs/srv/ApplyLinkWrench.srv
[207.459s] -- Installing: /opt/ros/gazebo_ros_build/install/share/gazebo_msgs/srv/ApplyLinkWrench_Request.msg
[207.461s] -- Installing: /opt/ros/gazebo_ros_build/install/share/gazebo_msgs/srv/ApplyLinkWrench_Response.msg
[207.463s] -- Installing: /opt/ros/gazebo_ros_build/install/share/gazebo_msgs/srv/ApplyJointEffort.srv
[207.465s] -- Installing: /opt/ros/gazebo_ros_build/install/share/gazebo_msgs/srv/ApplyJointEffort_Request.msg
[207.466s] -- Installing: /opt/ros/gazebo_ros_build/install/share/gazebo_msgs/srv/ApplyJointEffort_Response.msg
[207.467s] -- Installing: /opt/ros/gazebo_ros_build/install/share/gazebo_msgs/srv/BodyRequest.srv
[207.469s] -- Installing: /opt/ros/gazebo_ros_build/install/share/gazebo_msgs/srv/BodyRequest_Request.msg
[207.471s] -- Installing: /opt/ros/gazebo_ros_build/install/share/gazebo_msgs/srv/BodyRequest_Response.msg
[207.472s] -- Installing: /opt/ros/gazebo_ros_build/install/share/gazebo_msgs/srv/DeleteEntity.srv
[207.473s] -- Installing: /opt/ros/gazebo_ros_build/install/share/gazebo_msgs/srv/DeleteEntity_Request.msg
[207.475s] -- Installing: /opt/ros/gazebo_ros_build/install/share/gazebo_msgs/srv/DeleteEntity_Response.msg
[207.477s] -- Installing: /opt/ros/gazebo_ros_build/install/share/gazebo_msgs/srv/DeleteLight.srv
[207.479s] -- Installing: /opt/ros/gazebo_ros_build/install/share/gazebo_msgs/srv/DeleteLight_Request.msg
[207.480s] -- Installing: /opt/ros/gazebo_ros_build/install/share/gazebo_msgs/srv/DeleteLight_Response.msg
[207.482s] -- Installing: /opt/ros/gazebo_ros_build/install/share/gazebo_msgs/srv/DeleteModel.srv
[207.483s] -- Installing: /opt/ros/gazebo_ros_build/install/share/gazebo_msgs/srv/DeleteModel_Request.msg
[207.484s] -- Installing: /opt/ros/gazebo_ros_build/install/share/gazebo_msgs/srv/DeleteModel_Response.msg
[207.486s] -- Installing: /opt/ros/gazebo_ros_build/install/share/gazebo_msgs/srv/GetJointProperties.srv
[207.488s] -- Installing: /opt/ros/gazebo_ros_build/install/share/gazebo_msgs/srv/GetJointProperties_Request.msg
[207.489s] -- Installing: /opt/ros/gazebo_ros_build/install/share/gazebo_msgs/srv/GetJointProperties_Response.msg
[207.490s] -- Installing: /opt/ros/gazebo_ros_build/install/share/gazebo_msgs/srv/GetEntityState.srv
[207.492s] -- Installing: /opt/ros/gazebo_ros_build/install/share/gazebo_msgs/srv/GetEntityState_Request.msg
[207.493s] -- Installing: /opt/ros/gazebo_ros_build/install/share/gazebo_msgs/srv/GetEntityState_Response.msg
[207.495s] -- Installing: /opt/ros/gazebo_ros_build/install/share/gazebo_msgs/srv/GetLightProperties.srv
[207.496s] -- Installing: /opt/ros/gazebo_ros_build/install/share/gazebo_msgs/srv/GetLightProperties_Request.msg
[207.498s] -- Installing: /opt/ros/gazebo_ros_build/install/share/gazebo_msgs/srv/GetLightProperties_Response.msg
[207.499s] -- Installing: /opt/ros/gazebo_ros_build/install/share/gazebo_msgs/srv/GetLinkProperties.srv
[207.501s] -- Installing: /opt/ros/gazebo_ros_build/install/share/gazebo_msgs/srv/GetLinkProperties_Request.msg
[207.503s] -- Installing: /opt/ros/gazebo_ros_build/install/share/gazebo_msgs/srv/GetLinkProperties_Response.msg
[207.504s] -- Installing: /opt/ros/gazebo_ros_build/install/share/gazebo_msgs/srv/GetLinkState.srv
[207.506s] -- Installing: /opt/ros/gazebo_ros_build/install/share/gazebo_msgs/srv/GetLinkState_Request.msg
[207.507s] -- Installing: /opt/ros/gazebo_ros_build/install/share/gazebo_msgs/srv/GetLinkState_Response.msg
[207.509s] -- Installing: /opt/ros/gazebo_ros_build/install/share/gazebo_msgs/srv/GetModelList.srv
[207.510s] -- Installing: /opt/ros/gazebo_ros_build/install/share/gazebo_msgs/srv/GetModelList_Request.msg
[207.512s] -- Installing: /opt/ros/gazebo_ros_build/install/share/gazebo_msgs/srv/GetModelList_Response.msg
[207.514s] -- Installing: /opt/ros/gazebo_ros_build/install/share/gazebo_msgs/srv/GetModelProperties.srv
[207.515s] -- Installing: /opt/ros/gazebo_ros_build/install/share/gazebo_msgs/srv/GetModelProperties_Request.msg
[207.517s] -- Installing: /opt/ros/gazebo_ros_build/install/share/gazebo_msgs/srv/GetModelProperties_Response.msg
[207.518s] -- Installing: /opt/ros/gazebo_ros_build/install/share/gazebo_msgs/srv/GetModelState.srv
[207.520s] -- Installing: /opt/ros/gazebo_ros_build/install/share/gazebo_msgs/srv/GetModelState_Request.msg
[207.521s] -- Installing: /opt/ros/gazebo_ros_build/install/share/gazebo_msgs/srv/GetModelState_Response.msg
[207.523s] -- Installing: /opt/ros/gazebo_ros_build/install/share/gazebo_msgs/srv/GetPhysicsProperties.srv
[207.524s] -- Installing: /opt/ros/gazebo_ros_build/install/share/gazebo_msgs/srv/GetPhysicsProperties_Request.msg
[207.526s] -- Installing: /opt/ros/gazebo_ros_build/install/share/gazebo_msgs/srv/GetPhysicsProperties_Response.msg
[207.527s] -- Installing: /opt/ros/gazebo_ros_build/install/share/gazebo_msgs/srv/GetWorldProperties.srv
[207.529s] -- Installing: /opt/ros/gazebo_ros_build/install/share/gazebo_msgs/srv/GetWorldProperties_Request.msg
[207.531s] -- Installing: /opt/ros/gazebo_ros_build/install/share/gazebo_msgs/srv/GetWorldProperties_Response.msg
[207.532s] -- Installing: /opt/ros/gazebo_ros_build/install/share/gazebo_msgs/srv/JointRequest.srv
[207.533s] -- Installing: /opt/ros/gazebo_ros_build/install/share/gazebo_msgs/srv/JointRequest_Request.msg
[207.535s] -- Installing: /opt/ros/gazebo_ros_build/install/share/gazebo_msgs/srv/JointRequest_Response.msg
[207.537s] -- Installing: /opt/ros/gazebo_ros_build/install/share/gazebo_msgs/srv/LinkRequest.srv
[207.538s] -- Installing: /opt/ros/gazebo_ros_build/install/share/gazebo_msgs/srv/LinkRequest_Request.msg
[207.540s] -- Installing: /opt/ros/gazebo_ros_build/install/share/gazebo_msgs/srv/LinkRequest_Response.msg
[207.541s] -- Installing: /opt/ros/gazebo_ros_build/install/share/gazebo_msgs/srv/SetEntityState.srv
[207.543s] -- Installing: /opt/ros/gazebo_ros_build/install/share/gazebo_msgs/srv/SetEntityState_Request.msg
[207.545s] -- Installing: /opt/ros/gazebo_ros_build/install/share/gazebo_msgs/srv/SetEntityState_Response.msg
[207.546s] -- Installing: /opt/ros/gazebo_ros_build/install/share/gazebo_msgs/srv/SetJointProperties.srv
[207.547s] -- Installing: /opt/ros/gazebo_ros_build/install/share/gazebo_msgs/srv/SetJointProperties_Request.msg
[207.549s] -- Installing: /opt/ros/gazebo_ros_build/install/share/gazebo_msgs/srv/SetJointProperties_Response.msg
[207.551s] -- Installing: /opt/ros/gazebo_ros_build/install/share/gazebo_msgs/srv/SetJointTrajectory.srv
[207.552s] -- Installing: /opt/ros/gazebo_ros_build/install/share/gazebo_msgs/srv/SetJointTrajectory_Request.msg
[207.553s] -- Installing: /opt/ros/gazebo_ros_build/install/share/gazebo_msgs/srv/SetJointTrajectory_Response.msg
[207.555s] -- Installing: /opt/ros/gazebo_ros_build/install/share/gazebo_msgs/srv/SetLightProperties.srv
[207.557s] -- Installing: /opt/ros/gazebo_ros_build/install/share/gazebo_msgs/srv/SetLightProperties_Request.msg
[207.558s] -- Installing: /opt/ros/gazebo_ros_build/install/share/gazebo_msgs/srv/SetLightProperties_Response.msg
[207.560s] -- Installing: /opt/ros/gazebo_ros_build/install/share/gazebo_msgs/srv/SetLinkProperties.srv
[207.561s] -- Installing: /opt/ros/gazebo_ros_build/install/share/gazebo_msgs/srv/SetLinkProperties_Request.msg
[207.563s] -- Installing: /opt/ros/gazebo_ros_build/install/share/gazebo_msgs/srv/SetLinkProperties_Response.msg
[207.566s] -- Installing: /opt/ros/gazebo_ros_build/install/share/gazebo_msgs/srv/SetLinkState.srv
[207.568s] -- Installing: /opt/ros/gazebo_ros_build/install/share/gazebo_msgs/srv/SetLinkState_Request.msg
[207.569s] -- Installing: /opt/ros/gazebo_ros_build/install/share/gazebo_msgs/srv/SetLinkState_Response.msg
[207.571s] -- Installing: /opt/ros/gazebo_ros_build/install/share/gazebo_msgs/srv/SetModelConfiguration.srv
[207.573s] -- Installing: /opt/ros/gazebo_ros_build/install/share/gazebo_msgs/srv/SetModelConfiguration_Request.msg
[207.574s] -- Installing: /opt/ros/gazebo_ros_build/install/share/gazebo_msgs/srv/SetModelConfiguration_Response.msg
[207.576s] -- Installing: /opt/ros/gazebo_ros_build/install/share/gazebo_msgs/srv/SetModelState.srv
[207.578s] -- Installing: /opt/ros/gazebo_ros_build/install/share/gazebo_msgs/srv/SetModelState_Request.msg
[207.579s] -- Installing: /opt/ros/gazebo_ros_build/install/share/gazebo_msgs/srv/SetModelState_Response.msg
[207.581s] -- Installing: /opt/ros/gazebo_ros_build/install/share/gazebo_msgs/srv/SetPhysicsProperties.srv
[207.583s] -- Installing: /opt/ros/gazebo_ros_build/install/share/gazebo_msgs/srv/SetPhysicsProperties_Request.msg
[207.585s] -- Installing: /opt/ros/gazebo_ros_build/install/share/gazebo_msgs/srv/SetPhysicsProperties_Response.msg
[207.586s] -- Installing: /opt/ros/gazebo_ros_build/install/share/gazebo_msgs/srv/SpawnEntity.srv
[207.588s] -- Installing: /opt/ros/gazebo_ros_build/install/share/gazebo_msgs/srv/SpawnEntity_Request.msg
[207.589s] -- Installing: /opt/ros/gazebo_ros_build/install/share/gazebo_msgs/srv/SpawnEntity_Response.msg
[207.591s] -- Installing: /opt/ros/gazebo_ros_build/install/share/gazebo_msgs/srv/SpawnModel.srv
[207.592s] -- Installing: /opt/ros/gazebo_ros_build/install/share/gazebo_msgs/srv/SpawnModel_Request.msg
[207.594s] -- Installing: /opt/ros/gazebo_ros_build/install/share/gazebo_msgs/srv/SpawnModel_Response.msg
[207.596s] -- Installing: /opt/ros/gazebo_ros_build/install/share/ament_index/resource_index/package_run_dependencies/gazebo_msgs
[207.597s] -- Installing: /opt/ros/gazebo_ros_build/install/share/ament_index/resource_index/parent_prefix_path/gazebo_msgs
[207.599s] -- Installing: /opt/ros/gazebo_ros_build/install/share/gazebo_msgs/environment/ament_prefix_path.sh
[207.600s] -- Installing: /opt/ros/gazebo_ros_build/install/share/gazebo_msgs/environment/ament_prefix_path.dsv
[207.602s] -- Installing: /opt/ros/gazebo_ros_build/install/share/gazebo_msgs/environment/path.sh
[207.603s] -- Installing: /opt/ros/gazebo_ros_build/install/share/gazebo_msgs/environment/path.dsv
[207.605s] -- Installing: /opt/ros/gazebo_ros_build/install/share/gazebo_msgs/local_setup.bash
[207.606s] -- Installing: /opt/ros/gazebo_ros_build/install/share/gazebo_msgs/local_setup.sh
[207.608s] -- Installing: /opt/ros/gazebo_ros_build/install/share/gazebo_msgs/local_setup.zsh
[207.609s] -- Installing: /opt/ros/gazebo_ros_build/install/share/gazebo_msgs/local_setup.dsv
[207.611s] -- Installing: /opt/ros/gazebo_ros_build/install/share/gazebo_msgs/package.dsv
[207.612s] -- Installing: /opt/ros/gazebo_ros_build/install/share/ament_index/resource_index/packages/gazebo_msgs
[207.614s] -- Installing: /opt/ros/gazebo_ros_build/install/share/gazebo_msgs/cmake/export_gazebo_msgs__rosidl_generator_cExport.cmake
[207.616s] -- Installing: /opt/ros/gazebo_ros_build/install/share/gazebo_msgs/cmake/export_gazebo_msgs__rosidl_generator_cExport-noconfig.cmake
[207.618s] -- Installing: /opt/ros/gazebo_ros_build/install/share/gazebo_msgs/cmake/export_gazebo_msgs__rosidl_typesupport_fastrtps_cExport.cmake
[207.619s] -- Installing: /opt/ros/gazebo_ros_build/install/share/gazebo_msgs/cmake/export_gazebo_msgs__rosidl_typesupport_fastrtps_cExport-noconfig.cmake
[207.621s] -- Installing: /opt/ros/gazebo_ros_build/install/share/gazebo_msgs/cmake/export_gazebo_msgs__rosidl_generator_cppExport.cmake
[207.623s] -- Installing: /opt/ros/gazebo_ros_build/install/share/gazebo_msgs/cmake/export_gazebo_msgs__rosidl_typesupport_fastrtps_cppExport.cmake
[207.625s] -- Installing: /opt/ros/gazebo_ros_build/install/share/gazebo_msgs/cmake/export_gazebo_msgs__rosidl_typesupport_fastrtps_cppExport-noconfig.cmake
[207.626s] -- Installing: /opt/ros/gazebo_ros_build/install/share/gazebo_msgs/cmake/gazebo_msgs__rosidl_typesupport_introspection_cExport.cmake
[207.628s] -- Installing: /opt/ros/gazebo_ros_build/install/share/gazebo_msgs/cmake/gazebo_msgs__rosidl_typesupport_introspection_cExport-noconfig.cmake
[207.630s] -- Installing: /opt/ros/gazebo_ros_build/install/share/gazebo_msgs/cmake/gazebo_msgs__rosidl_typesupport_cExport.cmake
[207.633s] -- Installing: /opt/ros/gazebo_ros_build/install/share/gazebo_msgs/cmake/gazebo_msgs__rosidl_typesupport_cExport-noconfig.cmake
[207.634s] -- Installing: /opt/ros/gazebo_ros_build/install/share/gazebo_msgs/cmake/gazebo_msgs__rosidl_typesupport_introspection_cppExport.cmake
[207.636s] -- Installing: /opt/ros/gazebo_ros_build/install/share/gazebo_msgs/cmake/gazebo_msgs__rosidl_typesupport_introspection_cppExport-noconfig.cmake
[207.638s] -- Installing: /opt/ros/gazebo_ros_build/install/share/gazebo_msgs/cmake/gazebo_msgs__rosidl_typesupport_cppExport.cmake
[207.640s] -- Installing: /opt/ros/gazebo_ros_build/install/share/gazebo_msgs/cmake/gazebo_msgs__rosidl_typesupport_cppExport-noconfig.cmake
[207.641s] -- Installing: /opt/ros/gazebo_ros_build/install/share/gazebo_msgs/cmake/export_gazebo_msgs__rosidl_generator_pyExport.cmake
[207.643s] -- Installing: /opt/ros/gazebo_ros_build/install/share/gazebo_msgs/cmake/export_gazebo_msgs__rosidl_generator_pyExport-noconfig.cmake
[207.645s] -- Installing: /opt/ros/gazebo_ros_build/install/share/gazebo_msgs/cmake/gazebo_msgs-extras.cmake
[207.646s] -- Installing: /opt/ros/gazebo_ros_build/install/share/gazebo_msgs/cmake/rosidl_cmake-extras.cmake
[207.648s] -- Installing: /opt/ros/gazebo_ros_build/install/share/gazebo_msgs/cmake/ament_cmake_export_dependencies-extras.cmake
[207.649s] -- Installing: /opt/ros/gazebo_ros_build/install/share/gazebo_msgs/cmake/ament_cmake_export_include_directories-extras.cmake
[207.651s] -- Installing: /opt/ros/gazebo_ros_build/install/share/gazebo_msgs/cmake/ament_cmake_export_libraries-extras.cmake
[207.652s] -- Installing: /opt/ros/gazebo_ros_build/install/share/gazebo_msgs/cmake/ament_cmake_export_targets-extras.cmake
[207.654s] -- Installing: /opt/ros/gazebo_ros_build/install/share/gazebo_msgs/cmake/rosidl_cmake_export_typesupport_targets-extras.cmake
[207.656s] -- Installing: /opt/ros/gazebo_ros_build/install/share/gazebo_msgs/cmake/rosidl_cmake_export_typesupport_libraries-extras.cmake
[207.658s] -- Installing: /opt/ros/gazebo_ros_build/install/share/gazebo_msgs/cmake/gazebo_msgsConfig.cmake
[207.659s] -- Installing: /opt/ros/gazebo_ros_build/install/share/gazebo_msgs/cmake/gazebo_msgsConfig-version.cmake
[207.660s] -- Installing: /opt/ros/gazebo_ros_build/install/share/gazebo_msgs/package.xml
[207.662s] -- Installing: /opt/ros/gazebo_ros_build/install/share/gazebo_msgs/gazebo_msgs_mapping_rules.yaml
[207.680s] Invoked command in '/opt/ros/gazebo_ros_build/build/gazebo_msgs' returned '0': CMAKE_PREFIX_PATH=/opt/ros/humble /usr/bin/cmake --install /opt/ros/gazebo_ros_build/build/gazebo_msgs
